CustomerID,Total_Revenue,Total_Orders,Total_Units,First_Purchase,Last_Purchase,AOV,Revenue_Rank,Cumulative_Revenue,Cumulative_Revenue_%,Customer_%
14646.0,280206.02,74,197491,2010-12-20 10:09:00,2011-12-08 12:12:00,3786.567837837838,1,280206.02,3.1529136238619846,0.023046784973496198
18102.0,259657.3,60,64124,2010-12-07 16:42:00,2011-12-09 11:50:00,4327.621666666667,2,539863.3200000001,6.074610447881748,0.046093569946992395
17450.0,194390.79,46,69973,2010-12-07 09:23:00,2011-12-01 13:29:00,4225.886739130435,3,734254.1100000001,8.261920235673937,0.06914035492048859
16446.0,168472.5,2,80997,2011-05-18 09:52:00,2011-12-09 09:15:00,84236.25,4,902726.6100000001,10.157594141952211,0.09218713989398479
14911.0,143711.17,201,80490,2010-12-01 14:05:00,2011-12-08 15:54:00,714.980945273632,5,1046437.7800000001,11.774650427160308,0.11523392486748099
12415.0,124914.53,21,77670,2011-01-06 11:12:00,2011-11-15 14:22:00,5948.310952380953,6,1171352.31,13.180204538579174,0.13828070984097718
14156.0,117210.08,55,57768,2010-12-03 11:48:00,2011-11-30 10:54:00,2131.0923636363636,7,1288562.3900000001,14.499067202864376,0.16132749481447337
17511.0,91062.38,31,64549,2010-12-01 10:19:00,2011-12-07 10:12:00,2937.496129032258,8,1379624.77,15.523712635261926,0.18437427978796958
16029.0,80850.84,63,40108,2010-12-01 09:57:00,2011-11-01 10:27:00,1283.3466666666666,9,1460475.61,16.43345652633424,0.20742106476146577
12346.0,77183.6,1,74215,2011-01-18 10:01:00,2011-01-18 10:01:00,77183.6,10,1537659.2100000002,17.30193616848723,0.23046784973496198
16684.0,66653.56,28,50255,2010-12-16 17:34:00,2011-12-05 14:06:00,2380.4842857142858,11,1604312.7700000003,18.0519304669784,0.2535146347084582
14096.0,65164.79,17,16352,2011-08-30 10:49:00,2011-12-05 17:17:00,3833.2229411764706,12,1669477.5600000003,18.785172936883598,0.27656141968195436
13694.0,65039.62,50,63312,2010-12-01 12:12:00,2011-12-06 09:32:00,1300.7924,13,1734517.1800000004,19.517006978096582,0.29960820465545057
15311.0,60632.75,91,38147,2010-12-01 09:41:00,2011-12-09 12:00:00,666.2939560439561,14,1795149.9300000004,20.19925435995946,0.32265498962894673
13089.0,58762.08,97,31025,2010-12-05 10:27:00,2011-12-07 09:02:00,605.7946391752578,15,1853912.0100000005,20.86045272607047,0.34570177460244295
17949.0,58510.48,45,30546,2010-12-03 13:12:00,2011-12-08 18:46:00,1300.232888888889,16,1912422.4900000005,21.518820057117477,0.36874855957593916
15769.0,56252.72,26,29672,2010-12-03 15:16:00,2011-12-02 13:52:00,2163.566153846154,17,1968675.2100000004,22.151782786709415,0.3917953445494353
15061.0,54534.14,48,28920,2010-12-02 15:19:00,2011-12-06 12:06:00,1136.1279166666666,18,2023209.3500000003,22.76540783649099,0.41484212952293154
14298.0,51527.3,44,58343,2010-12-14 12:59:00,2011-12-01 13:12:00,1171.075,19,2074736.6500000004,23.34519954178991,0.4378889144964277
14088.0,50491.81,13,12665,2011-01-21 13:07:00,2011-11-29 16:16:00,3883.9853846153846,20,2125228.4600000004,23.913339782468718,0.46093569946992397
15749.0,44534.3,3,18028,2011-01-11 12:55:00,2011-04-18 13:20:00,14844.766666666668,21,2169762.7600000002,24.414445366135894,0.4839824844434202
12931.0,42055.96,15,28004,2010-12-17 09:45:00,2011-11-18 12:39:00,2803.730666666667,22,2211818.72,24.887664354252546,0.5070292694169164
17841.0,40519.84,124,22834,2010-12-01 14:41:00,2011-12-08 12:07:00,326.77290322580643,23,2252338.56,25.343598725586563,0.5300760543904126
15098.0,39916.5,3,121,2011-06-10 15:22:00,2011-06-10 15:33:00,13305.5,24,2292255.06,25.792744238830306,0.5531228393639087
13798.0,37153.85,57,23948,2010-12-02 17:24:00,2011-12-08 15:51:00,651.8219298245614,25,2329408.91,26.21080406439696,0.5761696243374049
16013.0,37130.6,47,15536,2010-12-03 13:09:00,2011-12-06 10:36:00,790.0127659574467,26,2366539.5100000002,26.6286022780191,0.5992164093109011
16422.0,34684.4,51,33704,2010-12-05 15:35:00,2011-11-22 14:00:00,680.086274509804,27,2401223.91,27.0188755394411,0.6222631942843974
15838.0,33643.08,19,18368,2010-12-07 11:26:00,2011-11-28 14:00:00,1770.6884210526316,28,2434866.99,27.397431736344647,0.6453099792578935
12748.0,33053.19,210,25288,2010-12-01 12:48:00,2011-12-09 12:20:00,157.39614285714288,29,2467920.18,27.769350416261297,0.6683567642313897
17404.0,31906.82,15,32748,2010-12-14 13:28:00,2011-12-05 16:26:00,2127.1213333333335,30,2499827.0,28.12836999575538,0.6914035492048859
17389.0,31833.68,34,7612,2011-01-12 15:48:00,2011-12-09 09:38:00,936.2847058823529,31,2531660.68,28.48656659470662,0.7144503341783821
13098.0,28882.44,28,15968,2011-01-26 13:46:00,2011-12-08 14:14:00,1031.5157142857142,32,2560543.12,28.811555467416696,0.7374971191518783
14680.0,28754.11,16,13476,2010-12-03 12:05:00,2011-11-14 16:59:00,1797.131875,33,2589297.23,29.135100354714353,0.7605439041253745
13081.0,28337.38,11,19160,2010-12-03 17:20:00,2011-11-28 10:54:00,2576.1254545454544,34,2617634.61,29.45395614327505,0.7835906890988706
13408.0,28117.04,62,16232,2010-12-01 10:39:00,2011-12-08 09:05:00,453.5006451612903,35,2645751.65,29.770332638250686,0.806637474072367
17857.0,26879.04,23,19256,2010-12-09 11:35:00,2011-12-05 13:13:00,1168.6539130434783,36,2672630.69,30.072779000439233,0.8296842590458631
16333.0,26626.8,22,32184,2011-02-03 10:50:00,2011-12-02 12:19:00,1210.3090909090909,37,2699257.4899999998,30.37238712620272,0.8527310440193593
13777.0,25977.16,33,12897,2010-12-01 16:01:00,2011-12-09 12:25:00,787.1866666666666,38,2725234.65,30.66468542041226,0.8757778289928554
12753.0,21429.39,6,11421,2010-12-12 11:44:00,2011-11-17 10:52:00,3571.565,39,2746664.04,30.905811630627344,0.8988246139663517
12744.0,21279.29,7,5241,2011-01-25 13:26:00,2011-10-19 11:18:00,3039.8985714285714,40,2767943.33,31.145248896632943,0.9218713989398479
16210.0,21086.3,18,7559,2010-12-01 12:27:00,2011-12-08 12:36:00,1171.461111111111,41,2789029.63,31.382514614717227,0.944918183913344
17675.0,20374.28,31,8360,2010-12-07 13:22:00,2011-12-08 18:03:00,657.2348387096774,42,2809403.9099999997,31.611768593587414,0.9679649688868404
17381.0,20275.61,29,25649,2010-12-02 12:58:00,2011-12-01 11:59:00,699.1589655172414,43,2829679.5199999996,31.83991232512149,0.9910117538603365
12471.0,19788.65,30,8200,2010-12-10 09:35:00,2011-12-07 15:43:00,659.6216666666667,44,2849468.1699999995,32.06257672106429,1.0140585388338328
15039.0,19766.59,47,9131,2010-12-06 11:26:00,2011-11-30 11:31:00,420.5657446808511,45,2869234.7599999993,32.28499289509329,1.037105323807329
12731.0,18895.91,12,8437,2010-12-10 10:56:00,2011-11-16 11:59:00,1574.6591666666666,46,2888130.6699999995,32.49761206749462,1.0601521087808252
15159.0,18641.010000000002,30,11441,2010-12-13 15:44:00,2011-12-08 12:05:00,621.3670000000001,47,2906771.6799999992,32.70736307281402,1.0831988937543213
12901.0,17654.54,28,23075,2011-03-14 10:41:00,2011-12-01 10:07:00,630.5192857142857,48,2924426.2199999993,32.90601419276146,1.1062456787278174
12678.0,17628.46,12,10923,2010-12-21 11:00:00,2011-10-28 13:04:00,1469.0383333333332,49,2942054.6799999992,33.10437185724599,1.1292924637013135
14031.0,17286.86,19,5788,2010-12-02 16:34:00,2011-12-02 17:13:00,909.8347368421053,50,2959341.539999999,33.29888579526843,1.1523392486748099
17428.0,17256.85,28,9474,2010-12-06 09:37:00,2011-12-09 09:45:00,616.3160714285714,51,2976598.389999999,33.49306205697024,1.175386033648306
13767.0,17220.36,37,7322,2010-12-01 10:47:00,2011-12-07 15:00:00,465.41513513513513,52,2993818.749999999,33.686827728570755,1.1984328186218023
13881.0,17159.52,20,10118,2011-02-01 10:14:00,2011-12-06 12:50:00,857.976,53,3010978.269999999,33.87990882078616,1.2214796035952986
16839.0,16594.35,34,8975,2010-12-05 11:15:00,2011-12-01 09:03:00,488.06911764705876,54,3027572.619999999,34.06663054858536,1.2445263885687947
12921.0,16587.09,37,9526,2010-12-01 15:06:00,2011-11-30 16:22:00,448.29972972972973,55,3044159.709999999,34.253270585945096,1.2675731735422908
17677.0,16345.38,30,9772,2010-12-06 08:42:00,2011-12-08 09:56:00,544.846,56,3060505.089999999,34.43719087177337,1.290619958515787
15189.0,16225.39,41,6149,2011-01-11 12:29:00,2011-12-08 13:22:00,395.74121951219513,57,3076730.479999999,34.619761014925444,1.3136667434892833
14607.0,16209.5,14,11526,2011-03-23 15:22:00,2011-11-24 10:35:00,1157.8214285714287,58,3092939.979999999,34.802152361785126,1.3367135284627794
15856.0,16143.64,27,10866,2010-12-09 13:34:00,2011-12-05 17:09:00,597.9125925925925,59,3109083.619999999,34.98380264358394,1.3597603134362757
14051.0,15610.390000000001,23,3756,2010-12-08 12:49:00,2011-12-09 10:20:00,678.7126086956522,60,3124694.0099999993,35.159452728849054,1.3828070984097718
15513.0,14758.220000000001,19,5709,2010-12-01 11:22:00,2011-11-06 14:36:00,776.7484210526317,61,3139452.2299999995,35.325514089350705,1.405853883383268
16133.0,14589.04,33,8888,2011-01-25 15:55:00,2011-12-06 11:24:00,442.09212121212124,62,3154041.2699999996,35.48967181506647,1.4289006683567642
14866.0,14389.9,12,6752,2010-12-08 14:58:00,2011-11-29 11:45:00,1199.1583333333333,63,3168431.1699999995,35.65158879228207,1.4519474533302605
16705.0,14034.99,20,5476,2010-12-16 10:51:00,2011-12-09 12:08:00,701.7495,64,3182466.1599999997,35.80951227722991,1.4749942383037566
12681.0,13787.54,22,7536,2010-12-07 10:08:00,2011-11-25 11:33:00,626.7063636363637,65,3196253.6999999997,35.96465142343935,1.4980410232772527
12621.0,13689.67,20,7440,2010-12-09 10:16:00,2011-12-08 11:25:00,684.4835,66,3209943.3699999996,36.11868932401398,1.521087808250749
12540.0,13400.24,17,6685,2010-12-13 09:39:00,2011-11-20 11:31:00,788.2494117647059,67,3223343.61,36.26947052157362,1.5441345932242452
12433.0,13375.87,7,11071,2010-12-01 13:24:00,2011-12-09 10:02:00,1910.8385714285716,68,3236719.48,36.419977504806916,1.5671813781977413
15498.0,13316.4,27,6105,2010-12-08 12:29:00,2011-12-07 12:48:00,493.2,69,3250035.88,36.5698153240686,1.5902281631712378
12477.0,13219.74,6,3653,2011-02-11 12:45:00,2011-11-17 09:51:00,2203.29,70,3263255.62,36.718565512768734,1.613274948144734
17735.0,13110.02,19,8439,2010-12-07 10:32:00,2011-12-07 16:47:00,690.001052631579,71,3276365.64,36.86608111813332,1.63632173311823
16525.0,13027.45,26,7397,2010-12-08 11:31:00,2011-12-07 15:07:00,501.0557692307693,72,3289393.0900000003,37.0126676354008,1.6593685180917261
14258.0,12669.98,9,7100,2011-01-06 12:18:00,2011-11-30 15:27:00,1407.7755555555555,73,3302063.0700000003,37.15523185495633,1.6824153030652225
13078.0,12627.94,26,5630,2010-12-08 09:07:00,2011-12-06 15:36:00,485.69,74,3314691.0100000002,37.297323035107674,1.7054620880387186
12536.0,12601.830000000002,3,2803,2011-10-11 14:52:00,2011-10-27 14:20:00,4200.610000000001,75,3327292.8400000003,37.43912042223231,1.7285088730122147
15640.0,12416.11,15,6572,2010-12-02 15:40:00,2011-12-05 14:35:00,827.7406666666667,76,3339708.95,37.57882806439634,1.7515556579857108
16000.0,12393.7,3,5110,2011-12-07 12:14:00,2011-12-07 12:17:00,4131.233333333334,77,3352102.6500000004,37.718283546402255,1.7746024429592073
17340.0,12353.29,11,5967,2010-12-08 15:56:00,2011-11-10 10:45:00,1123.0263636363636,78,3364455.9400000004,37.857284329970426,1.7976492279327034
12682.0,12279.82,31,5555,2010-12-03 13:59:00,2011-12-06 10:00:00,396.1232258064516,79,3376735.7600000002,37.99545841979395,1.8206960129061995
13113.0,12245.960000000001,24,3050,2010-12-08 13:21:00,2011-12-09 12:49:00,510.2483333333334,80,3388981.72,38.13325151260926,1.8437427978796959
14606.0,12076.15,93,6187,2010-12-01 16:57:00,2011-12-08 19:28:00,129.8510752688172,81,3401057.87,38.26913388179891,1.866789582853192
12557.0,11990.960000000001,5,4384,2010-12-03 12:20:00,2011-11-23 16:59:00,2398.192,82,3413048.83,38.40405768231962,1.889836367826688
12939.0,11581.8,8,4876,2011-01-09 11:20:00,2011-10-06 14:33:00,1447.725,83,3424630.63,38.534377562702076,1.9128831528001842
15125.0,11528.48,15,6193,2011-03-14 09:59:00,2011-11-14 13:57:00,768.5653333333333,84,3436159.11,38.6640974796918,1.9359299377736807
14194.0,11349.52,21,5840,2011-02-04 14:51:00,2011-12-05 10:38:00,540.4533333333334,85,3447508.63,38.79180371609705,1.9589767227471768
12971.0,11189.91,86,9289,2010-12-02 16:42:00,2011-12-06 12:20:00,130.11523255813952,86,3458698.54,38.91771400056842,1.982023507720673
14895.0,11138.710000000001,20,4851,2011-02-22 13:08:00,2011-12-02 09:23:00,556.9355,87,3469837.25,39.04304817615554,2.005070292694169
12409.0,11072.67,3,5551,2011-06-10 12:19:00,2011-09-22 10:38:00,3690.89,88,3480909.92,39.16763926129899,2.0281170776676656
17581.0,11025.24,25,5915,2010-12-02 14:47:00,2011-12-09 12:21:00,441.0096,89,3491935.16,39.29169665807565,2.0511638626411615
15482.0,10879.76,12,5004,2010-12-16 10:08:00,2011-11-24 10:46:00,906.6466666666666,90,3502814.92,39.41411709546792,2.074210647614658
13319.0,10845.550000000001,26,4724,2010-12-09 10:04:00,2011-12-04 13:34:00,417.1365384615385,91,3513660.4699999997,39.536152597607646,2.0972574325881537
17107.0,10797.48,6,4826,2011-03-06 15:17:00,2011-11-06 14:14:00,1799.58,92,3524457.9499999997,39.65764721001953,2.1203042175616504
13340.0,10736.48,7,5770,2011-03-08 11:39:00,2011-10-25 13:15:00,1533.782857142857,93,3535194.4299999997,39.778455442706054,2.1433510025351463
17139.0,10650.77,12,5176,2011-02-24 09:32:00,2011-11-24 10:12:00,887.5641666666667,94,3545845.1999999997,39.89829925561778,2.1663977875086426
16779.0,10611.720000000001,22,5301,2010-12-08 09:56:00,2011-12-07 14:54:00,482.35090909090917,95,3556456.92,40.017703672984005,2.189444572482139
17865.0,10526.32,20,5757,2010-12-10 14:53:00,2011-11-09 12:08:00,526.316,96,3566983.2399999998,40.13614715873471,2.212491357455635
17706.0,10504.49,17,3899,2010-12-08 11:02:00,2011-12-05 13:34:00,617.9111764705882,97,3577487.73,40.25434501056074,2.235538142429131
15251.0,10484.99,11,6171,2011-04-12 10:38:00,2011-11-30 15:02:00,953.180909090909,98,3587972.72,40.37232344591719,2.258584927402627
14062.0,10464.85,12,5593,2010-12-10 15:56:00,2011-11-30 10:04:00,872.0708333333333,99,3598437.5700000003,40.49007526344299,2.281631712376124
14769.0,10416.98,8,7239,2010-12-17 11:40:00,2011-12-07 10:24:00,1302.1225,100,3608854.5500000003,40.607288441666284,2.3046784973496197
15615.0,10399.74,23,5508,2010-12-15 16:21:00,2011-11-29 14:42:00,452.1626086956522,101,3619254.2900000005,40.7243076332262,2.327725282323116
15502.0,10384.93,12,4236,2010-12-05 15:40:00,2011-11-24 12:48:00,865.4108333333334,102,3629639.2200000007,40.8411601807905,2.350772067296612
16180.0,10254.18,8,5867,2011-04-01 10:23:00,2011-08-31 16:28:00,1281.7725,103,3639893.400000001,40.956541512795916,2.3738188522701082
16843.0,10196.57,16,10159,2011-01-16 16:10:00,2011-10-28 09:06:00,637.285625,104,3650089.9700000007,41.07127460978527,2.3968656372436046
12590.0,9864.26,2,4283,2011-05-12 14:46:00,2011-05-12 14:52:00,4932.13,105,3659954.2300000004,41.18226851256907,2.4199124222171005
13199.0,9817.12,38,6176,2010-12-08 10:51:00,2011-12-06 12:30:00,258.34526315789475,106,3669771.3500000006,41.29273199010281,2.4429592071905972
13001.0,9785.970000000001,13,5490,2011-01-17 12:45:00,2011-12-05 14:51:00,752.7669230769231,107,3679557.3200000008,41.402844963891546,2.466005992164093
15078.0,9743.11,32,5105,2010-12-06 12:38:00,2011-12-02 15:41:00,304.4721875,108,3689300.4300000006,41.51247567153224,2.4890527771375894
12709.0,9706.52,15,3912,2010-12-08 09:49:00,2011-11-24 15:38:00,647.1013333333334,109,3699006.9500000007,41.621694663858996,2.5120995621110853
13458.0,9646.57,14,5508,2010-12-15 12:05:00,2011-12-02 15:29:00,689.0407142857142,110,3708653.5200000005,41.73023909119335,2.5351463470845816
14733.0,9585.91,12,3764,2010-12-07 11:30:00,2011-11-23 15:39:00,798.8258333333333,111,3718239.4300000006,41.83810096452539,2.558193132058078
16523.0,9418.470000000001,21,4265,2011-01-28 12:06:00,2011-12-08 09:06:00,448.4985714285715,112,3727657.900000001,41.944078781771914,2.581239917031574
12567.0,9401.28,10,4305,2010-12-05 11:57:00,2011-11-17 11:02:00,940.128,113,3737059.1800000006,42.0498631749614,2.60428670200507
14367.0,9227.82,16,4426,2011-03-08 14:12:00,2011-12-01 13:19:00,576.73875,114,3746287.0000000005,42.153695774262964,2.6273334869785665
14667.0,9175.04,25,5319,2010-12-06 13:13:00,2011-11-29 11:30:00,367.00160000000005,115,3755462.0400000005,42.256934486320176,2.650380271952063
18092.0,9068.26,11,4252,2010-12-09 10:00:00,2011-12-07 13:14:00,824.3872727272727,116,3764530.3000000003,42.35897169629419,2.6734270569255587
12451.0,9035.52,5,6575,2011-01-19 09:05:00,2011-11-29 08:40:00,1807.104,117,3773565.8200000003,42.46064051164183,2.696473841899055
13969.0,9024.17,18,4528,2010-12-09 19:32:00,2011-12-02 15:11:00,501.34277777777777,118,3782589.99,42.562181615352046,2.7195206268725514
13488.0,8968.31,13,4518,2010-12-07 13:01:00,2011-11-22 14:41:00,689.87,119,3791558.3000000003,42.663094175267844,2.7425674118460472
13090.0,8910.82,14,2263,2010-12-02 07:48:00,2011-12-01 12:39:00,636.4871428571429,120,3800469.12,42.763359850422795,2.7656141968195436
16033.0,8778.82,20,3529,2010-12-05 10:36:00,2011-12-04 12:44:00,438.941,121,3809247.94,42.86214024486054,2.78866098179304
17017.0,8694.26,20,6673,2010-12-02 10:17:00,2011-12-07 09:32:00,434.713,122,3817942.1999999997,42.959969159469146,2.811707766766536
17306.0,8631.31,19,11491,2010-12-21 13:34:00,2011-11-29 12:14:00,454.2794736842105,123,3826573.51,43.05708975270542,2.834754551740032
16656.0,8625.8,15,8894,2010-12-10 11:23:00,2011-11-17 14:43:00,575.0533333333333,124,3835199.3099999996,43.154148346723886,2.8578013367135284
17243.0,8540.05,26,3320,2010-12-05 10:03:00,2011-12-08 13:26:00,328.4634615384615,125,3843739.3599999994,43.25024207088249,2.8808481216870248
14527.0,8507.13,55,2088,2010-12-05 13:17:00,2011-12-07 12:19:00,154.6750909090909,126,3852246.4899999993,43.34596537503194,2.903894906660521
12683.0,8476.57,15,4987,2010-12-09 10:37:00,2011-12-05 16:31:00,565.1046666666666,127,3860723.059999999,43.44134481419109,2.926941691634017
18139.0,8438.34,6,5557,2011-11-21 14:06:00,2011-11-22 10:44:00,1406.39,128,3869161.399999999,43.536294084548594,2.9499884766075133
15358.0,8347.2,22,7050,2010-12-09 10:04:00,2011-12-05 09:04:00,379.41818181818184,129,3877508.599999999,43.63021783608363,2.9730352615810096
16558.0,8338.49,20,5377,2010-12-08 12:01:00,2011-12-09 10:20:00,416.92449999999997,130,3885847.0899999994,43.72404358159558,2.9960820465545055
14056.0,8152.71,23,4252,2011-02-28 15:19:00,2011-12-08 13:36:00,354.46565217391304,131,3893999.7999999993,43.81577890701934,3.019128831528002
14936.0,8137.02,8,4085,2011-03-09 11:53:00,2011-11-06 10:30:00,1017.1275,132,3902136.8199999994,43.90733768657603,3.042175616501498
16672.0,8134.9400000000005,20,2832,2011-03-18 10:15:00,2011-12-07 16:29:00,406.747,133,3910271.7599999993,43.9988730617093,3.0652224014749945
13854.0,8109.5199999999995,25,2296,2010-12-09 10:48:00,2011-12-01 09:06:00,324.38079999999997,134,3918381.2799999993,44.09012240778324,3.0882691864484904
14952.0,8099.49,11,3355,2010-12-10 12:48:00,2011-10-11 10:33:00,736.3172727272727,135,3926480.7699999996,44.18125889502693,3.1113159714219867
18109.0,8004.92,26,4230,2010-12-05 10:58:00,2011-12-08 11:36:00,307.88153846153847,136,3934485.6899999995,44.271331268653746,3.1343627563954826
14796.0,7975.49,17,5995,2010-12-08 10:40:00,2011-12-08 15:31:00,469.1464705882353,137,3942461.1799999997,44.3610724921934,3.157409541368979
12428.0,7956.46,9,3536,2011-03-01 09:33:00,2011-11-14 08:22:00,884.0511111111111,138,3950417.6399999997,44.45059958776299,3.1804563263424757
15290.0,7943.22,18,4501,2010-12-15 16:03:00,2011-12-05 11:39:00,441.29,139,3958360.86,44.53997770517578,3.2035031113159715
14849.0,7930.54,25,5694,2010-12-01 12:22:00,2011-11-18 10:58:00,317.2216,140,3966291.4,44.62921314562272,3.226549896289468
12757.0,7834.650000000001,13,2395,2011-05-12 19:01:00,2011-11-24 12:30:00,602.6653846153847,141,3974126.05,44.717369619645616,3.2495966812629637
13093.0,7832.47,8,3961,2010-12-01 15:00:00,2011-03-09 12:14:00,979.05875,142,3981958.52,44.80550156403243,3.27264346623646
12435.0,7829.89,2,2055,2011-03-17 07:40:00,2011-09-21 09:06:00,3914.945,143,3989788.41,44.893604477932506,3.295690251209956
13629.0,7792.36,11,4372,2011-01-05 12:09:00,2011-11-16 13:21:00,708.3963636363636,144,3997580.77,44.98128509951956,3.3187370361834523
17811.0,7761.82,39,4146,2011-01-10 10:58:00,2011-12-05 13:46:00,199.02102564102563,145,4005342.59,45.06862208115887,3.341783821156949
15044.0,7634.7300000000005,17,2785,2010-12-12 14:27:00,2011-11-20 13:20:00,449.1017647058824,146,4012977.32,45.15452903002281,3.364830606130445
15194.0,7616.53,15,5703,2010-12-06 15:00:00,2011-12-06 15:10:00,507.76866666666666,147,4020593.8499999996,45.2402311901818,3.3878773911039413
18172.0,7561.68,20,3184,2011-02-23 10:44:00,2011-11-25 11:12:00,378.084,148,4028155.53,45.32531617119429,3.410924176077437
13263.0,7436.93,35,4768,2011-01-18 16:31:00,2011-12-08 13:59:00,212.48371428571429,149,4035592.46,45.40899744940776,3.4339709610509335
12980.0,7374.900000000001,9,886,2010-12-16 11:36:00,2011-07-05 09:34:00,819.4333333333334,150,4042967.36,45.4919807582054,3.4570177460244293
15465.0,7354.62,18,1257,2010-12-05 10:12:00,2011-11-20 10:11:00,408.59,151,4050321.98,45.57473587387469,3.4800645309979257
17396.0,7330.8,8,2005,2010-12-03 09:45:00,2011-10-31 14:12:00,916.35,152,4057652.78,45.657222963887264,3.5031113159714216
12474.0,7324.09,18,4833,2011-01-14 10:06:00,2011-11-22 14:39:00,406.8938888888889,153,4064976.8699999996,45.739634552130056,3.5261581009449183
12583.0,7281.38,15,5060,2010-12-01 08:45:00,2011-12-07 08:07:00,485.42533333333336,154,4072258.2499999995,45.821565562043816,3.5492048859184147
13018.0,7277.7,28,5435,2011-02-17 11:05:00,2011-11-23 13:28:00,259.91785714285714,155,4079535.9499999997,45.90345516413152,3.5722516708919105
18229.0,7276.900000000001,20,2488,2010-12-01 16:25:00,2011-11-28 09:48:00,363.845,156,4086812.8499999996,45.98533576451791,3.595298455865407
16729.0,7205.33,21,5722,2011-04-12 14:22:00,2011-11-01 14:29:00,343.11095238095237,157,4094018.1799999997,46.06641105020029,3.6183452408389027
16745.0,7180.7,17,6719,2011-02-01 11:31:00,2011-09-14 11:58:00,422.3941176470588,158,4101198.88,46.14720919600339,3.641392025812399
16873.0,7123.62,6,3840,2010-12-10 15:45:00,2011-12-05 12:05:00,1187.27,159,4108322.5,46.22736507041757,3.664438810785895
13324.0,7121.95,10,5205,2010-12-14 09:50:00,2011-11-03 16:28:00,712.1949999999999,160,4115444.45,46.30750215378024,3.6874855957593917
16923.0,7069.08,19,3344,2010-12-12 11:06:00,2011-11-27 13:00:00,372.0568421052632,161,4122513.5300000003,46.38704433720718,3.710532380732888
13985.0,7060.13,15,3447,2011-03-20 13:48:00,2011-12-05 17:06:00,470.67533333333336,162,4129573.66,46.466485814100636,3.733579165706384
14961.0,7044.68,9,3708,2010-12-14 11:38:00,2011-11-29 09:42:00,782.7422222222223,163,4136618.3400000003,46.545753445637416,3.7566259506798803
12766.0,6989.63,7,3646,2010-12-08 13:53:00,2011-12-06 08:46:00,998.5185714285715,164,4143607.97,46.62440164760236,3.779672735653376
12798.0,6977.04,3,5256,2011-06-22 10:11:00,2011-11-29 15:52:00,2325.68,165,4150585.0100000002,46.70290818529285,3.8027195206268725
12989.0,6924.110000000001,15,2943,2010-12-10 13:24:00,2011-12-06 15:28:00,461.6073333333334,166,4157509.12,46.780819147919985,3.8257663056003683
13027.0,6912.0,6,17280,2010-12-20 12:45:00,2011-08-18 09:39:00,1152.0,167,4164421.12,46.85859384729344,3.8488130905738647
16187.0,6911.4400000000005,15,5048,2011-02-28 13:34:00,2011-11-08 09:50:00,460.7626666666667,168,4171332.56,46.93636224547598,3.8718598755473614
16713.0,6910.78,15,4271,2010-12-08 13:01:00,2011-11-21 12:36:00,460.71866666666665,169,4178243.34,47.014123217254934,3.8949066605208573
17416.0,6893.42,7,4302,2011-03-03 13:45:00,2011-11-10 12:47:00,984.7742857142857,170,4185136.76,47.09168885211532,3.9179534454943536
12705.0,6868.29,9,3997,2010-12-17 15:58:00,2011-11-24 13:17:00,763.1433333333333,171,4192005.05,47.16897172103311,3.9410002304678495
12476.0,6816.42,11,2408,2010-12-13 14:39:00,2011-11-24 12:40:00,619.6745454545454,172,4198821.47,47.24567094214179,3.964047015441346
12830.0,6814.64,6,9848,2011-06-21 10:53:00,2011-11-02 11:54:00,1135.7733333333333,173,4205636.109999999,47.32235013446505,3.9870938004148417
15601.0,6776.56,14,4983,2010-12-02 10:39:00,2011-11-28 15:15:00,484.04,174,4212412.669999999,47.398600845805646,4.010140585388338
16652.0,6773.97,7,3283,2011-03-11 13:13:00,2011-10-12 09:38:00,967.71,175,4219186.639999999,47.47482241413823,4.033187370361835
18055.0,6761.34,10,2452,2010-12-05 10:52:00,2011-12-02 14:25:00,676.134,176,4225947.979999999,47.55090186811128,4.056234155335331
16532.0,6748.8,3,2016,2011-01-05 12:37:00,2011-11-22 11:08:00,2249.6,177,4232696.779999998,47.6268402204162,4.079280940308827
15023.0,6720.41,11,2827,2010-12-05 13:49:00,2011-12-06 17:23:00,610.9463636363636,178,4239417.189999999,47.70245912484566,4.102327725282323
13576.0,6717.34,18,2646,2010-12-01 17:24:00,2011-11-29 15:34:00,373.18555555555554,179,4246134.529999998,47.778043485246315,4.125374510255819
15249.0,6688.46,13,3577,2011-03-28 12:49:00,2011-11-08 11:45:00,514.496923076923,180,4252822.989999998,47.85330288422944,4.148421295229316
16746.0,6680.11,18,4660,2010-12-16 11:43:00,2011-12-05 12:33:00,371.1172222222222,181,4259503.099999999,47.928468327955095,4.1714680802028115
16353.0,6675.71,23,2006,2010-12-05 12:09:00,2011-12-06 12:23:00,290.24826086956523,182,4266178.809999999,48.00358426232349,4.194514865176307
12626.0,6620.48,9,3453,2011-01-17 11:01:00,2011-11-16 16:06:00,735.6088888888888,183,4272799.289999999,48.07807874173727,4.217561650149804
16182.0,6617.65,4,3791,2011-02-18 10:11:00,2011-09-28 13:23:00,1654.4125,184,4279416.9399999995,48.152541377632645,4.240608435123301
15144.0,6580.44,17,3050,2011-01-31 13:17:00,2011-12-01 15:12:00,387.0847058823529,185,4285997.38,48.22658532189554,4.263655220096797
12472.0,6572.11,7,4148,2010-12-05 14:19:00,2011-11-07 14:01:00,938.8728571428571,186,4292569.49,48.30053553594348,4.286702005070293
17338.0,6493.54,8,3059,2010-12-13 12:57:00,2011-11-22 14:23:00,811.6925,187,4299063.03,48.37360167040088,4.3097487900437885
18223.0,6484.54,14,2948,2010-12-16 16:42:00,2011-12-05 09:11:00,463.18142857142857,188,4305547.57,48.446566535718475,4.332795575017285
15694.0,6479.4,14,1677,2010-12-02 07:49:00,2011-12-09 09:44:00,462.8142857142857,189,4312026.970000001,48.51947356510511,4.355842359990781
13225.0,6463.84,7,3416,2010-12-13 09:49:00,2011-12-06 13:29:00,923.4057142857143,190,4318490.8100000005,48.59220551140114,4.378889144964278
13102.0,6424.09,24,4204,2010-12-09 13:38:00,2011-12-08 12:52:00,267.67041666666665,191,4324914.9,48.664490185663006,4.401935929937774
12431.0,6419.95,15,2908,2010-12-01 10:03:00,2011-11-04 11:55:00,427.99666666666667,192,4331334.850000001,48.736728276120566,4.42498271491127
16814.0,6416.7,21,2697,2010-12-05 11:45:00,2011-11-25 13:27:00,305.5571428571428,193,4337751.550000001,48.808929797166535,4.4480294998847665
13871.0,6403.25,13,2806,2011-02-04 09:30:00,2011-11-17 10:49:00,492.5576923076923,194,4344154.800000001,48.880979977109114,4.471076284858262
12359.0,6310.03,4,1609,2011-01-12 12:43:00,2011-10-13 12:47:00,1577.5075,195,4350464.830000001,48.9519812338058,4.494123069831758
13668.0,6309.83,21,3722,2010-12-12 12:35:00,2011-12-07 12:11:00,300.46809523809526,196,4356774.660000001,49.02298024007717,4.517169854805254
13709.0,6307.650000000001,13,3508,2011-01-28 14:57:00,2011-12-06 10:28:00,485.2038461538462,197,4363082.310000001,49.093954716712446,4.540216639778751
15005.0,6295.37,28,4230,2010-12-08 14:36:00,2011-11-24 12:25:00,224.83464285714285,198,4369377.680000002,49.16479101723251,4.563263424752248
16126.0,6287.77,4,2125,2011-02-16 11:18:00,2011-11-10 16:03:00,1571.9425,199,4375665.450000001,49.235541801590074,4.5863102097257435
17315.0,6281.23,38,3863,2010-12-17 12:24:00,2011-12-08 12:15:00,165.29552631578946,200,4381946.680000002,49.30621899703937,4.609356994699239
14057.0,6211.66,17,4873,2010-12-14 12:11:00,2011-11-16 10:32:00,365.39176470588234,201,4388158.340000002,49.37611338203795,4.632403779672735
12357.0,6207.67,1,2708,2011-11-06 16:07:00,2011-11-06 16:07:00,6207.67,202,4394366.010000002,49.445962871051215,4.655450564646232
14060.0,6140.42,19,5386,2010-12-02 12:11:00,2011-12-05 12:29:00,323.18,203,4400506.430000002,49.51505565454756,4.678497349619728
13418.0,6127.43,18,3918,2010-12-02 10:45:00,2011-11-28 10:23:00,340.4127777777778,204,4406633.860000001,49.58400227291879,4.701544134593224
15939.0,6115.01,15,4728,2011-01-12 12:43:00,2011-09-11 11:30:00,407.6673333333334,205,4412748.870000001,49.65280913987707,4.724590919566721
17509.0,6083.64,8,3512,2011-10-07 13:14:00,2011-10-13 10:26:00,760.455,206,4418832.510000001,49.7212630276225,4.7476377045402165
14735.0,6065.69,32,2264,2010-12-16 16:05:00,2011-12-06 12:09:00,189.5528125,207,4424898.200000001,49.789514939694634,4.770684489513713
13097.0,6003.22,10,2360,2010-12-14 15:13:00,2011-11-07 10:43:00,600.322,208,4430901.420000001,49.85706393141523,4.793731274487209
12637.0,6002.9,8,2994,2011-01-20 10:47:00,2011-10-03 13:46:00,750.3625,209,4436904.320000001,49.9246093224553,4.816778059460705
14101.0,5976.79,6,6942,2011-01-17 13:09:00,2011-09-27 12:28:00,996.1316666666667,210,4442881.110000001,49.99186092046865,4.839824844434201
15382.0,5955.71,6,4012,2011-02-17 12:01:00,2011-11-25 10:58:00,992.6183333333333,211,4448836.820000001,50.058875323652316,4.862871629407698
14944.0,5900.25,12,2815,2011-02-16 12:47:00,2011-11-10 09:10:00,491.6875,212,4454737.070000001,50.12526568389224,4.8859184143811945
13209.0,5891.61,8,4253,2010-12-13 10:31:00,2011-11-09 13:54:00,736.45125,213,4460628.680000002,50.19155882575793,4.90896519935469
13534.0,5870.08,25,2961,2010-12-16 15:23:00,2011-12-07 14:52:00,234.8032,214,4466498.760000002,50.25760970933695,4.932011984328186
14505.0,5859.43,8,2739,2010-12-12 16:14:00,2011-11-22 15:45:00,732.42875,215,4472358.190000001,50.32354075776719,4.955058769301682
14415.0,5855.57,13,2996,2010-12-14 13:31:00,2011-12-08 14:38:00,450.42846153846153,216,4478213.760000002,50.38942837298859,4.978105554275179
13050.0,5836.86,17,3748,2010-12-08 09:30:00,2011-11-25 09:18:00,343.3447058823529,217,4484050.620000002,50.45510546092045,5.001152339248675
12720.0,5781.73,25,4672,2010-12-05 15:21:00,2011-12-07 08:03:00,231.26919999999998,218,4489832.350000002,50.52016221911034,5.024199124222171
15218.0,5756.89,11,3329,2011-01-25 11:20:00,2011-11-29 11:48:00,523.3536363636364,219,4495589.240000002,50.58493947447435,5.0472459091956665
17686.0,5739.46,7,2478,2011-02-10 10:18:00,2011-12-02 15:39:00,819.9228571428572,220,4501328.700000002,50.649520605270936,5.070292694169163
13316.0,5732.93,4,5508,2011-03-30 13:01:00,2011-11-02 13:40:00,1433.2325,221,4507061.630000002,50.71402825968052,5.09333947914266
13178.0,5725.47,11,3570,2010-12-14 12:22:00,2011-11-13 16:14:00,520.4972727272727,222,4512787.1000000015,50.77845197322534,5.116386264116156
16553.0,5719.82,12,4600,2010-12-14 13:58:00,2011-06-29 15:42:00,476.65166666666664,223,4518506.920000002,50.842812112254606,5.139433049089652
13468.0,5704.97,37,2589,2010-12-01 15:08:00,2011-12-08 10:39:00,154.1883783783784,224,4524211.8900000015,50.90700515720319,5.162479834063148
14110.0,5683.15,12,2457,2011-03-18 09:59:00,2011-12-06 12:26:00,473.5958333333333,225,4529895.040000002,50.97095268074838,5.1855266190366445
17716.0,5655.99,11,3072,2011-03-17 10:38:00,2011-11-17 12:00:00,514.180909090909,226,4535551.030000002,51.034594596533864,5.20857340401014
13004.0,5655.91,18,4822,2010-12-17 08:20:00,2011-11-28 11:27:00,314.21722222222223,227,4541206.940000002,51.09823561214923,5.231620188983637
17049.0,5655.03,9,2673,2011-03-09 08:33:00,2011-12-07 10:48:00,628.3366666666666,228,4546861.9700000025,51.16186672589315,5.254666973957133
18118.0,5625.08,26,2865,2010-12-05 12:13:00,2011-11-29 11:32:00,216.34923076923076,229,4552487.050000003,51.22516083844402,5.277713758930629
17757.0,5593.39,30,3318,2010-12-02 17:17:00,2011-12-08 15:31:00,186.44633333333334,230,4558080.440000002,51.2880983711015,5.300760543904126
12839.0,5591.42,14,3807,2010-12-07 15:48:00,2011-12-07 12:33:00,399.38714285714286,231,4563671.860000002,51.35101373706949,5.3238073288776215
12481.0,5579.82,10,3294,2010-12-09 10:13:00,2011-11-17 08:29:00,557.982,232,4569251.6800000025,51.4137985783684,5.346854113851117
14688.0,5579.1,21,3584,2010-12-01 09:37:00,2011-12-02 12:26:00,265.6714285714286,233,4574830.780000002,51.476575318136106,5.369900898824613
14049.0,5578.72,4,3808,2011-01-26 11:27:00,2011-11-23 12:20:00,1394.68,234,4580409.500000002,51.5393477820957,5.39294768379811
16767.0,5575.56,11,4423,2011-01-27 13:38:00,2011-11-09 09:42:00,506.86909090909097,235,4585985.060000001,51.60208468933509,5.415994468771607
12539.0,5568.35,4,2067,2011-01-10 09:11:00,2011-11-17 13:30:00,1392.0875,236,4591553.410000001,51.664740468741364,5.439041253745103
16161.0,5533.67,19,2583,2010-12-06 10:03:00,2011-12-08 12:10:00,291.2457894736842,237,4597087.080000001,51.727006024395585,5.462088038718599
18225.0,5504.96,12,3242,2010-12-09 15:46:00,2011-12-06 13:27:00,458.74666666666667,238,4602592.040000001,51.78894853149381,5.4851348236920945
16609.0,5493.46,7,2420,2011-04-01 10:11:00,2011-11-24 13:32:00,784.78,239,4608085.500000001,51.85076163913561,5.508181608665591
15805.0,5488.18,17,3367,2010-12-10 09:33:00,2011-11-16 16:32:00,322.83411764705886,240,4613573.680000001,51.912515335548726,5.531228393639087
16985.0,5464.12,10,1832,2010-12-16 10:38:00,2011-11-22 13:33:00,546.412,241,4619037.800000001,51.973998305794744,5.554275178612583
16265.0,5447.0,9,2646,2010-12-10 10:21:00,2011-11-30 16:41:00,605.2222222222222,242,4624484.800000001,52.035288639632604,5.57732196358608
18198.0,5425.56,17,4074,2011-01-07 13:39:00,2011-12-05 14:49:00,319.15058823529415,243,4629910.36,52.096337727875174,5.600368748559577
12490.0,5417.93,10,3064,2011-01-14 09:13:00,2011-12-04 16:07:00,541.793,244,4635328.29,52.15730096239144,5.623415533533072
17809.0,5411.91,12,2057,2010-12-01 09:41:00,2011-11-23 12:59:00,450.9925,245,4640740.2,52.2181964591053,5.646462318506568
16701.0,5398.3,13,6393,2010-12-13 11:51:00,2011-12-01 11:10:00,415.25384615384615,246,4646138.5,52.27893881437552,5.669509103480064
17719.0,5396.04,15,2466,2011-03-29 11:29:00,2011-11-02 10:36:00,359.736,247,4651534.54,52.33965573983952,5.692555888453561
17850.0,5391.21,34,1733,2010-12-01 08:26:00,2010-12-02 15:27:00,158.565,248,4656925.75,52.40031831753183,5.715602673427057
16303.0,5360.63,3,2659,2011-01-10 14:16:00,2011-11-14 10:49:00,1786.8766666666668,249,4662286.38,52.46063680519131,5.738649458400554
13269.0,5343.28,15,3513,2010-12-05 11:51:00,2011-12-08 14:53:00,356.21866666666665,250,4667629.66,52.5207600684535,5.7616962433740495
17730.0,5298.4800000000005,13,3576,2011-01-17 14:49:00,2011-12-06 15:43:00,407.5753846153847,251,4672928.140000001,52.58037923644196,5.784743028347545
15150.0,5291.33,10,3642,2011-03-15 14:21:00,2011-11-22 12:52:00,529.133,252,4678219.470000001,52.639917951724925,5.807789813321042
17061.0,5232.2300000000005,11,1526,2011-04-21 13:29:00,2011-09-27 11:24:00,475.65727272727275,253,4683451.700000001,52.69879166632313,5.830836598294538
18226.0,5228.05,11,3466,2011-01-06 09:00:00,2011-10-26 13:36:00,475.27727272727276,254,4688679.750000001,52.757618347031965,5.853883383268034
12362.0,5226.23,10,2229,2011-02-17 10:30:00,2011-12-06 15:40:00,522.6229999999999,255,4693905.980000001,52.8164245488703,5.87693016824153
16258.0,5203.51,5,2994,2011-05-04 14:33:00,2011-10-25 13:30:00,1040.702,256,4699109.490000001,52.87497510239124,5.899976953215027
13756.0,5189.52,14,3188,2010-12-07 11:41:00,2011-12-07 16:44:00,370.68,257,4704299.010000001,52.933368238660414,5.923023738188523
16191.0,5180.52,13,3351,2010-12-14 12:38:00,2011-12-07 11:26:00,398.5015384615385,258,4709479.53,52.991660105789784,5.946070523162019
15727.0,5159.06,7,3063,2010-12-15 15:47:00,2011-11-23 12:36:00,737.0085714285715,259,4714638.59,53.049710502281336,5.969117308135515
13599.0,5149.92,21,3293,2010-12-08 10:11:00,2011-12-08 16:10:00,245.2342857142857,260,4719788.51,53.10765805433536,5.992164093109011
17858.0,5140.66,12,2694,2010-12-05 13:08:00,2011-12-04 11:56:00,428.3883333333333,261,4724929.17,53.16550141169664,6.015210878082508
15903.0,5126.76,7,2410,2011-02-17 14:04:00,2011-11-30 08:08:00,732.3942857142857,262,4730055.93,53.223188364497545,6.038257663056004
13941.0,5112.96,5,2364,2010-12-02 10:17:00,2011-11-18 09:43:00,1022.592,263,4735168.89,53.28072003795074,6.0613044480294995
15046.0,5090.42,15,3372,2011-01-05 15:30:00,2011-11-30 15:50:00,339.36133333333333,264,4740259.31,53.33799808846936,6.084351233002996
16700.0,5076.55,13,4024,2010-12-08 16:34:00,2011-12-01 11:00:00,390.50384615384615,265,4745335.859999999,53.3951200719914,6.107398017976492
13139.0,5064.94,7,2425,2011-03-25 11:57:00,2011-11-23 13:54:00,723.5628571428571,266,4750400.8,53.45211141832309,6.130444802949989
12432.0,5059.32,5,1801,2011-06-20 13:27:00,2011-10-28 11:43:00,1011.8639999999999,267,4755460.12,53.50903952770303,6.153491587923485
17602.0,5054.42,6,4116,2011-01-19 16:18:00,2011-12-07 13:53:00,842.4033333333333,268,4760514.54,53.5659125016624,6.176538372896981
15301.0,5049.95,12,2751,2010-12-06 12:21:00,2011-10-20 09:57:00,420.82916666666665,269,4765564.49,53.62273517861568,6.199585157870477
17426.0,5037.26,6,3094,2011-03-02 16:34:00,2011-12-01 18:07:00,839.5433333333334,270,4770601.75,53.679415066081816,6.222631942843973
15719.0,5030.07,13,2718,2011-01-06 12:31:00,2011-11-07 12:29:00,386.92846153846153,271,4775631.82,53.73601405075738,6.245678727817469
14755.0,5010.28,11,2219,2011-01-09 14:02:00,2011-11-30 11:24:00,455.47999999999996,272,4780642.100000001,53.79239035584663,6.268725512790965
14562.0,5006.77,18,1815,2011-02-08 14:45:00,2011-12-06 11:05:00,278.1538888888889,273,4785648.87,53.84872716597135,6.291772297764461
12444.0,5005.46,5,1155,2011-06-21 14:00:00,2011-11-18 13:23:00,1001.092,274,4790654.33,53.905049235810154,6.314819082737958
14329.0,4975.24,7,3087,2011-01-14 13:42:00,2011-11-22 15:50:00,710.7485714285714,275,4795629.57,53.96103126638175,6.3378658677114545
15032.0,4959.1,3,2968,2010-12-08 12:57:00,2011-03-28 15:03:00,1653.0333333333335,276,4800588.67,54.01683168762928,6.360912652684951
12437.0,4951.41,18,2923,2011-01-12 14:13:00,2011-12-08 11:35:00,275.0783333333333,277,4805540.08,54.072545580022904,6.383959437658447
12700.0,4939.99,4,2967,2011-05-08 16:10:00,2011-12-02 10:47:00,1234.9975,278,4810480.07,54.12813097313024,6.407006222631943
14709.0,4921.04,13,2484,2010-12-16 13:43:00,2011-11-24 15:41:00,378.54153846153844,279,4815401.11,54.18350313843765,6.430053007605439
15786.0,4919.0,3,3340,2011-08-17 13:33:00,2011-10-24 14:13:00,1639.6666666666667,280,4820320.11,54.2388523494067,6.453099792578936
15547.0,4910.6,14,3999,2010-12-12 13:26:00,2011-12-02 12:52:00,350.75714285714287,281,4825230.71,54.29410704251192,6.476146577552432
17133.0,4892.240000000001,7,2730,2011-03-18 13:47:00,2011-11-24 12:27:00,698.8914285714287,282,4830122.95,54.34915514657194,6.4991933625259275
12664.0,4881.88,9,1203,2011-01-21 11:42:00,2011-12-01 17:07:00,542.4311111111111,283,4835004.83,54.404086678599896,6.522240147499423
12688.0,4873.8099999999995,1,3028,2011-08-18 08:49:00,2011-08-18 08:49:00,4873.8099999999995,284,4839878.64,54.45892740596583,6.54528693247292
14292.0,4871.93,9,1663,2011-03-02 08:26:00,2011-12-02 11:50:00,541.3255555555556,285,4844750.569999999,54.513746979333675,6.568333717446416
17652.0,4867.72,12,2509,2011-03-03 14:05:00,2011-11-14 12:55:00,405.6433333333334,286,4849618.289999999,54.56851918124834,6.591380502419912
15738.0,4812.42,16,2982,2010-12-02 12:50:00,2011-11-21 08:26:00,300.77625,287,4854430.709999999,54.62266914055951,6.614427287393408
13013.0,4810.9400000000005,13,2224,2010-12-03 12:28:00,2011-12-08 15:01:00,370.07230769230773,288,4859241.649999999,54.67680244672326,6.637474072366905
15298.0,4799.9,12,3116,2010-12-08 13:55:00,2011-12-07 17:17:00,399.9916666666666,289,4864041.55,54.73081152940883,6.6605208573404004
15555.0,4794.86,16,4427,2010-12-05 14:45:00,2011-11-27 16:19:00,299.67875,290,4868836.41,54.78476390137611,6.683567642313898
15187.0,4777.18,16,1887,2011-05-11 13:49:00,2011-12-08 11:56:00,298.57375,291,4873613.59,54.8385173357443,6.706614427287394
17365.0,4767.36,8,4749,2011-01-11 12:11:00,2011-11-27 12:13:00,595.92,292,4878380.95,54.89216027422883,6.72966121226089
12955.0,4757.16,11,3664,2011-03-17 09:03:00,2011-12-08 16:29:00,432.4690909090909,293,4883138.11,54.94568844102158,6.752707997234387
14180.0,4748.52,25,719,2010-12-02 13:08:00,2011-11-29 10:56:00,189.94080000000002,294,4887886.63,54.9991193894401,6.7757547822078825
15152.0,4745.69,13,2704,2011-06-05 15:36:00,2011-11-30 12:32:00,365.0530769230769,295,4892632.32,55.052518494340234,6.798801567181378
16722.0,4730.81,13,5001,2010-12-06 12:59:00,2011-11-22 13:28:00,363.90846153846155,296,4897363.13,55.10575016759586,6.821848352154874
17690.0,4726.8,15,1769,2010-12-01 16:15:00,2011-11-09 15:17:00,315.12,297,4902089.93,55.15893671982365,6.84489513712837
12714.0,4708.86,5,3069,2011-02-18 10:53:00,2011-11-30 15:43:00,941.7719999999999,298,4906798.79,55.21192140889942,6.867941922101867
14135.0,4690.31,15,3850,2010-12-02 10:27:00,2011-12-08 11:38:00,312.68733333333336,299,4911489.1,55.2646973710259,6.890988707075363
14191.0,4684.76,13,3662,2011-05-03 10:30:00,2011-12-08 09:23:00,360.36615384615385,300,4916173.859999999,55.317410883849526,6.914035492048859
15291.0,4668.3,15,2103,2010-12-01 09:32:00,2011-11-14 11:02:00,311.22,301,4920842.159999999,55.369939186668546,6.9370822770223555
14189.0,4654.08,15,3937,2010-12-06 11:42:00,2011-12-07 15:55:00,310.272,302,4925496.239999999,55.42230748424668,6.960129061995851
14390.0,4642.57,9,2133,2010-12-02 11:57:00,2011-11-29 13:49:00,515.8411111111111,303,4930138.81,55.474546269847124,6.983175846969347
14159.0,4630.35,11,4348,2010-12-12 11:17:00,2011-11-20 12:36:00,420.94090909090914,304,4934769.159999999,55.52664755445995,7.006222631942843
14286.0,4628.75,3,4338,2011-04-11 08:16:00,2011-11-16 10:34:00,1542.9166666666667,305,4939397.909999999,55.57873083567016,7.029269416916341
13802.0,4599.42,3,2572,2011-02-01 12:03:00,2011-07-24 10:54:00,1533.14,306,4943997.329999999,55.63048409200584,7.052316201889837
15093.0,4597.02,6,3760,2010-12-02 18:25:00,2011-11-21 13:09:00,766.1700000000001,307,4948594.349999999,55.68221034323758,7.075362986863333
14004.0,4582.64,7,2668,2011-02-24 09:28:00,2011-10-27 14:40:00,654.6628571428572,308,4953176.989999998,55.733774788888155,7.098409771836829
16931.0,4554.87,21,3134,2010-12-05 11:40:00,2011-12-04 13:15:00,216.89857142857142,309,4957731.8599999985,55.78502676298179,7.121456556810325
17068.0,4552.14,21,2164,2010-12-06 13:58:00,2011-11-27 13:14:00,216.76857142857145,310,4962283.999999998,55.83624801876967,7.144503341783821
17613.0,4544.55,14,2490,2011-02-07 11:20:00,2011-11-17 10:51:00,324.6107142857143,311,4966828.549999998,55.88738387091633,7.167550126757318
12484.0,4527.32,6,2187,2011-01-07 14:04:00,2011-11-07 11:37:00,754.5533333333333,312,4971355.869999998,55.938325848920876,7.190596911730814
13267.0,4521.49,19,1969,2010-12-08 09:20:00,2011-12-07 11:12:00,237.97315789473683,313,4975877.3599999985,55.98920222702709,7.21364369670431
15299.0,4507.01,7,2948,2010-12-02 16:48:00,2011-10-03 14:19:00,643.8585714285715,314,4980384.369999998,56.03991567433947,7.2366904816778055
12524.0,4485.72,8,3699,2011-01-10 10:35:00,2011-11-30 15:31:00,560.715,315,4984870.089999998,56.09038956387556,7.259737266651302
17975.0,4483.26,13,1565,2010-12-08 11:38:00,2011-11-24 13:27:00,344.86615384615385,316,4989353.349999998,56.14083577318012,7.282784051624798
14426.0,4481.67,10,2699,2011-01-31 09:51:00,2011-11-16 12:25:00,448.16700000000003,317,4993835.019999998,56.1912640916033,7.305830836598294
12627.0,4478.53,7,2752,2011-07-22 13:59:00,2011-11-29 12:07:00,639.79,318,4998313.549999998,56.24165707834883,7.32887762157179
17364.0,4462.68,11,2692,2011-01-12 16:57:00,2011-12-09 09:00:00,405.69818181818187,319,5002776.229999998,56.29187171888701,7.351924406545287
16984.0,4459.52,2,2380,2011-08-01 17:37:00,2011-09-12 13:43:00,2229.76,320,5007235.749999997,56.34205080270499,7.374971191518783
13069.0,4431.44,24,5873,2010-12-05 11:02:00,2011-12-09 08:39:00,184.64333333333332,321,5011667.189999998,56.39191392680678,7.39801797649228
14085.0,4421.29,18,3177,2010-12-06 12:39:00,2011-12-07 13:46:00,245.62722222222223,322,5016088.479999998,56.44166284182312,7.421064761465776
15955.0,4416.26,14,2135,2010-12-02 11:22:00,2011-11-15 14:15:00,315.44714285714286,323,5020504.739999997,56.49135515864242,7.444111546439272
16626.0,4413.1,17,2690,2011-03-18 12:27:00,2011-12-09 11:56:00,259.59411764705885,324,5024917.839999997,56.541011918741525,7.467158331412768
15874.0,4405.88,7,2534,2011-02-28 13:28:00,2011-10-07 12:31:00,629.4114285714286,325,5029323.719999997,56.59058743848624,7.490205116386265
14534.0,4397.3,18,2027,2011-01-25 12:33:00,2011-12-07 12:19:00,244.29444444444445,326,5033721.019999997,56.64006641498435,7.5132519013597605
12712.0,4396.13,13,1062,2010-12-03 14:30:00,2011-11-11 08:19:00,338.1638461538462,327,5038117.149999997,56.68953222649428,7.536298686333256
13505.0,4393.63,4,2486,2011-04-21 12:07:00,2011-09-28 11:56:00,1098.4075,328,5042510.779999997,56.7389699076876,7.559345471306752
12752.0,4366.78,1,2262,2011-09-19 13:32:00,2011-09-19 13:32:00,4366.78,329,5046877.559999997,56.788105469280495,7.582392256280249
16945.0,4345.5,19,2725,2010-12-16 17:49:00,2011-11-18 11:39:00,228.71052631578948,330,5051223.059999997,56.83700158561836,7.605439041253745
14016.0,4341.21,4,2125,2010-12-17 14:21:00,2011-07-01 11:29:00,1085.3025,331,5055564.269999997,56.885849430332925,7.628485826227241
14800.0,4331.79,12,3644,2010-12-05 11:10:00,2011-10-23 12:46:00,360.9825,332,5059896.059999997,56.93459128001449,7.651532611200737
17567.0,4331.48,8,2632,2010-12-02 15:18:00,2011-12-02 15:48:00,541.435,333,5064227.539999997,56.9833296415368,7.6745793961742335
18251.0,4314.72,1,7824,2011-09-13 15:03:00,2011-09-13 15:03:00,4314.72,334,5068542.259999997,57.03187941741652,7.697626181147729
12347.0,4310.0,7,2458,2010-12-07 14:57:00,2011-12-07 15:52:00,615.7142857142857,335,5072852.259999997,57.08037608325848,7.720672966121227
17937.0,4301.22,7,1754,2010-12-12 14:43:00,2011-12-01 11:45:00,614.46,336,5077153.479999997,57.12877395542849,7.743719751094723
15034.0,4274.16,8,2413,2010-12-21 09:47:00,2011-11-24 12:11:00,534.27,337,5081427.639999997,57.17686734505148,7.766766536068219
14422.0,4263.64,6,2906,2011-03-17 17:26:00,2011-12-09 11:26:00,710.6066666666667,338,5085691.279999997,57.22484236230214,7.789813321041715
12500.0,4257.82,11,2678,2011-01-10 09:48:00,2011-11-16 16:20:00,387.07454545454544,339,5089949.099999997,57.27275189217574,7.812860106015211
17419.0,4226.57,12,1876,2010-12-07 15:03:00,2011-11-28 13:47:00,352.21416666666664,340,5094175.669999997,57.320309793091674,7.835906890988707
14525.0,4215.9,9,2637,2010-12-13 17:40:00,2011-11-20 11:37:00,468.4333333333333,341,5098391.5699999975,57.3677476338163,7.858953675962203
15804.0,4206.39,13,2567,2011-05-25 10:12:00,2011-12-09 12:31:00,323.5684615384616,342,5102597.959999997,57.41507846681652,7.882000460935699
15971.0,4199.85,12,1717,2011-02-01 16:47:00,2011-11-22 12:50:00,349.9875,343,5106797.809999997,57.46233571090848,7.905047245909196
12747.0,4196.01,11,1275,2010-12-05 15:38:00,2011-12-07 14:34:00,381.4554545454546,344,5110993.819999997,57.50954974683411,7.928094030882692
14146.0,4191.0,5,2437,2010-12-17 15:52:00,2011-12-01 10:18:00,838.2,345,5115184.819999997,57.55670740960526,7.951140815856188
14277.0,4188.0,3,1976,2011-05-11 13:20:00,2011-11-24 15:01:00,1396.0,346,5119372.819999997,57.60383131599648,7.9741876008296835
12949.0,4167.22,8,2381,2011-04-01 13:20:00,2011-11-09 11:25:00,520.9025,347,5123540.039999996,57.650721403195995,7.99723438580318
13384.0,4151.93,7,2422,2011-06-14 12:47:00,2011-11-09 11:04:00,593.1328571428572,348,5127691.969999996,57.697439445379096,8.020281170776675
15570.0,4148.82,12,2063,2010-12-05 12:57:00,2011-12-02 14:47:00,345.73499999999996,349,5131840.789999996,57.744122493448344,8.043327955750172
13988.0,4147.96,6,3044,2011-03-30 11:48:00,2011-11-20 10:15:00,691.3266666666667,350,5135988.749999996,57.79079586468867,8.06637474072367
12569.0,4124.69,32,1801,2011-04-01 13:47:00,2011-12-07 16:24:00,128.8965625,351,5140113.439999997,57.837207398941956,8.089421525697166
17920.0,4119.5,17,2473,2010-12-01 11:49:00,2011-12-05 14:29:00,242.3235294117647,352,5144232.939999997,57.88356053465796,8.112468310670662
16592.0,4113.68,16,2927,2011-02-25 10:19:00,2011-12-05 13:49:00,257.105,353,5148346.619999996,57.92984818299688,8.135515095644157
13555.0,4098.88,4,2636,2011-05-22 11:06:00,2011-09-27 12:36:00,1024.72,354,5152445.499999996,57.97596929986144,8.158561880617654
16401.0,4098.32,12,3882,2011-01-16 10:56:00,2011-12-08 18:15:00,341.52666666666664,355,5156543.819999997,58.02208411553509,8.18160866559115
18041.0,4097.37,21,3758,2010-12-02 11:21:00,2011-11-28 11:39:00,195.11285714285714,356,5160641.189999997,58.068188241688425,8.204655450564646
16670.0,4095.9,11,2556,2010-12-16 10:30:00,2011-11-23 09:34:00,372.3545454545455,357,5164737.089999997,58.114275827215586,8.227702235538143
12749.0,4090.88,5,1471,2011-05-10 15:25:00,2011-12-06 09:56:00,818.176,358,5168827.969999997,58.160306927067,8.250749020511638
14092.0,4076.91,14,2066,2010-12-16 15:47:00,2011-12-02 12:13:00,291.2078571428571,359,5172904.879999997,58.206180834709166,8.273795805485134
12449.0,4067.29,4,1553,2011-06-05 15:37:00,2011-11-17 13:46:00,1016.8225,360,5176972.169999997,58.251946496893005,8.296842590458631
17377.0,4058.32,20,2038,2010-12-01 12:35:00,2011-11-16 11:17:00,202.916,361,5181030.489999997,58.29761122750084,8.319889375432126
18087.0,4055.7199999999993,2,3907,2011-02-22 10:43:00,2011-09-02 15:12:00,2027.8599999999997,362,5185086.209999997,58.34324670257938,8.342936160405623
14401.0,4051.48,13,4507,2010-12-15 09:07:00,2011-12-05 13:30:00,311.6523076923077,363,5189137.689999998,58.38883446864096,8.36598294537912
12656.0,4051.17,5,1723,2011-04-20 09:20:00,2011-11-22 13:42:00,810.234,364,5193188.859999998,58.43441874654327,8.389029730352615
16549.0,4034.9,10,2294,2011-01-09 14:03:00,2011-11-29 15:06:00,403.49,365,5197223.759999998,58.47981995234507,8.412076515326113
13815.0,4027.36,4,2560,2011-01-25 12:16:00,2011-11-17 14:19:00,1006.84,366,5201251.119999998,58.52513631711195,8.435123300299608
15514.0,4023.7200000000003,11,2098,2010-12-10 13:50:00,2011-11-27 14:40:00,365.7927272727273,367,5205274.839999998,58.57041172413785,8.458170085273105
17940.0,4020.04,10,9323,2011-02-10 09:29:00,2011-10-21 13:27:00,402.004,368,5209294.879999998,58.615645723337686,8.481216870246602
12957.0,4017.54,8,2549,2011-01-04 12:18:00,2011-11-30 09:53:00,502.1925,369,5213312.419999998,58.66085159222091,8.504263655220097
12867.0,4009.34,7,4284,2010-12-14 16:39:00,2011-11-13 15:30:00,572.7628571428571,370,5217321.759999998,58.70596519366564,8.527310440193594
12378.0,4008.62,1,2529,2011-08-02 10:34:00,2011-08-02 10:34:00,4008.62,371,5221330.379999998,58.75107069357919,8.550357225167089
16186.0,4006.94,12,3020,2010-12-02 14:40:00,2011-11-17 12:43:00,333.9116666666667,372,5225337.319999998,58.79615728991998,8.573404010140585
12841.0,3991.58,25,2720,2010-12-03 10:43:00,2011-12-05 11:13:00,159.6632,373,5229328.8999999985,58.841071053595485,8.596450795114082
17001.0,3989.57,11,2164,2010-12-16 09:35:00,2011-12-09 09:38:00,362.6881818181818,374,5233318.469999999,58.885962200496444,8.619497580087577
15416.0,3984.32,4,2090,2011-03-02 08:41:00,2011-10-06 09:38:00,996.08,375,5237302.789999999,58.93079427373251,8.642544365061074
12779.0,3981.36,8,2024,2010-12-03 13:40:00,2011-11-02 11:43:00,497.67,376,5241284.149999999,58.9755930406737,8.66559115003457
12727.0,3980.7,7,2098,2011-01-23 15:17:00,2011-11-29 11:46:00,568.6714285714286,377,5245264.85,59.02038438121131,8.688637935008066
14547.0,3974.75,8,2639,2011-10-16 14:35:00,2011-12-06 11:06:00,496.84375,378,5249239.6,59.065108771595376,8.711684719981562
14299.0,3965.62,9,2149,2010-12-09 10:30:00,2011-12-01 16:05:00,440.6244444444444,379,5253205.22,59.10973043006318,8.73473150495506
13523.0,3964.88,5,1752,2010-12-08 14:22:00,2011-11-06 15:11:00,792.976,380,5257170.1,59.15434376195725,8.757778289928556
15529.0,3962.6,11,3455,2010-12-08 12:24:00,2011-11-17 11:29:00,360.23636363636365,381,5261132.699999999,59.198931439002564,8.78082507490205
17611.0,3961.12,15,2550,2010-12-13 13:52:00,2011-12-02 13:29:00,264.07466666666664,382,5265093.819999999,59.24350246290045,8.803871859875548
13183.0,3957.78,9,2208,2011-01-09 10:50:00,2011-12-02 10:30:00,439.75333333333333,383,5269051.6,59.288035904695356,8.826918644849044
17769.0,3957.43,10,1850,2011-01-23 11:15:00,2011-11-27 11:18:00,395.743,384,5273009.029999999,59.33256540824592,8.84996542982254
17651.0,3945.0,10,3112,2011-06-15 15:57:00,2011-11-28 10:29:00,394.5,385,5276954.029999999,59.37695504786228,8.873012214796036
12473.0,3928.0499999999997,5,2414,2011-06-01 10:15:00,2011-11-10 13:46:00,785.6099999999999,386,5280882.079999999,59.42115396393201,8.896058999769533
17593.0,3923.86,5,3089,2010-12-22 10:29:00,2011-12-06 10:30:00,784.772,387,5284805.9399999995,59.46530573359108,8.919105784743028
14739.0,3902.28,7,3820,2010-12-07 14:58:00,2011-12-05 16:54:00,557.4685714285714,388,5288708.22,59.50921468235716,8.942152569716525
13999.0,3901.81,12,2243,2010-12-13 11:23:00,2011-11-29 13:40:00,325.1508333333333,389,5292610.029999999,59.5531183426237,8.96519935469002
14291.0,3883.25,11,2749,2011-03-09 15:20:00,2011-12-08 10:26:00,353.02272727272725,390,5296493.279999999,59.596813163419704,8.988246139663516
15195.0,3861.0,1,1404,2011-12-07 12:20:00,2011-12-07 12:20:00,3861.0,391,5300354.279999999,59.640257624397854,9.011292924637013
18073.0,3859.82,12,3102,2011-05-26 19:38:00,2011-08-17 14:02:00,321.6516666666667,392,5304214.1,59.68368880786655,9.034339709610508
12662.0,3849.78,11,2058,2010-12-01 13:04:00,2011-12-09 11:59:00,349.98,393,5308063.88,59.72700701998374,9.057386494584005
16717.0,3843.08,6,1860,2010-12-08 16:48:00,2011-11-16 12:16:00,640.5133333333333,394,5311906.96,59.770249842852394,9.080433279557502
13266.0,3834.2599999999998,12,4428,2011-03-28 10:14:00,2011-11-28 14:39:00,319.52166666666665,395,5315741.22,59.81339342196404,9.103480064530999
17091.0,3827.76,9,1746,2010-12-07 09:55:00,2011-12-07 10:43:00,425.3066666666667,396,5319568.9799999995,59.85646386225248,9.126526849504495
16327.0,3820.27,6,2560,2010-12-05 12:43:00,2011-11-25 13:23:00,636.7116666666667,397,5323389.249999999,59.899450024112355,9.14957363447799
12755.0,3811.95,2,1491,2010-12-09 10:44:00,2011-03-04 12:42:00,1905.975,398,5327201.199999999,59.94234256827854,9.172620419451487
12597.0,3811.22,4,2236,2011-03-16 14:00:00,2011-11-20 13:33:00,952.805,399,5331012.419999999,59.98522689839228,9.195667204424982
15867.0,3810.14,15,2052,2010-12-05 14:17:00,2011-12-04 13:32:00,254.00933333333333,400,5334822.559999999,60.028099076209216,9.218713989398479
13435.0,3809.8900000000003,7,2129,2011-06-03 17:07:00,2011-12-04 14:45:00,544.2700000000001,401,5338632.449999998,60.07096844099451,9.241760774371976
12668.0,3807.15,4,1634,2010-12-19 12:46:00,2011-11-28 10:56:00,951.7875,402,5342439.599999999,60.1138069749528,9.26480755934547
16145.0,3799.4900000000002,11,3123,2010-12-15 09:09:00,2011-12-01 10:33:00,345.40818181818184,403,5346239.089999999,60.15655931762098,9.287854344318967
16655.0,3789.52,6,2363,2011-01-12 10:16:00,2011-11-22 11:25:00,631.5866666666667,404,5350028.6099999985,60.19919947658651,9.310901129292464
16168.0,3787.6,27,1892,2010-12-05 11:38:00,2011-11-29 12:45:00,140.28148148148148,405,5353816.209999998,60.241818031468874,9.33394791426596
16019.0,3786.2400000000002,9,1733,2010-12-10 12:29:00,2011-10-24 11:51:00,420.6933333333334,406,5357602.449999998,60.284421283459,9.356994699239456
12562.0,3781.7400000000002,7,1779,2011-05-25 12:44:00,2011-12-01 17:20:00,540.2485714285715,407,5361384.189999999,60.32697390087923,9.380041484212951
17173.0,3766.6,8,1122,2011-07-31 15:26:00,2011-12-04 14:40:00,470.825,408,5365150.789999998,60.36935616110204,9.403088269186448
13124.0,3756.33,3,2119,2010-12-15 15:00:00,2011-09-11 12:45:00,1252.11,409,5368907.119999998,60.411622861984206,9.426135054159946
12429.0,3750.4,4,1557,2010-12-09 12:05:00,2011-11-30 17:22:00,937.6,410,5372657.519999999,60.45382283775537,9.449181839133441
14145.0,3742.2,4,756,2011-05-06 13:01:00,2011-10-24 12:10:00,935.55,411,5376399.719999999,60.495930546088026,9.472228624106938
13552.0,3740.07,12,1417,2011-01-28 10:10:00,2011-10-04 15:19:00,311.6725,412,5380139.789999999,60.538014287390936,9.495275409080433
16570.0,3738.4,10,2112,2011-02-01 10:37:00,2011-11-24 17:02:00,373.84000000000003,413,5383878.1899999995,60.58007923764236,9.51832219405393
12502.0,3723.87,5,820,2011-02-03 10:41:00,2011-09-05 11:52:00,744.774,414,5387602.06,60.6219806944936,9.541368979027427
12647.0,3722.82,12,1432,2010-12-05 14:02:00,2011-11-17 12:56:00,310.235,415,5391324.88,60.66387033661188,9.564415764000922
13680.0,3719.12,4,1934,2011-01-04 14:12:00,2011-12-08 13:47:00,929.78,416,5395044.0,60.70571834586157,9.587462548974418
17238.0,3719.1,17,1807,2010-12-03 15:05:00,2011-12-07 11:35:00,218.7705882352941,417,5398763.1,60.74756613006872,9.610509333947913
16240.0,3718.8,2,1641,2011-09-23 13:44:00,2011-11-15 14:30:00,1859.4,418,5402481.899999999,60.78941053863788,9.63355611892141
14364.0,3717.35,8,1967,2011-05-12 12:56:00,2011-08-23 11:01:00,464.66875,419,5406199.249999999,60.8312386316234,9.656602903894907
15845.0,3711.77,8,1926,2011-01-06 17:19:00,2011-11-22 09:42:00,463.97125,420,5409911.019999999,60.87300393774223,9.679649688868402
15622.0,3709.56,9,1674,2011-03-02 13:42:00,2011-10-27 16:44:00,412.17333333333335,421,5413620.579999998,60.914744376661176,9.702696473841899
17819.0,3704.87,7,1031,2010-12-03 14:26:00,2011-09-29 10:52:00,529.2671428571429,422,5417325.449999998,60.95643204310617,9.725743258815395
15379.0,3703.29,7,2305,2010-12-16 13:02:00,2011-06-23 13:13:00,529.0414285714286,423,5421028.739999998,60.99810193119106,9.74879004378889
14282.0,3701.44,15,2656,2010-12-07 12:21:00,2011-12-06 17:04:00,246.76266666666666,424,5424730.179999999,61.039751002841655,9.771836828762389
12553.0,3692.28,10,1965,2011-01-14 10:42:00,2011-12-01 16:38:00,369.228,425,5428422.459999999,61.08129700501218,9.794883613735884
16253.0,3683.86,2,3233,2011-03-29 13:33:00,2011-10-04 09:09:00,1841.93,426,5432106.319999999,61.12274826427635,9.81793039870938
13148.0,3683.26,12,1965,2010-12-10 13:06:00,2011-11-10 15:23:00,306.93833333333333,427,5435789.579999999,61.16419277226453,9.840977183682877
15581.0,3675.77,13,284,2010-12-08 14:38:00,2011-08-11 09:38:00,282.7515384615385,428,5439465.349999999,61.20555300182413,9.864023968656372
15296.0,3672.86,6,1766,2011-01-17 11:57:00,2011-10-20 11:47:00,612.1433333333333,429,5443138.209999999,61.2468804876952,9.88707075362987
16904.0,3653.75,16,1984,2010-12-07 13:29:00,2011-12-05 13:10:00,228.359375,430,5446791.959999999,61.287992945426076,9.910117538603364
15808.0,3651.27,4,1305,2010-12-05 13:05:00,2011-02-06 14:33:00,912.8175,431,5450443.229999999,61.32907749788286,9.933164323576861
12417.0,3649.1,9,1552,2010-12-17 11:51:00,2011-12-06 14:52:00,405.4555555555555,432,5454092.329999998,61.37013763322482,9.956211108550358
13426.0,3641.32,10,2245,2010-12-15 12:43:00,2011-12-09 08:59:00,364.132,433,5457733.6499999985,61.411110227021496,9.979257893523853
12619.0,3641.24,9,3378,2011-03-31 13:10:00,2011-11-23 14:52:00,404.5822222222222,434,5461374.889999999,61.45208192064803,10.00230467849735
16440.0,3640.67,5,2018,2011-05-09 12:25:00,2011-12-02 12:02:00,728.134,435,5465015.559999999,61.49304720056238,10.025351463470846
13381.0,3639.31,6,2029,2011-02-14 10:10:00,2011-11-08 11:58:00,606.5516666666666,436,5468654.869999998,61.53399717758449,10.048398248444341
17230.0,3638.41,8,1651,2010-12-15 11:22:00,2011-03-20 16:12:00,454.80125,437,5472293.279999998,61.57493702769262,10.071445033417838
17528.0,3628.5,8,2138,2011-09-29 13:04:00,2011-12-08 13:27:00,453.5625,438,5475921.779999998,61.61576536922569,10.094491818391333
13327.0,3627.77,8,1600,2010-12-09 15:32:00,2011-11-01 10:21:00,453.47125,439,5479549.549999998,61.656585496706306,10.117538603364832
13520.0,3624.35,6,1649,2010-12-03 10:36:00,2011-10-12 10:20:00,604.0583333333333,440,5483173.899999998,61.697367141913794,10.140585388338327
13082.0,3613.63,9,4324,2011-01-05 15:42:00,2011-08-05 16:16:00,401.51444444444445,441,5486787.5299999975,61.73802816432365,10.163632173311823
18079.0,3613.15,4,7347,2011-04-15 12:14:00,2011-10-25 15:27:00,903.2875,442,5490400.679999998,61.778683785712715,10.18667895828532
16712.0,3611.31,11,1730,2011-03-08 15:07:00,2011-11-30 13:48:00,328.3009090909091,443,5494011.989999997,61.819318703188756,10.209725743258815
15505.0,3610.96,5,2390,2011-07-07 13:33:00,2011-10-18 07:56:00,722.192,444,5497622.949999997,61.85994968242047,10.232772528232312
13137.0,3603.29,8,2204,2011-02-04 11:54:00,2011-11-29 12:09:00,450.41125,445,5501226.239999997,61.900494357840806,10.255819313205809
14543.0,3599.73,16,675,2010-12-10 11:51:00,2011-11-11 12:45:00,224.983125,446,5504825.969999998,61.9409989756903,10.278866098179304
15484.0,3590.41,4,3150,2011-09-22 13:31:00,2011-12-08 15:03:00,897.6025,447,5508416.379999998,61.98139872371945,10.3019128831528
14132.0,3586.0299999999997,11,3368,2011-06-09 12:04:00,2011-12-07 13:35:00,326.00272727272727,448,5512002.409999998,62.0217491874339,10.324959668126295
16242.0,3579.86,7,1969,2011-03-07 17:04:00,2011-12-01 15:12:00,511.40857142857146,449,5515582.269999999,62.06203022552693,10.348006453099792
17576.0,3564.83,19,1967,2010-12-09 16:57:00,2011-12-01 17:56:00,187.62263157894736,450,5519147.099999999,62.10214214415649,10.371053238073289
14040.0,3560.32,12,1544,2011-01-12 14:57:00,2011-10-30 12:42:00,296.6933333333333,451,5522707.419999999,62.14220331569488,10.394100023046784
17203.0,3560.08,6,2846,2011-10-10 14:37:00,2011-11-04 12:27:00,593.3466666666667,452,5526267.499999999,62.18226178672287,10.41714680802028
17491.0,3558.87,10,2013,2010-12-07 12:18:00,2011-12-08 16:18:00,355.887,453,5529826.369999999,62.22230664267763,10.440193592993777
15544.0,3546.71,9,3109,2010-12-02 12:47:00,2011-11-30 16:43:00,394.0788888888889,454,5533373.079999999,62.262214672772366,10.463240377967274
14503.0,3543.26,6,2004,2011-06-14 10:00:00,2011-12-06 13:30:00,590.5433333333334,455,5536916.339999999,62.30208388303017,10.486287162940771
12370.0,3541.94,4,2352,2010-12-14 12:58:00,2011-10-19 14:51:00,885.485,456,5540458.279999999,62.34193824048082,10.509333947914266
13448.0,3534.69,6,1648,2010-12-01 10:52:00,2011-11-23 12:33:00,589.115,457,5543992.97,62.381711020013284,10.532380732887763
12454.0,3528.34,1,1006,2011-10-14 17:13:00,2011-10-14 17:13:00,3528.34,458,5547521.31,62.42141234854155,10.555427517861258
17160.0,3518.03,6,2856,2011-04-12 12:00:00,2011-11-08 14:05:00,586.3383333333334,459,5551039.34,62.4609976676441,10.578474302834755
13953.0,3515.68,7,2724,2010-12-22 10:29:00,2011-12-02 16:04:00,502.23999999999995,460,5554555.02,62.50055654424903,10.601521087808251
15113.0,3509.43,3,2344,2011-10-16 15:27:00,2011-11-30 08:23:00,1169.81,461,5558064.449999999,62.540045095062425,10.624567872781746
16131.0,3506.54,6,1802,2011-04-14 08:32:00,2011-10-19 11:53:00,584.4233333333333,462,5561570.989999999,62.57950112722982,10.647614657755243
13334.0,3502.32,3,1764,2011-02-07 11:42:00,2011-09-18 15:21:00,1167.44,463,5565073.31,62.61890967542277,10.67066144272874
14907.0,3501.1,7,1691,2010-12-07 10:14:00,2011-12-06 14:14:00,500.15714285714284,464,5568574.409999999,62.6583044960212,10.693708227702235
16458.0,3482.7400000000002,18,2154,2010-12-14 11:51:00,2011-12-07 09:34:00,193.48555555555558,465,5572057.149999999,62.697492727574435,10.716755012675732
14395.0,3479.91,9,1689,2010-12-02 18:15:00,2011-12-07 14:34:00,386.65666666666664,466,5575537.06,62.73664911560927,10.739801797649227
13993.0,3466.36,9,900,2011-01-13 10:43:00,2011-10-28 09:06:00,385.1511111111111,467,5579003.42,62.77565303732805,10.762848582622723
13014.0,3466.2799999999997,10,907,2011-03-03 18:28:00,2011-11-29 12:27:00,346.628,468,5582469.7,62.81465605887669,10.78589536759622
15410.0,3450.84,8,1200,2011-03-23 10:15:00,2011-09-16 14:47:00,431.355,469,5585920.54,62.85348534758993,10.808942152569717
16360.0,3450.41,6,2110,2011-09-12 13:50:00,2011-12-05 12:16:00,575.0683333333333,470,5589370.95,62.892309797888714,10.831988937543214
15129.0,3447.4,11,1794,2011-02-21 09:09:00,2011-10-20 14:40:00,313.40000000000003,471,5592818.350000001,62.9311003792863,10.855035722516709
13536.0,3444.39,7,2126,2011-09-25 13:30:00,2011-12-08 16:38:00,492.05571428571426,472,5596262.74,62.96985709178268,10.878082507490205
15974.0,3442.15,7,2262,2011-02-24 10:10:00,2011-10-31 13:13:00,491.7357142857143,473,5599704.890000001,63.00858859951537,10.901129292463702
17725.0,3439.08,11,2162,2011-03-17 19:47:00,2011-11-23 16:34:00,312.64363636363635,474,5603143.970000001,63.047285563219255,10.924176077437197
15676.0,3435.76,3,2252,2011-03-01 10:19:00,2011-11-21 12:40:00,1145.2533333333333,475,5606579.73,63.085945169862676,10.947222862410694
14221.0,3432.8,9,2191,2011-01-04 15:33:00,2011-10-28 13:42:00,381.4222222222222,476,5610012.53,63.12457147021123,10.970269647384189
12406.0,3415.3,2,1818,2011-06-09 10:23:00,2011-11-17 19:22:00,1707.65,477,5613427.83,63.1630008583435,10.993316432357686
15981.0,3408.48,8,1866,2011-02-01 13:50:00,2011-11-15 08:00:00,426.06,478,5616836.3100000005,63.20135350697203,11.016363217331183
17758.0,3408.2000000000003,8,2054,2011-04-03 15:22:00,2011-11-20 14:45:00,426.02500000000003,479,5620244.510000001,63.23970300500512,11.039410002304678
13437.0,3408.06,7,1283,2011-06-02 14:30:00,2011-11-25 14:00:00,486.86571428571426,480,5623652.57,63.27805092774046,11.062456787278174
17669.0,3406.7200000000003,7,1916,2011-04-04 10:11:00,2011-10-28 08:53:00,486.67428571428576,481,5627059.29,63.3163837726261,11.085503572251671
13198.0,3401.2400000000002,6,2648,2010-12-13 09:29:00,2011-11-29 15:17:00,566.8733333333333,482,5630460.53,63.354654955857725,11.108550357225166
15228.0,3386.71,4,2255,2011-02-18 09:04:00,2011-10-04 13:56:00,846.6775,483,5633847.24,63.392762645689196,11.131597142198665
13842.0,3385.62,9,1768,2010-12-08 10:39:00,2011-10-12 10:51:00,376.18,484,5637232.86,63.43085807070261,11.15464392717216
16011.0,3352.96,16,2035,2010-12-08 16:34:00,2011-12-01 16:31:00,209.56,485,5640585.82,63.468586001259794,11.177690712145656
14227.0,3350.96,10,1820,2011-02-28 12:27:00,2011-11-13 15:48:00,335.096,486,5643936.78,63.50629142756369,11.200737497119153
16818.0,3349.57,11,2165,2011-05-18 11:42:00,2011-11-29 10:41:00,304.50636363636363,487,5647286.350000001,63.54398121341154,11.223784282092648
16607.0,3347.71,14,2859,2010-12-16 08:41:00,2011-11-22 10:24:00,239.12214285714285,488,5650634.0600000005,63.58165007030383,11.246831067066145
17183.0,3347.31,6,1296,2011-08-26 15:25:00,2011-12-02 10:07:00,557.885,489,5653981.37,63.61931442634546,11.26987785203964
12643.0,3344.64,6,1808,2011-01-11 11:48:00,2011-08-03 12:56:00,557.4399999999999,490,5657326.01,63.65694873920895,11.292924637013137
12613.0,3344.38,5,1644,2011-03-22 15:42:00,2011-10-13 14:59:00,668.876,491,5660670.39,63.69458012651952,11.315971421986633
13015.0,3339.64,5,1609,2011-04-04 14:28:00,2011-10-17 13:19:00,667.928,492,5664010.029999999,63.73215817874978,11.339018206960128
12594.0,3338.2200000000003,10,1777,2011-01-21 09:52:00,2011-11-02 12:20:00,333.822,493,5667348.249999999,63.769720252960205,11.362064991933625
16556.0,3313.79,7,1890,2010-12-14 13:32:00,2011-10-04 11:36:00,473.3985714285714,494,5670662.039999999,63.80700743771668,11.385111776907122
13373.0,3312.25,3,1651,2011-03-08 14:35:00,2011-10-10 10:51:00,1104.0833333333333,495,5673974.289999999,63.84427729419813,11.408158561880617
14841.0,3295.76,6,1778,2010-12-16 10:28:00,2011-10-17 15:03:00,549.2933333333334,496,5677270.049999999,63.88136160311119,11.431205346854114
15632.0,3285.31,8,2109,2011-03-10 08:29:00,2011-11-24 09:51:00,410.66375,497,5680555.3599999985,63.9183283273008,11.454252131827609
12480.0,3281.63,4,1707,2011-01-07 15:27:00,2011-11-11 14:52:00,820.4075,498,5683836.989999998,63.955253643664356,11.477298916801107
15764.0,3279.97,6,2050,2011-03-08 09:23:00,2011-09-12 17:58:00,546.6616666666666,499,5687116.959999998,63.992160281497675,11.500345701774602
17723.0,3276.4000000000005,6,792,2011-05-09 14:44:00,2011-08-04 18:37:00,546.0666666666667,500,5690393.3599999985,64.0290267492389,11.523392486748099
14702.0,3251.79,17,1439,2010-12-09 19:23:00,2011-12-08 19:29:00,191.28176470588235,501,5693645.1499999985,64.06561630214334,11.546439271721596
13952.0,3251.071,2,1431,2011-04-15 09:27:00,2011-05-06 09:00:00,1625.5355,502,5696896.220999999,64.10219776476876,11.56948605669509
13047.0,3237.54,10,1391,2010-12-01 08:34:00,2011-11-08 12:06:00,323.754,503,5700133.760999999,64.13862697486852,11.592532841668588
15708.0,3235.25,7,1217,2010-12-05 11:12:00,2011-10-30 10:54:00,462.17857142857144,504,5703369.010999999,64.17503041759826,11.615579626642084
14175.0,3222.3,3,1515,2011-01-14 12:22:00,2011-10-11 11:55:00,1074.1000000000001,505,5706591.310999999,64.21128814528795,11.63862641161558
13880.0,3219.77,13,1842,2010-12-07 14:00:00,2011-11-18 13:44:00,247.67461538461538,506,5709811.080999998,64.24751740509721,11.661673196589076
15443.0,3213.59,7,1639,2011-01-23 13:25:00,2011-12-08 10:40:00,459.0842857142857,507,5713024.670999998,64.28367712676382,11.684719981562571
14388.0,3212.84,8,1941,2010-12-02 11:02:00,2011-11-29 13:32:00,401.605,508,5716237.510999998,64.31982840933543,11.707766766536068
16107.0,3204.1600000000003,7,1176,2011-06-09 18:42:00,2011-11-22 09:40:00,457.7371428571429,509,5719441.670999998,64.35588202344778,11.730813551509565
13868.0,3192.54,2,1964,2011-11-01 12:45:00,2011-12-02 16:32:00,1596.27,510,5722634.210999998,64.3918048878485,11.75386033648306
13758.0,3190.55,7,1844,2010-12-01 12:08:00,2011-11-28 11:11:00,455.79285714285714,511,5725824.760999998,64.42770536051718,11.776907121456556
14844.0,3189.81,4,1833,2011-04-12 13:10:00,2011-10-07 10:41:00,797.4525,512,5729014.570999998,64.46359750661215,11.799953906430053
17220.0,3187.55,14,1897,2010-12-10 14:54:00,2011-11-15 13:47:00,227.68214285714288,513,5732202.1209999975,64.4994642229009,11.82300069140355
17050.0,3185.64,6,1595,2011-02-13 12:41:00,2011-09-04 13:48:00,530.9399999999999,514,5735387.760999997,64.53530944762775,11.846047476377047
12456.0,3181.04,3,1633,2011-03-30 09:12:00,2011-10-26 14:41:00,1060.3466666666666,515,5738568.800999997,64.57110291257206,11.869094261350542
17672.0,3178.17,2,1690,2011-02-03 13:29:00,2011-10-20 14:18:00,1589.085,516,5741746.970999997,64.60686408391287,11.892141046324038
13268.0,3174.75,11,3624,2011-03-17 13:20:00,2011-11-22 11:51:00,288.6136363636364,517,5744921.720999997,64.64258677298056,11.915187831297533
16837.0,3170.98,11,1563,2011-04-08 08:48:00,2011-11-08 14:27:00,288.2709090909091,518,5748092.700999998,64.67826704153082,11.93823461627103
16041.0,3166.4,3,1584,2011-07-21 16:27:00,2011-11-09 12:25:00,1055.4666666666667,519,5751259.100999998,64.71389577534102,11.961281401244527
17863.0,3160.0,6,2638,2010-12-05 13:21:00,2011-10-11 13:45:00,526.6666666666666,520,5754419.100999998,64.7494524955407,11.984328186218022
15065.0,3158.13,4,1383,2011-02-21 12:54:00,2011-11-02 09:45:00,789.5325,521,5757577.230999998,64.78498817426353,12.007374971191519
17685.0,3155.83,7,1907,2010-12-02 14:42:00,2011-11-23 11:36:00,450.8328571428571,522,5760733.060999998,64.82049797309509,12.030421756165016
15861.0,3146.92,8,2528,2011-03-17 20:12:00,2011-11-27 15:59:00,393.365,523,5763879.980999998,64.85590751547824,12.05346854113851
14235.0,3144.86,5,1959,2011-03-24 13:23:00,2011-09-25 14:37:00,628.972,524,5767024.840999998,64.89129387848051,12.076515326112007
17231.0,3124.72,10,1724,2010-12-13 14:16:00,2011-11-27 15:18:00,312.472,525,5770149.560999998,64.92645362365212,12.099562111085502
13685.0,3119.44,7,5056,2011-10-10 12:59:00,2011-12-07 11:41:00,445.63428571428574,526,5773269.000999998,64.96155395759506,12.122608896058999
16678.0,3109.99,12,2397,2011-03-02 09:24:00,2011-12-07 12:17:00,259.1658333333333,527,5776378.9909999985,64.99654795894119,12.145655681032496
13742.0,3107.87,12,1115,2011-01-23 14:59:00,2011-11-23 11:07:00,258.9891666666667,528,5779486.860999999,65.03151810577884,12.168702466005993
14099.0,3104.17,11,2179,2010-12-20 11:14:00,2011-11-23 13:53:00,282.1972727272727,529,5782591.030999999,65.0664466197479,12.19174925097949
15491.0,3100.09,6,1646,2011-04-18 10:04:00,2011-09-05 15:56:00,516.6816666666667,530,5785691.120999998,65.10132922504025,12.214796035952984
14257.0,3099.7200000000003,5,1682,2011-01-25 10:49:00,2011-10-06 16:54:00,619.9440000000001,531,5788790.840999998,65.13620766704572,12.237842820926481
14565.0,3099.12,4,1540,2010-12-13 13:25:00,2011-09-05 09:07:00,774.78,532,5791889.960999998,65.17107935777521,12.260889605899978
13135.0,3096.0,1,4300,2011-05-27 10:52:00,2011-05-27 10:52:00,3096.0,533,5794985.960999998,65.20591594186959,12.283936390873473
16156.0,3092.04,9,1273,2011-02-02 12:02:00,2011-12-01 12:42:00,343.56,534,5798078.000999998,65.24070796754243,12.30698317584697
13362.0,3090.7400000000002,4,1382,2011-02-25 11:33:00,2011-11-30 14:41:00,772.6850000000001,535,5801168.7409999985,65.27548536545063,12.330029960820465
16218.0,3084.68,7,2088,2010-12-01 11:29:00,2011-11-10 09:59:00,440.6685714285714,536,5804253.420999998,65.31019457547137,12.353076745793961
13869.0,3083.65,4,1709,2010-12-17 15:14:00,2011-08-08 13:53:00,770.9125,537,5807337.070999999,65.34489219580168,12.376123530767458
17059.0,3080.39,5,1850,2010-12-05 12:35:00,2011-11-10 12:27:00,616.078,538,5810417.460999998,65.37955313419909,12.399170315740953
15998.0,3080.22,5,2032,2010-12-12 13:32:00,2011-11-03 12:45:00,616.044,539,5813497.680999998,65.41421215973499,12.42221710071445
18272.0,3078.58,6,2050,2011-04-07 09:35:00,2011-12-07 12:43:00,513.0966666666667,540,5816576.260999998,65.44885273178319,12.445263885687947
12910.0,3075.04,8,1692,2011-04-12 10:01:00,2011-11-16 14:28:00,384.38,541,5819651.300999998,65.48345347130305,12.468310670661442
13631.0,3070.42,11,467,2011-03-17 17:13:00,2011-09-01 09:57:00,279.1290909090909,542,5822721.720999998,65.51800222599783,12.491357455634938
16940.0,3049.88,3,2169,2011-02-23 12:27:00,2011-10-18 13:15:00,1016.6266666666667,543,5825771.600999998,65.5523198620113,12.514404240608435
16393.0,3040.96,13,1573,2010-12-05 13:10:00,2011-12-07 12:51:00,233.92000000000002,544,5828812.560999998,65.5865371290551,12.53745102558193
16326.0,3039.2200000000003,14,682,2011-01-09 12:01:00,2011-12-04 10:11:00,217.08714285714288,545,5831851.780999998,65.62073481739853,12.560497810555427
17799.0,3039.17,10,1753,2010-12-13 13:10:00,2011-11-17 15:16:00,303.91700000000003,546,5834890.950999998,65.65493194313564,12.583544595528922
16905.0,3037.6,7,1381,2010-12-03 10:43:00,2011-12-04 14:01:00,433.9428571428571,547,5837928.550999997,65.68911140303389,12.606591380502419
16709.0,3029.87,5,851,2011-03-03 10:55:00,2011-09-16 10:56:00,605.9739999999999,548,5840958.420999997,65.7232038839932,12.629638165475916
12598.0,3023.08,8,1964,2011-02-28 11:58:00,2011-11-30 12:18:00,377.885,549,5843981.500999997,65.75721996301257,12.65268495044941
12395.0,3018.63,12,2118,2010-12-03 16:35:00,2011-11-20 15:21:00,251.5525,550,5847000.130999997,65.79118597006837,12.675731735422909
18094.0,3017.3,7,2518,2011-02-21 08:50:00,2011-09-19 09:28:00,431.04285714285714,551,5850017.430999997,65.82513701179573,12.698778520396406
14456.0,3017.28,9,2885,2011-07-20 13:06:00,2011-12-04 13:59:00,335.25333333333333,552,5853034.710999997,65.85908782848057,12.721825305369903
12754.0,3010.74,3,6481,2011-02-04 10:31:00,2011-04-18 09:00:00,1003.5799999999999,553,5856045.450999998,65.89296505625714,12.744872090343398
15521.0,3000.2,8,1836,2011-03-30 09:15:00,2011-10-30 13:42:00,375.025,554,5859045.650999998,65.92672368661887,12.767918875316894
17659.0,2999.46,12,1525,2010-12-02 16:46:00,2011-11-22 13:29:00,249.955,555,5862045.110999998,65.96047399040688,12.790965660290391
17504.0,2997.0299999999997,9,1664,2011-01-21 11:09:00,2011-05-17 12:59:00,333.00333333333333,556,5865042.140999998,65.99419695152714,12.814012445263886
12670.0,2996.05,5,1397,2011-04-21 10:16:00,2011-11-29 15:23:00,599.21,557,5868038.190999998,66.02790888556329,12.837059230237383
14307.0,2995.72,6,2058,2010-12-01 11:41:00,2011-09-12 09:38:00,499.28666666666663,558,5871033.9109999975,66.06161710639765,12.860106015210878
15687.0,2993.1,9,1310,2011-01-13 15:13:00,2011-12-01 08:33:00,332.56666666666666,559,5874027.010999997,66.09529584666018,12.883152800184375
14639.0,2984.49,6,1431,2010-12-13 13:50:00,2011-10-18 15:06:00,497.41499999999996,560,5877011.500999997,66.1288777061123,12.906199585157871
14032.0,2975.59,11,2032,2010-12-08 10:53:00,2011-12-07 15:23:00,270.5081818181818,561,5879987.090999997,66.16235942163729,12.929246370131366
15854.0,2969.12,12,926,2010-12-13 11:47:00,2011-12-05 13:39:00,247.42666666666665,562,5882956.210999997,66.19576833590288,12.952293155104863
16497.0,2965.69,6,1396,2011-01-10 13:20:00,2011-10-21 10:55:00,494.2816666666667,563,5885921.900999998,66.22913865537407,12.97533994007836
17924.0,2962.5,7,1160,2010-12-01 10:51:00,2011-11-28 09:11:00,423.2142857142857,564,5888884.400999998,66.26247308056126,12.998386725051855
16686.0,2959.88,7,1977,2010-12-19 14:41:00,2011-10-23 13:49:00,422.84000000000003,565,5891844.280999998,66.29577802517666,13.021433510025352
14868.0,2953.59,8,1405,2011-04-20 13:36:00,2011-12-06 14:49:00,369.19875,566,5894797.8709999975,66.32901219391543,13.044480294998847
12916.0,2944.95,4,1083,2011-01-23 10:43:00,2011-07-24 10:35:00,736.2375,567,5897742.820999998,66.36214914428,13.067527079972344
17444.0,2940.04,3,2119,2011-06-20 09:04:00,2011-07-15 12:05:00,980.0133333333333,568,5900682.860999998,66.39523084670273,13.09057386494584
16316.0,2938.91,8,1484,2010-12-16 14:26:00,2011-10-06 13:48:00,367.36375,569,5903621.770999998,66.42829983422236,13.113620649919335
17512.0,2924.9900000000002,10,2753,2011-02-11 12:22:00,2011-11-11 12:11:00,292.499,570,5906546.760999998,66.46121219213909,13.136667434892832
15606.0,2920.16,9,892,2011-01-19 12:07:00,2011-10-09 15:47:00,324.4622222222222,571,5909466.920999998,66.49407020228412,13.159714219866329
12906.0,2919.81,5,1749,2011-09-22 15:03:00,2011-11-28 09:55:00,583.962,572,5912386.730999998,66.52692427418481,13.182761004839824
14112.0,2915.15,7,1651,2011-03-09 11:28:00,2011-11-17 12:30:00,416.45,573,5915301.880999998,66.55972591117533,13.20580778981332
12438.0,2906.85,2,1180,2011-07-22 13:29:00,2011-11-25 13:28:00,1453.425,574,5918208.730999998,66.59243415551471,13.228854574786816
13451.0,2898.2599999999998,5,2128,2011-01-09 15:35:00,2011-11-13 15:58:00,579.6519999999999,575,5921106.990999998,66.6250457440862,13.251901359760312
17644.0,2895.64,11,1793,2011-03-24 09:44:00,2011-12-08 13:43:00,263.24,576,5924002.630999997,66.65762785208587,13.27494814473381
18144.0,2888.75,12,1343,2010-12-01 13:45:00,2011-12-02 12:46:00,240.72916666666666,577,5926891.380999997,66.69013243293296,13.297994929707304
12408.0,2888.55,5,1409,2011-03-24 14:46:00,2011-11-07 12:27:00,577.71,578,5929779.930999997,66.72263476335472,13.321041714680801
13735.0,2883.54,4,1128,2011-04-19 13:49:00,2011-11-15 11:14:00,720.885,579,5932663.470999997,66.75508072062199,13.344088499654298
16633.0,2883.1,6,1138,2011-04-19 14:36:00,2011-11-22 13:41:00,480.51666666666665,580,5935546.570999997,66.78752172695353,13.367135284627796
14251.0,2879.7000000000003,5,1674,2011-10-13 12:46:00,2011-12-08 08:32:00,575.94,581,5938426.270999997,66.81992447605447,13.390182069601291
17728.0,2876.01,3,1469,2011-09-14 11:39:00,2011-12-06 08:52:00,958.6700000000001,582,5941302.280999997,66.8522857048081,13.413228854574788
14005.0,2874.72,5,2478,2011-05-08 10:33:00,2011-11-30 12:41:00,574.944,583,5944177.000999996,66.88463241831835,13.436275639548285
15628.0,2870.2400000000002,9,1894,2010-12-08 09:51:00,2011-12-05 10:24:00,318.91555555555556,584,5947047.240999997,66.91692872230124,13.45932242452178
13901.0,2867.2,5,1739,2011-01-25 09:01:00,2011-09-28 14:48:00,573.4399999999999,585,5949914.440999997,66.94919081981911,13.482369209495277
12685.0,2863.08,6,1523,2011-09-07 10:28:00,2011-11-11 13:46:00,477.18,586,5952777.520999997,66.98140655857522,13.505415994468773
14530.0,2862.11,6,1395,2011-02-16 10:47:00,2011-11-14 10:38:00,477.0183333333334,587,5955639.630999997,67.01361138276847,13.528462779442268
18145.0,2861.55,4,2625,2011-01-31 12:10:00,2011-11-27 11:22:00,715.3875,588,5958501.180999997,67.04580990577081,13.551509564415765
14535.0,2854.84,3,1824,2011-04-05 12:50:00,2011-10-10 15:39:00,951.6133333333333,589,5961356.020999997,67.07793292700335,13.57455634938926
14711.0,2839.62,11,966,2011-03-22 13:32:00,2011-11-29 14:58:00,258.1472727272727,590,5964195.640999997,67.10988469086836,13.597603134362757
14852.0,2836.69,6,1747,2011-04-01 13:22:00,2011-10-12 13:20:00,472.7816666666667,591,5967032.330999997,67.14180348600229,13.620649919336254
14842.0,2824.69,4,1166,2011-02-04 15:32:00,2011-10-27 12:37:00,706.1725,592,5969857.020999998,67.17358725561647,13.643696704309749
16928.0,2814.7,17,2092,2010-12-01 15:21:00,2011-09-20 15:10:00,165.5705882352941,593,5972671.720999998,67.20525861648547,13.666743489283245
16871.0,2812.34,6,1253,2011-03-14 10:31:00,2011-11-17 19:27:00,468.72333333333336,594,5975484.060999998,67.23690342233557,13.68979027425674
12356.0,2811.43,3,1591,2011-01-18 09:50:00,2011-11-17 08:40:00,937.1433333333333,595,5978295.490999998,67.26853798875044,13.712837059230237
18230.0,2810.2000000000003,7,1316,2011-02-10 13:06:00,2011-11-30 13:22:00,401.4571428571429,596,5981105.690999998,67.30015871504952,13.735883844203734
17596.0,2806.69,7,4376,2010-12-06 12:34:00,2011-11-16 14:11:00,400.9557142857143,597,5983912.380999998,67.33173994638409,13.758930629177229
14572.0,2804.54,7,1420,2011-01-19 17:23:00,2011-12-06 14:40:00,400.6485714285714,598,5986716.920999998,67.36329698564636,13.781977414150726
16081.0,2799.42,5,1473,2010-12-08 11:16:00,2011-10-14 13:06:00,559.884,599,5989516.340999998,67.3947964140202,13.805024199124222
13769.0,2796.51,10,1163,2010-12-07 13:28:00,2011-12-07 15:08:00,279.651,600,5992312.850999998,67.42626309870552,13.828070984097717
14903.0,2795.33,5,1531,2011-03-06 11:50:00,2011-11-18 16:07:00,559.066,601,5995108.180999998,67.4577165058814,13.851117769071214
12578.0,2794.51,2,1196,2011-01-13 15:34:00,2011-11-18 13:30:00,1397.255,602,5997902.690999998,67.48916068631341,13.874164554044711
12758.0,2791.59,2,2135,2011-03-08 12:05:00,2011-08-15 10:22:00,1395.795,603,6000694.280999998,67.52057201053563,13.897211339018206
17739.0,2791.35,7,861,2010-12-14 14:26:00,2011-11-28 09:12:00,398.7642857142857,604,6003485.630999997,67.55198063424744,13.920258123991703
14626.0,2791.27,4,1403,2011-04-20 13:18:00,2011-11-16 10:37:00,697.8175,605,6006276.900999997,67.58338835778913,13.943304908965198
16764.0,2790.9500000000003,13,1253,2011-07-19 17:17:00,2011-12-06 11:41:00,214.68846153846155,606,6009067.850999997,67.6147924806503,13.966351693938694
17213.0,2781.23,7,1176,2010-12-08 13:03:00,2011-10-30 14:53:00,397.31857142857143,607,6011849.080999997,67.64608723284047,13.989398478912191
12388.0,2780.66,6,1462,2011-01-17 11:12:00,2011-11-24 12:30:00,463.4433333333333,608,6014629.740999998,67.67737557131845,14.012445263885686
15984.0,2780.63,10,1815,2010-12-06 13:21:00,2011-12-07 12:16:00,278.063,609,6017410.3709999975,67.70866357223262,14.035492048859183
14121.0,2780.15,4,2082,2011-10-11 10:39:00,2011-12-06 12:19:00,695.0375,610,6020190.520999998,67.73994617212603,14.058538833832682
15993.0,2777.67,7,2037,2011-10-26 16:21:00,2011-12-01 10:45:00,396.81,611,6022968.190999998,67.77120086674535,14.081585618806178
13870.0,2770.94,8,1325,2011-02-25 09:09:00,2011-12-07 13:23:00,346.3675,612,6025739.130999998,67.80237983455233,14.104632403779673
15114.0,2760.56,10,3096,2011-02-11 08:45:00,2011-11-09 15:05:00,276.056,613,6028499.690999998,67.83344200528474,14.12767918875317
13971.0,2758.26,8,1844,2011-02-27 12:27:00,2011-11-21 12:06:00,344.7825,614,6031257.950999998,67.86447829612585,14.150725973726667
13230.0,2755.63,14,1638,2010-12-09 19:28:00,2011-12-05 16:03:00,196.8307142857143,615,6034013.580999997,67.89548499387391,14.173772758700162
15321.0,2748.31,3,1181,2011-02-21 11:10:00,2011-09-30 09:40:00,916.1033333333334,616,6036761.890999997,67.9264093260549,14.196819543673659
17084.0,2747.9900000000002,2,1702,2011-11-04 14:49:00,2011-11-04 14:54:00,1373.9950000000001,617,6039509.880999997,67.95733005755538,14.219866328647154
12669.0,2744.0299999999997,3,1115,2011-03-28 10:15:00,2011-07-12 09:54:00,914.6766666666666,618,6042253.9109999975,67.98820623063433,14.24291311362065
13174.0,2742.82,3,1352,2010-12-05 16:24:00,2011-11-23 14:35:00,914.2733333333334,619,6044996.730999998,68.01906878864006,14.265959898594147
14854.0,2740.03,7,1820,2011-03-10 12:22:00,2011-09-22 17:00:00,391.4328571428572,620,6047736.760999998,68.04989995321243,14.289006683567642
16003.0,2735.37,5,1185,2010-12-15 12:09:00,2011-11-10 09:57:00,547.074,621,6050472.130999998,68.08067868287463,14.312053468541139
12840.0,2726.77,4,1511,2011-04-27 12:21:00,2011-07-19 09:29:00,681.6925,622,6053198.900999998,68.1113606442477,14.335100253514636
15673.0,2726.23,4,1451,2011-01-16 16:25:00,2011-09-12 16:12:00,681.5575,623,6055925.130999998,68.14203652947238,14.35814703848813
12380.0,2724.81,4,1127,2011-06-07 09:49:00,2011-11-18 11:27:00,681.2025,624,6058649.940999998,68.1726964366772,14.381193823461627
17838.0,2720.8,5,1831,2010-12-02 15:55:00,2011-11-13 11:20:00,544.1600000000001,625,6061370.740999998,68.20331122285418,14.404240608435122
14125.0,2720.63,3,1628,2011-09-22 15:40:00,2011-11-29 12:47:00,906.8766666666667,626,6064091.3709999975,68.23392409616963,14.42728739340862
14808.0,2718.6,8,2120,2011-06-20 12:53:00,2011-10-31 12:21:00,339.825,627,6066809.970999997,68.264514127668,14.450334178382116
15356.0,2718.03,10,1643,2010-12-06 14:05:00,2011-11-08 13:11:00,271.803,628,6069528.000999997,68.29509774545417,14.473380963355611
12708.0,2712.91,10,1307,2010-12-06 10:43:00,2011-11-10 09:52:00,271.291,629,6072240.9109999975,68.32562375235193,14.496427748329108
16938.0,2711.6800000000003,4,2533,2011-02-04 09:34:00,2011-12-01 10:20:00,677.9200000000001,630,6074952.590999997,68.35613591913389,14.519474533302605
15696.0,2711.11,8,1015,2011-01-17 11:24:00,2011-11-06 14:02:00,338.88875,631,6077663.700999998,68.38664167220368,14.5425213182761
17069.0,2709.7000000000003,9,1506,2010-12-01 16:49:00,2011-11-11 17:13:00,301.0777777777778,632,6080373.400999998,68.41713155977492,14.565568103249596
13285.0,2709.12,4,2051,2011-02-22 17:13:00,2011-11-16 13:19:00,677.28,633,6083082.520999998,68.44761492111267,14.588614888223091
15796.0,2708.61,8,860,2011-02-10 15:40:00,2011-12-08 19:55:00,338.57625,634,6085791.130999998,68.47809254386586,14.611661673196588
13654.0,2707.33,6,2182,2011-03-11 12:54:00,2011-10-27 16:24:00,451.22166666666664,635,6088498.460999998,68.50855576389692,14.634708458170085
14107.0,2703.23,7,1793,2010-12-10 13:29:00,2011-10-19 12:12:00,386.17571428571426,636,6091201.690999999,68.53897285020875,14.65775524314358
14732.0,2702.4900000000002,8,1405,2011-01-04 14:40:00,2011-12-01 14:34:00,337.81125000000003,637,6093904.180999999,68.56938160994687,14.680802028117077
17386.0,2686.42,6,1902,2011-06-27 12:11:00,2011-12-02 11:28:00,447.7366666666667,638,6096590.600999999,68.59960954800978,14.703848813090573
12625.0,2683.82,2,1612,2011-01-24 13:27:00,2011-05-12 09:54:00,1341.91,639,6099274.420999999,68.6298082305434,14.726895598064072
13883.0,2674.48,5,1436,2011-03-31 17:17:00,2011-11-29 10:45:00,534.896,640,6101948.901,68.65990181821418,14.749942383037567
18097.0,2662.4,6,1662,2010-12-20 14:49:00,2011-12-02 11:16:00,443.73333333333335,641,6104611.301,68.68985948019508,14.772989168011064
14713.0,2662.2,11,1613,2010-12-09 18:58:00,2011-11-30 16:26:00,242.0181818181818,642,6107273.501,68.71981489175064,14.79603595298456
12360.0,2662.06,3,1165,2011-05-23 09:43:00,2011-10-18 15:22:00,887.3533333333334,643,6109935.561,68.74976872800846,14.819082737958055
14439.0,2661.24,1,526,2011-01-24 11:39:00,2011-01-24 11:39:00,2661.24,644,6112596.801,68.77971333752244,14.842129522931552
15671.0,2657.13,7,1699,2011-03-14 09:37:00,2011-11-21 12:43:00,379.59000000000003,645,6115253.931,68.80961170079591,14.865176307905049
12721.0,2656.13,6,1959,2010-12-20 11:38:00,2011-11-08 12:13:00,442.68833333333333,646,6117910.061,68.83949881194273,14.888223092878544
13851.0,2651.46,3,1705,2011-02-24 17:18:00,2011-09-05 12:36:00,883.82,647,6120561.521,68.86933337565812,14.91126987785204
16618.0,2647.59,5,1363,2011-01-21 11:55:00,2011-11-08 13:52:00,529.518,648,6123209.111,68.89912439364339,14.934316662825536
13658.0,2639.17,5,1019,2011-05-19 17:15:00,2011-11-30 10:13:00,527.8340000000001,649,6125848.2809999995,68.9288206687223,14.957363447799032
17655.0,2638.94,7,1116,2010-12-08 16:45:00,2011-11-29 11:34:00,376.99142857142857,650,6128487.221,68.9585143558121,14.98041023277253
13771.0,2634.45,4,1477,2011-04-06 15:47:00,2011-10-06 14:18:00,658.6125,651,6131121.671,68.98815752085325,15.003457017746024
12520.0,2634.26,5,1439,2011-03-11 11:35:00,2011-09-21 15:23:00,526.8520000000001,652,6133755.931,69.01779854799032,15.026503802719521
17402.0,2633.85,13,701,2010-12-05 13:53:00,2011-12-05 10:15:00,202.60384615384615,653,6136389.7809999995,69.04743496175549,15.049550587693016
18260.0,2628.35,6,1475,2010-12-16 18:23:00,2011-06-20 12:37:00,438.05833333333334,654,6139018.130999999,69.07700948882409,15.072597372666513
15752.0,2626.6,7,1960,2010-12-02 09:43:00,2011-10-31 11:37:00,375.2285714285714,655,6141644.730999999,69.10656432467106,15.09564415764001
13422.0,2626.3,1,1326,2011-10-06 13:42:00,2011-10-06 13:42:00,2626.3,656,6144271.030999999,69.13611578488005,15.118690942613505
13644.0,2624.26,4,2067,2011-08-26 11:53:00,2011-11-23 14:07:00,656.065,657,6146895.290999998,69.16564429075068,15.141737727587001
17346.0,2622.88,15,1617,2010-12-01 14:34:00,2011-12-06 12:18:00,174.85866666666666,658,6149518.170999998,69.19515726868653,15.164784512560498
18210.0,2621.38,6,1398,2011-03-17 16:58:00,2011-12-08 11:02:00,436.8966666666667,659,6152139.550999998,69.22465336843243,15.187831297533993
16255.0,2619.91,8,1767,2010-12-09 14:25:00,2011-11-23 12:40:00,327.48875,660,6154759.460999998,69.25413292755215,15.21087808250749
14262.0,2618.23,8,1645,2011-04-13 12:23:00,2011-12-01 14:17:00,327.27875,661,6157377.690999999,69.28359358309912,15.233924867480987
13021.0,2616.38,9,1352,2010-12-16 10:12:00,2011-12-05 16:37:00,290.7088888888889,662,6159994.070999999,69.31303342221177,15.256971652454482
15782.0,2614.7400000000002,3,864,2011-09-11 14:29:00,2011-11-30 10:49:00,871.58,663,6162608.810999999,69.34245480783675,15.280018437427978
14397.0,2612.96,19,1890,2011-05-10 12:25:00,2011-12-07 09:22:00,137.52421052631578,664,6165221.770999999,69.37185616467629,15.303065222401473
18075.0,2611.75,10,1464,2010-12-14 10:48:00,2011-11-16 15:21:00,261.175,665,6167833.520999999,69.40124390644257,15.32611200737497
12836.0,2610.36,4,1062,2011-02-01 11:19:00,2011-10-11 15:10:00,652.59,666,6170443.880999999,69.43061600775285,15.349158792348467
12726.0,2609.1,7,3143,2010-12-17 12:56:00,2011-11-11 13:35:00,372.7285714285714,667,6173052.980999999,69.45997393138353,15.372205577321962
13136.0,2607.61,5,1328,2011-05-11 12:47:00,2011-10-14 13:41:00,521.522,668,6175660.590999999,69.48931508934551,15.395252362295459
13983.0,2603.43,12,1183,2010-12-08 10:38:00,2011-11-10 11:06:00,216.9525,669,6178264.020999999,69.51860921341812,15.418299147268957
17317.0,2600.34,3,1146,2011-09-11 12:45:00,2011-10-24 17:19:00,866.7800000000001,670,6180864.360999999,69.54786856841937,15.441345932242454
17965.0,2599.19,14,1532,2010-12-05 15:54:00,2011-11-02 09:31:00,185.65642857142856,671,6183463.550999999,69.57711498347501,15.464392717215949
12600.0,2599.04,10,774,2010-12-03 12:57:00,2011-11-11 10:29:00,259.904,672,6186062.590999999,69.60635971071166,15.487439502189446
14408.0,2599.03,7,1610,2011-03-20 14:41:00,2011-11-29 11:41:00,371.29,673,6188661.620999999,69.63560432542701,15.510486287162943
13895.0,2593.07,4,1365,2011-06-28 10:17:00,2011-11-11 16:57:00,648.2675,674,6191254.691,69.66478187746758,15.533533072136438
16919.0,2592.25,11,1403,2010-12-06 12:52:00,2011-07-06 13:35:00,235.6590909090909,675,6193846.941,69.69395020276428,15.556579857109934
16241.0,2590.31,13,1443,2010-12-05 11:04:00,2011-11-30 11:08:00,199.2546153846154,676,6196437.250999999,69.72309669893531,15.57962664208343
14243.0,2588.77,10,1221,2010-12-09 08:34:00,2011-12-01 11:12:00,258.877,677,6199026.020999999,69.75222586683128,15.602673427056926
13804.0,2588.39,7,1462,2011-02-23 09:09:00,2011-11-09 12:32:00,369.77,678,6201614.410999998,69.78135075891913,15.625720212030423
18077.0,2584.41,11,1839,2010-12-08 10:21:00,2011-12-01 13:32:00,234.94636363636363,679,6204198.820999999,69.81043086754293,15.648766997003918
13911.0,2580.91,9,2731,2011-02-04 14:46:00,2011-10-13 15:43:00,286.7677777777778,680,6206779.730999999,69.83947159372349,15.671813781977415
14546.0,2573.93,5,1313,2011-04-05 12:37:00,2011-12-04 13:00:00,514.786,681,6209353.660999998,69.86843378006006,15.694860566950911
18245.0,2567.06,7,1788,2010-12-19 14:58:00,2011-12-02 14:48:00,366.72285714285715,682,6211920.720999998,69.89731866428656,15.717907351924406
15485.0,2564.5,3,1281,2010-12-01 13:23:00,2011-11-09 14:31:00,854.8333333333334,683,6214485.220999998,69.92617474306886,15.740954136897903
16308.0,2560.0,4,8000,2011-03-23 14:46:00,2011-11-02 11:24:00,640.0,684,6217045.220999998,69.95498018728125,15.764000921871398
15033.0,2557.18,10,1672,2011-01-14 13:28:00,2011-12-05 12:40:00,255.718,685,6219602.400999998,69.98375390049651,15.787047706844895
16912.0,2555.58,11,1025,2011-01-20 15:42:00,2011-11-11 12:18:00,232.32545454545453,686,6222157.980999998,70.01250961030912,15.810094491818392
14334.0,2552.21,8,1731,2010-12-16 17:37:00,2011-11-23 10:01:00,319.02625,687,6224710.190999998,70.04122740045494,15.833141276791887
14676.0,2548.2400000000002,6,2500,2011-03-01 14:26:00,2011-11-08 13:29:00,424.7066666666667,688,6227258.430999998,70.06990051965799,15.856188061765383
14776.0,2538.3,11,3134,2011-01-31 13:17:00,2011-10-19 15:34:00,230.75454545454548,689,6229796.730999998,70.09846179272218,15.87923484673888
17700.0,2534.64,4,1266,2011-03-03 16:34:00,2011-11-23 11:51:00,633.66,690,6232331.3709999975,70.12698188300284,15.902281631712375
15572.0,2533.42,7,1213,2011-03-06 14:44:00,2011-12-05 10:09:00,361.9171428571429,691,6234864.790999997,70.15548824568899,15.925328416685872
14659.0,2529.93,9,1195,2011-01-28 12:43:00,2011-12-01 12:17:00,281.1033333333333,692,6237394.720999997,70.18395533845315,15.948375201659367
17314.0,2527.92,8,1896,2011-01-31 11:25:00,2011-11-15 09:41:00,315.99,693,6239922.640999997,70.21239981444276,15.971421986632864
14701.0,2526.09,9,921,2011-01-27 12:40:00,2011-11-29 12:38:00,280.6766666666667,694,6242448.730999997,70.2408236990406,15.99446877160636
13394.0,2520.02,8,2392,2011-02-03 10:39:00,2011-12-08 11:36:00,315.0025,695,6244968.750999996,70.2691792832297,16.017515556579855
17449.0,2519.21,7,1121,2010-12-15 10:57:00,2011-12-07 16:56:00,359.88714285714286,696,6247487.960999996,70.29752575319623,16.04056234155335
15245.0,2515.84,3,1784,2011-03-23 13:42:00,2011-07-28 18:56:00,838.6133333333333,697,6250003.800999996,70.32583430349595,16.06360912652685
13344.0,2511.69,3,952,2011-03-07 10:28:00,2011-10-03 09:45:00,837.23,698,6252515.490999997,70.35409615747011,16.086655911500344
12352.0,2506.04,8,536,2011-02-16 12:33:00,2011-11-03 14:37:00,313.255,699,6255021.530999997,70.38229443692872,16.109702696473843
13695.0,2504.13,15,1603,2011-03-25 11:31:00,2011-11-08 14:26:00,166.942,700,6257525.660999997,70.41047122482541,16.13274948144734
13471.0,2501.84,4,1583,2011-10-23 13:10:00,2011-12-08 15:44:00,625.46,701,6260027.500999996,70.43862224535211,16.155796266420836
15932.0,2495.87,8,2325,2011-02-23 14:50:00,2011-12-05 17:13:00,311.98375,702,6262523.370999997,70.46670609068273,16.17884305139433
16477.0,2494.46,7,1415,2010-12-03 12:48:00,2011-10-07 09:44:00,356.3514285714286,703,6265017.8309999965,70.4947740705148,16.201889836367826
15271.0,2493.34,15,1251,2010-12-09 13:47:00,2011-12-02 14:11:00,166.22266666666667,704,6267511.170999996,70.52282944796498,16.224936621341325
12483.0,2484.98,8,1110,2011-01-04 14:20:00,2011-11-22 17:02:00,310.6225,705,6269996.150999997,70.55079075763643,16.24798340631482
12913.0,2483.63,5,1419,2010-12-06 16:36:00,2011-12-05 12:11:00,496.726,706,6272479.780999997,70.57873687693692,16.271030191288315
12517.0,2481.6,5,1361,2011-06-02 15:13:00,2011-11-11 14:04:00,496.32,707,6274961.380999996,70.60666015442031,16.294076976261813
14315.0,2481.13,6,1021,2011-03-18 12:59:00,2011-10-26 12:06:00,413.5216666666667,708,6277442.510999996,70.63457814340417,16.317123761235308
13507.0,2479.16,4,1597,2011-07-17 11:50:00,2011-12-06 13:13:00,619.79,709,6279921.670999996,70.66247396569855,16.340170546208803
13588.0,2478.95,9,2606,2011-03-29 15:53:00,2011-11-24 10:42:00,275.43888888888887,710,6282400.620999997,70.69036742504632,16.3632173311823
17682.0,2474.33,6,1367,2010-12-06 13:35:00,2011-11-29 15:59:00,412.3883333333333,711,6284874.950999997,70.718208899569,16.386264116155797
17188.0,2474.23,7,1328,2010-12-12 12:56:00,2011-11-28 13:53:00,353.4614285714286,712,6287349.180999997,70.74604924887902,16.40931090112929
14766.0,2473.37,6,1349,2010-12-08 15:33:00,2011-12-01 16:05:00,412.2283333333333,713,6289822.550999997,70.77387992136012,16.43235768610279
16710.0,2467.99,10,1823,2010-12-06 13:13:00,2011-11-20 14:50:00,246.79899999999998,714,6292290.540999997,70.80165005739985,16.455404471076285
17164.0,2467.35,7,1501,2011-03-11 14:26:00,2011-11-07 09:14:00,352.4785714285714,715,6294757.890999997,70.82941299207855,16.47845125604978
12455.0,2466.86,6,2089,2011-02-16 09:56:00,2011-09-27 15:31:00,411.1433333333334,716,6297224.750999997,70.85717041321519,16.501498041023275
17131.0,2463.17,5,983,2011-09-25 12:42:00,2011-12-04 12:52:00,492.634,717,6299687.920999997,70.88488631400449,16.524544825996774
15750.0,2463.05,8,1783,2010-12-08 10:36:00,2011-12-07 12:34:00,307.88125,718,6302150.970999997,70.9126008645386,16.54759161097027
13784.0,2462.79,11,2493,2011-01-11 14:38:00,2011-11-30 09:33:00,223.89,719,6304613.760999997,70.9403124895198,16.570638395943764
13975.0,2461.2400000000002,6,1697,2011-03-08 12:19:00,2011-11-08 13:19:00,410.2066666666667,720,6307075.000999997,70.96800667370469,16.593685180917262
15674.0,2446.6,5,1275,2011-03-30 09:19:00,2011-09-27 15:17:00,489.32,721,6309521.600999997,70.99553612675548,16.616731965890757
14163.0,2445.91,4,893,2011-04-14 17:33:00,2011-09-13 15:18:00,611.4775,722,6311967.510999997,71.0230578158389,16.639778750864252
14502.0,2429.83,11,1480,2011-01-30 15:52:00,2011-11-20 11:50:00,220.89363636363635,723,6314397.340999997,71.05039857072585,16.66282553583775
17071.0,2429.03,9,1197,2011-02-03 08:18:00,2011-11-11 16:31:00,269.89222222222224,724,6316826.3709999975,71.07773032391148,16.685872320811246
15527.0,2428.53,8,991,2010-12-20 14:15:00,2011-11-21 12:17:00,303.56625,725,6319254.900999998,71.1050564510338,16.70891910578474
13949.0,2427.32,6,2474,2011-09-06 11:55:00,2011-12-07 09:35:00,404.55333333333334,726,6321682.220999998,71.13236896308288,16.73196589075824
16143.0,2424.94,6,919,2010-12-05 15:18:00,2011-12-06 14:13:00,404.1566666666667,727,6324107.160999998,71.15965469507054,16.755012675731734
17722.0,2424.04,4,1595,2010-12-08 12:41:00,2011-09-04 15:22:00,606.01,728,6326531.2009999985,71.18693030014421,16.77805946070523
15089.0,2420.84,6,1359,2011-08-03 14:14:00,2011-11-29 16:31:00,403.47333333333336,729,6328952.040999998,71.21416989841262,16.801106245678728
15373.0,2415.91,12,500,2010-12-03 14:40:00,2011-12-01 15:05:00,201.32583333333332,730,6331367.9509999985,71.24135402369667,16.824153030652226
12397.0,2409.9,2,1263,2011-07-27 14:21:00,2011-11-04 09:52:00,1204.95,731,6333777.850999999,71.26847052369959,16.84719981562572
17589.0,2404.17,4,1631,2011-04-13 13:47:00,2011-10-10 16:58:00,601.0425,732,6336182.020999999,71.29552254901681,16.870246600599216
15980.0,2398.86,3,1560,2011-03-30 15:05:00,2011-09-12 09:41:00,799.62,733,6338580.880999999,71.32251482554156,16.893293385572715
18065.0,2392.83,14,1027,2010-12-10 12:44:00,2011-12-04 10:30:00,170.91642857142855,734,6340973.710999999,71.34943925174262,16.91634017054621
13141.0,2388.75,5,1548,2011-01-28 13:04:00,2011-09-16 09:54:00,477.75,735,6343362.460999999,71.37631776926699,16.939386955519705
15370.0,2386.05,7,830,2011-01-11 11:32:00,2011-10-30 10:58:00,340.86428571428576,736,6345748.510999999,71.40316590604941,16.962433740493204
14493.0,2383.2400000000002,5,1285,2011-07-07 16:59:00,2011-12-02 16:14:00,476.648,737,6348131.750999999,71.42998242435594,16.9854805254667
14239.0,2380.85,11,993,2011-01-27 14:45:00,2011-10-27 14:40:00,216.4409090909091,738,6350512.600999999,71.45677205007979,17.008527310440194
15270.0,2379.49,7,1521,2011-02-02 13:25:00,2011-11-24 09:24:00,339.9271428571428,739,6352892.090999999,71.48354637291142,17.03157409541369
13722.0,2375.41,3,1401,2011-03-02 11:43:00,2011-07-31 12:44:00,791.8033333333333,740,6355267.500999999,71.51027478706634,17.054620880387187
17434.0,2373.82,7,1693,2011-09-15 13:54:00,2011-12-07 13:16:00,339.1171428571429,741,6357641.3209999995,71.53698531033987,17.077667665360682
13908.0,2369.55,4,1478,2011-03-08 12:04:00,2011-09-21 11:49:00,592.3875,742,6360010.870999999,71.56364778703264,17.100714450334177
17530.0,2367.12,10,1514,2010-12-09 20:01:00,2011-12-08 18:42:00,236.712,743,6362377.990999999,71.59028292105765,17.123761235307676
15755.0,2364.25,6,1427,2011-02-18 11:53:00,2011-11-29 14:57:00,394.0416666666667,744,6364742.240999999,71.6168857614792,17.14680802028117
12457.0,2363.23,7,844,2011-04-14 18:57:00,2011-10-04 13:13:00,337.6042857142857,745,6367105.471,71.64347712473156,17.169854805254666
14930.0,2362.96,3,1160,2011-03-10 14:42:00,2011-08-23 10:31:00,787.6533333333333,746,6369468.431,71.67006544990974,17.192901590228164
14030.0,2358.84,8,1478,2010-12-08 16:11:00,2011-11-21 16:48:00,294.855,747,6371827.271,71.69660741632612,17.21594837520166
17634.0,2358.59,9,838,2011-01-06 12:45:00,2011-11-03 13:09:00,262.0655555555556,748,6374185.861,71.72314656971085,17.238995160175154
14440.0,2357.6800000000003,5,588,2010-12-09 12:49:00,2011-12-01 15:42:00,471.53600000000006,749,6376543.540999999,71.74967548366033,17.262041945148653
15140.0,2354.25,7,1572,2011-03-20 14:37:00,2011-10-18 14:07:00,336.32142857142856,750,6378897.790999999,71.77616580281541,17.285088730122148
14309.0,2352.53,9,1633,2010-12-16 13:05:00,2011-12-01 13:33:00,261.39222222222224,751,6381250.3209999995,71.80263676831268,17.308135515095643
12704.0,2340.84,8,1006,2011-06-23 10:20:00,2011-12-02 13:15:00,292.605,752,6383591.160999999,71.82897619644945,17.33118230006914
18259.0,2338.6000000000004,3,714,2010-12-08 13:38:00,2011-11-15 12:34:00,779.5333333333334,753,6385929.760999999,71.85529041982254,17.354229085042636
12584.0,2338.15,9,416,2011-03-04 15:15:00,2011-12-06 09:35:00,259.7944444444445,754,6388267.910999999,71.88159957973863,17.37727587001613
18257.0,2337.63,8,1041,2011-02-16 15:13:00,2011-10-31 14:48:00,292.20375,755,6390605.540999999,71.90790288854888,17.400322654989626
15281.0,2332.15,9,1211,2011-01-10 15:51:00,2011-10-12 09:10:00,259.1277777777778,756,6392937.691,71.9341445357051,17.423369439963125
12782.0,2330.92,5,1086,2010-12-17 11:30:00,2011-12-05 09:16:00,466.184,757,6395268.611,71.96037234274554,17.44641622493662
15785.0,2328.9700000000003,5,1612,2011-02-17 14:17:00,2011-11-07 11:33:00,465.79400000000004,758,6397597.580999999,71.98657820813904,17.46946300991012
17313.0,2328.84,1,1402,2011-11-08 15:45:00,2011-11-08 15:45:00,2328.84,759,6399926.420999999,72.01278261075606,17.492509794883617
17744.0,2322.4,6,3412,2010-12-16 14:17:00,2011-12-06 12:11:00,387.06666666666666,760,6402248.8209999995,72.0389145496775,17.515556579857112
17211.0,2317.2200000000003,8,1323,2010-12-05 12:44:00,2011-11-13 12:03:00,289.65250000000003,761,6404566.040999999,72.0649882025829,17.538603364830607
14290.0,2314.65,5,915,2010-12-13 10:24:00,2011-11-28 14:02:00,462.93,762,6406880.691,72.09103293752284,17.5616501498041
15365.0,2314.32,7,1084,2011-01-28 13:08:00,2011-11-14 08:29:00,330.6171428571429,763,6409195.011,72.11707395926096,17.5846969347776
17954.0,2314.13,12,2221,2010-12-03 14:18:00,2011-12-04 14:15:00,192.84416666666667,764,6411509.141,72.14311284309505,17.607743719751095
13704.0,2308.06,9,1531,2011-09-12 14:40:00,2011-12-04 15:13:00,256.4511111111111,765,6413817.200999999,72.16908342652037,17.63079050472459
15288.0,2306.52,5,775,2010-12-09 13:59:00,2011-10-27 16:58:00,461.304,766,6416123.720999999,72.19503668167067,17.65383728969809
16550.0,2298.97,5,1540,2010-12-06 13:53:00,2011-08-23 11:12:00,459.794,767,6418422.690999999,72.22090498326479,17.676884074671584
15105.0,2298.93,7,1211,2011-07-28 10:09:00,2011-11-21 16:54:00,328.4185714285714,768,6420721.620999998,72.24677283477385,17.69993085964508
13115.0,2294.78,4,1567,2011-06-08 16:15:00,2011-11-28 12:38:00,573.695,769,6423016.400999999,72.27259398995733,17.722977644618577
15704.0,2293.62,4,1028,2011-05-08 12:42:00,2011-07-22 13:35:00,573.405,770,6425310.020999999,72.29840209267391,17.746024429592072
12615.0,2291.19,4,1376,2011-06-24 13:35:00,2011-12-07 15:02:00,572.7975,771,6427601.210999999,72.32418285272274,17.769071214565567
17696.0,2285.71,8,1756,2010-12-10 09:51:00,2011-11-01 13:43:00,285.71375,772,6429886.920999999,72.34990195111754,17.792117999539066
12684.0,2283.63,7,1985,2011-05-10 12:55:00,2011-12-02 09:53:00,326.23285714285714,773,6432170.550999999,72.37559764508893,17.81516478451256
14554.0,2279.4900000000002,4,1443,2011-10-18 13:04:00,2011-11-29 16:44:00,569.8725000000001,774,6434450.040999999,72.40124675525601,17.838211569486056
13994.0,2274.14,6,932,2011-07-14 18:28:00,2011-12-06 11:05:00,379.0233333333333,775,6436724.180999999,72.42683566654551,17.86125835445955
13317.0,2273.68,6,1035,2010-12-16 09:22:00,2011-10-04 13:35:00,378.94666666666666,776,6438997.860999999,72.45241940185679,17.88430513943305
14466.0,2272.4,7,1006,2010-12-02 13:36:00,2011-11-10 14:07:00,324.62857142857143,777,6441270.260999999,72.47798873444594,17.907351924406544
16782.0,2267.9500000000003,13,705,2010-12-09 11:28:00,2011-11-29 13:20:00,174.45769230769233,778,6443538.210999999,72.50350799507153,17.93039870938004
16057.0,2263.12,7,863,2011-02-28 10:35:00,2011-11-23 15:23:00,323.30285714285714,779,6445801.330999999,72.52897290792542,17.953445494353538
16209.0,2262.62,5,1179,2011-04-07 12:23:00,2011-09-12 11:58:00,452.524,780,6448063.950999999,72.55443219471599,17.976492279327033
16293.0,2248.9900000000002,10,982,2010-12-07 15:02:00,2011-11-18 09:58:00,224.89900000000003,781,6450312.941,72.57973811502038,17.999539064300528
13700.0,2248.63,10,2281,2011-01-16 13:18:00,2011-11-13 13:00:00,224.863,782,6452561.5709999995,72.60503998455917,18.022585849274027
17442.0,2248.56,6,1496,2011-02-22 13:02:00,2011-11-03 09:17:00,374.76,783,6454810.130999999,72.63034106644909,18.04563263424752
14432.0,2248.5,6,2013,2011-09-11 14:09:00,2011-11-30 08:04:00,374.75,784,6457058.630999999,72.65564147321142,18.068679419221017
15235.0,2247.51,12,1324,2010-12-01 17:22:00,2011-05-06 09:44:00,187.29250000000002,785,6459306.140999999,72.68093074036838,18.091726204194515
16735.0,2247.41,5,1532,2011-01-09 12:53:00,2011-09-22 11:49:00,449.48199999999997,786,6461553.550999999,72.70621888231265,18.11477298916801
16771.0,2242.61,5,1487,2011-01-05 13:57:00,2011-11-06 13:28:00,448.52200000000005,787,6463796.160999999,72.73145301404905,18.137819774141505
13527.0,2242.36,7,1683,2011-01-17 11:17:00,2011-11-06 12:04:00,320.33714285714285,788,6466038.521,72.75668433275378,18.160866559115004
14211.0,2241.1,9,1242,2011-02-17 15:50:00,2011-10-17 13:23:00,249.0111111111111,789,6468279.620999999,72.78190147377893,18.183913344088502
14560.0,2237.77,22,1260,2010-12-17 09:22:00,2011-12-02 15:22:00,101.71681818181818,790,6470517.390999999,72.80708114522236,18.206960129061997
16076.0,2234.73,10,1435,2011-05-15 12:31:00,2011-12-06 14:59:00,223.473,791,6472752.120999999,72.83222661020078,18.230006914035492
18242.0,2232.4900000000002,4,1017,2011-05-10 11:20:00,2011-09-28 13:43:00,558.1225000000001,792,6474984.611,72.85734687041551,18.25305369900899
12783.0,2225.91,6,624,2011-09-25 15:35:00,2011-12-07 15:56:00,370.98499999999996,793,6477210.521,72.88239309163693,18.276100483982486
13365.0,2225.37,2,1247,2011-05-06 12:00:00,2011-11-06 12:36:00,1112.685,794,6479435.891,72.90743323670995,18.29914726895598
15834.0,2225.15,4,961,2011-03-07 17:52:00,2011-09-30 14:41:00,556.2875,795,6481661.041,72.93247090631512,18.32219405392948
15665.0,2222.21,2,1654,2011-04-10 15:09:00,2011-06-24 14:57:00,1111.105,796,6483883.251,72.95747549466793,18.345240838902974
14825.0,2221.01,12,989,2010-12-06 12:30:00,2011-12-06 11:38:00,185.08416666666668,797,6486104.261,72.98246658046878,18.36828762387647
15811.0,2218.62,6,1071,2010-12-09 15:29:00,2011-11-17 15:31:00,369.77,798,6488322.881,73.00743077368695,18.391334408849964
12876.0,2218.02,2,1941,2011-05-27 13:34:00,2011-10-13 12:26:00,1109.01,799,6490540.901,73.03238821562911,18.414381193823463
14226.0,2214.79,5,1296,2011-03-15 15:36:00,2011-11-11 11:34:00,442.95799999999997,800,6492755.691,73.05730931320223,18.437427978796958
16743.0,2213.13,7,2035,2010-12-16 12:15:00,2011-11-10 13:13:00,316.1614285714286,801,6494968.8209999995,73.0822117322451,18.460474763770453
15722.0,2211.21,5,1023,2011-02-22 12:24:00,2011-11-04 11:43:00,442.242,802,6497180.0309999995,73.10709254720483,18.48352154874395
12653.0,2209.85,2,919,2011-02-16 10:53:00,2011-07-14 10:41:00,1104.925,803,6499389.880999999,73.1319580592723,18.506568333717446
13862.0,2209.36,8,1688,2011-01-11 15:13:00,2011-11-21 16:24:00,276.17,804,6501599.240999999,73.15681805779774,18.52961511869094
15797.0,2207.4,4,873,2011-01-24 15:47:00,2011-08-18 17:04:00,551.85,805,6503806.641,73.18165600215494,18.55266190366444
15179.0,2206.95,5,1938,2011-01-24 13:48:00,2011-11-21 12:53:00,441.39,806,6506013.591,73.20648888305516,18.575708688637935
17591.0,2203.67,7,1000,2010-12-07 15:39:00,2011-09-27 13:42:00,314.81,807,6508217.261,73.23128485697997,18.59875547361143
15123.0,2199.31,2,1195,2011-05-17 14:57:00,2011-12-02 13:12:00,1099.655,808,6510416.5709999995,73.2560317716326,18.62180225858493
13831.0,2198.45,6,743,2010-12-05 12:13:00,2011-11-23 15:41:00,366.4083333333333,809,6512615.021,73.28076900945634,18.644849043558423
14700.0,2195.1,3,1314,2011-04-15 13:16:00,2011-11-07 14:40:00,731.6999999999999,810,6514810.120999999,73.3054685526558,18.66789582853192
16628.0,2188.05,5,1205,2011-04-19 08:55:00,2011-11-10 12:45:00,437.61,811,6516998.170999999,73.3300887683624,18.690942613505417
17406.0,2184.42,3,780,2010-12-08 10:35:00,2011-01-10 15:07:00,728.14,812,6519182.590999999,73.35466813884929,18.713989398478912
15394.0,2183.54,4,910,2010-12-16 12:46:00,2011-11-30 11:49:00,545.885,813,6521366.130999999,73.37923760746473,18.737036183452407
12909.0,2178.67,5,1280,2011-03-31 12:51:00,2011-10-31 12:43:00,435.73400000000004,814,6523544.800999999,73.40375227822341,18.760082968425902
12856.0,2170.78,6,1076,2011-10-07 12:38:00,2011-12-02 10:52:00,361.7966666666667,815,6525715.580999999,73.42817816970285,18.7831297533994
12501.0,2169.39,1,1783,2011-01-07 12:28:00,2011-01-07 12:28:00,2169.39,816,6527884.970999999,73.45258842072626,18.806176538372895
14341.0,2166.98,8,1397,2011-01-25 13:55:00,2011-10-25 15:48:00,270.8725,817,6530051.950999999,73.47697155412446,18.82922332334639
12633.0,2163.98,4,1162,2011-02-25 08:44:00,2011-10-12 11:40:00,540.995,818,6532215.931,73.50132093114271,18.852270108319892
12935.0,2160.7,7,1853,2011-01-24 13:58:00,2011-12-07 17:25:00,308.6714285714285,819,6534376.631,73.52563340118557,18.875316893293387
16456.0,2158.18,5,1147,2010-12-01 14:11:00,2011-09-01 13:50:00,431.63599999999997,820,6536534.811,73.54991751586928,18.898363678266882
14407.0,2157.73,6,1415,2011-03-08 11:59:00,2011-08-24 14:02:00,359.62166666666667,821,6538692.541,73.57419656709601,18.921410463240377
16379.0,2157.4,4,1410,2011-09-22 09:33:00,2011-12-05 15:38:00,539.35,822,6540849.941000001,73.59847190512095,18.944457248213876
13224.0,2155.95,2,1518,2011-07-11 14:10:00,2011-10-10 14:55:00,1077.975,823,6543005.891000001,73.62273092756224,18.96750403318737
16966.0,2154.97,7,1981,2011-04-13 14:17:00,2011-12-01 13:40:00,307.8528571428571,824,6545160.8610000005,73.64697892291942,18.990550818160866
17272.0,2148.63,4,1778,2011-03-22 12:05:00,2011-10-28 16:37:00,537.1575,825,6547309.491,73.67115557979366,19.013597603134365
14828.0,2139.76,3,2172,2011-01-07 09:50:00,2011-05-27 10:16:00,713.2533333333334,826,6549449.251,73.69523243030456,19.03664438810786
12560.0,2134.01,3,1110,2011-07-19 15:55:00,2011-12-04 13:54:00,711.3366666666667,827,6551583.261,73.71924458108725,19.059691173081355
13517.0,2128.42,3,1369,2011-06-13 08:44:00,2011-10-11 11:43:00,709.4733333333334,828,6553711.681,73.74319383248199,19.082737958054853
18061.0,2119.41,10,955,2010-12-08 13:03:00,2011-11-18 11:20:00,211.94099999999997,829,6555831.091,73.76704170221566,19.105784743028348
13632.0,2118.93,5,1031,2011-04-10 15:07:00,2011-11-15 10:51:00,423.78599999999994,830,6557950.021,73.79088417092854,19.128831528001843
14360.0,2118.03,4,1139,2011-09-06 11:58:00,2011-11-08 09:12:00,529.5075,831,6560068.051,73.81471651272743,19.15187831297534
18008.0,2116.19,9,1581,2011-01-25 12:26:00,2011-09-30 15:17:00,235.13222222222223,832,6562184.241,73.8385281506133,19.174925097948837
14691.0,2114.33,5,707,2011-05-11 09:55:00,2011-11-09 12:30:00,422.866,833,6564298.571,73.86231885954362,19.19797188292233
13755.0,2108.06,9,1242,2011-10-07 15:45:00,2011-12-06 12:26:00,234.2288888888889,834,6566406.631,73.88603901763985,19.221018667895827
14640.0,2107.38,6,880,2011-04-26 12:31:00,2011-11-15 13:07:00,351.23,835,6568514.011,73.90975152428997,19.244065452869325
18173.0,2106.84,4,1220,2011-03-10 11:56:00,2011-09-14 11:26:00,526.71,836,6570620.851,73.9334579547917,19.26711223784282
18093.0,2106.52,4,1392,2011-02-10 12:15:00,2011-09-07 15:43:00,526.63,837,6572727.370999999,73.95716078461291,19.290159022816315
14461.0,2103.06,3,766,2011-03-23 12:15:00,2011-07-14 17:11:00,701.02,838,6574830.430999999,73.98082468207592,19.313205807789814
15058.0,2102.54,11,1054,2011-01-31 15:35:00,2011-11-14 14:57:00,191.14,839,6576932.970999999,74.00448272843308,19.33625259276331
15815.0,2100.6,5,1856,2011-03-25 08:43:00,2011-10-07 12:42:00,420.12,840,6579033.570999999,74.02811894566453,19.359299377736804
13126.0,2099.64,8,2143,2010-12-08 11:42:00,2011-12-05 10:00:00,262.455,841,6581133.210999998,74.05174436085443,19.382346162710302
12610.0,2099.54,5,1049,2011-08-05 13:52:00,2011-11-17 09:34:00,419.908,842,6583232.750999998,74.07536865083163,19.405392947683797
17861.0,2097.88,8,1985,2011-01-24 11:34:00,2011-12-06 16:21:00,262.235,843,6585330.630999998,74.09897426227863,19.428439732657292
17400.0,2097.84,5,1088,2010-12-21 17:16:00,2011-08-05 15:38:00,419.56800000000004,844,6587428.470999998,74.12257942364056,19.45148651763079
16875.0,2095.53,5,1069,2011-01-04 10:37:00,2011-10-03 13:39:00,419.10600000000005,845,6589524.000999998,74.14615859258993,19.474533302604286
17191.0,2093.68,7,1166,2010-12-06 14:36:00,2011-11-11 16:58:00,299.09714285714284,846,6591617.680999998,74.16971694510501,19.49758008757778
14306.0,2093.32,2,1075,2011-09-15 10:31:00,2011-10-19 13:23:00,1046.66,847,6593711.000999998,74.1932712468545,19.52062687255128
13265.0,2092.66,5,1740,2011-03-11 09:54:00,2011-10-17 15:02:00,418.532,848,6595803.660999998,74.21681812220041,19.543673657524778
17490.0,2092.32,7,1134,2011-06-16 09:15:00,2011-12-09 09:08:00,298.90285714285716,849,6597895.980999999,74.24036117182324,19.566720442498273
13297.0,2089.85,4,963,2011-10-03 15:08:00,2011-12-02 09:32:00,522.4625,850,6599985.830999998,74.26387642869327,19.589767227471768
13571.0,2088.94,12,1757,2011-03-31 12:43:00,2011-11-27 10:47:00,174.07833333333335,851,6602074.770999999,74.28738144612805,19.612814012445266
18044.0,2088.6,10,1033,2010-12-14 12:25:00,2011-12-05 14:26:00,208.85999999999999,852,6604163.370999998,74.31088263783977,19.63586079741876
14810.0,2085.33,11,1015,2010-12-05 12:08:00,2011-10-30 11:19:00,189.57545454545453,853,6606248.7009999985,74.33434703509735,19.658907582392256
16954.0,2085.08,9,1054,2010-12-15 10:41:00,2011-12-09 09:46:00,231.67555555555555,854,6608333.780999999,74.35780861932328,19.681954367365755
17768.0,2081.9,3,1122,2011-06-26 13:46:00,2011-12-01 13:22:00,693.9666666666667,855,6610415.680999999,74.38123442178649,19.70500115233925
16407.0,2079.68,10,1093,2011-01-31 14:02:00,2011-11-27 11:05:00,207.968,856,6612495.360999999,74.40463524452852,19.728047937312745
14696.0,2078.95,7,1630,2010-12-01 15:37:00,2011-12-05 13:43:00,296.99285714285713,857,6614574.310999999,74.42802785321811,19.75109472228624
14515.0,2076.89,6,1110,2011-05-05 12:13:00,2011-11-22 11:37:00,346.1483333333333,858,6616651.2009999985,74.45139728252683,19.77414150725974
14209.0,2073.43,6,691,2011-01-11 12:56:00,2011-11-29 10:18:00,345.57166666666666,859,6618724.630999998,74.47472777947732,19.797188292233233
18241.0,2073.09,17,1051,2011-05-06 09:22:00,2011-11-30 12:10:00,121.9464705882353,860,6620797.720999998,74.49805445070477,19.82023507720673
18231.0,2071.77,5,819,2011-02-24 09:08:00,2011-05-31 14:18:00,414.354,861,6622869.490999998,74.52136626912504,19.843281862180227
18219.0,2069.77,10,885,2010-12-06 10:05:00,2011-12-07 11:43:00,206.977,862,6624939.260999997,74.54465558329201,19.866328647153722
12948.0,2064.95,7,1080,2011-03-20 10:17:00,2011-11-23 17:10:00,294.99285714285713,863,6627004.210999997,74.56789066220858,19.889375432127217
12928.0,2062.7000000000003,5,1472,2010-12-15 15:45:00,2011-11-04 14:24:00,412.5400000000001,864,6629066.9109999975,74.59110042384019,19.912422217100715
16281.0,2062.06,1,934,2011-09-28 14:57:00,2011-09-28 14:57:00,2062.06,865,6631128.970999997,74.61430298411072,19.93546900207421
14409.0,2059.4500000000003,6,1230,2010-12-06 15:03:00,2011-09-29 18:18:00,343.24166666666673,866,6633188.420999997,74.63747617633074,19.958515787047705
12518.0,2056.89,5,1318,2011-08-21 13:18:00,2011-12-09 10:13:00,411.378,867,6635245.310999997,74.66062056310653,19.981562572021204
17667.0,2055.51,5,1037,2011-02-14 09:24:00,2011-10-04 14:32:00,411.10200000000003,868,6637300.820999997,74.68374942194754,20.0046093569947
14188.0,2054.36,6,1162,2011-02-02 13:46:00,2011-11-09 12:45:00,342.3933333333334,869,6639355.180999997,74.70686534084294,20.027656141968194
16150.0,2053.02,5,1047,2010-12-02 18:27:00,2011-10-28 12:39:00,410.604,870,6641408.200999997,74.7299661818886,20.050702926941693
17086.0,2050.08,6,1859,2011-10-07 11:22:00,2011-12-02 13:54:00,341.68,871,6643458.280999997,74.75303394168193,20.073749711915188
17612.0,2048.45,6,1808,2011-02-15 10:40:00,2011-10-17 14:59:00,341.4083333333333,872,6645506.730999997,74.77608336050884,20.096796496888683
14232.0,2048.07,5,1941,2011-03-20 12:44:00,2011-10-28 11:09:00,409.61400000000003,873,6647554.800999997,74.79912850352763,20.119843281862178
18283.0,2045.53,16,1357,2011-01-06 14:14:00,2011-12-06 12:02:00,127.845625,874,6649600.330999997,74.82214506614473,20.142890066835676
13495.0,2044.8700000000001,5,829,2010-12-06 15:14:00,2011-12-02 11:21:00,408.97400000000005,875,6651645.200999998,74.84515420235824,20.16593685180917
17597.0,2044.3700000000001,1,1176,2011-05-10 11:54:00,2011-05-10 11:54:00,2044.3700000000001,876,6653689.570999998,74.86815771250843,20.188983636782666
13450.0,2043.7199999999998,6,1982,2011-05-05 19:48:00,2011-11-13 11:54:00,340.61999999999995,877,6655733.290999997,74.8911539087763,20.212030421756168
14001.0,2043.0800000000002,3,962,2010-12-01 12:58:00,2011-10-25 10:31:00,681.0266666666668,878,6657776.3709999975,74.91414290368313,20.235077206729663
12585.0,2040.1,2,1279,2010-12-23 12:58:00,2011-04-19 13:39:00,1020.05,879,6659816.470999997,74.93709836725255,20.258123991703158
17846.0,2033.1,1,1,2011-09-15 15:20:00,2011-09-15 15:20:00,2033.1,880,6661849.570999997,74.95997506593542,20.281170776676653
13630.0,2031.78,7,1391,2011-02-27 12:49:00,2011-12-04 15:16:00,290.2542857142857,881,6663881.350999997,74.98283691181116,20.30421756165015
16358.0,2027.5,4,1302,2011-06-08 15:05:00,2011-12-08 15:09:00,506.875,882,6665908.850999997,75.00565059858484,20.327264346623647
16409.0,2022.98,5,1304,2011-01-26 14:51:00,2011-11-03 16:45:00,404.596,883,6667931.830999997,75.0284134257461,20.35031113159714
14482.0,2022.81,6,1627,2011-04-14 16:41:00,2011-11-21 13:14:00,337.135,884,6669954.640999997,75.0511743400458,20.37335791657064
15341.0,2020.52,1,812,2011-09-20 09:40:00,2011-09-20 09:40:00,2020.52,885,6671975.160999997,75.07390948697548,20.396404701544135
17625.0,2020.4,4,1180,2011-03-27 12:21:00,2011-11-21 13:36:00,505.1,886,6673995.560999997,75.09664328365,20.41945148651763
13593.0,2011.88,5,719,2011-01-07 16:32:00,2011-08-23 13:35:00,402.37600000000003,887,6676007.440999997,75.11928121220546,20.44249827149113
18069.0,2009.24,5,1296,2011-01-16 15:50:00,2011-11-13 16:03:00,401.848,888,6678016.680999997,75.14188943514661,20.465545056464624
15372.0,2007.3999999999999,1,2924,2011-07-25 16:39:00,2011-07-25 16:39:00,2007.3999999999999,889,6680024.080999997,75.16447695417473,20.48859184143812
16098.0,2005.63,7,613,2010-12-01 09:45:00,2011-09-13 09:59:00,286.5185714285714,890,6682029.710999997,75.18704455693866,20.511638626411617
14217.0,2004.98,17,689,2010-12-08 13:28:00,2011-12-08 11:53:00,117.94,891,6684034.690999998,75.2096048458203,20.534685411385112
14544.0,2004.3,2,1536,2010-12-13 12:50:00,2011-11-15 15:06:00,1002.15,892,6686038.990999998,75.23215748325582,20.557732196358607
17082.0,2003.85,2,1049,2011-01-25 14:36:00,2011-11-06 15:17:00,1001.925,893,6688042.840999997,75.25470505723432,20.580778981332102
16754.0,2002.4,1,4280,2010-12-02 17:38:00,2010-12-02 17:38:00,2002.4,894,6690045.240999998,75.27723631562921,20.6038257663056
18188.0,2001.04,3,1168,2011-02-22 14:43:00,2011-11-24 16:46:00,667.0133333333333,895,6692046.280999998,75.29975227113185,20.626872551279096
13305.0,2000.86,10,1232,2010-12-02 12:10:00,2011-12-05 15:15:00,200.08599999999998,896,6694047.140999998,75.3222662012517,20.64991933625259
16698.0,1998.0,2,840,2011-03-31 13:33:00,2011-04-27 10:52:00,999.0,897,6696045.140999998,75.34474795028933,20.67296612122609
17679.0,1992.1100000000001,2,729,2011-09-15 10:35:00,2011-10-18 07:43:00,996.0550000000001,898,6698037.250999998,75.36716342430104,20.696012906199584
17088.0,1991.01,4,868,2011-03-31 09:48:00,2011-11-11 14:23:00,497.7525,899,6700028.260999998,75.38956652097343,20.71905969117308
17827.0,1987.33,5,1240,2010-12-10 10:18:00,2011-12-04 15:00:00,397.466,900,6702015.590999998,75.41192820981976,20.742106476146578
13590.0,1981.92,6,1848,2011-02-09 13:25:00,2011-11-28 12:54:00,330.32,901,6703997.510999998,75.43422902466095,20.765153261120073
17337.0,1981.06,4,1247,2011-02-02 17:06:00,2011-07-11 14:55:00,495.265,902,6705978.570999998,75.45652016267321,20.788200046093568
14462.0,1980.57,11,956,2011-01-04 12:45:00,2011-10-04 15:55:00,180.05181818181816,903,6707959.140999998,75.47880578714341,20.811246831067066
13725.0,1980.56,8,806,2011-02-04 12:18:00,2011-10-21 10:03:00,247.57,904,6709939.700999998,75.50109129909237,20.83429361604056
17422.0,1979.37,6,2253,2011-02-16 14:44:00,2011-11-23 13:27:00,329.895,905,6711919.070999998,75.5233634210106,20.857340401014056
18204.0,1975.35,3,1190,2011-05-31 15:26:00,2011-09-29 16:44:00,658.4499999999999,906,6713894.420999997,75.54559030937972,20.880387185987555
17090.0,1974.65,7,903,2010-12-20 13:52:00,2011-12-05 13:44:00,282.09285714285716,907,6715869.070999998,75.5678093212602,20.903433970961053
15531.0,1972.39,2,1085,2011-11-09 17:47:00,2011-12-01 18:43:00,986.195,908,6717841.460999997,75.59000290333444,20.92648075593455
16341.0,1971.87,4,1398,2011-05-22 13:20:00,2011-11-15 09:12:00,492.9675,909,6719813.330999997,75.61219063430283,20.949527540908043
12674.0,1970.6,4,1133,2011-05-16 09:10:00,2011-11-01 12:12:00,492.65,910,6721783.930999997,75.63436407507038,20.972574325881542
17790.0,1964.3,14,835,2010-12-10 10:47:00,2011-11-13 11:30:00,140.30714285714285,911,6723748.230999997,75.65646662744008,20.995621110855037
17997.0,1962.46,8,2273,2011-06-28 17:28:00,2011-09-26 16:13:00,245.3075,912,6725710.690999997,75.67854847589673,21.018667895828532
13246.0,1961.52,6,1587,2011-01-13 13:36:00,2011-11-21 16:50:00,326.92,913,6727672.210999996,75.70061974735435,21.04171468080203
14506.0,1960.65,5,704,2010-12-05 14:25:00,2011-11-22 13:02:00,392.13,914,6729632.860999997,75.72268122946177,21.064761465775526
14498.0,1957.32,5,1098,2010-12-13 11:29:00,2011-10-28 12:09:00,391.464,915,6731590.180999997,75.74470524198749,21.08780825074902
12853.0,1957.1000000000001,6,800,2011-01-28 10:28:00,2011-07-28 11:29:00,326.18333333333334,916,6733547.280999997,75.76672677904533,21.110855035722516
15493.0,1953.41,5,551,2011-03-14 11:44:00,2011-11-07 12:04:00,390.682,917,6735500.690999997,75.78870679575584,21.133901820696014
17554.0,1952.45,5,1763,2011-07-14 20:01:00,2011-12-08 14:15:00,390.49,918,6737453.140999997,75.81067601042479,21.15694860566951
17218.0,1951.97,10,955,2010-12-06 15:25:00,2011-12-05 13:52:00,195.197,919,6739405.110999997,75.83263982407293,21.179995390643004
14533.0,1949.72,7,4019,2010-12-22 11:07:00,2011-11-15 12:05:00,278.5314285714286,920,6741354.8309999965,75.85457832043613,21.203042175616503
15814.0,1945.33,4,1271,2011-10-20 09:04:00,2011-11-23 08:17:00,486.3325,921,6743300.160999997,75.87646741996336,21.226088960589998
14418.0,1937.25,3,1711,2011-08-23 17:18:00,2011-12-06 11:39:00,645.75,922,6745237.410999997,75.89826560230728,21.249135745563493
15864.0,1936.3200000000002,6,1192,2011-01-27 16:43:00,2011-11-17 13:32:00,322.72,923,6747173.730999997,75.92005332017344,21.27218253053699
15157.0,1936.07,3,2392,2010-12-16 13:44:00,2011-12-06 11:28:00,645.3566666666667,924,6749109.800999997,75.94183822500793,21.295229315510486
15351.0,1934.66,7,742,2010-12-05 11:49:00,2011-11-27 12:52:00,276.38,925,6751044.460999997,75.96360726434385,21.31827610048398
12528.0,1933.48,6,756,2011-01-31 09:05:00,2011-11-30 14:40:00,322.24666666666667,926,6752977.940999998,75.98536302617033,21.34132288545748
14655.0,1932.23,4,1089,2011-05-01 14:59:00,2011-12-01 16:28:00,483.0575,927,6754910.170999998,76.0071047228385,21.364369670430975
13094.0,1927.3200000000002,12,1716,2010-12-06 10:34:00,2011-11-18 14:07:00,160.61,928,6756837.4909999985,76.02879117156485,21.38741645540447
14653.0,1926.65,7,945,2011-01-05 13:40:00,2011-12-08 13:45:00,275.2357142857143,929,6758764.140999999,76.05047008136634,21.410463240377968
15518.0,1921.55,8,1263,2011-01-11 12:55:00,2011-10-06 13:05:00,240.19375,930,6760685.690999999,76.07209160532193,21.433510025351463
14978.0,1921.3700000000001,5,523,2011-01-13 12:03:00,2011-09-28 13:07:00,384.274,931,6762607.060999999,76.09371110389472,21.456556810324958
14285.0,1910.01,4,541,2011-06-16 12:36:00,2011-11-18 14:50:00,477.5025,932,6764517.070999999,76.11520277830883,21.479603595298453
17228.0,1906.09,8,1532,2010-12-02 16:00:00,2011-11-24 10:24:00,238.26125,933,6766423.160999998,76.1366503443865,21.50265038027195
16983.0,1905.87,7,1335,2010-12-05 12:34:00,2011-11-27 12:10:00,272.26714285714286,934,6768329.030999999,76.15809543499628,21.525697165245447
14210.0,1905.8400000000001,6,760,2010-12-03 12:43:00,2011-08-26 12:36:00,317.64000000000004,935,6770234.870999998,76.17954018804227,21.54874395021894
15819.0,1905.45,4,1357,2011-03-08 09:45:00,2011-10-21 14:50:00,476.3625,936,6772140.320999999,76.20098055275888,21.57179073519244
16942.0,1904.99,9,805,2011-04-26 11:59:00,2011-11-27 12:40:00,211.66555555555556,937,6774045.310999999,76.22241574149723,21.59483752016594
14250.0,1904.05,3,1200,2011-09-11 13:44:00,2011-12-02 14:30:00,634.6833333333333,938,6775949.360999999,76.24384035323652,21.617884305139434
12762.0,1898.52,2,1227,2011-11-14 14:23:00,2011-12-02 10:23:00,949.26,939,6777847.880999998,76.26520274071548,21.64093109011293
14730.0,1897.57,8,1078,2011-03-08 12:49:00,2011-12-08 14:39:00,237.19625,940,6779745.4509999985,76.28655443867412,21.663977875086427
14934.0,1890.94,2,1042,2011-03-02 11:48:00,2011-09-19 10:10:00,945.47,941,6781636.390999999,76.3078315350331,21.687024660059922
12371.0,1887.96,2,591,2011-10-11 10:43:00,2011-10-26 10:16:00,943.98,942,6783524.350999999,76.32907510005467,21.710071445033417
15641.0,1887.2,4,1562,2010-12-15 14:45:00,2011-08-26 14:04:00,471.8,943,6785411.550999999,76.35031011346,21.733118230006916
16170.0,1885.05,6,1770,2011-04-05 13:42:00,2011-10-20 08:21:00,314.175,944,6787296.600999999,76.37152093479303,21.75616501498041
13890.0,1883.8100000000002,10,831,2010-12-16 09:31:00,2011-12-08 15:36:00,188.38100000000003,945,6789180.410999998,76.39271780348902,21.779211799953906
16128.0,1880.22,5,988,2011-03-02 12:21:00,2011-11-22 11:14:00,376.044,946,6791060.630999998,76.41387427705035,21.802258584927404
17738.0,1879.05,4,1029,2011-03-02 16:26:00,2011-11-20 15:05:00,469.7625,947,6792939.680999998,76.43501758562351,21.8253053699009
17368.0,1878.87,8,1377,2011-01-06 11:57:00,2011-11-16 15:26:00,234.85875,948,6794818.550999998,76.45615886881389,21.848352154874394
15367.0,1877.59,4,1057,2011-03-09 13:53:00,2011-10-13 14:13:00,469.3975,949,6796696.140999998,76.47728574928215,21.871398939847893
17463.0,1875.86,5,1086,2011-01-30 15:48:00,2011-11-23 13:40:00,375.17199999999997,950,6798572.000999998,76.49839316357131,21.894445724821388
16986.0,1873.2,2,1040,2011-11-09 15:52:00,2011-11-10 11:55:00,936.6,951,6800445.2009999985,76.5194706472036,21.917492509794883
13982.0,1871.81,4,1136,2010-12-09 13:57:00,2011-10-31 16:24:00,467.9525,952,6802317.010999998,76.54053249037985,21.940539294768378
15021.0,1871.77,9,819,2010-12-08 12:17:00,2011-12-01 11:53:00,207.97444444444443,953,6804188.780999998,76.56159388347102,21.963586079741876
17469.0,1870.97,5,787,2011-05-19 08:55:00,2011-11-23 13:15:00,374.194,954,6806059.750999997,76.58264627486089,21.98663286471537
16841.0,1869.82,6,2250,2011-02-25 12:40:00,2011-11-03 11:51:00,311.63666666666666,955,6807929.570999998,76.60368572630512,22.009679649688866
17870.0,1865.89,12,1351,2010-12-08 08:12:00,2011-12-07 15:07:00,155.49083333333334,956,6809795.460999997,76.62468095689162,22.032726434662365
16426.0,1863.76,10,1215,2011-03-08 15:45:00,2011-12-07 14:01:00,186.376,957,6811659.220999997,76.64565222044837,22.05577321963586
16201.0,1863.47,4,1286,2011-08-22 10:47:00,2011-12-06 16:02:00,465.8675,958,6813522.690999997,76.66662022088839,22.078820004609355
14887.0,1862.0,1,1100,2011-09-21 15:32:00,2011-09-21 15:32:00,1862.0,959,6815384.690999997,76.68757168070225,22.101866789582854
12423.0,1859.31,8,1339,2010-12-21 10:54:00,2011-12-09 10:10:00,232.41375,960,6817244.000999996,76.70849287229544,22.12491357455635
14305.0,1858.96,3,1089,2011-07-27 14:14:00,2011-09-29 15:29:00,619.6533333333333,961,6819102.960999996,76.72941012564428,22.147960359529844
12963.0,1856.63,8,881,2010-12-09 09:14:00,2011-12-01 12:55:00,232.07875,962,6820959.590999996,76.75030116153806,22.171007144503342
17293.0,1854.06,9,1135,2010-12-13 14:55:00,2011-12-01 14:37:00,206.00666666666666,963,6822813.650999996,76.77116327946635,22.194053929476837
14472.0,1852.67,8,1135,2010-12-19 14:03:00,2011-08-28 11:01:00,231.58375,964,6824666.320999996,76.7920097569386,22.217100714450332
16979.0,1852.0,6,865,2011-02-15 09:20:00,2011-12-06 12:21:00,308.6666666666667,965,6826518.320999996,76.812848695486,22.24014749942383
12383.0,1850.56,5,1532,2010-12-22 14:28:00,2011-06-08 08:02:00,370.11199999999997,966,6828368.880999995,76.83367143097102,22.26319428439733
17873.0,1848.96,5,1035,2010-12-01 14:54:00,2011-09-20 16:41:00,369.79200000000003,967,6830217.840999995,76.85447616305343,22.286241069370824
12381.0,1845.31,5,808,2011-08-12 09:57:00,2011-12-05 12:44:00,369.062,968,6832063.150999995,76.87523982487357,22.30928785434432
17519.0,1844.02,6,1236,2010-12-06 15:18:00,2011-11-22 16:43:00,307.33666666666664,969,6833907.1709999945,76.89598897145034,22.332334639317818
14524.0,1843.83,9,669,2010-12-14 11:01:00,2011-11-08 12:29:00,204.87,970,6835751.000999995,76.91673598012305,22.355381424291313
18180.0,1843.75,6,1721,2011-07-20 08:59:00,2011-12-05 08:39:00,307.2916666666667,971,6837594.750999995,76.93748208862563,22.378428209264808
12950.0,1843.0,3,1380,2011-11-15 13:48:00,2011-12-07 13:17:00,614.3333333333334,972,6839437.750999995,76.95821975803322,22.401474994238306
16102.0,1842.14,3,942,2011-08-03 12:50:00,2011-10-28 13:19:00,614.0466666666667,973,6841279.890999994,76.9789477506119,22.4245217792118
16455.0,1841.18,7,988,2010-12-03 16:44:00,2011-10-07 12:17:00,263.0257142857143,974,6843121.070999994,76.99966494114899,22.447568564185296
14113.0,1840.42,4,745,2010-12-20 12:14:00,2011-12-06 12:18:00,460.105,975,6844961.490999994,77.02037358006983,22.47061534915879
14216.0,1839.3,4,594,2011-11-02 10:51:00,2011-12-06 14:56:00,459.825,976,6846800.790999994,77.04106961660884,22.49366213413229
13924.0,1838.8500000000001,6,1575,2011-09-28 15:07:00,2011-12-08 09:39:00,306.475,977,6848639.640999993,77.06176058969085,22.516708919105785
17015.0,1838.6100000000001,3,1978,2011-06-07 13:19:00,2011-11-11 10:45:00,612.87,978,6850478.250999994,77.08244886226248,22.53975570407928
14459.0,1837.92,1,760,2011-07-07 13:35:00,2011-07-07 13:35:00,1837.92,979,6852316.170999994,77.10312937086671,22.56280248905278
18287.0,1837.28,3,1586,2011-05-22 10:39:00,2011-10-28 09:29:00,612.4266666666666,980,6854153.450999994,77.1238026781099,22.585849274026273
13650.0,1836.34,6,922,2011-03-17 12:37:00,2011-11-23 12:22:00,306.0566666666667,981,6855989.790999994,77.14446540835404,22.60889605899977
15827.0,1836.0900000000001,14,882,2010-12-02 13:06:00,2011-09-27 15:35:00,131.14928571428572,982,6857825.8809999935,77.16512532556649,22.631942843973267
14665.0,1835.7,5,740,2011-02-02 09:08:00,2011-10-10 09:14:00,367.14,983,6859661.580999994,77.18578085444958,22.654989628946762
13421.0,1833.71,2,1128,2011-02-22 15:46:00,2011-10-30 14:21:00,916.855,984,6861495.290999994,77.20641399160064,22.678036413920257
16152.0,1829.04,1,642,2011-03-16 09:47:00,2011-03-16 09:47:00,1829.04,985,6863324.330999994,77.22699458132027,22.701083198893755
15203.0,1827.8,6,1753,2011-02-01 12:29:00,2011-11-14 08:16:00,304.6333333333333,986,6865152.1309999935,77.24756121840285,22.72412998386725
17702.0,1824.37,4,1353,2011-05-17 16:23:00,2011-11-09 16:03:00,456.0925,987,6866976.500999994,77.26808926069104,22.747176768840745
16153.0,1824.23,5,1073,2010-12-20 09:22:00,2011-10-21 10:50:00,364.846,988,6868800.730999994,77.2886157276815,22.770223553814244
17705.0,1823.52,9,963,2011-02-11 10:57:00,2011-12-06 13:45:00,202.61333333333334,989,6870624.250999994,77.30913420566203,22.79327033878774
16169.0,1822.97,4,1325,2011-09-25 11:33:00,2011-12-01 15:28:00,455.7425,990,6872447.220999993,77.32964649497292,22.816317123761234
17828.0,1820.09,4,667,2011-06-08 08:31:00,2011-11-17 08:41:00,455.0225,991,6874267.310999993,77.35012637815906,22.83936390873473
13048.0,1819.41,4,1228,2011-01-16 14:36:00,2011-11-25 13:23:00,454.8525,992,6876086.720999993,77.37059860989909,22.862410693708227
17787.0,1817.54,4,896,2010-12-03 13:43:00,2011-07-10 11:24:00,454.385,993,6877904.260999993,77.39104980016229,22.885457478681722
17629.0,1814.12,8,1629,2010-12-15 09:58:00,2011-12-04 10:56:00,226.765,994,6879718.3809999935,77.41146250815237,22.908504263655217
15260.0,1810.77,7,885,2010-12-02 12:09:00,2011-08-31 13:55:00,258.68142857142857,995,6881529.150999993,77.43183752151818,22.931551048628716
16474.0,1810.65,7,909,2011-07-17 14:51:00,2011-12-02 13:02:00,258.6642857142857,996,6883339.800999993,77.4522111846288,22.954597833602215
13481.0,1804.56,5,1142,2011-03-28 09:07:00,2011-10-25 09:07:00,360.912,997,6885144.360999993,77.47251632228813,22.97764461857571
17663.0,1802.91,7,797,2011-02-25 14:11:00,2011-11-14 08:56:00,257.55857142857144,998,6886947.270999993,77.4928028939385,23.000691403549204
15812.0,1801.14,5,922,2011-01-26 12:12:00,2011-08-24 14:19:00,360.228,999,6888748.410999993,77.51306954932473,23.023738188522703
16249.0,1800.07,5,950,2011-04-14 13:50:00,2011-10-18 10:07:00,360.014,1000,6890548.480999993,77.53332416493542,23.046784973496198
13562.0,1799.33,3,757,2011-04-08 12:42:00,2011-09-19 10:51:00,599.7766666666666,1001,6892347.810999993,77.55357045397241,23.069831758469693
13196.0,1797.78,4,1224,2011-03-22 14:24:00,2011-11-28 13:54:00,449.445,1002,6894145.5909999935,77.5737993022131,23.09287854344319
17648.0,1797.5,4,487,2011-04-04 10:29:00,2011-10-10 09:41:00,449.375,1003,6895943.0909999935,77.59402499985832,23.115925328416687
12348.0,1797.24,4,2341,2010-12-16 19:09:00,2011-09-25 13:13:00,449.31,1004,6897740.330999994,77.61424777195063,23.13897211339018
18235.0,1796.48,3,1578,2011-05-06 13:35:00,2011-09-29 08:27:00,598.8266666666667,1005,6899536.810999994,77.63446199242668,23.16201889836368
13134.0,1793.58,4,1059,2011-04-13 12:57:00,2011-09-15 10:35:00,448.395,1006,6901330.390999994,77.65464358173546,23.185065683337175
18179.0,1793.17,6,1360,2011-01-07 14:22:00,2011-11-30 16:23:00,298.8616666666667,1007,6903123.560999994,77.67482055767229,23.20811246831067
18122.0,1793.06,6,1225,2011-07-12 11:37:00,2011-12-01 13:08:00,298.8433333333333,1008,6904916.620999994,77.69499629587521,23.23115925328417
13510.0,1791.56,4,1386,2011-06-09 09:32:00,2011-12-08 13:46:00,447.89,1009,6906708.180999993,77.71515515588816,23.254206038257664
12523.0,1789.77,11,865,2011-01-12 09:43:00,2011-11-20 12:55:00,162.70636363636365,1010,6908497.950999993,77.73529387459442,23.27725282323116
14215.0,1789.72,6,1358,2010-12-06 15:34:00,2011-11-28 12:19:00,298.2866666666667,1011,6910287.670999993,77.75543203069434,23.300299608204654
14621.0,1788.3600000000001,5,993,2010-12-16 13:00:00,2011-12-08 16:22:00,357.672,1012,6912076.030999993,77.77555488390202,23.323346393178152
13875.0,1786.79,5,1316,2011-02-11 15:39:00,2011-10-17 09:36:00,357.358,1013,6913862.820999993,77.79566007127087,23.346393178151647
14608.0,1785.15,4,437,2010-12-12 14:49:00,2011-12-05 16:52:00,446.2875,1014,6915647.970999993,77.81574680515203,23.369439963125142
14935.0,1784.71,1,935,2011-02-15 14:44:00,2011-02-15 14:44:00,1784.71,1015,6917432.680999993,77.83582858809747,23.39248674809864
15220.0,1778.96,6,1393,2011-03-04 10:24:00,2011-10-19 12:39:00,296.49333333333334,1016,6919211.640999993,77.85584567131468,23.415533533072136
12645.0,1775.18,4,1084,2011-01-27 13:08:00,2011-11-06 12:38:00,443.795,1017,6920986.820999993,77.87582022149317,23.43858031804563
17092.0,1774.03,4,1130,2011-03-07 14:51:00,2011-10-20 19:51:00,443.5075,1018,6922760.850999993,77.89578183172603,23.46162710301913
15594.0,1771.78,5,983,2011-04-19 10:08:00,2011-11-24 08:53:00,354.356,1019,6924532.6309999935,77.91571812467394,23.484673887992624
15473.0,1771.2,7,672,2011-10-10 11:12:00,2011-11-25 15:15:00,253.02857142857144,1020,6926303.830999994,77.9356478913884,23.50772067296612
16681.0,1770.34,6,1407,2011-03-31 13:46:00,2011-09-28 11:11:00,295.0566666666667,1021,6928074.170999994,77.95556798127392,23.530767457939618
16719.0,1770.22,7,1175,2010-12-06 12:06:00,2011-11-25 09:27:00,252.88857142857142,1022,6929844.390999993,77.97548672090426,23.553814242913113
13456.0,1766.72,6,765,2011-05-16 15:34:00,2011-11-22 09:18:00,294.4533333333333,1023,6931611.110999993,77.99536607809134,23.576861027886608
16751.0,1764.72,1,1031,2011-11-09 10:48:00,2011-11-09 10:48:00,1764.72,1024,6933375.830999993,78.01522293102512,23.599907812860106
12424.0,1760.96,2,740,2011-06-30 12:06:00,2011-06-30 12:06:00,880.48,1025,6935136.790999993,78.03503747596272,23.6229545978336
12823.0,1759.5,5,230,2011-02-16 12:15:00,2011-09-26 07:35:00,351.9,1026,6936896.290999993,78.05483559279541,23.6460013828071
12349.0,1757.55,1,631,2011-11-21 09:51:00,2011-11-21 09:51:00,1757.55,1027,6938653.840999993,78.07461176798115,23.669048167780595
15241.0,1756.44,8,1818,2011-03-01 11:02:00,2011-10-04 09:05:00,219.555,1028,6940410.280999993,78.09437545330631,23.692094952754093
16359.0,1750.92,9,1183,2011-01-12 10:49:00,2011-12-02 17:04:00,194.54666666666668,1029,6942161.200999993,78.11407702689239,23.71514173772759
13808.0,1747.66,5,782,2011-09-04 12:07:00,2011-12-04 12:18:00,349.53200000000004,1030,6943908.860999993,78.13374191854562,23.738188522701083
15067.0,1744.76,3,954,2011-03-02 12:10:00,2011-09-22 13:20:00,581.5866666666667,1031,6945653.620999993,78.15337417903156,23.761235307674582
15950.0,1744.71,4,719,2010-12-15 11:56:00,2011-11-08 11:09:00,436.1775,1032,6947398.330999993,78.17300587691116,23.784282092648077
16380.0,1743.1499999999999,1,1428,2011-10-09 15:40:00,2011-10-09 15:40:00,1743.1499999999999,1033,6949141.480999993,78.19262002147322,23.807328877621572
13157.0,1741.22,4,1439,2011-02-14 14:03:00,2011-10-21 13:50:00,435.305,1034,6950882.700999993,78.21221244943082,23.830375662595067
14595.0,1740.6,6,978,2011-01-30 13:36:00,2011-11-20 12:12:00,290.09999999999997,1035,6952623.3009999925,78.23179790106992,23.853422447568565
17930.0,1740.48,5,1594,2011-04-14 15:46:00,2011-11-04 10:23:00,348.096,1036,6954363.780999993,78.25138200245382,23.87646923254206
17353.0,1740.0,2,1200,2011-07-08 16:17:00,2011-08-02 17:19:00,870.0,1037,6956103.780999993,78.27096070281694,23.899516017515555
17457.0,1737.7,5,826,2011-01-04 14:33:00,2011-08-05 12:48:00,347.54,1038,6957841.480999993,78.29051352328877,23.922562802489054
15050.0,1737.69,3,1216,2011-09-29 13:22:00,2011-11-14 16:17:00,579.23,1039,6959579.170999994,78.31006623123933,23.94560958746255
14673.0,1736.4,5,1004,2010-12-07 12:49:00,2011-12-06 14:31:00,347.28000000000003,1040,6961315.570999994,78.32960442394652,23.968656372436044
17043.0,1735.18,4,998,2011-03-18 14:53:00,2011-11-07 15:33:00,433.795,1041,6963050.750999994,78.3491288890592,23.991703157409543
14387.0,1727.6,3,795,2011-08-22 14:13:00,2011-11-07 12:29:00,575.8666666666667,1042,6964778.350999993,78.3685680630519,24.014749942383038
13564.0,1724.67,3,636,2010-12-06 17:26:00,2011-07-18 14:33:00,574.89,1043,6966503.020999993,78.38797426831354,24.037796727356533
17451.0,1721.4,7,1203,2011-08-26 11:54:00,2011-12-08 15:02:00,245.91428571428574,1044,6968224.420999994,78.40734367912104,24.06084351233003
14834.0,1720.3,6,734,2011-04-13 15:00:00,2011-11-22 10:30:00,286.71666666666664,1045,6969944.720999993,78.42670071258924,24.083890297303526
15267.0,1717.36,5,944,2011-06-10 10:24:00,2011-11-17 15:59:00,343.472,1046,6971662.080999994,78.44602466480511,24.10693708227702
17162.0,1715.46,10,1001,2011-02-07 12:27:00,2011-11-11 11:34:00,171.546,1047,6973377.540999994,78.46532723798033,24.12998386725052
13763.0,1714.96,1,728,2011-10-07 15:13:00,2011-10-07 15:13:00,1714.96,1048,6975092.500999994,78.48462418509224,24.153030652224015
17147.0,1714.59,4,882,2011-02-01 09:36:00,2011-11-17 12:32:00,428.6475,1049,6976807.0909999935,78.50391696891728,24.17607743719751
14441.0,1712.89,4,446,2011-03-29 12:01:00,2011-12-09 09:07:00,428.2225,1050,6978519.980999993,78.52319062412704,24.199124222171005
17750.0,1710.45,9,3747,2011-06-28 15:44:00,2011-12-04 14:09:00,190.05,1051,6980230.430999993,78.54243682414777,24.222171007144503
12405.0,1710.39,1,857,2011-07-14 08:52:00,2011-07-14 08:52:00,1710.39,1052,6981940.820999993,78.56168234904091,24.245217792117998
15947.0,1708.24,1,898,2011-09-18 10:46:00,2011-09-18 10:46:00,1708.24,1053,6983649.060999993,78.58090368186177,24.268264577091493
12407.0,1708.1200000000001,5,1416,2011-03-20 13:21:00,2011-10-21 10:11:00,341.624,1054,6985357.180999993,78.60012366442743,24.29131136206499
16902.0,1706.88,1,629,2011-08-15 14:17:00,2011-08-15 14:17:00,1706.88,1055,6987064.060999993,78.61932969435603,24.314358147038487
15240.0,1706.57,5,1369,2011-02-01 08:23:00,2011-10-26 09:50:00,341.31399999999996,1056,6988770.6309999935,78.63853223612539,24.337404932011985
16398.0,1705.8,2,758,2011-03-31 09:38:00,2011-07-08 15:16:00,852.9,1057,6990476.430999993,78.65772611375722,24.36045171698548
16791.0,1705.78,7,757,2011-01-11 15:42:00,2011-11-10 19:12:00,243.68285714285713,1058,6992182.210999994,78.67691976634653,24.38349850195898
12843.0,1702.26,8,781,2011-03-20 14:38:00,2011-10-05 12:09:00,212.7825,1059,6993884.470999993,78.69607381145003,24.406545286932474
17193.0,1699.3000000000002,7,1254,2011-06-16 10:04:00,2011-11-04 12:47:00,242.7571428571429,1060,6995583.770999993,78.71519455025867,24.42959207190597
13824.0,1698.94,5,768,2011-02-02 13:07:00,2011-11-07 12:41:00,339.788,1061,6997282.710999994,78.73431123830173,24.452638856879467
17813.0,1698.07,5,752,2011-09-29 15:57:00,2011-11-25 16:13:00,339.614,1062,6998980.780999994,78.7534181369946,24.475685641852962
12764.0,1693.88,1,386,2011-01-27 10:19:00,2011-01-27 10:19:00,1693.88,1063,7000674.660999994,78.77247788927681,24.498732426826457
16007.0,1693.81,4,1388,2011-05-08 13:32:00,2011-10-23 11:05:00,423.4525,1064,7002368.470999993,78.79153685391017,24.521779211799956
14245.0,1693.45,2,976,2011-03-21 10:41:00,2011-05-04 08:40:00,846.725,1065,7004061.920999994,78.81059176777794,24.54482599677345
16671.0,1692.27,3,875,2011-06-28 11:20:00,2011-11-11 13:40:00,564.09,1066,7005754.190999993,78.82963340413626,24.567872781746946
16775.0,1691.51,11,439,2010-12-07 15:15:00,2011-11-29 15:22:00,153.77363636363637,1067,7007445.700999993,78.84866648887832,24.590919566720444
15380.0,1690.2600000000002,5,376,2010-12-09 15:01:00,2011-12-01 12:13:00,338.052,1068,7009135.960999993,78.86768550846209,24.61396635169394
17152.0,1689.5,3,517,2011-03-21 16:20:00,2011-05-29 12:19:00,563.1666666666666,1069,7010825.460999993,78.88669597642959,24.637013136667434
12635.0,1689.18,2,1172,2011-07-08 08:43:00,2011-09-11 11:04:00,844.59,1070,7012514.640999992,78.90570284371658,24.66005992164093
13162.0,1688.29,4,1713,2011-01-09 10:43:00,2011-08-09 15:59:00,422.0725,1071,7014202.930999992,78.92469969661086,24.683106706614428
13577.0,1687.6000000000001,4,791,2011-04-12 10:33:00,2011-11-14 15:19:00,421.90000000000003,1072,7015890.530999992,78.94368878553774,24.706153491587923
17282.0,1685.46,3,1866,2011-02-13 11:36:00,2011-08-01 14:29:00,561.82,1073,7017575.990999992,78.9626537949136,24.729200276561418
15549.0,1681.46,3,694,2011-01-27 15:38:00,2011-09-23 16:22:00,560.4866666666667,1074,7019257.450999992,78.98157379578291,24.752247061534916
16638.0,1680.72,10,1255,2010-12-06 10:19:00,2011-11-17 11:09:00,168.072,1075,7020938.170999992,79.00048547007846,24.77529384650841
13149.0,1676.06,4,1280,2011-02-23 13:57:00,2011-11-25 13:09:00,419.015,1076,7022614.230999991,79.01934470946385,24.798340631481906
17656.0,1674.69,5,1399,2011-08-03 10:45:00,2011-09-27 13:04:00,334.938,1077,7024288.920999992,79.03818853343576,24.821387416455405
13184.0,1668.95,10,1662,2011-02-22 17:25:00,2011-11-25 12:02:00,166.895,1078,7025957.870999992,79.05696777020071,24.8444342014289
17754.0,1664.65,5,1816,2011-03-24 13:54:00,2011-12-09 11:20:00,332.93,1079,7027622.520999992,79.0756986228211,24.867480986402395
12912.0,1662.3,5,670,2011-10-30 11:35:00,2011-12-07 08:55:00,332.46,1080,7029284.820999992,79.09440303294384,24.890527771375893
12530.0,1662.28,4,913,2011-01-07 10:04:00,2011-10-11 12:34:00,415.57,1081,7030947.100999992,79.11310721802407,24.91357455634939
15214.0,1661.44,8,1254,2011-04-11 09:46:00,2011-12-08 12:07:00,207.68,1082,7032608.540999993,79.13180195131791,24.936621341322883
15332.0,1661.06,4,652,2010-12-05 12:00:00,2010-12-08 14:43:00,415.265,1083,7034269.600999992,79.15049240880363,24.959668126296382
12967.0,1660.9,2,438,2010-12-03 09:49:00,2010-12-16 19:10:00,830.45,1084,7035930.500999993,79.16918106594909,24.982714911269877
16115.0,1660.8799999999999,8,994,2011-02-20 12:14:00,2011-11-30 11:32:00,207.60999999999999,1085,7037591.380999993,79.18786949805201,25.005761696243372
14045.0,1659.75,4,535,2010-12-01 11:32:00,2011-08-22 15:27:00,414.9375,1086,7039251.130999993,79.20654521525182,25.02880848121687
15953.0,1657.28,8,891,2010-12-05 15:15:00,2011-11-24 15:32:00,207.16,1087,7040908.410999993,79.22519313969883,25.051855266190366
15826.0,1654.31,3,963,2011-05-13 10:44:00,2011-10-14 16:05:00,551.4366666666666,1088,7042562.720999992,79.24380764532968,25.07490205116386
16813.0,1652.18,10,1501,2011-05-19 13:28:00,2011-12-01 14:03:00,165.21800000000002,1089,7044214.900999992,79.26239818393078,25.097948836137355
16711.0,1651.03,5,833,2010-12-17 12:43:00,2011-12-06 16:32:00,330.206,1090,7045865.930999992,79.28097578258625,25.120995621110854
14837.0,1649.5,4,1436,2011-05-22 12:49:00,2011-09-11 10:58:00,412.375,1091,7047515.430999992,79.29953616548795,25.14404240608435
13647.0,1648.1200000000001,4,887,2011-04-19 09:49:00,2011-11-30 12:00:00,412.03000000000003,1092,7049163.5509999925,79.31808102045488,25.167089191057844
17284.0,1647.48,6,1362,2011-01-07 14:31:00,2011-10-10 14:38:00,274.58,1093,7050811.030999993,79.33661867406076,25.190135976031343
13750.0,1647.26,5,516,2011-01-07 11:49:00,2011-10-17 12:16:00,329.452,1094,7052458.290999993,79.35515385219875,25.213182761004838
13012.0,1646.8400000000001,8,820,2011-02-18 09:43:00,2011-11-30 13:05:00,205.85500000000002,1095,7054105.130999993,79.37368430444359,25.236229545978333
12657.0,1643.18,4,1044,2011-09-22 11:40:00,2011-11-28 15:47:00,410.795,1096,7055748.310999992,79.39217357390487,25.25927633095183
15002.0,1641.76,4,862,2010-12-07 13:16:00,2011-08-16 10:44:00,410.44,1097,7057390.070999992,79.41064686534632,25.282323115925326
14573.0,1639.82,9,534,2010-12-02 19:59:00,2011-06-13 11:15:00,182.20222222222222,1098,7059029.890999992,79.42909832766209,25.30536990089882
13627.0,1638.47,5,1269,2010-12-17 09:52:00,2011-10-11 14:20:00,327.694,1099,7060668.360999992,79.4475345996069,25.32841668587232
15024.0,1636.43,10,902,2010-12-07 13:20:00,2011-11-30 12:06:00,163.643,1100,7062304.790999992,79.46594791721333,25.351463470845818
12398.0,1635.6599999999999,1,1394,2011-10-25 10:27:00,2011-10-25 10:27:00,1635.6599999999999,1101,7063940.450999992,79.48435257068226,25.374510255819317
15122.0,1633.78,3,800,2011-02-15 09:59:00,2011-08-17 16:48:00,544.5933333333334,1102,7065574.230999992,79.50273607015309,25.39755704079281
14164.0,1631.77,2,1033,2011-09-20 12:18:00,2011-09-30 12:24:00,815.885,1103,7067206.000999992,79.52109695284936,25.420603825766307
12377.0,1628.12,2,944,2010-12-20 09:37:00,2011-01-28 15:45:00,814.06,1104,7068834.120999992,79.53941676528336,25.443650610739805
14759.0,1625.97,3,569,2011-04-21 10:55:00,2011-12-05 12:03:00,541.99,1105,7070460.090999992,79.55771238564509,25.4666973957133
13425.0,1624.21,3,1123,2011-02-18 08:34:00,2011-08-23 17:13:00,541.4033333333333,1106,7072084.300999992,79.57598820226393,25.489744180686795
16515.0,1624.14,5,826,2011-02-01 13:09:00,2011-10-18 13:10:00,324.82800000000003,1107,7073708.440999991,79.5942632312339,25.512790965660294
15172.0,1624.05,5,1611,2011-04-17 11:56:00,2011-12-01 11:51:00,324.81,1108,7075332.490999991,79.61253724751246,25.53583775063379
14937.0,1621.88,3,484,2011-08-01 14:16:00,2011-10-14 12:29:00,540.6266666666667,1109,7076954.370999991,79.6307868466762,25.558884535607284
17101.0,1621.73,4,815,2011-06-14 14:49:00,2011-11-29 13:57:00,405.4325,1110,7078576.100999991,79.64903475802096,25.581931320580782
18161.0,1618.69,5,812,2011-01-24 11:56:00,2011-11-24 16:40:00,323.738,1111,7080194.790999992,79.66724846290072,25.604978105554277
16987.0,1616.8,7,401,2011-05-18 15:55:00,2011-12-06 17:26:00,230.97142857142856,1112,7081811.590999992,79.6854409012611,25.628024890527772
14336.0,1614.91,4,1759,2011-03-08 16:48:00,2011-11-23 11:40:00,403.7275,1113,7083426.500999992,79.70361207310214,25.65107167550127
16992.0,1614.31,5,860,2011-02-28 10:37:00,2011-11-29 11:50:00,322.86199999999997,1114,7085040.810999991,79.72177649366718,25.674118460474766
15791.0,1612.69,2,731,2011-05-19 15:15:00,2011-10-27 10:14:00,806.345,1115,7086653.500999992,79.73992268578705,25.69716524544826
14312.0,1611.59,6,1012,2011-01-06 16:35:00,2011-10-24 09:46:00,268.5983333333333,1116,7088265.090999992,79.75805650056762,25.720212030421756
14918.0,1610.15,2,675,2011-07-08 12:50:00,2011-08-16 11:50:00,805.075,1117,7089875.240999992,79.77617411228583,25.743258815395254
12868.0,1607.0600000000002,6,928,2010-12-01 12:50:00,2011-06-07 10:42:00,267.84333333333336,1118,7091482.300999992,79.79425695493268,25.76630560036875
16817.0,1604.75,9,822,2010-12-06 14:19:00,2011-12-07 11:03:00,178.30555555555554,1119,7093087.050999992,79.812313805167,25.789352385342244
12947.0,1603.99,6,1165,2010-12-01 16:21:00,2011-07-19 10:06:00,267.33166666666665,1120,7094691.040999992,79.83036210378506,25.812399170315743
15660.0,1600.86,9,1050,2010-12-09 09:49:00,2011-11-14 16:58:00,177.87333333333333,1121,7096291.900999992,79.84837518324672,25.835445955289238
14178.0,1600.26,7,1494,2011-06-10 12:51:00,2011-12-01 12:01:00,228.60857142857142,1122,7097892.160999992,79.8663815114324,25.858492740262733
16496.0,1599.52,3,1111,2011-01-27 09:42:00,2011-12-01 10:31:00,533.1733333333333,1123,7099491.6809999915,79.88437951304434,25.88153952523623
16466.0,1595.96,7,785,2011-02-20 11:39:00,2011-11-06 11:35:00,227.99428571428572,1124,7101087.640999991,79.90233745708544,25.904586310209726
13850.0,1595.48,1,944,2011-08-02 14:04:00,2011-08-02 14:04:00,1595.48,1125,7102683.120999992,79.92029000010575,25.92763309518322
17673.0,1594.97,6,1462,2011-01-23 15:16:00,2011-12-08 12:50:00,265.8283333333333,1126,7104278.090999992,79.93823680454146,25.95067988015672
16801.0,1594.23,4,493,2011-03-11 13:56:00,2011-06-29 15:33:00,398.5575,1127,7105872.320999992,79.95617528240348,25.973726665130215
16676.0,1592.1200000000001,4,636,2011-01-06 13:00:00,2011-11-06 12:01:00,398.03000000000003,1128,7107464.440999992,79.97409001827826,25.99677345010371
14970.0,1592.06,4,250,2011-01-27 12:23:00,2011-10-02 13:44:00,398.015,1129,7109056.500999992,79.99200407902542,26.019820235077205
15611.0,1591.45,13,504,2011-01-09 11:32:00,2011-11-30 12:36:00,122.41923076923078,1130,7110647.950999992,80.00991127597536,26.042867020050704
18178.0,1590.81,4,983,2010-12-10 12:42:00,2011-08-03 09:30:00,397.7025,1131,7112238.760999992,80.02781127156423,26.0659138050242
14442.0,1589.82,2,482,2011-01-27 09:33:00,2011-05-19 11:36:00,794.91,1132,7113828.580999992,80.04570012754772,26.088960589997694
13614.0,1585.46,4,564,2011-01-13 12:37:00,2011-11-15 14:47:00,396.365,1133,7115414.040999992,80.06353992425905,26.112007374971192
16332.0,1582.8,7,797,2011-02-07 14:16:00,2011-11-11 14:22:00,226.1142857142857,1134,7116996.840999992,80.08134979031348,26.135054159944687
12393.0,1582.6000000000001,4,816,2011-01-11 09:47:00,2011-09-28 15:41:00,395.65000000000003,1135,7118579.440999991,80.0991574059426,26.158100944918182
14719.0,1581.84,5,1025,2011-04-04 14:17:00,2011-12-08 12:43:00,316.368,1136,7120161.280999991,80.11695646995545,26.18114772989168
14587.0,1580.29,9,749,2011-01-12 13:16:00,2011-11-21 11:34:00,175.58777777777777,1137,7121741.570999991,80.13473809317202,26.204194514865176
12607.0,1579.51,1,1228,2011-10-10 16:06:00,2011-10-10 16:06:00,1579.51,1138,7123321.080999991,80.15251093972981,26.22724129983867
13814.0,1579.12,2,864,2011-07-25 13:54:00,2011-09-08 13:48:00,789.56,1139,7124900.200999991,80.17027939795818,26.25028808481217
16889.0,1578.67,3,925,2011-01-07 10:47:00,2011-05-29 11:05:00,526.2233333333334,1140,7126478.870999991,80.18804279272959,26.273334869785664
13186.0,1575.89,3,820,2011-08-03 09:09:00,2011-10-31 11:40:00,525.2966666666667,1141,7128054.760999991,80.20577490658891,26.29638165475916
17671.0,1572.71,4,772,2010-12-09 14:27:00,2011-11-24 12:21:00,393.1775,1142,7129627.470999991,80.22347123868549,26.319428439732658
16283.0,1570.81,5,1236,2011-05-15 13:37:00,2011-12-04 12:08:00,314.162,1143,7131198.28099999,80.24114619174146,26.342475224706153
12865.0,1568.23,2,925,2011-08-08 10:11:00,2011-11-13 14:31:00,784.115,1144,7132766.510999991,80.25879211431068,26.365522009679648
15906.0,1567.69,7,544,2011-03-29 13:28:00,2011-11-20 12:24:00,223.9557142857143,1145,7134334.200999991,80.27643196073151,26.388568794653146
15111.0,1567.48,3,710,2010-12-02 11:45:00,2011-11-10 16:58:00,522.4933333333333,1146,7135901.6809999915,80.29406944420576,26.41161557962664
15532.0,1564.73,4,515,2010-12-16 16:45:00,2011-11-14 14:51:00,391.1825,1147,7137466.410999992,80.31167598433171,26.434662364600136
17204.0,1564.56,4,646,2011-03-21 12:42:00,2011-06-17 14:46:00,391.14,1148,7139030.9709999915,80.32928061159615,26.45770914957363
13659.0,1563.0,2,882,2011-01-23 12:08:00,2011-05-18 12:37:00,781.5,1149,7140593.9709999915,80.34686768554302,26.48075593454713
17085.0,1562.4,5,785,2010-12-12 12:24:00,2011-08-08 14:15:00,312.48,1150,7142156.370999992,80.3644480082139,26.503802719520625
18239.0,1561.6100000000001,5,795,2010-12-02 17:48:00,2011-05-05 12:38:00,312.322,1151,7143717.980999992,80.38201944170473,26.52684950449412
14038.0,1560.38,3,965,2011-05-16 14:05:00,2011-09-22 13:37:00,520.1266666666667,1152,7145278.360999992,80.39957703507977,26.54989628946762
16394.0,1555.34,5,2604,2011-02-23 10:58:00,2011-10-14 09:48:00,311.068,1153,7146833.700999992,80.41707791773653,26.572943074441113
13313.0,1555.32,5,851,2011-01-04 10:00:00,2011-11-17 16:48:00,311.06399999999996,1154,7148389.020999992,80.43457857535076,26.59598985941461
15620.0,1553.18,3,915,2010-12-16 14:34:00,2011-10-14 12:41:00,517.7266666666667,1155,7149942.200999992,80.45205515341397,26.619036644388107
15117.0,1551.78,5,1948,2011-05-08 12:38:00,2011-11-25 08:12:00,310.356,1156,7151493.980999992,80.46951597849986,26.642083429361602
13634.0,1547.3600000000001,5,700,2011-01-16 15:30:00,2011-11-06 13:40:00,309.47200000000004,1157,7153041.340999993,80.486927069186,26.665130214335097
14229.0,1547.2,3,610,2011-01-10 12:03:00,2011-10-19 10:04:00,515.7333333333333,1158,7154588.540999993,80.50433635953186,26.688176999308595
16790.0,1545.6200000000001,6,898,2011-11-02 11:23:00,2011-12-06 11:53:00,257.60333333333335,1159,7156134.160999993,80.52172787151764,26.71122378428209
16369.0,1545.41,3,1030,2011-05-27 09:39:00,2011-11-21 16:25:00,515.1366666666667,1160,7157679.570999993,80.5391170205568,26.734270569255592
13397.0,1544.13,5,430,2011-01-04 13:50:00,2011-09-28 10:56:00,308.826,1161,7159223.700999993,80.55649176687386,26.757317354229087
12818.0,1542.08,1,929,2011-03-23 12:06:00,2011-03-23 12:06:00,1542.08,1162,7160765.780999993,80.57384344633131,26.780364139202582
17837.0,1541.23,8,510,2011-06-29 16:44:00,2011-10-28 16:13:00,192.65375,1163,7162307.010999993,80.5911855614811,26.80341092417608
16365.0,1540.42,9,504,2010-12-07 17:19:00,2011-11-22 11:24:00,171.1577777777778,1164,7163847.430999993,80.60851856240832,26.826457709149576
17159.0,1538.88,3,1111,2011-06-21 09:49:00,2011-11-18 10:52:00,512.96,1165,7165386.310999993,80.6258342350605,26.84950449412307
13849.0,1537.95,2,1016,2011-06-22 10:11:00,2011-10-19 10:59:00,768.975,1166,7166924.260999993,80.64313944323487,26.87255127909657
12877.0,1535.77,12,1178,2010-12-16 12:23:00,2011-12-06 10:30:00,127.98083333333334,1167,7168460.030999993,80.66042012177319,26.895598064070064
15392.0,1535.53,4,1277,2010-12-14 15:50:00,2011-12-05 11:01:00,383.8825,1168,7169995.560999993,80.67769809980109,26.91864484904356
15625.0,1534.26,4,1188,2011-04-18 14:01:00,2011-08-28 10:21:00,383.565,1169,7171529.820999993,80.69496178762817,26.941691634017058
13320.0,1532.2,4,1086,2011-05-10 10:29:00,2011-09-22 18:07:00,383.05,1170,7173062.020999993,80.71220229607435,26.964738418990553
13107.0,1531.6200000000001,4,1293,2011-01-10 12:28:00,2011-10-26 14:52:00,382.90500000000003,1171,7174593.640999993,80.72943627828708,26.987785203964048
12759.0,1531.44,3,902,2011-03-09 08:09:00,2011-10-18 14:49:00,510.48,1172,7176125.080999994,80.74666823511703,27.010831988937547
14321.0,1530.75,5,2406,2011-01-10 11:35:00,2011-11-29 09:47:00,306.15,1173,7177655.830999994,80.76389242797957,27.03387877391104
14567.0,1530.3600000000001,2,412,2011-08-01 13:48:00,2011-10-14 10:21:00,765.1800000000001,1174,7179186.190999994,80.78111223251273,27.056925558884537
15701.0,1529.0,4,912,2011-08-21 12:36:00,2011-12-07 14:39:00,382.25,1175,7180715.190999994,80.79831673415364,27.07997234385803
16244.0,1522.75,2,855,2010-12-02 11:41:00,2011-05-12 10:18:00,761.375,1176,7182237.940999994,80.81545091000302,27.10301912883153
16066.0,1521.04,5,935,2011-08-07 14:33:00,2011-11-23 11:54:00,304.20799999999997,1177,7183758.980999994,80.83256584471586,27.126065913805025
13213.0,1520.58,5,1360,2011-05-24 12:22:00,2011-10-14 11:42:00,304.116,1178,7185279.560999994,80.84967560345041,27.14911269877852
13764.0,1519.42,3,926,2011-01-06 14:53:00,2011-09-30 12:03:00,506.47333333333336,1179,7186798.980999994,80.86677230971806,27.17215948375202
14267.0,1516.24,3,530,2011-03-24 11:38:00,2011-06-30 10:09:00,505.41333333333336,1180,7188315.220999994,80.88383323422299,27.195206268725514
13791.0,1516.0,2,1200,2011-06-24 16:38:00,2011-08-04 11:44:00,758.0,1181,7189831.220999994,80.90089145821752,27.21825305369901
16748.0,1515.9,5,880,2011-01-09 13:50:00,2011-11-22 10:17:00,303.18,1182,7191347.120999995,80.91794855699939,27.241299838672507
16053.0,1511.95,2,1793,2011-08-09 14:57:00,2011-11-07 11:21:00,755.975,1183,7192859.070999995,80.934961209881,27.264346623646002
16434.0,1511.8,7,760,2011-02-13 12:17:00,2011-11-10 14:28:00,215.97142857142856,1184,7194370.870999995,80.9519721749436,27.287393408619497
16910.0,1508.96,8,884,2011-09-09 14:14:00,2011-12-05 12:51:00,188.62,1185,7195879.830999995,80.96895118396655,27.310440193592996
15265.0,1506.1200000000001,2,612,2011-04-18 12:16:00,2011-07-11 14:46:00,753.0600000000001,1186,7197385.950999995,80.98589823694982,27.33348697856649
12937.0,1504.27,4,1007,2011-03-17 14:19:00,2011-11-24 15:05:00,376.0675,1187,7198890.220999994,81.00282447349879,27.356533763539986
15916.0,1502.8600000000001,8,752,2010-12-08 13:07:00,2011-11-23 13:46:00,187.85750000000002,1188,7200393.080999995,81.01973484454919,27.37958054851348
16279.0,1502.78,3,1046,2011-06-16 11:50:00,2011-11-18 15:00:00,500.9266666666667,1189,7201895.860999995,81.03664431542947,27.40262733348698
13810.0,1499.01,3,312,2011-10-14 12:57:00,2011-11-11 08:33:00,499.67,1190,7203394.870999995,81.0535113657923,27.425674118460474
15530.0,1497.31,4,938,2011-04-07 11:16:00,2011-11-18 12:25:00,374.3275,1191,7204892.180999994,81.07035928753982,27.44872090343397
14414.0,1496.98,7,2512,2010-12-16 11:11:00,2011-09-09 12:09:00,213.8542857142857,1192,7206389.160999995,81.08720349608555,27.471767688407468
14704.0,1493.96,9,1043,2011-06-12 13:59:00,2011-11-28 12:51:00,165.99555555555557,1193,7207883.120999995,81.10401372320881,27.494814473380963
17002.0,1493.73,3,679,2011-02-22 11:46:00,2011-09-15 12:40:00,497.91,1194,7209376.850999995,81.12082136234294,27.517861258354458
16880.0,1491.43,7,746,2011-06-03 16:45:00,2011-11-09 11:33:00,213.0614285714286,1195,7210868.280999995,81.13760312158578,27.540908043327956
15057.0,1489.5,2,668,2011-01-28 09:09:00,2011-03-09 15:17:00,744.75,1196,7212357.780999995,81.15436316422421,27.56395482830145
13110.0,1488.67,7,388,2011-02-01 15:24:00,2011-11-08 14:30:00,212.66714285714286,1197,7213846.450999995,81.17111386759751,27.587001613274946
13692.0,1488.32,3,1226,2011-04-17 12:57:00,2011-11-15 11:17:00,496.1066666666666,1198,7215334.770999995,81.1878606327265,27.610048398248445
17553.0,1487.6,1,1048,2011-08-02 10:00:00,2011-08-02 10:00:00,1487.6,1199,7216822.370999995,81.20459929632429,27.63309518322194
14758.0,1484.06,4,419,2011-03-25 12:10:00,2011-07-18 08:21:00,371.015,1200,7218306.430999994,81.22129812739377,27.656141968195435
16395.0,1482.06,5,1472,2011-01-13 12:10:00,2011-10-10 12:50:00,296.412,1201,7219788.490999994,81.23797445420993,27.679188753168933
18016.0,1477.66,5,1027,2010-12-10 17:14:00,2011-11-07 13:25:00,295.53200000000004,1202,7221266.150999994,81.25460127166888,27.70223553814243
14878.0,1476.09,9,799,2010-12-16 12:11:00,2011-11-27 11:15:00,164.01,1203,7222742.240999994,81.27121042328898,27.725282323115923
14403.0,1475.81,4,519,2011-04-06 14:23:00,2011-08-01 12:57:00,368.9525,1204,7224218.050999993,81.28781642431362,27.748329108089422
16755.0,1475.43,3,1058,2011-01-28 10:47:00,2011-08-17 13:21:00,491.81,1205,7225693.480999993,81.30441814953014,27.771375893062917
12826.0,1474.72,7,1058,2010-12-09 15:21:00,2011-12-07 10:25:00,210.67428571428573,1206,7227168.200999993,81.32101188573672,27.794422678036412
14246.0,1474.06,3,804,2011-04-08 08:25:00,2011-08-21 11:50:00,491.3533333333333,1207,7228642.2609999925,81.33759819553974,27.817469463009907
14963.0,1472.34,5,1159,2011-06-09 12:30:00,2011-11-30 12:16:00,294.46799999999996,1208,7230114.600999992,81.35416515168492,27.840516247983405
15128.0,1471.0,4,1343,2011-05-04 12:32:00,2011-10-10 13:54:00,367.75,1209,7231585.600999992,81.37071702998041,27.8635630329569
17590.0,1468.02,3,822,2011-10-30 14:05:00,2011-12-07 12:55:00,489.34,1210,7233053.620999992,81.38723537693848,27.886609817930395
16016.0,1465.51,8,602,2010-12-08 12:36:00,2011-12-06 14:35:00,183.18875,1211,7234519.130999992,81.40372548105867,27.909656602903894
14875.0,1465.3200000000002,2,558,2011-03-22 11:53:00,2011-08-24 12:20:00,732.6600000000001,1212,7235984.450999992,81.42021344727482,27.93270338787739
15983.0,1465.12,4,886,2010-12-01 12:15:00,2011-11-17 17:34:00,366.28,1213,7237449.570999992,81.43669916306561,27.955750172850884
12882.0,1463.04,2,246,2011-11-06 11:22:00,2011-11-30 16:18:00,731.52,1214,7238912.610999992,81.453161474433,27.978796957824382
14233.0,1462.72,4,680,2011-01-26 12:43:00,2011-10-21 15:54:00,365.68,1215,7240375.330999992,81.46962018511985,28.001843742797877
17063.0,1461.14,7,770,2011-02-23 13:44:00,2011-11-18 16:19:00,208.73428571428573,1216,7241836.4709999915,81.48606111744661,28.024890527771372
16996.0,1456.96,6,544,2010-12-21 13:22:00,2011-11-09 16:43:00,242.82666666666668,1217,7243293.4309999915,81.50245501588398,28.04793731274487
13309.0,1456.79,5,1544,2011-02-04 12:29:00,2011-12-02 16:34:00,291.358,1218,7244750.2209999915,81.51884700145983,28.070984097718366
13477.0,1454.58,6,1021,2011-02-21 12:29:00,2011-11-02 12:04:00,242.42999999999998,1219,7246204.800999992,81.5352141198358,28.094030882691868
14541.0,1453.35,8,641,2011-01-24 14:16:00,2011-10-12 10:08:00,181.66875,1220,7247658.150999991,81.55156739809598,28.117077667665363
16059.0,1453.16,6,641,2010-12-07 10:36:00,2011-10-05 09:56:00,242.19333333333336,1221,7249111.310999991,81.5679185384521,28.140124452638858
14404.0,1449.32,6,827,2010-12-05 16:00:00,2011-11-06 12:30:00,241.5533333333333,1222,7250560.630999992,81.58422647064192,28.163171237612357
14740.0,1448.21,3,735,2011-03-01 08:35:00,2011-05-26 18:17:00,482.7366666666667,1223,7252008.840999992,81.60052191297115,28.18621802258585
17073.0,1446.09,4,759,2011-08-22 14:37:00,2011-11-22 11:47:00,361.5225,1224,7253454.9309999915,81.61679350079189,28.209264807559347
13717.0,1445.01,6,1959,2011-02-14 13:21:00,2011-11-07 14:13:00,240.835,1225,7254899.940999991,81.63305293631585,28.232311592532845
13461.0,1445.0,3,1170,2011-06-29 10:23:00,2011-11-01 09:01:00,481.6666666666667,1226,7256344.940999991,81.64931225931855,28.25535837750634
17175.0,1443.69,4,866,2011-02-16 14:56:00,2011-10-26 15:31:00,360.9225,1227,7257788.630999992,81.66555684203534,28.278405162479835
14071.0,1437.57,8,994,2011-03-20 11:33:00,2011-12-06 12:27:00,179.69625,1228,7259226.200999992,81.68173256173708,28.301451947453334
15987.0,1432.77,7,1533,2010-12-06 08:34:00,2011-11-27 15:38:00,204.68142857142857,1229,7260658.9709999915,81.69785427123088,28.32449873242683
14566.0,1432.0,1,800,2011-08-21 11:05:00,2011-08-21 11:05:00,1432.0,1230,7262090.9709999915,81.7139673165872,28.347545517400324
16503.0,1431.93,4,569,2010-12-14 13:50:00,2011-08-25 11:46:00,357.9825,1231,7263522.900999991,81.73007957429463,28.370592302373822
13475.0,1431.78,4,1012,2011-02-14 12:36:00,2011-06-01 13:52:00,357.945,1232,7264954.6809999915,81.74619014418309,28.393639087347317
15427.0,1430.54,3,967,2011-10-23 14:47:00,2011-11-06 14:29:00,476.84666666666664,1233,7266385.2209999915,81.7622867614345,28.416685872320812
16103.0,1429.64,6,558,2011-04-20 12:28:00,2011-12-02 14:16:00,238.27333333333334,1234,7267814.860999991,81.77837325177191,28.439732657294307
13159.0,1429.35,4,1058,2011-08-16 11:44:00,2011-12-01 11:20:00,357.3375,1235,7269244.210999991,81.7944564789926,28.462779442267806
14035.0,1428.02,5,739,2011-02-15 12:48:00,2011-11-11 10:03:00,285.604,1236,7270672.23099999,81.81052474088486,28.4858262272413
15858.0,1427.57,5,1163,2010-12-07 14:31:00,2011-11-24 12:48:00,285.514,1237,7272099.800999991,81.82658793932013,28.508873012214796
15681.0,1426.16,5,816,2011-03-04 13:46:00,2011-11-14 16:30:00,285.232,1238,7273525.960999991,81.84263527225683,28.531919797188294
17571.0,1425.67,4,876,2011-02-14 15:15:00,2011-10-20 15:57:00,356.4175,1239,7274951.630999991,81.85867709165147,28.55496658216179
15106.0,1422.52,5,1181,2011-03-15 12:52:00,2011-11-22 09:16:00,284.504,1240,7276374.15099999,81.87468346684717,28.578013367135284
16463.0,1422.4,4,1163,2011-05-19 14:45:00,2011-11-18 14:01:00,355.6,1241,7277796.550999991,81.89068849178769,28.601060152108783
16571.0,1421.69,3,1239,2011-03-03 09:41:00,2011-11-13 11:46:00,473.8966666666667,1242,7279218.240999991,81.90668552771828,28.624106937082278
14019.0,1421.61,3,1037,2011-07-24 15:39:00,2011-10-24 10:13:00,473.86999999999995,1243,7280639.850999991,81.92268166347874,28.647153722055773
14901.0,1421.29,9,661,2010-12-02 11:20:00,2011-11-28 17:09:00,157.92111111111112,1244,7282061.140999991,81.93867419855869,28.67020050702927
14443.0,1420.2,4,938,2010-12-06 11:03:00,2011-10-17 10:10:00,355.05,1245,7283481.340999992,81.95465446882058,28.693247292002766
16173.0,1418.32,6,575,2011-09-02 15:23:00,2011-11-24 10:53:00,236.38666666666666,1246,7284899.660999992,81.97061358508438,28.71629407697626
17856.0,1418.03,4,842,2011-03-03 11:40:00,2011-12-08 09:40:00,354.5075,1247,7286317.690999992,81.98656943823146,28.739340861949756
17288.0,1417.63,7,1201,2010-12-16 13:33:00,2011-11-30 16:09:00,202.51857142857145,1248,7287735.320999992,82.00252079052785,28.762387646923255
14748.0,1415.75,5,1223,2010-12-06 10:19:00,2011-11-10 18:33:00,283.15,1249,7289151.070999992,82.01845098882617,28.78543443189675
16348.0,1415.65,7,805,2011-04-13 15:49:00,2011-11-07 15:44:00,202.2357142857143,1250,7290566.720999992,82.03438006191183,28.808481216870245
16012.0,1415.29,3,799,2011-07-07 18:02:00,2011-11-04 13:25:00,471.7633333333333,1251,7291982.0109999925,82.0503050842319,28.831528001843743
16245.0,1413.66,3,1014,2011-03-28 09:30:00,2011-11-16 10:14:00,471.22,1252,7293395.670999993,82.06621176558554,28.85457478681724
15237.0,1412.32,4,1071,2011-04-26 15:04:00,2011-12-08 09:46:00,353.08,1253,7294807.990999993,82.08210336908945,28.877621571790733
15444.0,1411.21,2,759,2011-10-30 16:12:00,2011-11-30 17:37:00,705.605,1254,7296219.200999993,82.0979824827328,28.900668356764232
15596.0,1406.59,5,561,2010-12-09 16:10:00,2011-08-31 10:55:00,281.318,1255,7297625.790999993,82.11380961155105,28.923715141737727
17083.0,1405.78,3,772,2011-02-09 11:38:00,2011-08-22 15:43:00,468.5933333333333,1256,7299031.570999993,82.12962762614671,28.946761926711222
16271.0,1404.64,5,1024,2010-12-16 16:36:00,2011-12-07 12:45:00,280.928,1257,7300436.210999993,82.145432813318,28.96980871168472
15426.0,1404.07,5,656,2010-12-05 13:55:00,2011-11-20 15:36:00,280.81399999999996,1258,7301840.280999993,82.1612315867771,28.992855496658215
18116.0,1403.1100000000001,8,837,2010-12-10 12:14:00,2011-10-03 11:00:00,175.38875000000002,1259,7303243.390999993,82.17701955819463,29.01590228163171
14649.0,1402.59,4,1004,2011-05-11 14:37:00,2011-12-05 12:30:00,350.6475,1260,7304645.980999993,82.19280167850629,29.03894906660521
15563.0,1400.44,4,1501,2010-12-16 11:27:00,2011-11-17 14:50:00,350.11,1261,7306046.420999994,82.20855960674567,29.061995851578704
14741.0,1400.34,6,841,2010-12-02 08:43:00,2011-11-28 08:48:00,233.39,1262,7307446.760999993,82.22431640977238,29.0850426365522
15478.0,1399.92,2,575,2011-10-14 11:09:00,2011-10-30 14:19:00,699.96,1263,7308846.680999993,82.2400684869059,29.108089421525698
18202.0,1396.99,3,581,2011-02-01 13:36:00,2011-05-24 12:12:00,465.66333333333336,1264,7310243.670999994,82.25578759530835,29.131136206499193
13995.0,1393.69,5,879,2011-04-08 08:20:00,2011-11-24 14:22:00,278.738,1265,7311637.360999994,82.27146957169288,29.154182991472688
17354.0,1393.06,1,1006,2011-10-20 10:34:00,2011-10-20 10:34:00,1393.06,1266,7313030.420999994,82.28714445923761,29.177229776446183
15810.0,1391.98,4,861,2011-02-16 09:11:00,2011-09-22 09:38:00,347.995,1267,7314422.400999994,82.30280719448557,29.20027656141968
13414.0,1390.5,3,1574,2011-02-16 12:13:00,2011-07-29 11:45:00,463.5,1268,7315812.900999994,82.31845327658608,29.223323346393176
13516.0,1389.41,3,985,2011-04-15 11:06:00,2011-11-18 13:15:00,463.1366666666667,1269,7317202.310999994,82.33408709386858,29.24637013136667
16539.0,1388.81,4,477,2010-12-01 15:40:00,2011-12-07 08:41:00,347.2025,1270,7318591.120999994,82.34971415987505,29.26941691634017
15134.0,1387.99,8,887,2011-04-13 11:05:00,2011-11-25 08:55:00,173.49875,1271,7319979.110999994,82.3653319991377,29.292463701313665
12952.0,1387.79,4,653,2011-09-22 16:37:00,2011-12-04 10:35:00,346.9475,1272,7321366.900999994,82.380947587975,29.31551048628716
12775.0,1386.04,5,877,2011-02-01 13:45:00,2011-11-22 16:33:00,277.20799999999997,1273,7322752.940999994,82.39654348559068,29.338557271260658
13308.0,1385.51,3,843,2011-05-20 13:13:00,2011-11-17 09:31:00,461.83666666666664,1274,7324138.450999994,82.41213341957925,29.361604056234153
18167.0,1384.8600000000001,3,382,2011-08-26 11:40:00,2011-11-16 15:56:00,461.62000000000006,1275,7325523.310999994,82.42771603968548,29.384650841207648
17311.0,1384.85,2,1005,2011-01-27 10:56:00,2011-09-22 14:11:00,692.425,1276,7326908.160999994,82.44329854727046,29.407697626181147
13572.0,1384.25,1,534,2011-05-18 11:59:00,2011-05-18 11:59:00,1384.25,1277,7328292.410999994,82.45887430357945,29.43074441115464
15898.0,1383.83,5,567,2010-12-06 11:01:00,2011-12-08 15:23:00,276.76599999999996,1278,7329676.240999994,82.47444533399523,29.453791196128144
15051.0,1383.3600000000001,3,1010,2011-07-12 15:29:00,2011-11-16 15:38:00,461.12000000000006,1279,7331059.600999994,82.49001107591153,29.47683798110164
14116.0,1382.74,5,707,2011-08-10 12:44:00,2011-11-20 10:29:00,276.548,1280,7332442.340999994,82.50556984150926,29.499884766075134
16389.0,1382.07,4,1242,2011-03-01 15:47:00,2011-10-17 14:41:00,345.5175,1281,7333824.410999995,82.52112106818217,29.522931551048632
17621.0,1379.9,3,514,2010-12-20 13:31:00,2011-11-18 17:11:00,459.9666666666667,1282,7335204.310999995,82.53664787774025,29.545978336022127
12886.0,1378.4,2,770,2011-05-04 11:21:00,2011-10-03 10:09:00,689.2,1283,7336582.7109999955,82.55215780910838,29.569025120995622
15569.0,1375.71,5,666,2011-01-11 13:26:00,2011-08-28 10:15:00,275.142,1284,7337958.420999995,82.56763747225581,29.59207190596912
14434.0,1372.8,6,368,2011-09-28 15:31:00,2011-11-18 08:56:00,228.79999999999998,1285,7339331.220999995,82.5830843917147,29.615118690942616
15453.0,1371.77,7,837,2011-06-05 12:37:00,2011-12-08 10:59:00,195.96714285714285,1286,7340702.990999995,82.59851972148314,29.63816547591611
17676.0,1371.18,6,922,2010-12-08 13:49:00,2011-12-05 15:16:00,228.53,1287,7342074.1709999945,82.61394841249687,29.66121226088961
15095.0,1370.6,4,1079,2011-05-20 14:27:00,2011-08-28 12:01:00,342.65,1288,7343444.770999994,82.62937057727714,29.684259045863104
14507.0,1367.88,6,594,2011-03-08 17:23:00,2011-11-16 12:21:00,227.98000000000002,1289,7344812.650999994,82.64476213627294,29.7073058308366
13813.0,1366.8600000000001,4,552,2011-07-28 10:33:00,2011-10-31 10:38:00,341.71500000000003,1290,7346179.510999994,82.66014221809957,29.730352615810098
14897.0,1366.38,4,468,2011-02-16 08:37:00,2011-12-02 10:32:00,341.595,1291,7347545.890999994,82.6755168989054,29.753399400783593
13396.0,1360.99,2,600,2011-01-24 13:37:00,2011-11-10 16:59:00,680.495,1292,7348906.880999994,82.6908309307486,29.776446185757088
16726.0,1358.74,5,945,2010-12-13 13:28:00,2011-11-13 14:53:00,271.748,1293,7350265.620999995,82.70611964530687,29.799492970730583
17054.0,1356.33,5,804,2011-04-08 13:14:00,2011-11-11 12:56:00,271.26599999999996,1294,7351621.950999995,82.72138124223993,29.82253975570408
14859.0,1353.74,4,671,2011-05-19 14:42:00,2011-11-27 11:18:00,338.435,1295,7352975.690999995,82.73661369616495,29.845586540677576
15116.0,1352.75,4,648,2011-05-19 08:50:00,2011-11-22 12:25:00,338.1875,1296,7354328.440999995,82.75183501048461,29.86863332565107
16079.0,1352.0,3,864,2011-10-30 13:06:00,2011-11-23 12:48:00,450.6666666666667,1297,7355680.440999995,82.76704788570927,29.89168011062457
16493.0,1351.63,4,1164,2011-01-14 08:16:00,2011-09-21 11:10:00,337.9075,1298,7357032.070999995,82.78225659764709,29.914726895598065
12770.0,1351.45,1,743,2011-05-13 09:33:00,2011-05-13 09:33:00,1351.45,1299,7358383.520999995,82.79746328420211,29.93777368057156
15411.0,1348.93,4,529,2011-06-10 12:30:00,2011-11-13 15:19:00,337.2325,1300,7359732.450999995,82.81264161539798,29.96082046554506
16669.0,1348.88,3,881,2011-09-22 14:13:00,2011-11-16 12:26:00,449.6266666666667,1301,7361081.330999995,82.82781938398752,29.983867250518554
12646.0,1346.97,2,897,2011-10-21 12:52:00,2011-12-05 10:14:00,673.485,1302,7362428.300999994,82.84297566101515,30.00691403549205
14154.0,1345.62,2,465,2011-04-14 15:58:00,2011-04-14 16:26:00,672.81,1303,7363773.9209999945,82.85811674767182,30.029960820465547
15398.0,1345.53,2,769,2011-09-22 14:56:00,2011-11-23 16:47:00,672.765,1304,7365119.450999995,82.8732568216371,30.053007605439042
12463.0,1344.78,4,776,2011-04-12 12:47:00,2011-10-17 13:44:00,336.195,1305,7366464.230999995,82.88838845650739,30.076054390412537
16317.0,1341.65,3,890,2011-02-15 14:30:00,2011-08-12 12:46:00,447.2166666666667,1306,7367805.880999995,82.90348487222128,30.099101175386032
13743.0,1341.6,7,1776,2011-03-25 14:46:00,2011-12-07 10:09:00,191.65714285714284,1307,7369147.480999995,82.91858072532884,30.12214796035953
18177.0,1340.8700000000001,6,709,2011-03-29 08:46:00,2011-11-08 14:44:00,223.47833333333335,1308,7370488.350999995,82.93366836438393,30.145194745333026
16045.0,1340.7,4,897,2011-02-22 14:55:00,2011-08-12 12:41:00,335.175,1309,7371829.050999995,82.94875409057752,30.16824153030652
13501.0,1340.32,1,560,2011-02-24 18:59:00,2011-02-24 18:59:00,1340.32,1310,7373169.370999996,82.96383554096298,30.19128831528002
15734.0,1339.45,2,346,2011-05-23 14:59:00,2011-08-17 10:50:00,669.725,1311,7374508.820999996,82.97890720199824,30.214335100253514
12620.0,1339.41,3,1181,2011-05-19 12:10:00,2011-11-25 10:20:00,446.47,1312,7375848.230999996,82.99397841294845,30.23738188522701
15059.0,1337.72,9,604,2011-01-09 11:54:00,2011-10-30 11:35:00,148.63555555555556,1313,7377185.950999996,83.00903060780462,30.260428670200508
17372.0,1337.18,8,747,2010-12-12 12:00:00,2011-10-30 11:37:00,167.1475,1314,7378523.130999995,83.0240767265124,30.283475455174003
12919.0,1335.19,6,673,2011-06-23 09:22:00,2011-12-01 13:47:00,222.53166666666667,1315,7379858.320999996,83.03910045348817,30.306522240147498
14064.0,1334.34,5,1772,2011-03-10 12:59:00,2011-11-10 13:14:00,266.868,1316,7381192.660999996,83.05411461615627,30.329569025120996
15680.0,1333.68,3,952,2010-12-08 14:43:00,2011-11-30 13:46:00,444.56,1317,7382526.340999995,83.0691213524208,30.35261581009449
17932.0,1331.57,3,789,2011-05-12 13:58:00,2011-11-10 19:49:00,443.8566666666666,1318,7383857.910999996,83.08410434669811,30.375662595067986
12676.0,1331.39,6,670,2011-02-01 15:41:00,2011-11-15 12:25:00,221.89833333333334,1319,7385189.300999995,83.09908531559262,30.398709380041485
16295.0,1328.55,4,841,2011-10-06 10:45:00,2011-11-30 08:17:00,332.1375,1320,7386517.850999995,83.11403432844745,30.42175616501498
13232.0,1328.35,7,773,2011-04-10 13:48:00,2011-11-27 10:39:00,189.7642857142857,1321,7387846.200999995,83.12898109087695,30.444802949988475
15146.0,1327.16,2,1473,2011-02-21 13:07:00,2011-06-28 12:09:00,663.58,1322,7389173.360999995,83.14391446327573,30.467849734961973
17633.0,1324.84,4,644,2011-08-11 15:43:00,2011-11-08 13:25:00,331.21,1323,7390498.200999995,83.15882173074071,30.49089651993547
17095.0,1324.16,3,618,2011-01-09 11:05:00,2011-11-17 12:21:00,441.3866666666667,1324,7391822.360999995,83.17372134675958,30.513943304908963
16110.0,1320.95,3,720,2011-02-01 14:01:00,2011-10-25 14:35:00,440.31666666666666,1325,7393143.310999995,83.1885848434519,30.536990089882458
14591.0,1320.21,4,1228,2011-05-10 14:09:00,2011-11-24 13:57:00,330.0525,1326,7394463.520999995,83.20344001357051,30.560036874855957
14794.0,1319.91,7,673,2011-01-09 16:11:00,2011-12-07 10:11:00,188.55857142857144,1327,7395783.430999995,83.21829180805113,30.58308365982945
16083.0,1317.62,2,908,2010-12-14 11:51:00,2011-08-31 10:47:00,658.81,1328,7397101.050999995,83.23311783516174,30.606130444802947
12526.0,1316.66,3,632,2011-09-06 14:19:00,2011-12-09 12:09:00,438.8866666666667,1329,7398417.7109999955,83.24793306023076,30.629177229776445
12854.0,1316.25,3,626,2011-01-25 13:35:00,2011-09-22 12:15:00,438.75,1330,7399733.9609999955,83.26274367192785,30.65222401474994
14921.0,1316.07,2,953,2011-05-22 12:51:00,2011-11-09 13:17:00,658.035,1331,7401050.030999996,83.27755225824217,30.675270799723435
12576.0,1315.83,5,967,2011-02-08 11:31:00,2011-11-04 10:11:00,263.166,1332,7402365.860999996,83.29235814404606,30.698317584696934
14511.0,1314.81,5,784,2011-07-29 12:13:00,2011-11-28 17:05:00,262.962,1333,7403680.670999995,83.30715255268079,30.72136436967043
14973.0,1314.45,3,369,2011-04-28 12:22:00,2011-08-24 15:51:00,438.15000000000003,1334,7404995.120999996,83.32194291054992,30.744411154643924
14738.0,1314.45,7,601,2011-01-27 14:10:00,2011-10-28 08:56:00,187.77857142857144,1335,7406309.570999996,83.33673326841905,30.767457939617422
16040.0,1313.55,3,684,2011-03-16 09:58:00,2011-10-05 13:47:00,437.84999999999997,1336,7407623.120999996,83.35151349937419,30.790504724590917
12364.0,1313.1,4,1506,2011-08-19 15:24:00,2011-12-02 10:22:00,328.275,1337,7408936.220999995,83.36628866687235,30.813551509564412
17004.0,1312.1399999999999,2,771,2011-09-08 12:16:00,2011-10-24 14:25:00,656.0699999999999,1338,7410248.360999995,83.38105303232894,30.836598294537914
12516.0,1312.06,2,875,2011-06-12 11:37:00,2011-09-23 09:13:00,656.03,1339,7411560.4209999945,83.39581649761539,30.85964507951141
14477.0,1309.6,4,720,2011-02-15 15:44:00,2011-11-20 11:11:00,327.4,1340,7412870.020999994,83.41055228267028,30.882691864484908
16120.0,1309.14,4,878,2011-10-11 14:10:00,2011-10-11 14:22:00,327.285,1341,7414179.160999994,83.42528289174692,30.905738649458403
14047.0,1308.6100000000001,5,381,2010-12-02 10:09:00,2011-12-01 11:43:00,261.72200000000004,1342,7415487.770999994,83.44000753719645,30.928785434431898
13328.0,1308.48,1,680,2011-01-27 15:22:00,2011-01-27 15:22:00,1308.48,1343,7416796.250999995,83.4547307198695,30.951832219405397
14297.0,1305.33,4,865,2011-03-10 08:31:00,2011-11-22 09:06:00,326.3325,1344,7418101.580999995,83.46941845834364,30.97487900437889
12507.0,1304.81,3,905,2011-02-14 09:24:00,2011-07-28 17:09:00,434.93666666666667,1345,7419406.390999994,83.48410034571191,30.997925789352387
17919.0,1304.04,1,756,2011-09-12 13:41:00,2011-09-12 13:41:00,1304.04,1346,7420710.430999994,83.49877356894267,31.020972574325885
15813.0,1303.9099999999999,2,603,2011-04-14 09:09:00,2011-05-16 08:13:00,651.9549999999999,1347,7422014.340999994,83.51344532939694,31.04401935929938
16370.0,1301.91,4,640,2011-04-28 16:40:00,2011-09-18 15:55:00,325.4775,1348,7423316.250999995,83.52809458559796,31.067066144272875
15108.0,1300.25,4,499,2011-04-26 10:54:00,2011-07-21 10:24:00,325.0625,1349,7424616.500999995,83.54272516326871,31.090112929246374
13168.0,1299.59,4,670,2011-01-25 13:55:00,2011-11-03 12:56:00,324.8975,1350,7425916.090999994,83.5573483145359,31.11315971421987
16464.0,1298.66,3,952,2011-07-20 13:53:00,2011-11-20 12:11:00,432.8866666666667,1351,7427214.750999995,83.5719610013253,31.136206499193364
12488.0,1298.66,3,529,2011-09-25 10:34:00,2011-11-30 08:50:00,432.8866666666667,1352,7428513.410999995,83.58657368811471,31.15925328416686
12372.0,1298.04,3,794,2011-02-16 12:46:00,2011-09-29 12:12:00,432.68,1353,7429811.450999995,83.60117939858557,31.182300069140357
15602.0,1297.8700000000001,9,1141,2010-12-06 15:35:00,2011-12-01 14:14:00,144.20777777777778,1354,7431109.320999995,83.61578319619494,31.205346854113852
17961.0,1296.44,39,560,2010-12-02 19:18:00,2011-11-18 16:55:00,33.242051282051285,1355,7432405.760999995,83.63037090326318,31.228393639087347
16929.0,1295.39,7,929,2011-07-07 12:39:00,2011-12-06 08:37:00,185.0557142857143,1356,7433701.150999995,83.64494679559846,31.251440424060846
16224.0,1295.3,4,1116,2011-04-04 12:00:00,2011-10-13 17:51:00,323.825,1357,7434996.450999995,83.65952167524232,31.27448720903434
15621.0,1293.03,4,501,2011-11-18 11:49:00,2011-12-05 14:01:00,323.2575,1358,7436289.480999995,83.67407101255871,31.297533994007836
16744.0,1291.91,7,798,2011-06-19 15:13:00,2011-11-28 13:06:00,184.55857142857144,1359,7437581.390999995,83.68860774749326,31.320580778981334
16101.0,1290.7,1,757,2011-09-30 10:18:00,2011-09-30 10:18:00,1290.7,1360,7438872.090999995,83.70313086735457,31.34362756395483
14856.0,1290.53,3,711,2011-10-14 09:35:00,2011-11-03 14:53:00,430.1766666666667,1361,7440162.620999996,83.71765207435435,31.366674348928324
15171.0,1289.5,1,290,2011-01-12 15:36:00,2011-01-12 15:36:00,1289.5,1362,7441452.120999996,83.73216169166368,31.389721133901823
15136.0,1286.7,4,776,2011-09-04 16:05:00,2011-12-07 12:26:00,321.675,1363,7442738.820999996,83.7466398030184,31.412767918875318
16949.0,1286.27,6,791,2011-01-27 12:11:00,2011-12-06 11:07:00,214.37833333333333,1364,7444025.090999995,83.76111307595865,31.435814703848813
17802.0,1285.04,3,752,2010-12-02 13:44:00,2011-09-18 14:56:00,428.34666666666664,1365,7445310.130999995,83.77557250878314,31.458861488822308
17350.0,1281.32,4,770,2011-10-19 16:05:00,2011-12-01 15:47:00,320.33,1366,7446591.450999996,83.78999008369652,31.481908273795806
13538.0,1280.85,7,175,2011-01-28 10:40:00,2011-10-27 16:34:00,182.97857142857143,1367,7447872.300999995,83.80440237011035,31.5049550587693
15494.0,1280.58,2,1139,2011-08-10 15:29:00,2011-11-18 14:51:00,640.29,1368,7449152.880999995,83.81881161845001,31.528001843742796
16951.0,1277.75,3,1318,2011-02-08 14:58:00,2011-07-28 12:05:00,425.9166666666667,1369,7450430.630999995,83.83318902327125,31.551048628716295
16692.0,1276.0,2,152,2011-02-23 15:41:00,2011-03-28 14:46:00,638.0,1370,7451706.630999995,83.84754673687087,31.57409541368979
12394.0,1272.48,2,819,2011-05-06 14:01:00,2011-10-07 08:08:00,636.24,1371,7452979.110999996,83.86186484298469,31.597142198663285
13878.0,1271.57,1,463,2011-10-16 12:19:00,2011-10-16 12:19:00,1271.57,1372,7454250.680999996,83.87617270966328,31.620188983636783
16899.0,1271.06,6,520,2010-12-14 13:11:00,2011-12-02 12:03:00,211.84333333333333,1373,7455521.740999996,83.89047483775725,31.64323576861028
12630.0,1270.88,2,548,2011-10-27 10:41:00,2011-11-30 10:48:00,635.44,1374,7456792.620999996,83.90477494046844,31.666282553583773
13492.0,1269.84,3,408,2011-05-09 10:06:00,2011-07-26 14:25:00,423.28,1375,7458062.4609999955,83.91906334096791,31.689329338557272
14898.0,1269.31,6,1001,2010-12-03 15:25:00,2011-11-16 14:54:00,211.55166666666665,1376,7459331.770999995,83.93334577784027,31.712376123530767
13431.0,1269.1,2,672,2011-09-12 11:25:00,2011-10-03 13:49:00,634.55,1377,7460600.870999995,83.94762585176603,31.735422908504262
14916.0,1268.98,4,1136,2011-01-19 15:30:00,2011-09-30 09:20:00,317.245,1378,7461869.850999995,83.96190457543659,31.75846969347776
15199.0,1268.7,4,396,2011-02-04 14:04:00,2011-10-11 15:12:00,317.175,1379,7463138.550999995,83.9761801485117,31.781516478451255
16660.0,1267.6499999999999,4,571,2011-01-24 12:44:00,2011-11-23 14:53:00,316.91249999999997,1380,7464406.200999996,83.99044390685383,31.80456326342475
17037.0,1267.32,1,656,2011-09-13 12:49:00,2011-09-13 12:49:00,1267.32,1381,7465673.520999996,84.00470395199416,31.82761004839825
17158.0,1266.97,3,778,2010-12-14 13:03:00,2011-11-07 15:15:00,422.3233333333333,1382,7466940.490999996,84.01896005889017,31.850656833371744
14105.0,1266.23,1,800,2011-04-14 17:58:00,2011-04-14 17:58:00,1266.23,1383,7468206.720999996,84.03320783921247,31.87370361834524
13989.0,1266.08,2,1313,2011-04-14 15:39:00,2011-10-05 09:47:00,633.04,1384,7469472.800999996,84.04745393171575,31.896750403318734
16842.0,1264.19,3,693,2011-02-10 14:51:00,2011-08-31 10:42:00,421.3966666666667,1385,7470736.990999997,84.06167875769968,31.919797188292232
15497.0,1262.2,2,624,2011-01-24 10:01:00,2011-11-22 11:51:00,631.1,1386,7471999.190999997,84.0758811919516,31.942843973265727
16688.0,1260.86,4,804,2011-10-10 12:23:00,2011-12-08 15:24:00,315.215,1387,7473260.050999997,84.0900685483538,31.965890758239222
17388.0,1259.56,4,1068,2011-02-25 12:28:00,2011-09-23 10:31:00,314.89,1388,7474519.610999997,84.10424127699136,31.98893754321272
15009.0,1259.43,3,639,2011-11-14 17:40:00,2011-11-27 13:35:00,419.81,1389,7475779.0409999965,84.11841254285247,32.011984328186216
14669.0,1259.24,3,770,2011-01-11 12:30:00,2011-04-12 11:43:00,419.74666666666667,1390,7477038.280999997,84.1325816708095,32.03503111315971
17019.0,1258.08,4,820,2010-12-06 12:55:00,2011-11-28 13:06:00,314.52,1391,7478296.360999997,84.14673774629962,32.058077898133206
17412.0,1258.06,7,738,2010-12-02 16:29:00,2011-12-07 11:36:00,179.72285714285712,1392,7479554.420999996,84.16089359674721,32.0811246831067
13151.0,1257.8700000000001,1,363,2011-02-17 12:29:00,2011-02-17 12:29:00,1257.8700000000001,1393,7480812.2909999965,84.17504730929075,32.1041714680802
14931.0,1257.68,5,417,2011-04-13 09:32:00,2011-12-05 10:19:00,251.536,1394,7482069.970999996,84.18919888393022,32.1272182530537
16639.0,1257.51,3,510,2011-04-18 09:31:00,2011-11-08 13:20:00,419.17,1395,7483327.480999996,84.20334854570815,32.15026503802719
17481.0,1255.59,4,1061,2011-09-07 09:57:00,2011-12-06 12:28:00,313.8975,1396,7484583.070999996,84.21747660340293,32.17331182300069
13848.0,1255.0,3,3700,2010-12-08 15:10:00,2011-09-08 12:58:00,418.3333333333333,1397,7485838.070999996,84.231598022343,32.19635860797419
17262.0,1253.3600000000001,5,367,2010-12-08 13:30:00,2011-10-18 12:56:00,250.67200000000003,1398,7487091.430999996,84.24570098779536,32.219405392947685
14383.0,1247.69,3,817,2011-06-29 10:18:00,2011-11-01 15:53:00,415.8966666666667,1399,7488339.120999997,84.25974015368965,32.24245217792118
12689.0,1247.61,2,628,2011-08-04 10:04:00,2011-11-14 08:31:00,623.805,1400,7489586.730999997,84.2737784194138,32.26549896289468
13029.0,1247.5,3,134,2010-12-21 13:53:00,2011-11-09 09:13:00,415.8333333333333,1401,7490834.230999997,84.28781544740401,32.28854574786818
12494.0,1246.1000000000001,7,707,2010-12-09 11:31:00,2011-11-24 09:34:00,178.01428571428573,1402,7492080.3309999965,84.30183672241694,32.31159253284167
13860.0,1245.9,5,591,2011-09-14 09:27:00,2011-12-08 12:57:00,249.18,1403,7493326.230999997,84.31585574700452,32.33463931781517
16531.0,1244.59,7,915,2010-12-14 13:19:00,2011-11-17 16:29:00,177.79857142857142,1404,7494570.820999997,84.3298600313062,32.35768610278866
17584.0,1242.3,2,458,2011-08-04 14:12:00,2011-12-02 17:12:00,621.15,1405,7495813.120999997,84.34383854823785,32.38073288776216
17588.0,1240.2,3,676,2011-04-21 10:31:00,2011-08-31 13:37:00,413.40000000000003,1406,7497053.320999997,84.35779343570357,32.40377967273565
17731.0,1240.11,4,493,2011-06-09 14:18:00,2011-09-21 15:02:00,310.0275,1407,7498293.430999997,84.37174731047789,32.426826457709154
12985.0,1239.38,2,1533,2011-11-11 12:44:00,2011-12-09 10:46:00,619.69,1408,7499532.810999997,84.38569297119973,32.44987324268265
13476.0,1238.47,2,417,2011-03-03 14:43:00,2011-06-14 12:00:00,619.235,1409,7500771.280999997,84.39962839248635,32.472920027656144
14893.0,1237.8500000000001,2,799,2011-11-28 10:49:00,2011-11-30 12:31:00,618.9250000000001,1410,7502009.130999996,84.41355683745442,32.49596681262964
13931.0,1237.53,2,725,2011-03-04 08:43:00,2011-09-05 10:12:00,618.765,1411,7503246.660999997,84.427481681742,32.519013597603134
15201.0,1236.54,5,1210,2011-04-06 14:02:00,2011-09-13 14:53:00,247.308,1412,7504483.200999997,84.44139538642418,32.54206038257663
18080.0,1231.5,2,642,2011-04-11 10:10:00,2011-11-21 08:02:00,615.75,1413,7505714.700999997,84.45525238038807,32.56510716755013
18171.0,1231.31,5,481,2011-01-10 09:55:00,2011-10-12 09:13:00,246.262,1414,7506946.010999996,84.4691072364479,32.588153952523626
15910.0,1228.88,8,1013,2011-01-27 11:55:00,2011-12-09 10:51:00,153.61,1415,7508174.890999996,84.48293474983998,32.61120073749712
14913.0,1227.43,4,1743,2010-12-15 14:35:00,2011-11-04 08:29:00,306.8575,1416,7509402.320999996,84.49674594764842,32.634247522470616
12997.0,1226.89,4,664,2011-01-26 15:49:00,2011-11-17 15:47:00,306.7225,1417,7510629.2109999955,84.51055106930848,32.65729430744411
12412.0,1226.88,3,829,2011-06-23 13:51:00,2011-09-26 10:16:00,408.96000000000004,1418,7511856.090999995,84.52435607844725,32.680341092417606
15841.0,1224.06,4,942,2011-01-05 11:25:00,2011-09-28 12:15:00,306.015,1419,7513080.150999995,84.5381293565889,32.7033878773911
14428.0,1224.06,5,428,2011-01-18 16:39:00,2011-12-02 13:17:00,244.81199999999998,1420,7514304.210999995,84.55190263473055,32.7264346623646
15376.0,1221.56,3,615,2011-05-01 13:45:00,2011-10-30 15:04:00,407.18666666666667,1421,7515525.770999994,84.56564778255557,32.7494814473381
15004.0,1220.77,1,623,2011-07-15 14:05:00,2011-07-15 14:05:00,1220.77,1422,7516746.540999994,84.57938404120056,32.77252823231159
14745.0,1220.26,5,1038,2011-02-27 15:25:00,2011-08-19 10:05:00,244.052,1423,7517966.800999993,84.59311456126095,32.79557501728509
15227.0,1219.4,5,750,2011-01-26 15:31:00,2011-11-03 11:59:00,243.88000000000002,1424,7519186.200999994,84.60683540449244,32.81862180225858
13208.0,1217.65,6,803,2011-02-03 19:32:00,2011-10-12 09:54:00,202.9416666666667,1425,7520403.850999994,84.62053655650229,32.84166858723208
14698.0,1217.27,5,602,2011-10-19 12:54:00,2011-12-08 12:26:00,243.454,1426,7521621.120999994,84.63423343270402,32.86471537220558
13491.0,1215.82,10,903,2010-12-02 14:30:00,2011-10-19 08:32:00,121.582,1427,7522836.940999994,84.6479139933221,32.887762157179075
17410.0,1214.72,5,616,2011-05-08 15:21:00,2011-11-23 15:46:00,242.94400000000002,1428,7524051.660999994,84.66158217660089,32.91080894215257
13055.0,1214.41,3,894,2011-05-10 08:58:00,2011-09-22 14:26:00,404.80333333333334,1429,7525266.070999994,84.67524687172042,32.933855727126065
17774.0,1213.73,4,508,2011-02-07 13:13:00,2011-09-04 12:49:00,303.4325,1430,7526479.800999994,84.68890391539381,32.95690251209956
18263.0,1213.1599999999999,3,1468,2011-04-01 11:48:00,2011-11-14 09:00:00,404.3866666666666,1431,7527692.960999995,84.70255454535503,32.979949297073055
13918.0,1212.8400000000001,2,1140,2011-03-31 18:05:00,2011-10-21 12:25:00,606.4200000000001,1432,7528905.800999994,84.71620157463572,33.00299608204655
16653.0,1212.66,2,733,2011-09-29 13:38:00,2011-11-23 14:51:00,606.33,1433,7530118.460999995,84.72984657853361,33.02604286702005
12464.0,1212.05,8,112,2011-02-03 13:30:00,2011-11-29 13:33:00,151.50625,1434,7531330.510999994,84.74348471863425,33.04908965199355
17653.0,1207.56,4,1409,2011-08-11 15:24:00,2011-11-03 12:46:00,301.89,1435,7532538.070999994,84.75707233668624,33.07213643696704
16762.0,1207.24,3,480,2011-07-18 12:52:00,2011-11-20 11:43:00,402.41333333333336,1436,7533745.310999994,84.77065635405772,33.09518322194054
14684.0,1201.51,5,821,2010-12-12 12:44:00,2011-11-14 11:33:00,240.302,1437,7534946.820999994,84.7841758967435,33.11823000691403
13158.0,1201.06,4,784,2011-01-25 09:58:00,2011-09-06 11:58:00,300.265,1438,7536147.8809999935,84.7976903759723,33.14127679188753
17320.0,1200.6200000000001,3,634,2010-12-06 15:38:00,2011-08-31 13:31:00,400.2066666666667,1439,7537348.500999994,84.81119990426538,33.16432357686103
15605.0,1198.23,5,441,2010-12-01 13:38:00,2011-11-03 14:17:00,239.64600000000002,1440,7538546.730999994,84.82468253997578,33.187370361834525
13118.0,1197.81,5,410,2011-02-24 12:32:00,2011-11-20 12:46:00,239.56199999999998,1441,7539744.540999994,84.838160449793,33.21041714680802
16794.0,1196.5,10,923,2011-06-12 14:15:00,2011-12-08 17:54:00,119.65,1442,7540941.040999994,84.85162361932429,33.233463931781515
17720.0,1195.94,4,576,2010-12-07 10:43:00,2011-11-13 15:04:00,298.985,1443,7542136.980999994,84.86508048766467,33.25651071675501
17526.0,1195.8999999999999,4,310,2010-12-09 12:20:00,2011-12-05 11:05:00,298.97499999999997,1444,7543332.880999994,84.87853690591999,33.279557501728505
15145.0,1194.73,4,756,2011-04-05 15:20:00,2011-12-05 17:21:00,298.6825,1445,7544527.610999995,84.89198015918713,33.30260428670201
12611.0,1193.32,1,846,2011-10-18 13:12:00,2011-10-18 13:12:00,1193.32,1446,7545720.930999995,84.9054075469557,33.3256510716755
13882.0,1191.13,5,953,2011-10-06 15:28:00,2011-12-07 11:16:00,238.22600000000003,1447,7546912.060999995,84.91881029256692,33.348697856649
12462.0,1189.59,2,536,2011-02-09 14:44:00,2011-11-21 09:11:00,594.795,1448,7548101.650999995,84.93219570990308,33.37174464162249
15737.0,1188.1200000000001,8,597,2011-04-11 10:01:00,2011-11-25 11:21:00,148.51500000000001,1449,7549289.770999995,84.9455645866131,33.39479142659599
16612.0,1187.66,4,506,2011-02-01 10:38:00,2011-11-07 07:38:00,296.915,1450,7550477.430999995,84.95892828734486,33.41783821156948
17800.0,1187.21,9,732,2011-01-09 13:50:00,2011-11-02 12:57:00,131.91222222222223,1451,7551664.640999995,84.97228692461962,33.44088499654298
15630.0,1186.35,2,800,2011-05-19 10:16:00,2011-10-25 15:36:00,593.175,1452,7552850.990999995,84.98563588506546,33.46393178151648
17058.0,1179.89,3,592,2011-04-14 09:18:00,2011-09-19 10:13:00,393.2966666666667,1453,7554030.880999994,84.99891215677317,33.486978566489974
16950.0,1178.56,3,644,2010-12-07 15:20:00,2011-10-14 09:06:00,392.8533333333333,1454,7555209.440999994,85.01217346315245,33.51002535146347
16042.0,1177.47,5,743,2011-01-11 13:25:00,2011-11-17 17:50:00,235.494,1455,7556386.910999994,85.02542250471369,33.533072136436964
13752.0,1175.38,6,874,2011-04-07 12:04:00,2011-08-07 14:16:00,195.89666666666668,1456,7557562.290999994,85.03864802933023,33.55611892141046
12885.0,1175.22,3,655,2011-08-08 11:45:00,2011-10-07 13:40:00,391.74,1457,7558737.510999993,85.05187175360652,33.57916570638396
12640.0,1174.58,3,311,2011-09-19 12:01:00,2011-11-16 11:52:00,391.52666666666664,1458,7559912.0909999935,85.06508827652175,33.602212491357456
15306.0,1174.35,3,810,2011-07-14 15:22:00,2011-10-06 12:56:00,391.45,1459,7561086.440999993,85.07830221144785,33.62525927633095
14857.0,1173.12,2,464,2011-07-14 15:03:00,2011-10-11 09:23:00,586.56,1460,7562259.560999993,85.09150230625818,33.64830606130445
12358.0,1168.06,2,248,2011-07-12 10:04:00,2011-12-08 10:26:00,584.03,1461,7563427.620999993,85.10464546530768,33.67135284627795
13500.0,1166.77,3,609,2011-08-09 12:20:00,2011-11-16 15:35:00,388.92333333333335,1462,7564594.390999992,85.11777410911381,33.69439963125144
14487.0,1165.48,6,712,2010-12-06 13:22:00,2011-11-13 12:17:00,194.24666666666667,1463,7565759.870999993,85.13088823767657,33.71744641622494
14737.0,1164.55,3,345,2010-12-21 13:49:00,2011-12-06 10:16:00,388.18333333333334,1464,7566924.420999993,85.14399190176154,33.74049320119843
14261.0,1163.45,2,406,2011-09-22 10:47:00,2011-10-20 10:04:00,581.725,1465,7568087.870999993,85.15708318850722,33.76353998617193
14447.0,1163.23,5,571,2011-03-04 10:49:00,2011-11-21 08:28:00,232.64600000000002,1466,7569251.100999993,85.17017199978503,33.78658677114543
16800.0,1162.65,1,524,2011-11-28 14:06:00,2011-11-28 14:06:00,1162.65,1467,7570413.750999994,85.18325428482937,33.809633556118925
12546.0,1161.5,2,633,2011-09-23 09:44:00,2011-10-24 12:09:00,580.75,1468,7571575.250999994,85.19632362992809,33.83268034109242
15088.0,1160.07,2,460,2011-10-03 14:05:00,2011-11-18 13:14:00,580.035,1469,7572735.320999994,85.20937688448569,33.855727126065915
18168.0,1160.04,6,592,2010-12-02 18:08:00,2011-06-16 19:21:00,193.34,1470,7573895.360999994,85.2224298014795,33.87877391103941
13499.0,1159.11,5,1365,2011-03-15 08:52:00,2011-11-22 11:21:00,231.82199999999997,1471,7575054.470999994,85.23547225399554,33.901820696012905
16184.0,1158.79,6,561,2011-05-12 13:33:00,2011-10-06 17:43:00,193.13166666666666,1472,7576213.260999994,85.24851110583104,33.92486748098641
17867.0,1157.8700000000001,6,508,2011-02-24 12:25:00,2011-11-09 14:15:00,192.97833333333335,1473,7577371.130999994,85.26153960571003,33.9479142659599
17348.0,1156.6,5,1398,2011-02-15 10:49:00,2011-11-25 11:25:00,231.32,1474,7578527.730999994,85.27455381538816,33.9709610509334
16637.0,1154.47,4,927,2011-04-28 10:20:00,2011-11-07 13:17:00,288.6175,1475,7579682.200999994,85.28754405803654,33.99400783590689
13611.0,1154.4,3,754,2010-12-15 10:31:00,2011-09-11 14:51:00,384.8,1476,7580836.600999994,85.30053351303609,34.01705462088039
16062.0,1153.62,4,800,2010-12-10 12:00:00,2011-11-30 12:15:00,288.405,1477,7581990.220999994,85.31351419137683,34.04010140585388
12710.0,1149.02,3,851,2011-05-22 14:05:00,2011-09-04 12:00:00,383.00666666666666,1478,7583139.240999994,85.32644310993498,34.06314819082738
17505.0,1145.84,2,556,2011-05-18 09:01:00,2011-07-01 12:50:00,572.92,1479,7584285.080999994,85.33933624673044,34.08619497580088
16766.0,1145.6,2,536,2011-03-11 13:34:00,2011-03-11 15:22:00,572.8,1480,7585430.680999993,85.35222668301547,34.109241760774374
12769.0,1143.6,1,356,2011-04-15 10:25:00,2011-04-15 10:25:00,1143.6,1481,7586574.280999993,85.36509461504723,34.13228854574787
17770.0,1143.27,5,365,2011-03-02 13:35:00,2011-05-25 12:34:00,228.654,1482,7587717.5509999925,85.37795883387717,34.155335330721364
15985.0,1142.42,2,1086,2011-04-17 11:04:00,2011-08-08 16:31:00,571.21,1483,7588859.970999992,85.3908134883995,34.17838211569486
16270.0,1141.24,1,688,2010-12-21 14:26:00,2010-12-21 14:26:00,1141.24,1484,7590001.210999993,85.40365486541236,34.201428900668354
13330.0,1140.93,3,751,2011-01-28 10:08:00,2011-09-08 12:27:00,380.31,1485,7591142.140999992,85.41649275426597,34.224475685641856
13819.0,1140.35,3,1109,2011-01-24 10:38:00,2011-02-11 10:38:00,380.1166666666666,1486,7592282.490999992,85.42932411688614,34.24752247061535
16172.0,1140.21,5,787,2011-04-12 12:02:00,2011-09-05 13:22:00,228.042,1487,7593422.700999992,85.44215390420855,34.270569255588846
17135.0,1139.73,7,1224,2010-12-03 09:31:00,2011-11-23 16:48:00,162.81857142857143,1488,7594562.430999992,85.4549782905102,34.29361604056234
17500.0,1138.0,3,17,2011-11-10 09:08:00,2011-11-22 14:25:00,379.3333333333333,1489,7595700.430999992,85.46778321063275,34.316662825535836
17302.0,1135.63,5,575,2011-02-07 10:14:00,2011-11-25 09:36:00,227.12600000000003,1490,7596836.060999992,85.48056146321512,34.33970961050933
17242.0,1135.04,2,611,2011-06-12 13:04:00,2011-08-23 14:55:00,567.52,1491,7597971.100999992,85.4933330770428,34.36275639548283
15489.0,1134.28,3,608,2011-05-12 12:54:00,2011-11-17 08:53:00,378.0933333333333,1492,7599105.380999993,85.50609613925421,34.38580318045633
16989.0,1133.25,6,1233,2011-07-12 09:11:00,2011-12-02 16:39:00,188.875,1493,7600238.630999993,85.5188476117752,34.40884996542982
13282.0,1132.14,3,307,2011-05-03 12:03:00,2011-11-21 15:33:00,377.38000000000005,1494,7601370.770999992,85.53158659443558,34.43189675040332
13310.0,1132.03,3,587,2011-01-19 14:50:00,2011-11-11 17:23:00,377.3433333333333,1495,7602502.8009999925,85.54432433936205,34.45494353537681
18125.0,1131.75,4,800,2011-01-27 15:02:00,2011-11-10 12:29:00,282.9375,1496,7603634.5509999925,85.55705893369307,34.47799032035031
15500.0,1131.56,4,572,2011-09-19 13:47:00,2011-12-01 13:47:00,282.89,1497,7604766.110999992,85.56979139012,34.5010371053238
13447.0,1129.14,3,584,2011-11-04 10:10:00,2011-11-16 13:38:00,376.38000000000005,1498,7605895.250999992,85.58249661640046,34.524083890297305
16714.0,1129.06,3,589,2011-01-26 13:40:00,2011-05-05 11:09:00,376.3533333333333,1499,7607024.310999991,85.59520094251079,34.5471306752708
14824.0,1127.71,4,525,2011-09-09 14:12:00,2011-11-29 14:20:00,281.9275,1500,7608152.020999991,85.60789007825015,34.570177460244295
12609.0,1126.85,3,648,2011-01-25 15:13:00,2011-09-22 16:34:00,375.6166666666666,1501,7609278.870999991,85.62056953716059,34.59322424521779
14708.0,1126.37,3,621,2010-12-06 12:23:00,2011-12-07 08:21:00,375.45666666666665,1502,7610405.240999991,85.63324359505023,34.616271030191285
17470.0,1125.07,5,1675,2010-12-07 09:57:00,2011-10-26 12:42:00,225.01399999999998,1503,7611530.310999991,85.64590302517526,34.63931781516478
14129.0,1123.8600000000001,5,592,2011-03-24 08:44:00,2011-12-08 11:02:00,224.77200000000002,1504,7612654.170999992,85.65854884022703,34.66236460013828
13772.0,1122.63,3,540,2011-04-14 12:31:00,2011-11-06 11:43:00,374.21000000000004,1505,7613776.800999992,85.67118081516303,34.68541138511178
13486.0,1122.41,3,669,2011-07-07 17:19:00,2011-09-22 13:13:00,374.1366666666667,1506,7614899.210999992,85.68381031463117,34.70845817008527
17562.0,1122.38,7,817,2011-06-19 13:06:00,2011-11-25 14:21:00,160.34,1507,7616021.590999992,85.6964394765355,34.73150495505877
14723.0,1122.3600000000001,6,673,2010-12-03 14:18:00,2011-11-29 15:23:00,187.06000000000003,1508,7617143.950999992,85.70906841339732,34.75455174003226
16807.0,1121.59,3,778,2011-03-14 09:46:00,2011-07-20 12:00:00,373.8633333333333,1509,7618265.540999992,85.7216886861216,34.77759852500576
16086.0,1121.39,5,511,2010-12-07 13:45:00,2011-10-11 13:09:00,224.27800000000002,1510,7619386.9309999915,85.73430670842056,34.80064530997925
15730.0,1120.88,3,689,2011-05-17 12:43:00,2011-10-05 12:31:00,373.6266666666667,1511,7620507.810999991,85.74691899213492,34.823692094952754
14276.0,1119.74,3,744,2011-02-23 09:38:00,2011-09-02 09:45:00,373.24666666666667,1512,7621627.550999992,85.75951844842493,34.84673887992625
12842.0,1118.99,2,547,2011-02-04 12:36:00,2011-09-30 15:33:00,559.495,1513,7622746.540999992,85.77210946561993,34.869785664899744
17894.0,1118.96,8,404,2010-12-08 14:50:00,2011-09-29 09:23:00,139.87,1514,7623865.500999992,85.78470014525115,34.89283244987324
17788.0,1117.9,2,211,2011-08-02 10:38:00,2011-09-27 10:09:00,558.95,1515,7624983.400999992,85.79727889762812,34.915879234846734
13591.0,1117.13,3,485,2011-03-18 12:18:00,2011-10-06 12:26:00,372.3766666666667,1516,7626100.530999992,85.80984898586756,34.93892601982024
17585.0,1116.68,4,1650,2011-01-05 15:09:00,2011-08-22 13:30:00,279.17,1517,7627217.210999992,85.82241401065002,34.96197280479373
16350.0,1116.47,4,545,2011-01-10 09:44:00,2011-11-18 15:53:00,279.1175,1518,7628333.6809999915,85.83497667248588,34.985019589767234
12679.0,1113.02,4,554,2011-03-01 12:26:00,2011-10-12 12:30:00,278.255,1519,7629446.700999991,85.8475005144848,35.00806637474073
14817.0,1110.34,2,655,2011-03-07 13:51:00,2011-05-23 13:35:00,555.17,1520,7630557.040999991,85.85999420078434,35.031113159714224
15069.0,1109.53,1,520,2011-06-13 14:16:00,2011-06-13 14:16:00,1109.53,1521,7631666.570999991,85.87247877286129,35.05415994468772
12399.0,1108.65,4,1178,2011-03-23 09:42:00,2011-08-12 13:15:00,277.1625,1522,7632775.2209999915,85.88495344306678,35.077206729661214
15933.0,1107.46,3,885,2011-09-14 12:05:00,2011-11-18 13:14:00,369.15333333333336,1523,7633882.6809999915,85.89741472324157,35.10025351463471
16833.0,1106.53,4,440,2011-01-09 13:02:00,2011-12-08 14:39:00,276.6325,1524,7634989.210999992,85.90986553893858,35.1233002996082
12857.0,1106.4,2,343,2011-02-10 12:32:00,2011-05-13 10:20:00,553.2,1525,7636095.610999992,85.92231489185913,35.146347084581706
14102.0,1105.8799999999999,5,769,2011-10-26 12:46:00,2011-12-04 15:38:00,221.176,1526,7637201.490999992,85.93475839367382,35.1693938695552
17609.0,1105.78,5,719,2011-01-16 16:23:00,2011-10-30 12:28:00,221.156,1527,7638307.270999992,85.94720077027584,35.192440654528696
13064.0,1105.59,4,514,2011-01-16 13:41:00,2011-11-27 12:31:00,276.3975,1528,7639412.860999992,85.95964100897379,35.21548743950219
14948.0,1101.97,6,673,2011-05-04 14:52:00,2011-11-16 17:16:00,183.66166666666666,1529,7640514.830999992,85.9720405149733,35.238534224475686
15716.0,1101.1100000000001,4,738,2010-12-05 12:26:00,2011-07-17 11:59:00,275.27750000000003,1530,7641615.940999992,85.98443034414389,35.26158100944918
17047.0,1100.9,3,533,2011-05-18 16:50:00,2011-09-15 13:27:00,366.9666666666667,1531,7642716.840999993,85.9968178103679,35.28462779442268
14410.0,1100.27,9,569,2011-02-07 09:36:00,2011-09-08 15:08:00,122.25222222222222,1532,7643817.110999992,86.0091981877521,35.30767457939618
14744.0,1099.98,7,627,2010-12-08 10:21:00,2011-11-23 12:51:00,157.14000000000001,1533,7644917.090999993,86.02157530201958,35.33072136436967
15978.0,1098.78,1,888,2011-09-23 15:21:00,2011-09-23 15:21:00,1098.78,1534,7646015.870999993,86.03393891373508,35.35376814934317
13104.0,1098.48,6,504,2010-12-20 11:58:00,2011-12-06 13:10:00,183.08,1535,7647114.350999993,86.0462991498126,35.37681493431666
17966.0,1098.43,5,2571,2011-03-23 17:25:00,2011-11-02 10:26:00,219.686,1536,7648212.780999993,86.05865882328378,35.39986171929016
14971.0,1097.98,3,639,2011-10-27 13:33:00,2011-11-04 17:07:00,365.99333333333334,1537,7649310.760999993,86.07101343329798,35.42290850426365
14161.0,1097.6200000000001,3,450,2010-12-05 13:18:00,2011-05-08 11:41:00,365.8733333333334,1538,7650408.3809999935,86.08336399254657,35.445955289237155
16225.0,1096.32,5,493,2011-03-07 12:17:00,2011-10-26 08:30:00,219.26399999999998,1539,7651504.700999994,86.09569992403053,35.46900207421065
13211.0,1095.42,3,834,2010-12-13 16:17:00,2011-11-29 14:43:00,365.14000000000004,1540,7652600.120999994,86.10802572860051,35.492048859184145
13652.0,1095.08,3,578,2010-12-06 09:21:00,2011-10-25 08:51:00,365.02666666666664,1541,7653695.200999994,86.12034770744744,35.51509564415764
15745.0,1094.59,4,421,2011-04-17 13:04:00,2011-11-20 13:45:00,273.6475,1542,7654789.790999994,86.13266417275229,35.538142429131135
15608.0,1093.68,4,714,2011-08-11 09:56:00,2011-11-11 13:20:00,273.42,1543,7655883.470999993,86.1449703986219,35.56118921410463
18189.0,1090.24,2,566,2011-03-17 09:49:00,2011-09-23 12:40:00,545.12,1544,7656973.710999994,86.15723791717585,35.58423599907813
13853.0,1090.14,1,312,2011-10-13 14:18:00,2011-10-13 14:18:00,1090.14,1545,7658063.850999993,86.16950431051713,35.60728278405163
12534.0,1089.18,1,651,2011-08-01 10:26:00,2011-08-01 10:26:00,1089.18,1546,7659153.030999993,86.18175990181685,35.63032956902512
15763.0,1086.92,2,271,2011-09-23 12:10:00,2011-11-08 09:44:00,543.46,1547,7660239.950999993,86.19399006331034,35.65337635399862
16533.0,1082.81,3,611,2011-10-02 15:07:00,2011-11-20 13:08:00,360.93666666666667,1548,7661322.7609999925,86.2061739785633,35.67642313897211
13610.0,1082.33,7,488,2011-02-27 14:44:00,2011-11-27 15:38:00,154.6185714285714,1549,7662405.090999993,86.21835249279549,35.69946992394561
14561.0,1080.76,3,1014,2011-06-08 13:26:00,2011-09-25 12:39:00,360.25333333333333,1550,7663485.850999992,86.23051334118884,35.7225167089191
13744.0,1080.52,2,1153,2011-02-20 14:08:00,2011-09-05 15:19:00,540.26,1551,7664566.370999992,86.2426714890718,35.745563493892604
13726.0,1079.6599999999999,2,1054,2011-08-31 11:06:00,2011-11-01 10:49:00,539.8299999999999,1552,7665646.030999992,86.25481996012584,35.7686102788661
15197.0,1079.6100000000001,3,469,2010-12-16 18:01:00,2011-11-29 10:00:00,359.87000000000006,1553,7666725.640999992,86.26696786857354,35.791657063839594
12354.0,1079.4,1,530,2011-04-21 13:11:00,2011-04-21 13:11:00,1079.4,1554,7667805.040999993,86.27911341407467,35.81470384881309
14352.0,1078.96,4,538,2011-03-11 14:58:00,2011-07-05 15:41:00,269.74,1555,7668884.000999993,86.29125400864007,35.837750633786584
16094.0,1078.23,4,647,2011-05-04 13:57:00,2011-11-28 12:45:00,269.5575,1556,7669962.230999993,86.30338638915302,35.86079741876008
16563.0,1077.74,1,486,2011-10-17 11:51:00,2011-10-17 11:51:00,1077.74,1557,7671039.970999993,86.3155132561239,35.88384420373358
13715.0,1077.39,5,562,2010-12-02 08:52:00,2011-03-03 19:21:00,215.478,1558,7672117.360999993,86.32763618485045,35.906890988707076
16049.0,1074.81,3,763,2011-09-25 14:33:00,2011-10-30 13:19:00,358.27,1559,7673192.170999993,86.33973008309026,35.92993777368057
13131.0,1073.3,3,447,2011-06-05 10:54:00,2011-11-16 13:21:00,357.76666666666665,1560,7674265.470999992,86.35180699061884,35.952984558654066
15712.0,1072.3600000000001,5,486,2011-02-25 11:32:00,2011-11-30 14:09:00,214.47200000000004,1561,7675337.830999993,86.36387332114838,35.97603134362756
15238.0,1071.99,3,692,2011-06-08 16:00:00,2011-11-10 14:28:00,357.33,1562,7676409.820999993,86.37593548839105,35.999078128601056
13467.0,1071.91,2,580,2011-11-03 16:56:00,2011-11-29 10:01:00,535.955,1563,7677481.730999993,86.38799675546359,36.02212491357456
13521.0,1071.73,3,718,2011-11-29 15:09:00,2011-12-08 13:50:00,357.24333333333334,1564,7678553.460999994,86.40005599715334,36.04517169854805
17041.0,1071.49,3,927,2010-12-14 11:43:00,2011-11-13 11:21:00,357.16333333333336,1565,7679624.950999994,86.41211253833269,36.06821848352155
13635.0,1071.03,1,677,2011-10-03 10:55:00,2011-10-03 10:55:00,1071.03,1566,7680695.980999994,86.4241639035338,36.09126526849504
17522.0,1070.71,5,1034,2011-05-05 16:31:00,2011-12-08 12:31:00,214.142,1567,7681766.690999994,86.43621166805437,36.11431205346854
13761.0,1070.65,2,642,2011-06-13 08:43:00,2011-10-20 14:01:00,535.325,1568,7682837.340999994,86.44825875744733,36.13735883844203
14212.0,1070.48,1,1152,2011-09-11 12:45:00,2011-09-11 12:45:00,1070.48,1569,7683907.820999995,86.46030393397878,36.16040562341553
16200.0,1068.8700000000001,2,516,2011-06-28 15:47:00,2011-12-05 14:40:00,534.4350000000001,1570,7684976.690999995,86.47233099458632,36.18345240838903
16918.0,1068.82,6,721,2011-01-26 17:37:00,2011-10-21 12:50:00,178.13666666666666,1571,7686045.510999995,86.48435749258752,36.206499193362525
15436.0,1067.75,3,574,2011-04-19 16:52:00,2011-11-27 16:05:00,355.9166666666667,1572,7687113.260999995,86.49637195081323,36.22954597833602
15027.0,1066.1499999999999,4,565,2011-04-15 14:14:00,2011-11-09 10:16:00,266.53749999999997,1573,7688179.410999996,86.50836840563629,36.252592763309515
17277.0,1065.3500000000001,2,430,2011-01-21 12:37:00,2011-04-26 12:47:00,532.6750000000001,1574,7689244.760999995,86.52035585875804,36.27563954828301
14488.0,1064.28,1,799,2011-10-03 09:30:00,2011-10-03 09:30:00,1064.28,1575,7690309.040999996,86.53233127210427,36.298686333256505
12951.0,1064.07,6,503,2011-01-13 10:33:00,2011-12-01 12:14:00,177.345,1576,7691373.110999996,86.54430432250392,36.32173311823001
15801.0,1063.95,3,570,2011-08-22 09:53:00,2011-10-24 13:52:00,354.65000000000003,1577,7692437.060999996,86.55627602264836,36.3447799032035
12936.0,1063.9,4,559,2011-09-22 13:51:00,2011-11-22 17:32:00,265.975,1578,7693500.960999996,86.56824716018649,36.367826688177004
12815.0,1063.46,2,379,2011-05-25 13:34:00,2011-07-15 10:21:00,531.73,1579,7694564.420999996,86.58021334678887,36.3908734731505
14411.0,1063.0,1,196,2011-02-02 10:56:00,2011-02-02 10:56:00,1063.0,1580,7695627.420999996,86.592174357413,36.413920258123994
16214.0,1062.75,3,420,2011-03-15 13:23:00,2011-06-22 11:30:00,354.25,1581,7696690.170999996,86.60413255500546,36.43696704309749
15706.0,1060.56,4,321,2011-08-15 14:32:00,2011-10-07 10:09:00,265.14,1582,7697750.730999996,86.61606611044058,36.460013828070984
17727.0,1060.25,1,645,2011-11-24 17:06:00,2011-11-24 17:06:00,1060.25,1583,7698810.980999996,86.62799617771644,36.48306061304448
18130.0,1059.39,3,824,2011-10-13 15:58:00,2011-11-24 14:40:00,353.13000000000005,1584,7699870.370999996,86.63991656816337,36.50610739801798
17214.0,1059.1200000000001,6,272,2010-12-15 15:14:00,2011-10-10 13:17:00,176.52,1585,7700929.490999996,86.65183392053612,36.529154182991476
13455.0,1058.34,2,354,2010-12-08 13:11:00,2011-11-15 11:21:00,529.17,1586,7701987.830999996,86.66374249625008,36.55220096796497
15977.0,1054.73,2,1016,2011-10-31 16:24:00,2011-11-22 13:29:00,527.365,1587,7703042.560999996,86.67561045178685,36.575247752938466
12716.0,1053.49,2,708,2011-07-29 13:28:00,2011-12-06 08:55:00,526.745,1588,7704096.050999996,86.68746445468659,36.59829453791196
14419.0,1051.79,6,483,2010-12-10 10:56:00,2011-11-29 11:22:00,175.29833333333332,1589,7705147.840999996,86.69929932897102,36.621341322885456
16416.0,1051.4,3,672,2011-10-14 13:35:00,2011-11-13 12:50:00,350.4666666666667,1590,7706199.240999997,86.71112981492607,36.64438810785896
15329.0,1049.7,3,486,2011-06-21 10:37:00,2011-10-31 15:36:00,349.90000000000003,1591,7707248.940999997,86.72294117226582,36.66743489283245
14078.0,1049.37,6,310,2010-12-01 12:54:00,2011-08-30 12:16:00,174.89499999999998,1592,7708298.310999997,86.73474881640377,36.69048167780595
17287.0,1049.06,7,556,2010-12-02 12:22:00,2011-11-13 13:27:00,149.8657142857143,1593,7709347.370999997,86.74655297238246,36.71352846277944
15839.0,1048.49,3,675,2011-07-14 16:35:00,2011-11-06 13:54:00,349.49666666666667,1594,7710395.860999997,86.75835071464897,36.73657524775294
16728.0,1048.28,4,671,2011-03-20 13:28:00,2011-10-24 14:36:00,262.07,1595,7711444.140999997,86.77014609396888,36.75962203272643
15777.0,1047.11,4,378,2010-12-13 16:38:00,2011-04-12 16:43:00,261.7775,1596,7712491.250999997,86.78192830830062,36.78266881769993
15407.0,1046.74,4,552,2011-02-07 13:18:00,2011-11-06 11:55:00,261.685,1597,7713537.990999998,86.79370635934549,36.80571560267343
16520.0,1046.57,3,558,2010-12-09 13:08:00,2011-06-06 13:24:00,348.8566666666666,1598,7714584.560999998,86.80548249752884,36.828762387646925
14293.0,1046.56,4,709,2010-12-06 10:18:00,2011-12-06 15:17:00,261.64,1599,7715631.1209999975,86.81725852319092,36.85180917262042
15464.0,1044.65,1,348,2011-01-05 15:56:00,2011-01-05 15:56:00,1044.65,1600,7716675.770999998,86.8290130572911,36.874855957593915
15192.0,1044.32,3,918,2010-12-09 14:56:00,2011-08-12 11:41:00,348.1066666666666,1601,7717720.090999998,86.8407638781895,36.89790274256741
14389.0,1043.46,2,729,2011-06-02 12:04:00,2011-10-05 15:17:00,521.73,1602,7718763.550999998,86.85250502225898,36.920949527540905
15073.0,1043.41,3,491,2011-06-06 09:59:00,2011-11-30 10:44:00,347.80333333333334,1603,7719806.960999998,86.86424560372214,36.94399631251441
12497.0,1043.1,1,1236,2011-09-19 12:29:00,2011-09-19 12:29:00,1043.1,1604,7720850.060999998,86.87598269702602,36.9670430974879
13719.0,1041.68,5,609,2011-04-19 13:56:00,2011-11-24 15:26:00,208.336,1605,7721891.740999998,86.88770381231006,36.9900898824614
18221.0,1041.61,5,791,2011-05-12 14:13:00,2011-11-17 14:40:00,208.32199999999997,1606,7722933.350999998,86.89942413994525,37.01313666743489
15434.0,1041.48,5,647,2011-05-23 14:18:00,2011-12-01 13:33:00,208.296,1607,7723974.830999998,86.91114300480398,37.03618345240839
16320.0,1038.46,2,732,2011-05-10 15:31:00,2011-06-20 15:25:00,519.23,1608,7725013.290999998,86.92282788824022,37.05923023738188
14465.0,1038.44,3,398,2011-02-10 12:13:00,2011-04-07 12:38:00,346.1466666666667,1609,7726051.730999999,86.93451254663394,37.082277022355385
16175.0,1037.59,4,533,2011-04-13 14:38:00,2011-09-06 14:32:00,259.3975,1610,7727089.320999999,86.94618764072001,37.10532380732888
17042.0,1036.58,5,990,2011-04-06 14:53:00,2011-12-07 12:26:00,207.31599999999997,1611,7728125.900999999,86.95785137015817,37.128370592302375
12691.0,1035.8,6,394,2010-12-17 14:46:00,2011-11-11 16:49:00,172.63333333333333,1612,7729161.7009999985,86.96950632293753,37.15141737727587
16260.0,1035.45,1,311,2011-10-20 09:40:00,2011-10-20 09:40:00,1035.45,1613,7730197.150999999,86.9811573374726,37.174464162249365
13639.0,1033.34,1,800,2011-09-26 13:36:00,2011-09-26 13:36:00,1033.34,1614,7731230.4909999985,86.99278461002041,37.19751094722286
14584.0,1033.06,4,381,2011-05-25 17:31:00,2011-06-23 18:33:00,258.265,1615,7732263.550999998,87.00440873197277,37.220557732196355
17724.0,1033.0,3,300,2011-07-24 13:26:00,2011-09-29 15:26:00,344.3333333333333,1616,7733296.550999998,87.01603217879754,37.24360451716986
12599.0,1032.58,7,956,2011-02-08 13:28:00,2011-11-10 13:34:00,147.51142857142855,1617,7734329.130999998,87.02765089972911,37.26665130214335
15996.0,1032.58,6,380,2010-12-08 15:59:00,2011-09-12 15:14:00,172.09666666666666,1618,7735361.710999998,87.0392696206607,37.28969808711685
17405.0,1031.41,3,726,2011-07-12 14:17:00,2011-12-08 17:12:00,343.80333333333334,1619,7736393.120999998,87.0508751766041,37.31274487209034
12724.0,1031.41,4,445,2011-01-11 15:00:00,2011-12-04 16:02:00,257.8525,1620,7737424.530999999,87.0624807325475,37.33579165706384
13235.0,1031.07,1,441,2011-05-11 17:13:00,2011-05-11 17:13:00,1031.07,1621,7738455.600999999,87.07408246276785,37.35883844203733
12717.0,1030.98,2,506,2011-04-08 10:32:00,2011-07-11 14:47:00,515.49,1622,7739486.580999999,87.0856831802968,37.381885227010834
13253.0,1030.4,2,1572,2011-01-04 15:43:00,2011-07-06 10:09:00,515.2,1623,7740516.981,87.09727737159228,37.40493201198433
17033.0,1030.14,3,750,2010-12-15 13:21:00,2011-09-14 14:34:00,343.38000000000005,1624,7741547.120999999,87.10886863733484,37.427978796957824
15333.0,1028.56,1,344,2011-05-15 13:27:00,2011-05-15 13:27:00,1028.56,1625,7742575.680999999,87.12044212471729,37.45102558193132
16980.0,1028.46,2,739,2011-02-21 12:58:00,2011-03-29 16:36:00,514.23,1626,7743604.140999999,87.13201448688709,37.474072366904814
16682.0,1028.0,5,1040,2011-06-05 11:02:00,2011-12-05 12:13:00,205.6,1627,7744632.140999999,87.14358167307863,37.49711915187831
14904.0,1025.44,2,1985,2011-11-14 09:13:00,2011-12-07 12:55:00,512.72,1628,7745657.580999999,87.15512005382597,37.520165936851804
16160.0,1025.44,2,1162,2011-09-15 10:53:00,2011-10-05 14:19:00,512.72,1629,7746683.021,87.16665843457328,37.543212721825306
15658.0,1024.1000000000001,5,242,2010-12-02 10:53:00,2011-06-02 15:22:00,204.82000000000002,1630,7747707.120999999,87.17818173747091,37.5662595067988
17096.0,1022.13,4,339,2011-03-23 12:05:00,2011-11-24 15:01:00,255.5325,1631,7748729.250999999,87.18968287367905,37.589306291772296
14346.0,1021.58,2,605,2011-02-15 13:52:00,2011-08-11 09:47:00,510.79,1632,7749750.830999999,87.20117782121751,37.61235307674579
13165.0,1021.48,2,1376,2010-12-23 14:06:00,2011-10-24 15:05:00,510.74,1633,7750772.311,87.21267164354333,37.635399861719286
12572.0,1020.42,2,452,2011-10-19 08:20:00,2011-12-01 09:20:00,510.21,1634,7751792.731,87.22415353861489,37.65844664669278
13376.0,1019.76,3,493,2011-04-19 13:03:00,2011-09-01 16:16:00,339.92,1635,7752812.490999999,87.23562800728287,37.68149343166628
18142.0,1019.52,2,1276,2011-05-08 12:31:00,2011-07-05 13:19:00,509.76,1636,7753832.010999999,87.24709977544045,37.704540216639785
13956.0,1019.27,5,486,2011-03-13 12:51:00,2011-12-04 13:20:00,203.85399999999998,1637,7754851.280999999,87.25856873056638,37.72758700161328
12828.0,1018.71,6,494,2011-08-01 16:16:00,2011-12-07 08:45:00,169.785,1638,7755869.9909999985,87.27003138450138,37.750633786586775
12514.0,1017.68,1,440,2011-03-17 16:38:00,2011-03-17 16:38:00,1017.68,1639,7756887.670999998,87.28148244874593,37.77368057156027
13728.0,1016.14,6,458,2011-02-02 12:09:00,2011-11-03 10:49:00,169.35666666666665,1640,7757903.810999998,87.29291618471545,37.796727356533765
12642.0,1013.26,3,552,2011-08-24 09:23:00,2011-11-14 15:03:00,337.75333333333333,1641,7758917.070999998,87.30431751456022,37.81977414150726
12739.0,1013.04,2,486,2011-09-01 17:45:00,2011-09-22 13:00:00,506.52,1642,7759930.110999998,87.31571636893716,37.842820926480755
17197.0,1013.01,1,191,2011-11-10 10:32:00,2011-11-10 10:32:00,1013.01,1643,7760943.1209999975,87.32711488575028,37.86586771145426
14195.0,1012.0,2,760,2011-04-01 16:50:00,2011-05-22 10:29:00,506.0,1644,7761955.1209999975,87.33850203791549,37.88891449642775
14775.0,1011.9,3,1174,2010-12-02 16:38:00,2011-10-12 15:27:00,337.3,1645,7762967.020999998,87.34988806486804,37.91196128140125
16229.0,1010.6,2,318,2011-05-11 10:18:00,2011-09-13 17:16:00,505.3,1646,7763977.6209999975,87.36125946405593,37.93500806637474
14446.0,1010.35,4,916,2011-04-07 12:10:00,2011-12-09 11:34:00,252.5875,1647,7764987.970999997,87.37262805021219,37.95805485134824
12849.0,1010.29,2,597,2011-03-16 12:26:00,2011-11-08 13:41:00,505.145,1648,7765998.260999997,87.38399596124083,37.98110163632173
13032.0,1010.18,2,375,2011-09-13 16:40:00,2011-10-18 15:54:00,505.09,1649,7767008.440999997,87.39536263453554,38.004148421295234
14224.0,1009.73,4,483,2011-01-23 13:58:00,2011-08-21 13:24:00,252.4325,1650,7768018.170999997,87.40672424437328,38.02719520626873
16572.0,1009.6,3,532,2011-03-09 12:04:00,2011-08-04 16:34:00,336.53333333333336,1651,7769027.770999997,87.41808439143453,38.050241991242224
16174.0,1009.5500000000001,3,651,2011-07-11 09:23:00,2011-08-05 13:26:00,336.5166666666667,1652,7770037.320999997,87.42944397588947,38.07328877621572
17951.0,1008.5400000000001,3,616,2010-12-01 12:40:00,2011-10-31 12:30:00,336.18,1653,7771045.860999997,87.44079219569649,38.096335561189214
17646.0,1008.39,3,323,2010-12-09 14:28:00,2011-05-04 13:17:00,336.13,1654,7772054.250999996,87.4521387276845,38.11938234616271
14631.0,1006.98,3,622,2011-02-14 09:31:00,2011-10-20 11:17:00,335.66,1655,7773061.230999997,87.46346939417396,38.142429131136204
13429.0,1006.8,4,1390,2011-09-25 15:59:00,2011-11-29 09:10:00,251.7,1656,7774068.030999997,87.47479803528061,38.165475916109706
13867.0,1005.09,3,501,2011-05-05 17:28:00,2011-11-08 15:48:00,335.03000000000003,1657,7775073.120999997,87.4861074352507,38.1885227010832
14214.0,1004.38,5,751,2011-03-07 12:26:00,2011-11-09 10:31:00,200.876,1658,7776077.500999996,87.49740884621087,38.211569486056696
13410.0,1003.06,5,518,2011-02-21 14:38:00,2011-11-15 15:33:00,200.612,1659,7777080.560999996,87.50869540436386,38.23461627103019
14083.0,1002.9,9,705,2010-12-03 12:24:00,2011-12-05 13:14:00,111.43333333333334,1660,7778083.460999996,87.51998016217661,38.257663056003686
12446.0,1002.3100000000001,1,352,2011-10-13 12:50:00,2011-10-13 12:50:00,1002.3100000000001,1661,7779085.770999996,87.53125828123463,38.28070984097718
12545.0,1000.39,2,523,2011-03-25 12:04:00,2011-09-25 13:39:00,500.195,1662,7780086.160999996,87.54251479620947,38.30375662595068
15508.0,1000.27,6,440,2011-04-18 15:31:00,2011-06-03 15:43:00,166.71166666666667,1663,7781086.430999995,87.55376996092913,38.32680341092418
18143.0,1000.16,2,570,2011-07-21 10:44:00,2011-08-15 12:07:00,500.08,1664,7782086.590999995,87.56502388791486,38.34985019589767
12722.0,997.63,4,566,2011-07-12 11:55:00,2011-09-15 14:50:00,249.4075,1665,7783084.220999995,87.57624934702018,38.37289698087117
15110.0,996.1,4,246,2011-01-25 11:41:00,2011-11-16 11:16:00,249.025,1666,7784080.320999995,87.58745759037171,38.39594376584466
15104.0,993.54,2,635,2011-03-02 14:16:00,2011-05-27 12:29:00,496.77,1667,7785073.860999995,87.59863702827906,38.41899055081816
17594.0,993.18,2,550,2011-03-30 10:32:00,2011-09-15 16:34:00,496.59,1668,7786067.040999995,87.60981241542079,38.44203733579165
13363.0,992.5,2,710,2011-10-27 10:46:00,2011-11-22 12:40:00,496.25,1669,7787059.540999995,87.62098015111643,38.465084120765155
14223.0,991.13,3,585,2011-03-20 16:02:00,2011-09-08 13:38:00,330.37666666666667,1670,7788050.6709999945,87.63213247139855,38.48813090573865
16232.0,990.88,4,550,2011-05-08 14:05:00,2011-10-27 12:16:00,247.72,1671,7789041.550999994,87.643281978649,38.511177690712145
14514.0,990.2,3,564,2011-01-12 15:22:00,2011-10-09 16:05:00,330.06666666666666,1672,7790031.750999995,87.65442383445334,38.53422447568564
17126.0,989.45,5,780,2010-12-12 11:26:00,2011-07-10 13:52:00,197.89000000000001,1673,7791021.200999995,87.66555725116271,38.557271260659135
15062.0,987.86,4,763,2010-12-15 15:37:00,2011-09-29 16:51:00,246.965,1674,7792009.060999995,87.6766727769907,38.58031804563263
18237.0,987.1,5,622,2011-07-28 13:05:00,2011-12-07 12:49:00,197.42000000000002,1675,7792996.160999995,87.68777975120243,38.60336483060613
14583.0,986.96,5,751,2011-05-18 11:28:00,2011-12-04 12:32:00,197.392,1676,7793983.120999995,87.69888515011644,38.62641161557963
17324.0,986.48,4,843,2010-12-08 12:45:00,2011-11-22 10:34:00,246.62,1677,7794969.600999995,87.70998514800966,38.64945840055312
13117.0,984.91,8,945,2010-12-02 13:11:00,2011-11-18 12:02:00,123.11375,1678,7795954.510999995,87.72106748006405,38.67250518552662
17144.0,984.57,2,483,2011-09-16 12:50:00,2011-12-08 17:57:00,492.285,1679,7796939.080999996,87.73214598639538,38.69555197050011
12510.0,982.5699999999999,2,353,2011-01-18 14:04:00,2011-07-20 10:15:00,491.28499999999997,1680,7797921.650999996,87.74320198847342,38.71859875547361
15133.0,982.42,3,680,2011-02-11 10:38:00,2011-08-04 10:44:00,327.4733333333333,1681,7798904.070999996,87.75425630273246,38.74164554044711
15071.0,982.07,2,269,2011-03-09 10:19:00,2011-09-07 11:43:00,491.035,1682,7799886.140999996,87.76530667874718,38.764692325420604
16188.0,981.86,4,782,2011-04-11 09:44:00,2011-10-26 12:19:00,245.465,1683,7800868.000999996,87.7763546918153,38.7877391103941
16085.0,981.51,5,636,2011-01-23 12:07:00,2011-11-16 13:24:00,196.302,1684,7801849.510999996,87.78739876663909,38.810785895367594
12541.0,981.18,3,680,2011-03-04 09:32:00,2011-11-10 10:40:00,327.06,1685,7802830.690999996,87.79843912826108,38.83383268034109
18170.0,980.31,3,409,2011-05-06 15:13:00,2011-11-06 14:35:00,326.77,1686,7803811.0009999955,87.8094697005329,38.856879465314584
13509.0,979.72,7,1106,2011-02-28 13:27:00,2011-12-01 10:10:00,139.96,1687,7804790.720999995,87.82049363405,38.87992625028808
13350.0,979.12,2,287,2011-09-21 13:33:00,2011-11-23 16:33:00,489.56,1688,7805769.840999995,87.83151081629109,38.90297303526158
15132.0,977.9300000000001,5,679,2011-03-22 12:02:00,2011-11-21 17:10:00,195.586,1689,7806747.770999995,87.84251460850149,38.92601982023508
14920.0,977.77,2,509,2011-05-11 10:31:00,2011-05-11 10:32:00,488.885,1690,7807725.540999995,87.85351660037163,38.94906660520857
13026.0,975.36,5,1620,2011-03-09 11:35:00,2011-12-08 16:58:00,195.072,1691,7808700.900999995,87.86449147461654,38.972113390182066
16376.0,974.96,2,691,2011-11-22 16:47:00,2011-12-01 11:38:00,487.48,1692,7809675.860999995,87.87546184801081,38.99516017515556
14522.0,974.54,4,525,2011-05-25 16:01:00,2011-11-15 13:24:00,243.635,1693,7810650.400999995,87.88642749551188,39.018206960129056
15449.0,974.52,3,812,2011-03-23 10:43:00,2011-11-13 15:02:00,324.84,1694,7811624.9209999945,87.89739291797042,39.04125374510256
12994.0,974.4200000000001,3,459,2011-03-16 08:31:00,2011-12-05 15:43:00,324.8066666666667,1695,7812599.340999994,87.9083572152163,39.06430053007605
18194.0,973.8399999999999,1,632,2011-09-18 13:29:00,2011-09-18 13:29:00,973.8399999999999,1696,7813573.180999994,87.91931498622871,39.087347315049556
16009.0,972.11,4,366,2011-07-03 11:26:00,2011-11-17 16:51:00,243.0275,1697,7814545.290999995,87.93025329106204,39.11039410002305
15506.0,972.08,3,842,2011-07-24 11:45:00,2011-11-17 12:11:00,324.0266666666667,1698,7815517.370999995,87.94119125833156,39.133440884996546
13155.0,971.76,4,497,2010-12-06 12:44:00,2011-11-06 15:41:00,242.94,1699,7816489.130999994,87.95212562492057,39.15648766997004
17100.0,971.74,2,800,2011-11-21 16:36:00,2011-11-21 16:36:00,485.87,1700,7817460.870999995,87.96305976646704,39.179534454943536
14256.0,969.0600000000001,2,414,2010-12-10 11:44:00,2011-03-24 13:17:00,484.53000000000003,1701,7818429.930999994,87.97396375231408,39.20258123991703
14138.0,965.8800000000001,2,600,2011-10-07 09:38:00,2011-12-08 12:44:00,482.94000000000005,1702,7819395.810999994,87.9848319563984,39.22562802489053
15793.0,965.61,3,553,2011-03-16 10:45:00,2011-11-25 09:31:00,321.87,1703,7820361.4209999945,87.99569712240853,39.24867480986403
15860.0,965.16,8,437,2010-12-06 11:38:00,2011-10-30 11:25:00,120.645,1704,7821326.580999995,88.00655722496168,39.27172159483752
12550.0,964.83,1,569,2011-09-21 14:35:00,2011-09-21 14:35:00,964.83,1705,7822291.410999995,88.01741361431303,39.29476837981102
13138.0,962.39,6,473,2010-12-02 15:03:00,2011-11-17 16:51:00,160.39833333333334,1706,7823253.800999994,88.02824254847535,39.31781516478451
14006.0,962.19,3,641,2011-01-31 15:11:00,2011-08-16 09:39:00,320.73,1707,7824215.990999995,88.03906923221236,39.34086194975801
15156.0,961.49,3,597,2011-11-06 12:41:00,2011-12-08 18:22:00,320.49666666666667,1708,7825177.480999995,88.0498880394607,39.36390873473151
16419.0,958.71,6,428,2011-02-01 12:25:00,2011-08-19 12:33:00,159.785,1709,7826136.190999995,88.06067556579697,39.386955519705005
18192.0,957.97,1,339,2011-09-29 09:53:00,2011-09-29 09:53:00,957.97,1710,7827094.160999995,88.07145476555954,39.4100023046785
13823.0,957.66,2,439,2011-09-09 10:42:00,2011-11-21 10:22:00,478.83,1711,7828051.820999995,88.08223047716282,39.433049089651995
12697.0,957.59,3,508,2011-06-23 15:44:00,2011-11-11 08:47:00,319.19666666666666,1712,7829009.410999995,88.09300540111727,39.45609587462549
14629.0,955.26,2,378,2011-10-23 16:13:00,2011-12-05 16:55:00,477.63,1713,7829964.6709999945,88.10375410761661,39.479142659598985
15948.0,955.24,2,567,2011-10-27 08:35:00,2011-12-01 15:32:00,477.62,1714,7830919.910999995,88.11450258907342,39.50218944457248
17244.0,954.9,1,616,2011-10-17 15:19:00,2011-10-17 15:19:00,954.9,1715,7831874.810999995,88.12524724480718,39.52523622954598
17097.0,954.42,8,459,2010-12-09 14:55:00,2011-12-07 17:05:00,119.3025,1716,7832829.230999995,88.13598649952014,39.54828301451948
15835.0,954.09,4,439,2011-01-13 10:35:00,2011-10-26 15:47:00,238.5225,1717,7833783.320999995,88.14672204103132,39.57132979949297
14540.0,952.66,3,411,2011-02-03 15:02:00,2011-11-30 10:15:00,317.55333333333334,1718,7834735.980999995,88.15744149200138,39.59437658446647
15421.0,950.36,4,500,2011-02-02 14:36:00,2011-10-12 09:20:00,237.59,1719,7835686.340999995,88.16813506308017,39.61742336943996
13636.0,949.12,5,592,2011-02-27 14:29:00,2011-11-03 10:30:00,189.824,1720,7836635.4609999955,88.17881468152193,39.64047015441346
12822.0,948.88,2,550,2011-09-13 13:46:00,2011-09-30 10:04:00,474.44,1721,7837584.340999995,88.18949159945328,39.66351693938696
17044.0,948.48,1,504,2011-11-14 14:28:00,2011-11-14 14:28:00,948.48,1722,7838532.820999996,88.20016401653396,39.686563724360454
13748.0,948.25,5,439,2010-12-01 09:00:00,2011-09-05 09:45:00,189.65,1723,7839481.070999996,88.21083384562553,39.70961050933395
12458.0,947.4,2,506,2011-02-28 10:55:00,2011-09-29 15:25:00,473.7,1724,7840428.470999996,88.22149411040945,39.732657294307444
15747.0,946.64,3,466,2011-06-20 11:30:00,2011-11-27 12:26:00,315.5466666666667,1725,7841375.110999996,88.23214582357711,39.75570407928094
13261.0,944.1,2,210,2011-02-27 10:41:00,2011-03-16 12:22:00,472.05,1726,7842319.2109999955,88.2427689563431,39.778750864254434
12820.0,942.34,4,722,2011-01-17 12:34:00,2011-12-06 15:12:00,235.585,1727,7843261.550999995,88.25337228536618,39.801797649227936
14075.0,942.26,3,754,2011-03-23 16:35:00,2011-12-05 08:38:00,314.08666666666664,1728,7844203.810999995,88.26397471421913,39.82484443420143
15289.0,939.78,3,1008,2011-04-04 12:44:00,2011-11-10 13:49:00,313.26,1729,7845143.590999995,88.27454923779801,39.847891219174926
17527.0,939.37,4,488,2011-05-05 13:43:00,2011-10-17 12:32:00,234.8425,1730,7846082.9609999955,88.28511914800497,39.87093800414842
17227.0,939.32,6,741,2010-12-06 11:16:00,2011-11-21 10:51:00,156.55333333333334,1731,7847022.280999996,88.29568849560559,39.893984789121916
16584.0,936.08,2,646,2011-03-30 13:14:00,2011-09-20 13:45:00,468.04,1732,7847958.360999996,88.30622138631587,39.91703157409541
14140.0,935.05,2,811,2011-11-08 11:20:00,2011-12-06 09:05:00,467.525,1733,7848893.410999996,88.31674268733572,39.940078359068906
16027.0,934.62,6,1147,2011-02-10 12:19:00,2011-09-09 10:47:00,155.77,1734,7849828.030999996,88.32725914994111,39.96312514404241
12924.0,933.7,4,481,2011-01-16 11:49:00,2011-09-12 13:55:00,233.425,1735,7850761.730999996,88.33776526058998,39.9861719290159
15787.0,933.26,3,534,2011-10-09 13:11:00,2011-11-13 14:55:00,311.08666666666664,1736,7851694.990999996,88.34826642030312,40.0092187139894
13655.0,932.97,2,605,2011-04-12 09:53:00,2011-08-17 14:25:00,466.485,1737,7852627.9609999955,88.35876431689954,40.03226549896289
14532.0,932.85,4,284,2010-12-22 13:48:00,2011-04-17 13:05:00,233.2125,1738,7853560.810999995,88.36926086324077,40.05531228393639
18133.0,931.4999999999999,1,1350,2011-05-11 14:14:00,2011-05-11 14:14:00,931.4999999999999,1739,7854492.310999995,88.37974221921101,40.07835906890988
16934.0,931.03,2,397,2011-10-16 12:25:00,2011-10-16 12:40:00,465.515,1740,7855423.340999995,88.39021828668174,40.101405853883385
17289.0,931.02,3,513,2011-06-12 13:51:00,2011-11-08 12:01:00,310.34,1741,7856354.360999995,88.4006942416312,40.12445263885688
17552.0,930.41,4,719,2010-12-02 18:45:00,2011-10-10 17:00:00,232.6025,1742,7857284.770999995,88.4111633327834,40.147499423830375
17618.0,930.28,3,319,2010-12-12 16:05:00,2011-12-04 11:50:00,310.0933333333333,1743,7858215.050999995,88.42163096115915,40.17054620880387
16907.0,928.76,5,286,2010-12-09 16:52:00,2011-11-10 18:04:00,185.752,1744,7859143.810999995,88.4320814863024,40.193592993777365
14475.0,925.85,3,447,2011-02-08 10:12:00,2011-09-29 10:46:00,308.6166666666667,1745,7860069.660999995,88.4424992677571,40.21663977875086
14231.0,925.71,3,409,2011-02-24 11:55:00,2011-06-09 11:05:00,308.57,1746,7860995.370999995,88.45291547391408,40.239686563724355
17048.0,925.35,3,485,2011-01-12 16:51:00,2011-08-14 11:49:00,308.45,1747,7861920.720999994,88.46332762930544,40.26273334869786
15312.0,924.85,4,516,2010-12-20 12:51:00,2011-09-25 13:10:00,231.2125,1748,7862845.570999994,88.4737341586335,40.28578013367135
13805.0,924.6,2,1900,2011-08-02 15:29:00,2011-10-18 14:50:00,462.3,1749,7863770.170999994,88.4841378749299,40.30882691864485
15654.0,922.53,2,475,2011-11-13 15:15:00,2011-11-30 13:08:00,461.265,1750,7864692.700999994,88.49451829932414,40.33187370361834
13122.0,922.39,2,585,2011-04-13 14:12:00,2011-09-06 15:53:00,461.195,1751,7865615.0909999935,88.50489714842065,40.35492048859184
16551.0,922.12,3,970,2011-01-07 10:24:00,2011-09-05 09:38:00,307.37333333333333,1752,7866537.210999994,88.51527295944297,40.37796727356533
13934.0,922.1,1,390,2011-03-21 08:39:00,2011-03-21 08:39:00,922.1,1753,7867459.310999993,88.52564854542275,40.401014058538834
13035.0,921.88,2,644,2011-03-24 09:21:00,2011-09-27 08:57:00,460.94,1754,7868381.190999993,88.53602165593468,40.424060843512336
14081.0,921.62,2,592,2010-12-05 15:47:00,2011-02-10 16:17:00,460.81,1755,7869302.810999993,88.54639184089366,40.44710762848583
15576.0,921.37,1,394,2011-11-02 12:03:00,2011-11-02 12:03:00,921.37,1756,7870224.180999993,88.556759212821,40.470154413459326
13984.0,920.51,5,679,2010-12-08 15:58:00,2011-11-13 12:38:00,184.102,1757,7871144.690999993,88.56711690791941,40.49320119843282
17018.0,920.1,2,176,2011-01-18 08:46:00,2011-10-30 11:42:00,460.05,1758,7872064.790999993,88.5774699896459,40.516247983406316
12652.0,919.98,1,505,2011-01-12 15:00:00,2011-01-12 15:00:00,919.98,1759,7872984.770999993,88.5878217211172,40.53929476837981
13075.0,919.61,1,485,2011-08-02 10:19:00,2011-08-02 10:19:00,919.61,1760,7873904.3809999935,88.59816928930164,40.562341553353306
16511.0,918.33,3,405,2011-03-18 11:24:00,2011-11-18 10:41:00,306.11,1761,7874822.710999994,88.60850245476398,40.58538833832681
13549.0,918.2,7,458,2011-04-11 13:42:00,2011-11-14 09:20:00,131.17142857142858,1762,7875740.910999994,88.61883415744984,40.6084351233003
15253.0,918.1999999999999,5,866,2011-06-23 12:19:00,2011-11-23 16:22:00,183.64,1763,7876659.110999994,88.62916586013571,40.6314819082738
14015.0,917.34,1,378,2011-10-18 10:02:00,2011-10-18 10:02:00,917.34,1764,7877576.450999994,88.63948788599266,40.65452869324729
14712.0,917.07,3,315,2011-08-19 13:33:00,2011-11-10 12:59:00,305.69,1765,7878493.520999994,88.64980687377543,40.67757547822079
15707.0,916.98,4,594,2011-09-14 14:19:00,2011-11-04 14:35:00,229.245,1766,7879410.500999995,88.6601248488668,40.70062226319428
17236.0,916.13,6,474,2010-12-12 11:49:00,2011-11-27 12:00:00,152.68833333333333,1767,7880326.630999994,88.67043325965051,40.723669048167785
14141.0,915.13,4,355,2011-08-26 14:40:00,2011-12-07 09:53:00,228.7825,1768,7881241.760999994,88.68073041830756,40.74671583314128
16216.0,914.9300000000001,1,254,2011-03-17 15:34:00,2011-03-17 15:34:00,914.9300000000001,1769,7882156.690999994,88.69102532653929,40.769762618114775
16809.0,914.69,5,652,2011-03-22 15:20:00,2011-11-16 15:45:00,182.93800000000002,1770,7883071.380999994,88.70131753426064,40.79280940308827
15587.0,913.6800000000001,4,312,2010-12-23 09:59:00,2011-10-20 13:37:00,228.42000000000002,1771,7883985.060999994,88.71159837733407,40.815856188061765
15364.0,913.19,2,493,2011-03-30 13:39:00,2011-09-05 09:46:00,456.595,1772,7884898.250999995,88.72187370686545,40.83890297303526
14359.0,912.18,3,371,2011-09-13 09:03:00,2011-11-20 13:17:00,304.06,1773,7885810.430999994,88.7321376717489,40.861949758008755
13192.0,911.94,2,595,2011-05-18 14:57:00,2011-09-05 14:13:00,455.97,1774,7886722.370999995,88.74239893612199,40.88499654298226
14289.0,911.26,6,292,2011-02-23 12:33:00,2011-12-01 11:44:00,151.87666666666667,1775,7887633.630999994,88.75265254904892,40.90804332795575
13689.0,910.0,1,512,2011-10-07 13:21:00,2011-10-07 13:21:00,910.0,1776,7888543.630999994,88.7628919842963,40.93109011292925
13782.0,908.86,6,369,2011-01-16 11:08:00,2011-11-27 11:54:00,151.47666666666666,1777,7889452.490999995,88.77311859211929,40.95413689790274
13038.0,908.46,3,360,2011-02-22 11:43:00,2011-09-20 14:37:00,302.82,1778,7890360.950999995,88.78334069909164,40.97718368287624
17323.0,906.52,7,760,2011-02-20 14:38:00,2011-11-24 17:29:00,129.50285714285715,1779,7891267.470999994,88.79354097693827,41.00023046784973
15480.0,905.5,1,303,2011-08-15 14:32:00,2011-08-15 14:32:00,905.5,1780,7892172.970999994,88.80372977761574,41.023277252823235
15807.0,903.9,3,430,2011-09-23 14:43:00,2011-10-20 14:10:00,301.3,1781,7893076.870999995,88.8139005748906,41.04632403779673
16716.0,901.2,2,120,2011-02-01 15:35:00,2011-03-18 10:03:00,450.6,1782,7893978.070999995,88.82404099142349,41.069370822770225
17848.0,901.1999999999999,9,398,2010-12-16 18:38:00,2011-09-19 16:49:00,100.13333333333333,1783,7894879.270999995,88.83418140795638,41.09241760774372
15511.0,900.53,5,269,2011-09-15 15:05:00,2011-11-28 09:43:00,180.106,1784,7895779.800999995,88.84431428556442,41.115464392717215
12940.0,899.69,2,404,2011-09-13 10:16:00,2011-10-16 12:09:00,449.845,1785,7896679.490999996,88.8544377113861,41.13851117769071
14625.0,899.63,2,335,2010-12-13 15:36:00,2011-05-27 15:32:00,449.815,1786,7897579.120999996,88.86456046208015,41.161557962664205
15079.0,895.61,4,389,2010-12-09 09:25:00,2011-05-11 12:45:00,223.9025,1787,7898474.730999996,88.8746379792251,41.18460474763771
15865.0,895.13,3,368,2011-05-10 11:44:00,2011-10-30 12:43:00,298.37666666666667,1788,7899369.860999996,88.88471009534925,41.2076515326112
15211.0,894.4100000000001,2,240,2010-12-09 16:08:00,2011-10-10 13:31:00,447.20500000000004,1789,7900264.270999996,88.89477410994223,41.2306983175847
15066.0,893.59,1,317,2011-10-17 13:25:00,2011-10-17 13:25:00,893.59,1790,7901157.860999996,88.90482889779135,41.25374510255819
12772.0,892.47,1,556,2011-10-11 09:19:00,2011-10-11 09:19:00,892.47,1791,7902050.330999996,88.91487108325862,41.27679188753169
16361.0,891.21,4,418,2011-09-29 13:13:00,2011-11-30 12:32:00,222.8025,1792,7902941.540999996,88.92489909104633,41.29983867250518
13515.0,891.12,4,681,2011-04-06 10:33:00,2011-09-28 11:26:00,222.78,1793,7903832.660999996,88.93492608614264,41.322885457478684
15255.0,890.85,1,489,2011-10-04 12:43:00,2011-10-04 12:43:00,890.85,1794,7904723.510999995,88.94495004316475,41.34593224245218
14240.0,890.34,2,418,2011-04-28 11:40:00,2011-11-09 13:45:00,445.17,1795,7905613.850999995,88.95496826160227,41.368979027425674
14344.0,889.9300000000001,8,477,2010-12-06 11:58:00,2011-08-04 13:51:00,111.24125000000001,1796,7906503.780999995,88.96498186666787,41.39202581239917
17007.0,889.9300000000001,6,597,2010-12-17 13:57:00,2011-10-20 10:47:00,148.3216666666667,1797,7907393.710999995,88.97499547173346,41.415072597372664
17829.0,889.24,1,496,2011-02-14 12:46:00,2011-02-14 12:46:00,889.24,1798,7908282.950999995,88.98500131283168,41.43811938234616
17537.0,887.67,2,699,2011-02-09 13:37:00,2011-11-10 10:56:00,443.835,1799,7909170.620999995,88.99498948809106,41.46116616731966
16900.0,887.11,3,833,2011-10-07 13:17:00,2011-11-23 10:32:00,295.7033333333333,1800,7910057.730999995,89.00497136215952,41.484212952293156
14623.0,886.7,5,418,2011-04-18 13:54:00,2011-11-07 13:56:00,177.34,1801,7910944.430999995,89.01494862285605,41.50725973726665
14449.0,885.8,4,741,2010-12-02 14:09:00,2011-11-21 12:06:00,221.45,1802,7911830.230999995,89.0249157566386,41.530306522240146
15822.0,885.47,2,375,2010-12-15 13:38:00,2011-12-06 14:50:00,442.735,1803,7912715.700999995,89.03487917721937,41.55335330721364
17704.0,885.19,2,343,2011-04-14 09:28:00,2011-06-24 09:40:00,442.595,1804,7913600.890999995,89.04483944720467,41.576400092187136
15799.0,884.14,3,955,2011-01-09 15:13:00,2011-09-25 12:46:00,294.7133333333333,1805,7914485.030999995,89.054787902457,41.59944687716063
15907.0,882.72,3,478,2011-05-13 13:01:00,2011-12-06 12:21:00,294.24,1806,7915367.750999995,89.06472037968948,41.62249366213413
18236.0,882.24,6,403,2011-04-13 09:52:00,2011-11-10 08:06:00,147.04,1807,7916249.990999995,89.07464745590117,41.64554044710763
17109.0,881.29,6,588,2011-04-21 15:46:00,2011-11-10 16:59:00,146.88166666666666,1808,7917131.280999995,89.08456384259256,41.66858723208112
13662.0,881.26,3,533,2011-03-25 13:23:00,2011-09-15 12:04:00,293.75333333333333,1809,7918012.540999995,89.09447989172014,41.69163401705462
13037.0,881.07,3,431,2011-03-28 15:42:00,2011-07-24 15:46:00,293.69,1810,7918893.610999995,89.10439380294366,41.71468080202811
15076.0,880.85,1,571,2011-06-20 08:23:00,2011-06-20 08:23:00,880.85,1811,7919774.460999995,89.11430523869932,41.73772758700161
17027.0,877.5600000000001,6,416,2011-01-26 14:19:00,2011-09-22 12:24:00,146.26000000000002,1812,7920652.020999994,89.1241796549583,41.76077437197511
15653.0,877.4399999999999,2,1200,2011-08-16 09:50:00,2011-09-08 10:49:00,438.71999999999997,1813,7921529.460999995,89.1340527209621,41.783821156948605
14770.0,876.42,2,490,2011-01-20 15:00:00,2011-04-21 14:21:00,438.21,1814,7922405.880999994,89.14391430979673,41.80686794192211
15100.0,876.0,3,80,2010-12-01 09:09:00,2011-01-10 10:35:00,292.0,1815,7923281.880999994,89.15377117273815,41.8299147268956
16513.0,874.59,4,407,2011-10-27 14:56:00,2011-12-05 10:18:00,218.6475,1816,7924156.470999994,89.16361217018101,41.8529615118691
16657.0,874.43,4,1130,2011-03-30 12:02:00,2011-11-30 11:48:00,218.6075,1817,7925030.900999994,89.1734513672836,41.87600829684259
13294.0,873.74,2,453,2011-04-04 12:37:00,2011-06-03 08:54:00,436.87,1818,7925904.640999994,89.18328280041882,41.89905508181609
15208.0,870.12,5,316,2010-12-21 13:03:00,2011-12-08 17:24:00,174.024,1819,7926774.760999994,89.19307350085558,41.92210186678958
13200.0,870.09,4,516,2011-08-05 14:50:00,2011-11-20 15:35:00,217.5225,1820,7927644.850999994,89.20286386372852,41.945148651763084
13979.0,869.87,1,639,2011-09-27 13:32:00,2011-09-27 13:32:00,869.87,1821,7928514.720999994,89.2126517511336,41.96819543673658
17566.0,869.77,2,497,2011-11-14 13:42:00,2011-12-01 19:54:00,434.885,1822,7929384.490999994,89.22243851332603,41.991242221710074
12694.0,869.67,2,509,2011-06-09 17:48:00,2011-09-30 13:06:00,434.835,1823,7930254.160999994,89.2322241503058,42.01428900668357
13203.0,869.46,4,800,2011-04-11 14:40:00,2011-11-30 10:45:00,217.365,1824,7931123.620999994,89.24200742433896,42.037335791657064
17886.0,869.28,3,469,2011-04-04 12:34:00,2011-11-08 10:09:00,289.76,1825,7931992.900999994,89.25178867298933,42.06038257663056
17649.0,868.49,1,399,2011-07-24 15:53:00,2011-07-24 15:53:00,868.49,1826,7932861.390999994,89.26156103245965,42.08342936160406
14912.0,867.85,2,971,2011-04-07 11:06:00,2011-11-23 09:20:00,433.925,1827,7933729.240999994,89.27132619056893,42.106476146577556
14715.0,867.38,4,521,2011-01-12 13:27:00,2011-11-15 12:10:00,216.845,1828,7934596.620999994,89.28108606017867,42.12952293155105
16235.0,867.31,5,330,2011-01-11 15:42:00,2011-10-30 10:56:00,173.462,1829,7935463.930999993,89.29084514213955,42.152569716524546
14597.0,866.24,2,566,2011-06-01 12:33:00,2011-11-28 13:13:00,433.12,1830,7936330.170999994,89.30059218432491,42.17561650149804
16567.0,865.6,2,996,2011-01-07 09:31:00,2011-05-29 13:57:00,432.8,1831,7937195.770999993,89.31033202514922,42.198663286471536
13846.0,865.0600000000001,3,388,2010-12-14 16:07:00,2011-11-15 12:07:00,288.35333333333335,1832,7938060.830999993,89.32006578982514,42.22171007144503
12680.0,862.81,4,443,2011-08-18 15:44:00,2011-12-09 12:50:00,215.7025,1833,7938923.640999992,89.32977423721611,42.24475685641853
16266.0,861.89,7,398,2011-05-17 14:50:00,2011-09-27 12:08:00,123.12714285714286,1834,7939785.530999992,89.33947233265057,42.26780364139203
16221.0,860.86,3,714,2010-12-07 13:13:00,2011-11-03 11:43:00,286.9533333333333,1835,7940646.390999992,89.34915883839459,42.29085042636552
12794.0,860.41,2,592,2011-09-02 12:01:00,2011-10-17 14:54:00,430.205,1836,7941506.8009999925,89.35884028068162,42.31389721133902
13339.0,860.12,1,326,2011-05-23 08:31:00,2011-05-23 08:31:00,860.12,1837,7942366.920999993,89.36851845985191,42.33694399631251
14577.0,859.71,4,353,2010-12-12 11:26:00,2011-11-27 12:47:00,214.9275,1838,7943226.630999993,89.37819202565029,42.35999078128601
14553.0,859.27,5,493,2011-01-04 15:40:00,2011-11-20 13:20:00,171.85399999999998,1839,7944085.900999992,89.38786064051294,42.38303756625951
13566.0,856.84,2,567,2011-09-18 12:40:00,2011-10-30 11:59:00,428.42,1840,7944942.740999992,89.39750191270784,42.406084351233005
16163.0,856.6,2,192,2010-12-09 16:28:00,2011-04-21 15:15:00,428.3,1841,7945799.340999992,89.40714048439233,42.4291311362065
12693.0,855.91,4,255,2011-01-24 12:58:00,2011-08-04 17:51:00,213.9775,1842,7946655.250999992,89.41677129210946,42.452177921179995
17064.0,855.45,3,316,2011-01-16 16:10:00,2011-10-12 10:18:00,285.15000000000003,1843,7947510.700999992,89.42639692384833,42.47522470615349
16037.0,855.02,3,428,2010-12-16 10:18:00,2011-03-15 09:13:00,285.00666666666666,1844,7948365.7209999915,89.43601771717272,42.498271491126985
12878.0,854.99,2,547,2011-03-18 14:02:00,2011-04-17 13:07:00,427.495,1845,7949220.710999992,89.44563817293334,42.52131827610049
17560.0,854.95,5,651,2011-02-02 11:14:00,2011-09-06 09:18:00,170.99,1846,7950075.660999992,89.45525817860887,42.54436506107398
16121.0,854.66,2,576,2011-05-08 11:52:00,2011-10-13 12:59:00,427.33,1847,7950930.320999992,89.46487492116769,42.56741184604748
14193.0,853.39,2,445,2011-03-15 11:38:00,2011-10-03 09:34:00,426.695,1848,7951783.710999992,89.47447737352566,42.59045863102097
13991.0,852.88,6,995,2011-07-19 12:58:00,2011-11-27 16:18:00,142.14666666666668,1849,7952636.590999992,89.48407408729905,42.61350541599447
15022.0,852.39,4,527,2011-10-23 15:47:00,2011-11-28 12:35:00,213.0975,1850,7953488.980999991,89.49366528753038,42.63655220096796
12379.0,852.24,2,407,2011-06-22 16:32:00,2011-09-19 10:09:00,426.12,1851,7954341.2209999915,89.50325479994271,42.65959898594146
16070.0,852.15,2,457,2011-11-07 16:36:00,2011-11-17 15:50:00,426.075,1852,7955193.370999992,89.51284329966364,42.68264577091496
16020.0,851.01,3,487,2011-10-05 13:54:00,2011-11-23 11:18:00,283.67,1853,7956044.380999992,89.5224189719602,42.705692555888454
18096.0,849.06,3,788,2011-10-07 11:55:00,2011-11-28 12:44:00,283.02,1854,7956893.440999991,89.53197270260979,42.72873934086195
12713.0,848.55,1,508,2011-12-09 12:16:00,2011-12-09 12:16:00,848.55,1855,7957741.990999991,89.5415206946748,42.751786125835444
14657.0,848.22,4,466,2011-01-17 15:19:00,2011-11-22 12:47:00,212.055,1856,7958590.210999991,89.55106497353802,42.77483291080894
16347.0,847.45,2,341,2011-11-03 13:01:00,2011-11-28 13:14:00,423.725,1857,7959437.660999991,89.56060058826372,42.797879695782434
13221.0,847.41,2,244,2010-12-15 13:24:00,2011-04-13 16:58:00,423.705,1858,7960285.070999991,89.57013575290435,42.820926480755936
16877.0,846.62,6,458,2011-05-15 16:13:00,2011-11-27 13:47:00,141.10333333333332,1859,7961131.690999991,89.57966202836495,42.84397326572943
14803.0,845.55,3,370,2011-02-20 13:21:00,2011-06-30 13:58:00,281.84999999999997,1860,7961977.240999991,89.58917626405002,42.867020050702926
12847.0,843.64,1,873,2011-11-17 13:16:00,2011-11-17 13:16:00,843.64,1861,7962820.880999991,89.59866900817319,42.89006683567642
17624.0,843.48,2,554,2011-05-05 17:59:00,2011-11-25 10:52:00,421.74,1862,7963664.360999991,89.60815995195611,42.913113620649916
17929.0,843.0,4,108,2011-02-04 11:40:00,2011-11-28 16:01:00,210.75,1863,7964507.360999991,89.61764549471825,42.93616040562341
13929.0,842.65,2,143,2011-01-17 15:11:00,2011-06-23 15:26:00,421.325,1864,7965350.010999992,89.62712709923605,42.959207190596906
16108.0,842.5,1,615,2011-09-16 11:48:00,2011-09-16 11:48:00,842.5,1865,7966192.510999992,89.63660701593486,42.98225397557041
16560.0,841.41,2,504,2010-12-16 14:36:00,2011-11-13 10:35:00,420.705,1866,7967033.920999992,89.64607466781563,43.0053007605439
14862.0,841.1999999999999,2,772,2011-07-14 11:20:00,2011-11-14 10:01:00,420.59999999999997,1867,7967875.120999992,89.65553995674979,43.0283475455174
17076.0,841.0799999999999,3,295,2010-12-10 10:08:00,2011-11-03 17:53:00,280.35999999999996,1868,7968716.200999992,89.66500389542875,43.05139433049089
14332.0,840.21,3,463,2011-07-15 10:33:00,2011-11-17 11:54:00,280.07,1869,7969556.410999992,89.67445804475754,43.07444111546439
13940.0,839.14,4,516,2011-07-18 16:05:00,2011-11-22 15:15:00,209.785,1870,7970395.550999992,89.68390015431082,43.09748790043788
17115.0,837.5,3,372,2011-04-20 14:46:00,2011-12-01 14:30:00,279.1666666666667,1871,7971233.050999992,89.69332381037638,43.120534685411386
16554.0,837.1,3,402,2011-01-12 12:41:00,2011-10-28 14:51:00,279.03333333333336,1872,7972070.150999991,89.70274296559131,43.14358147038488
15832.0,836.79,1,465,2011-03-30 15:29:00,2011-03-30 15:29:00,836.79,1873,7972906.940999991,89.71215863264696,43.16662825535838
12728.0,836.33,4,419,2011-01-11 13:31:00,2011-09-29 15:31:00,209.0825,1874,7973743.270999991,89.72156912372438,43.18967504033188
16747.0,836.06,2,583,2011-10-03 10:18:00,2011-11-02 11:37:00,418.03,1875,7974579.330999991,89.73097657672757,43.21272182530537
17169.0,835.78,2,526,2011-06-09 13:16:00,2011-10-13 10:25:00,417.89,1876,7975415.110999991,89.74038087913533,43.23576861027887
13835.0,834.57,4,442,2011-05-08 15:22:00,2011-11-14 15:37:00,208.6425,1877,7976249.6809999915,89.74977156646983,43.25881539525236
17075.0,834.12,4,292,2011-01-26 13:20:00,2011-11-22 11:58:00,208.53,1878,7977083.800999992,89.75915719034735,43.28186218022586
16644.0,833.78,2,826,2011-05-11 12:53:00,2011-06-15 12:39:00,416.89,1879,7977917.580999992,89.76853898850182,43.30490896519936
15862.0,832.88,4,585,2010-12-01 11:21:00,2011-12-01 13:28:00,208.22,1880,7978750.460999992,89.77791065974229,43.327955750172855
14644.0,830.76,2,258,2011-02-14 14:14:00,2011-10-03 08:30:00,415.38,1881,7979581.2209999915,89.78725847647428,43.35100253514635
16924.0,829.89,3,467,2011-09-16 12:54:00,2011-11-18 12:53:00,276.63,1882,7980411.110999991,89.79659650385608,43.374049320119845
13681.0,827.83,4,360,2011-07-07 15:21:00,2011-11-22 11:13:00,206.9575,1883,7981238.940999991,89.80591135185699,43.39709610509334
12461.0,826.88,2,287,2011-07-08 10:23:00,2011-09-06 16:57:00,413.44,1884,7982065.820999991,89.8152155103376,43.420142890066835
12781.0,826.74,2,671,2011-02-28 08:43:00,2011-10-07 10:37:00,413.37,1885,7982892.560999991,89.82451809352047,43.44318967504034
16494.0,826.53,1,675,2011-02-16 12:49:00,2011-02-16 12:49:00,826.53,1886,7983719.090999992,89.83381831375675,43.46623646001383
12427.0,825.8,3,533,2010-12-03 10:44:00,2011-11-18 08:56:00,275.26666666666665,1887,7984544.890999991,89.84311031994056,43.48928324498733
15164.0,824.58,3,351,2011-01-04 14:21:00,2011-10-02 12:05:00,274.86,1888,7985369.4709999915,89.85238859852988,43.51233002996082
16164.0,822.48,3,433,2011-10-28 09:12:00,2011-11-22 15:04:00,274.16,1889,7986191.950999992,89.86164324765326,43.53537681493432
12778.0,822.23,6,825,2011-01-31 14:35:00,2011-11-20 11:30:00,137.03833333333333,1890,7987014.180999992,89.87089508374495,43.55842359990781
13893.0,821.1,1,190,2011-02-15 11:30:00,2011-02-15 11:30:00,821.1,1891,7987835.280999992,89.88013420493355,43.58147038488131
17921.0,820.23,4,425,2011-03-18 13:19:00,2011-10-06 18:56:00,205.0575,1892,7988655.5109999925,89.88936353677197,43.60451716985481
17759.0,819.96,3,697,2011-06-23 13:35:00,2011-11-22 16:02:00,273.32,1893,7989475.470999992,89.89858983053618,43.627563954828304
13220.0,819.2900000000001,4,196,2011-04-17 10:59:00,2011-09-22 13:38:00,204.82250000000002,1894,7990294.7609999925,89.90780858537555,43.6506107398018
16092.0,817.86,3,628,2011-03-30 15:38:00,2011-08-17 10:46:00,272.62,1895,7991112.620999993,89.91701124967382,43.673657524775294
16869.0,817.12,4,583,2011-06-17 13:01:00,2011-11-17 12:02:00,204.28,1896,7991929.740999993,89.92620558739836,43.69670430974879
16943.0,816.73,3,145,2011-01-25 14:00:00,2011-05-12 11:57:00,272.24333333333334,1897,7992746.470999993,89.93539553679352,43.719751094722284
15649.0,816.0,2,192,2010-12-07 10:06:00,2011-01-07 13:34:00,408.0,1898,7993562.470999993,89.94457727213621,43.742797879695786
15399.0,815.77,3,611,2011-09-21 15:57:00,2011-12-08 13:04:00,271.92333333333335,1899,7994378.240999993,89.95375641948978,43.76584466466928
13811.0,814.5,3,68,2011-04-14 18:40:00,2011-06-09 09:54:00,271.5,1900,7995192.740999993,89.96292127664252,43.788891449642776
18064.0,814.0,2,384,2011-04-18 15:08:00,2011-07-29 16:39:00,407.0,1901,7996006.740999993,89.97208050773192,43.81193823461627
16600.0,813.52,6,1145,2011-01-05 12:13:00,2011-12-05 16:00:00,135.58666666666667,1902,7996820.2609999925,89.98123433780054,43.834985019589766
16621.0,813.48,4,302,2011-03-07 11:32:00,2011-10-19 11:38:00,203.37,1903,7997633.740999993,89.99038771778409,43.85803180456326
14421.0,813.11,2,365,2011-05-12 10:49:00,2011-10-13 13:24:00,406.555,1904,7998446.850999993,89.9995369344808,43.881078589536756
16284.0,812.68,2,535,2011-10-20 13:54:00,2011-11-08 16:12:00,406.34,1905,7999259.530999993,90.00868131276303,43.90412537451026
17980.0,811.45,3,682,2010-12-15 15:50:00,2011-06-27 12:01:00,270.48333333333335,1906,8000070.980999993,90.01781185092949,43.92717215948375
16460.0,811.23,3,876,2011-09-19 10:15:00,2011-11-11 13:46:00,270.41,1907,8000882.210999994,90.0269399136281,43.95021894445725
16276.0,810.6000000000001,1,420,2011-06-16 09:34:00,2011-06-16 09:34:00,810.6000000000001,1908,8001692.810999993,90.03606088748691,43.97326572943074
16624.0,810.5699999999999,2,488,2011-05-26 14:20:00,2011-09-20 12:39:00,405.28499999999997,1909,8002503.3809999935,90.04518152378192,43.99631251440424
15965.0,808.87,4,434,2010-12-07 13:18:00,2011-11-22 16:44:00,202.2175,1910,8003312.250999994,90.05428303146165,44.01935929937773
14499.0,808.44,3,496,2011-03-06 11:55:00,2011-11-13 13:01:00,269.48,1911,8004120.690999994,90.06337970072693,44.042406084351235
15533.0,807.57,3,289,2011-09-11 15:41:00,2011-11-20 15:35:00,269.19,1912,8004928.260999994,90.072466580642,44.06545286932473
12421.0,807.04,4,484,2011-01-24 15:09:00,2011-11-24 09:07:00,201.76,1913,8005735.300999994,90.08154749692996,44.088499654298225
13707.0,806.41,2,351,2011-01-28 13:27:00,2011-03-17 18:03:00,403.205,1914,8006541.710999995,90.09062132437813,44.11154643927172
12434.0,806.14,2,394,2011-03-24 13:05:00,2011-09-16 12:38:00,403.07,1915,8007347.850999994,90.0996921137521,44.134593224245215
13637.0,804.3,3,405,2011-04-27 13:06:00,2011-10-18 13:32:00,268.09999999999997,1916,8008152.150999994,90.10874219921304,44.15764000921871
18248.0,804.02,2,511,2011-06-06 13:18:00,2011-08-09 10:19:00,402.01,1917,8008956.170999994,90.11778913407854,44.18068679419221
12422.0,803.5600000000001,3,370,2011-01-19 09:13:00,2011-09-05 09:48:00,267.85333333333335,1918,8009759.730999993,90.12683089296574,44.20373357916571
15644.0,803.54,4,550,2011-03-23 15:37:00,2011-06-26 14:54:00,200.885,1919,8010563.270999993,90.13587242681045,44.2267803641392
18265.0,801.51,2,311,2011-07-04 15:26:00,2011-09-28 14:10:00,400.755,1920,8011364.780999993,90.14489111883806,44.2498271491127
17114.0,801.12,8,215,2011-01-09 11:39:00,2011-12-04 12:17:00,100.14,1921,8012165.900999993,90.15390542253627,44.27287393408619
16367.0,800.67,2,643,2010-12-12 12:01:00,2011-11-02 13:13:00,400.335,1922,8012966.570999993,90.1629146627775,44.29592071905969
15561.0,800.59,4,267,2011-05-08 11:38:00,2011-11-28 11:07:00,200.1475,1923,8013767.160999993,90.17192300284859,44.31896750403318
13720.0,799.9,4,501,2011-03-30 09:17:00,2011-08-15 12:46:00,199.975,1924,8014567.060999993,90.1809235789523,44.342014289006684
17905.0,798.99,4,406,2010-12-01 13:21:00,2011-09-29 17:33:00,199.7475,1925,8015366.050999993,90.18991391562076,44.36506107398018
17703.0,798.74,3,590,2011-07-24 13:30:00,2011-11-04 15:51:00,266.24666666666667,1926,8016164.790999994,90.19890143925757,44.388107858953674
13280.0,798.46,3,518,2011-01-06 17:10:00,2011-08-09 13:14:00,266.15333333333336,1927,8016963.250999994,90.20788581229891,44.41115464392717
16438.0,798.35,5,463,2011-09-18 13:31:00,2011-12-04 10:51:00,159.67000000000002,1928,8017761.600999993,90.21686894760632,44.434201428900664
13389.0,797.96,3,429,2011-04-21 12:12:00,2011-11-28 14:01:00,265.9866666666667,1929,8018559.560999993,90.22584769458433,44.45724821387416
12701.0,797.71,2,678,2011-04-11 13:02:00,2011-09-21 10:47:00,398.855,1930,8019357.270999993,90.23482362853068,44.48029499884766
13336.0,795.12,1,559,2011-09-23 14:05:00,2011-09-23 14:05:00,795.12,1931,8020152.390999993,90.24377041946903,44.503341783821156
15831.0,794.64,3,1092,2011-01-19 14:52:00,2011-10-12 13:14:00,264.88,1932,8020947.030999993,90.25271180938658,44.52638856879466
15990.0,792.11,2,443,2011-02-25 15:35:00,2011-10-26 15:58:00,396.055,1933,8021739.140999993,90.26162473142372,44.54943535376815
13167.0,791.33,4,785,2011-07-19 12:13:00,2011-11-21 12:24:00,197.8325,1934,8022530.470999993,90.27052887680208,44.57248213874165
14976.0,790.86,7,234,2011-01-17 11:09:00,2011-10-13 16:37:00,112.98,1935,8023321.330999994,90.2794277336809,44.59552892371514
13016.0,789.89,3,527,2011-08-08 15:00:00,2011-09-27 14:08:00,263.2966666666667,1936,8024111.220999993,90.2883156759969,44.61857570868864
16759.0,789.79,3,609,2011-11-09 09:06:00,2011-12-02 12:42:00,263.2633333333333,1937,8024901.010999993,90.29720249310022,44.64162249366213
13329.0,789.0,2,463,2010-12-08 10:11:00,2011-11-08 10:29:00,394.5,1938,8025690.010999993,90.3060804210235,44.664669278635635
14557.0,788.38,1,510,2011-09-15 15:48:00,2011-09-15 15:48:00,788.38,1939,8026478.390999993,90.31495137262824,44.68771606360913
13323.0,787.85,5,175,2011-09-16 13:23:00,2011-12-06 17:12:00,157.57,1940,8027266.240999993,90.32381636060587,44.710762848582625
13884.0,787.6,5,300,2011-03-01 13:40:00,2011-12-02 16:30:00,157.52,1941,8028053.840999993,90.33267853555184,44.73380963355612
16546.0,787.15,2,549,2010-12-02 12:07:00,2011-02-22 11:20:00,393.575,1942,8028840.990999993,90.34153564704081,44.756856418529615
13212.0,786.83,3,309,2011-10-09 14:48:00,2011-11-20 12:40:00,262.2766666666667,1943,8029627.820999993,90.35038915784926,44.77990320350311
13109.0,786.54,2,520,2011-07-05 14:56:00,2011-10-11 10:16:00,393.27,1944,8030414.360999993,90.35923940554099,44.80294998847661
12628.0,786.46,3,448,2011-10-06 09:28:00,2011-12-05 13:15:00,262.15333333333336,1945,8031200.820999993,90.36808875306258,44.82599677345011
15806.0,784.58,3,602,2011-03-08 09:24:00,2011-10-24 14:35:00,261.5266666666667,1946,8031985.400999993,90.37691694658608,44.8490435584236
18136.0,784.33,3,379,2011-01-24 12:08:00,2011-10-07 15:40:00,261.4433333333333,1947,8032769.730999993,90.38574232707792,44.8720903433971
17180.0,783.97,4,670,2011-01-27 18:05:00,2011-10-14 15:46:00,195.9925,1948,8033553.700999993,90.39456365680417,44.89513712837059
16054.0,783.9,1,380,2011-07-17 13:08:00,2011-07-17 13:08:00,783.9,1949,8034337.600999993,90.40338419888155,44.91818391334409
15952.0,781.91,4,391,2011-04-28 12:55:00,2011-11-06 11:18:00,195.4775,1950,8035119.510999993,90.41218234922691,44.94123069831758
17006.0,781.78,4,272,2011-09-25 12:15:00,2011-12-05 12:09:00,195.445,1951,8035901.290999994,90.42097903679581,44.964277483291085
15679.0,781.28,4,1170,2011-06-10 08:24:00,2011-11-15 16:19:00,195.32,1952,8036682.570999994,90.42977009830138,44.98732426826458
13583.0,781.03,1,725,2011-07-07 10:40:00,2011-07-07 10:40:00,781.03,1953,8037463.600999994,90.4385583467753,45.010371053238075
15239.0,780.59,2,594,2011-09-22 09:53:00,2011-11-29 14:14:00,390.295,1954,8038244.190999994,90.44734164431347,45.03341783821157
17797.0,780.43,3,498,2011-06-10 11:29:00,2011-11-17 13:21:00,260.1433333333333,1955,8039024.620999994,90.4561231415114,45.056464623185065
18228.0,779.9,2,238,2011-09-21 10:48:00,2011-10-14 09:21:00,389.95,1956,8039804.520999994,90.4648986750822,45.07951140815856
12735.0,779.5699999999999,2,368,2011-01-06 14:26:00,2011-01-28 13:37:00,389.78499999999997,1957,8040584.090999994,90.4736704954512,45.10255819313206
17411.0,778.94,3,306,2011-03-23 13:44:00,2011-11-27 14:25:00,259.6466666666667,1958,8041363.030999995,90.48243522698043,45.12560497810556
13375.0,778.65,1,442,2011-09-12 10:19:00,2011-09-12 10:19:00,778.65,1959,8042141.680999995,90.49119669539293,45.14865176307905
14815.0,778.5,2,744,2011-10-03 11:36:00,2011-11-03 11:36:00,389.25,1960,8042920.180999995,90.49995647598642,45.17169854805255
17414.0,778.0,2,2100,2011-06-08 11:43:00,2011-10-27 12:13:00,389.0,1961,8043698.180999995,90.5087106305166,45.19474533302604
16505.0,777.6,1,576,2011-11-08 12:14:00,2011-11-08 12:14:00,777.6,1962,8044475.780999995,90.5174602841961,45.21779211799954
13563.0,777.53,2,209,2011-07-22 17:21:00,2011-09-16 14:45:00,388.765,1963,8045253.310999995,90.52620915022675,45.24083890297304
12425.0,777.2,1,496,2011-09-22 17:31:00,2011-09-22 17:31:00,777.2,1964,8046030.510999995,90.53495430305561,45.263885687946534
15618.0,776.851,4,454,2011-07-26 10:13:00,2011-11-07 08:34:00,194.21275,1965,8046807.361999995,90.54369552889227,45.28693247292003
15743.0,775.96,4,214,2011-06-08 10:14:00,2011-11-23 17:19:00,193.99,1966,8047583.321999995,90.55242672908408,45.309979257893524
13314.0,775.94,3,560,2011-09-27 10:20:00,2011-12-08 12:29:00,258.6466666666667,1967,8048359.261999995,90.56115770423338,45.33302604286702
13341.0,775.85,1,301,2011-03-24 09:50:00,2011-03-24 09:50:00,775.85,1968,8049135.111999995,90.56988766669124,45.356072827840514
16825.0,775.1800000000001,2,566,2011-06-07 09:44:00,2011-11-01 11:51:00,387.59000000000003,1969,8049910.291999995,90.57861009022427,45.37911961281401
15414.0,774.9000000000001,3,443,2011-04-11 13:45:00,2011-11-30 09:50:00,258.3,1970,8050685.191999995,90.58732936316186,45.40216639778751
16043.0,773.99,4,503,2011-01-26 11:14:00,2011-11-02 12:50:00,193.4975,1971,8051459.181999995,90.59603839666418,45.425213182761006
16222.0,773.5500000000001,1,325,2011-01-25 13:38:00,2011-01-25 13:38:00,773.5500000000001,1972,8052232.731999995,90.60474247923078,45.4482599677345
15075.0,773.03,1,447,2011-09-23 12:27:00,2011-09-23 12:27:00,773.03,1973,8053005.761999995,90.61344071069153,45.471306752707996
17764.0,772.55,2,351,2011-05-12 16:11:00,2011-10-20 11:03:00,386.275,1974,8053778.311999995,90.62213354113148,45.49435353768149
17409.0,771.85,2,105,2011-04-05 16:42:00,2011-06-08 10:36:00,385.925,1975,8054550.161999995,90.63081849508278,45.517400322654986
15353.0,770.12,2,341,2010-12-07 11:49:00,2011-03-30 12:15:00,385.06,1976,8055320.281999995,90.63948398285498,45.54044710762849
14412.0,770.03,2,786,2011-09-28 08:48:00,2011-10-28 10:45:00,385.015,1977,8056090.311999995,90.64814845793579,45.56349389260198
12965.0,769.8100000000001,1,282,2011-09-11 15:31:00,2011-09-11 15:31:00,769.8100000000001,1978,8056860.121999995,90.65681045754874,45.58654067757548
16480.0,769.29,1,455,2011-09-25 11:40:00,2011-09-25 11:40:00,769.29,1979,8057629.411999995,90.66546660605583,45.60958746254897
13356.0,768.24,1,325,2011-09-20 14:33:00,2011-09-20 14:33:00,768.24,1980,8058397.651999995,90.67411093982994,45.63263424752247
14672.0,765.55,2,454,2011-01-07 15:48:00,2011-04-19 10:19:00,382.775,1981,8059163.201999995,90.68272500538338,45.65568103249596
17695.0,765.34,2,779,2011-06-21 12:35:00,2011-07-31 10:40:00,382.67,1982,8059928.541999995,90.69133670799022,45.67872781746946
14885.0,765.3199999999999,1,724,2011-07-31 12:05:00,2011-07-31 12:05:00,765.3199999999999,1983,8060693.861999995,90.69994818555453,45.70177460244296
17516.0,764.88,5,414,2011-02-27 12:41:00,2011-11-24 16:51:00,152.976,1984,8061458.741999995,90.70855471218312,45.724821387416455
17268.0,763.64,4,844,2011-04-08 13:20:00,2011-08-24 10:06:00,190.91,1985,8062222.381999995,90.71714728617465,45.74786817238995
17466.0,763.28,2,306,2011-09-22 09:16:00,2011-11-29 13:15:00,381.64,1986,8062985.661999995,90.7257358094006,45.770914957363445
16806.0,762.16,4,356,2011-04-14 19:59:00,2011-08-28 15:27:00,190.54,1987,8063747.821999995,90.73431173024473,45.79396174233694
15599.0,761.74,2,718,2011-05-19 13:05:00,2011-11-13 11:44:00,380.87,1988,8064509.561999995,90.74288292519563,45.817008527310435
14883.0,761.59,6,790,2011-05-12 09:49:00,2011-11-21 10:23:00,126.93166666666667,1989,8065271.151999995,90.75145243232757,45.84005531228394
17425.0,759.17,2,407,2011-10-10 11:37:00,2011-11-20 15:30:00,379.585,1990,8066030.321999995,90.75999470931299,45.86310209725743
16036.0,758.92,2,716,2011-03-21 13:01:00,2011-09-13 14:53:00,379.46,1991,8066789.241999995,90.76853417326677,45.88614888223093
15568.0,758.29,3,461,2011-09-27 14:37:00,2011-12-07 11:27:00,252.76333333333332,1992,8067547.531999995,90.77706654838076,45.90919566720443
16725.0,758.27,7,288,2010-12-03 16:02:00,2011-02-10 16:52:00,108.32428571428571,1993,8068305.801999995,90.78559869845222,45.932242452177924
12413.0,758.1,3,286,2011-01-06 16:12:00,2011-10-04 09:00:00,252.70000000000002,1994,8069063.901999994,90.79412893566213,45.95528923715142
16205.0,757.63,4,516,2011-06-13 11:33:00,2011-11-09 09:32:00,189.4075,1995,8069821.531999994,90.80265388437255,45.978336022124914
14550.0,757.37,2,389,2011-10-26 12:14:00,2011-11-29 12:12:00,378.685,1996,8070578.901999994,90.81117590753001,46.00138280709841
16770.0,757.1,5,456,2010-12-02 15:49:00,2011-10-13 12:21:00,151.42000000000002,1997,8071336.001999994,90.8196948926133,46.02442959207191
15223.0,755.75,2,213,2011-04-04 12:17:00,2011-04-28 11:31:00,377.875,1998,8072091.751999994,90.82819868732561,46.047476377045406
13370.0,754.87,1,343,2010-12-03 10:26:00,2010-12-03 10:26:00,754.87,1999,8072846.621999994,90.83669258016647,46.0705231620189
18104.0,754.64,1,362,2011-11-02 14:07:00,2011-11-02 14:07:00,754.64,2000,8073601.261999994,90.8451838850182,46.093569946992396
14234.0,754.12,4,951,2011-10-13 13:58:00,2011-11-17 17:53:00,188.53,2001,8074355.381999994,90.85366933876409,46.11661673196589
16470.0,752.77,4,522,2010-12-16 11:53:00,2011-10-19 12:11:00,188.1925,2002,8075108.151999993,90.86213960213898,46.139663516939386
13730.0,752.6,2,488,2011-07-01 12:47:00,2011-07-27 08:35:00,376.3,2003,8075860.751999993,90.87060795265236,46.16271030191289
13030.0,752.4399999999999,2,348,2010-12-06 14:31:00,2011-11-28 14:30:00,376.21999999999997,2004,8076613.191999993,90.87907450282547,46.18575708688638
16256.0,752.4300000000001,1,581,2011-03-18 12:18:00,2011-03-18 12:18:00,752.4300000000001,2005,8077365.621999993,90.88754094047732,46.20880387185988
12908.0,750.0,2,1200,2011-01-31 12:37:00,2011-06-16 15:39:00,375.0,2006,8078115.621999993,90.89598003546142,46.23185065683337
17146.0,749.78,3,212,2010-12-16 12:20:00,2011-08-26 12:44:00,249.92666666666665,2007,8078865.401999993,90.90441665497767,46.25489744180687
14923.0,749.1,1,418,2011-10-20 11:51:00,2011-10-20 11:51:00,749.1,2008,8079614.501999993,90.91284562304777,46.27794422678036
15656.0,748.5,4,343,2011-02-28 15:32:00,2011-10-25 14:56:00,187.125,2009,8080363.001999993,90.92126783984192,46.30099101175386
16859.0,747.81,2,827,2011-03-23 13:39:00,2011-07-18 12:19:00,373.905,2010,8081110.8119999925,90.92968229266864,46.32403779672736
14201.0,747.44,7,590,2010-12-15 13:25:00,2011-10-10 13:27:00,106.77714285714286,2011,8081858.251999993,90.93809258220854,46.347084581700855
17387.0,746.81,2,522,2011-11-06 11:25:00,2011-11-20 11:00:00,373.405,2012,8082605.0619999925,90.94649578290863,46.37013136667435
14050.0,746.36,2,689,2011-08-25 13:46:00,2011-11-08 10:00:00,373.18,2013,8083351.421999993,90.95489392015175,46.393178151647845
17034.0,745.52,3,410,2011-02-25 10:10:00,2011-11-23 15:14:00,248.50666666666666,2014,8084096.941999992,90.96328260560847,46.41622493662134
14790.0,745.06,4,699,2011-03-31 11:49:00,2011-11-23 09:28:00,186.265,2015,8084842.001999992,90.97166611508693,46.439271721594835
13950.0,745.06,4,323,2011-04-07 11:29:00,2011-11-28 14:44:00,186.265,2016,8085587.061999992,90.98004962456541,46.46231850656834
13236.0,744.85,2,416,2011-08-25 08:58:00,2011-11-15 12:50:00,372.425,2017,8086331.911999991,90.98843077109727,46.48536529154183
13354.0,743.53,1,604,2011-09-29 13:17:00,2011-09-29 13:17:00,743.53,2018,8087075.441999991,90.99679706482199,46.50841207651533
16730.0,743.11,3,994,2011-01-24 14:01:00,2011-10-18 14:11:00,247.70333333333335,2019,8087818.551999992,91.0051586326535,46.53145886148882
12374.0,742.9300000000001,1,342,2011-11-14 15:37:00,2011-11-14 15:37:00,742.9300000000001,2020,8088561.481999991,91.01351817510222,46.55450564646232
16891.0,742.43,5,265,2010-12-03 11:35:00,2011-12-08 11:15:00,148.486,2021,8089303.911999991,91.0218720914876,46.57755243143581
12465.0,742.1899999999999,2,479,2011-06-23 13:37:00,2011-11-22 16:34:00,371.09499999999997,2022,8090046.101999992,91.0302233073626,46.60059921640931
14662.0,741.37,4,578,2011-01-27 17:41:00,2011-11-11 12:13:00,185.3425,2023,8090787.471999992,91.03856529649376,46.62364600138281
13753.0,741.26,1,512,2011-02-25 12:48:00,2011-02-25 12:48:00,741.26,2024,8091528.731999991,91.04690604789097,46.646692786356304
13900.0,740.95,3,430,2011-03-22 10:13:00,2011-06-09 19:26:00,246.98333333333335,2025,8092269.681999992,91.05524331112893,46.6697395713298
17692.0,740.9399999999999,4,672,2010-12-15 13:37:00,2011-08-04 14:01:00,185.23499999999999,2026,8093010.621999992,91.06358046184563,46.692786356303294
15252.0,740.78,2,522,2011-06-09 14:15:00,2011-11-03 13:30:00,370.39,2027,8093751.401999992,91.07191581222206,46.71583314127679
12603.0,739.1999999999999,1,64,2011-11-18 10:42:00,2011-11-18 10:42:00,739.1999999999999,2028,8094490.6019999925,91.08023338423838,46.738879926250284
14756.0,738.96,1,416,2011-11-24 18:13:00,2011-11-24 18:13:00,738.96,2029,8095229.5619999925,91.08854825574433,46.761926711223786
12976.0,738.6,1,561,2011-05-12 09:55:00,2011-05-12 09:55:00,738.6,2030,8095968.161999992,91.09685907648466,46.78497349619728
17461.0,735.82,3,770,2011-11-10 12:01:00,2011-11-17 10:21:00,245.27333333333334,2031,8096703.981999992,91.10513861631293,46.808020281170776
15074.0,735.67,1,431,2011-08-26 14:45:00,2011-08-26 14:45:00,735.67,2032,8097439.651999992,91.1134164683222,46.83106706614427
15045.0,735.66,2,114,2011-03-27 11:44:00,2011-07-11 11:33:00,367.83,2033,8098175.3119999925,91.1216942078102,46.854113851117766
15215.0,734.94,3,225,2011-09-04 12:24:00,2011-10-24 11:41:00,244.98000000000002,2034,8098910.251999993,91.12996384576702,46.87716063609126
15525.0,734.37,3,387,2010-12-01 13:17:00,2011-12-07 14:43:00,244.79,2035,8099644.621999993,91.13822707001165,46.90020742106476
16146.0,734.13,3,427,2011-04-21 15:25:00,2011-07-05 14:20:00,244.71,2036,8100378.751999993,91.14648759374589,46.92325420603826
17979.0,732.41,4,383,2011-03-25 11:34:00,2011-11-04 12:05:00,183.1025,2037,8101111.161999993,91.1547287638223,46.94630099101175
13575.0,732.0699999999999,5,449,2011-06-16 14:24:00,2011-11-16 13:14:00,146.414,2038,8101843.231999993,91.16296610817565,46.96934777598525
16099.0,731.9,3,434,2011-04-28 08:34:00,2011-10-20 13:13:00,243.96666666666667,2039,8102575.131999994,91.17120153966746,46.99239456095874
16491.0,731.5,1,478,2011-10-24 10:18:00,2011-10-24 10:18:00,731.5,2040,8103306.631999994,91.17943247030863,47.01544134593224
14778.0,730.86,2,306,2011-02-04 11:43:00,2011-08-04 15:23:00,365.43,2041,8104037.491999994,91.18765619958874,47.03848813090573
13736.0,729.8,2,496,2011-03-24 13:04:00,2011-12-04 15:19:00,364.9,2042,8104767.291999994,91.1958680016146,47.061534915879236
12468.0,729.5400000000001,2,366,2011-01-27 13:29:00,2011-06-05 11:36:00,364.77000000000004,2043,8105496.831999994,91.20407687808753,47.08458170085273
16261.0,728.54,4,301,2011-04-07 19:05:00,2011-11-22 17:23:00,182.135,2044,8106225.371999994,91.21227450243381,47.107628485826226
17666.0,728.16,2,596,2011-10-05 11:06:00,2011-12-06 09:06:00,364.08,2045,8106953.531999994,91.22046785097199,47.13067527079972
13077.0,728.02,4,862,2010-12-08 14:59:00,2011-12-08 19:24:00,182.005,2046,8107681.551999994,91.22865962421241,47.153722055773216
13623.0,727.74,5,286,2011-02-15 13:08:00,2011-11-09 12:00:00,145.548,2047,8108409.291999994,91.23684824685738,47.17676884074671
14055.0,725.6400000000001,1,216,2011-08-25 15:04:00,2011-08-25 15:04:00,725.6400000000001,2048,8109134.9319999935,91.2450132400364,47.19981562572021
16140.0,725.18,2,730,2010-12-03 14:40:00,2011-10-05 12:15:00,362.59,2049,8109860.111999993,91.25317305723716,47.22286241069371
12723.0,725.07,5,434,2011-10-05 15:52:00,2011-12-06 10:19:00,145.014,2050,8110585.1819999935,91.26133163670399,47.2459091956672
15636.0,724.76,2,284,2011-03-02 14:50:00,2011-09-11 11:17:00,362.38,2051,8111309.941999993,91.26948672801156,47.268955980640705
12475.0,723.38,1,535,2011-10-17 10:10:00,2011-10-17 10:10:00,723.38,2052,8112033.321999993,91.27762629138435,47.2920027656142
17521.0,723.2099999999999,3,519,2011-05-24 15:14:00,2011-11-10 11:22:00,241.06999999999996,2053,8112756.531999993,91.28576394189561,47.315049550587695
15272.0,721.94,2,310,2011-09-14 16:36:00,2011-10-13 12:59:00,360.97,2054,8113478.471999994,91.29388730220604,47.33809633556119
14869.0,721.45,2,549,2011-08-28 16:09:00,2011-12-01 12:36:00,360.725,2055,8114199.921999994,91.30200514897442,47.361143120534685
15584.0,720.86,4,313,2011-06-30 16:39:00,2011-11-16 10:55:00,180.215,2056,8114920.781999994,91.31011635698808,47.38418990550819
18062.0,720.52,3,396,2011-01-06 10:03:00,2011-06-19 14:47:00,240.17333333333332,2057,8115641.301999994,91.31822373927866,47.40723669048168
16023.0,719.81,3,358,2011-03-18 13:32:00,2011-10-24 16:34:00,239.93666666666664,2058,8116361.111999993,91.32632313255932,47.43028347545518
15274.0,716.57,2,619,2011-11-21 14:17:00,2011-12-05 16:57:00,358.285,2059,8117077.6819999935,91.33438606894967,47.45333026042867
12535.0,716.35,2,219,2011-06-06 12:47:00,2011-09-09 08:48:00,358.175,2060,8117794.031999993,91.34244652987215,47.47637704540217
15400.0,716.2,5,390,2011-03-06 11:27:00,2011-09-08 13:57:00,143.24,2061,8118510.231999993,91.35050530297563,47.49942383037566
17029.0,716.0,2,400,2011-04-17 10:57:00,2011-08-21 11:06:00,358.0,2062,8119226.231999993,91.35856182565378,47.522470615349164
17888.0,716.0,8,973,2010-12-17 13:56:00,2011-11-18 13:45:00,89.5,2063,8119942.231999993,91.36661834833194,47.54551740032266
15330.0,714.96,2,1312,2011-10-10 12:30:00,2011-11-07 17:50:00,357.48,2064,8120657.191999993,91.37466316879839,47.568564185296154
15757.0,714.42,2,491,2011-05-06 11:40:00,2011-10-05 12:14:00,357.21,2065,8121371.611999993,91.38270191311643,47.59161097026965
18035.0,713.89,3,584,2011-10-27 17:48:00,2011-11-04 12:39:00,237.96333333333334,2066,8122085.501999993,91.39073469380736,47.614657755243144
12616.0,713.3,2,284,2011-02-15 14:17:00,2011-09-05 15:17:00,356.65,2067,8122798.801999993,91.39876083574357,47.63770454021664
13169.0,712.88,2,272,2011-04-01 14:24:00,2011-10-07 12:11:00,356.44,2068,8123511.681999993,91.4067822517866,47.660751325190134
13147.0,712.8000000000001,4,144,2011-09-01 12:28:00,2011-11-29 13:59:00,178.20000000000002,2069,8124224.481999992,91.41480276765948,47.683798110163636
17761.0,712.78,1,398,2011-11-07 10:23:00,2011-11-07 10:23:00,712.78,2070,8124937.261999993,91.42282305848983,47.70684489513713
13416.0,712.5,2,142,2011-09-19 14:43:00,2011-10-27 08:56:00,356.25,2071,8125649.761999993,91.43084019872472,47.729891680110626
13587.0,712.4,1,180,2011-10-07 12:31:00,2011-10-07 12:31:00,712.4,2072,8126362.161999993,91.43885621374696,47.75293846508412
17642.0,712.29,2,474,2011-06-16 12:55:00,2011-08-12 09:11:00,356.145,2073,8127074.451999993,91.44687099103527,47.775985250057616
15855.0,712.24,5,470,2011-03-21 12:32:00,2011-07-26 10:20:00,142.448,2074,8127786.691999993,91.45488520571723,47.79903203503111
13705.0,711.86,3,363,2010-12-01 10:29:00,2011-12-02 12:32:00,237.28666666666666,2075,8128498.551999994,91.46289514459109,47.82207882000461
17179.0,711.79,3,290,2010-12-13 14:24:00,2011-06-14 16:48:00,237.26333333333332,2076,8129210.341999994,91.47090429581606,47.84512560497811
13249.0,711.41,3,546,2011-03-23 15:26:00,2011-09-08 13:26:00,237.13666666666666,2077,8129921.751999994,91.4789091712329,47.8681723899516
14867.0,710.28,3,328,2011-01-07 16:34:00,2011-06-07 11:39:00,236.76,2078,8130632.031999994,91.48690133174665,47.8912191749251
16362.0,709.99,5,340,2011-09-09 14:47:00,2011-11-07 13:01:00,141.998,2079,8131342.021999994,91.49489022914366,47.91426595989859
14127.0,709.71,3,321,2011-02-02 12:26:00,2011-08-09 10:49:00,236.57000000000002,2080,8132051.731999994,91.50287597594522,47.93731274487209
16136.0,709.38,3,440,2011-03-07 09:52:00,2011-10-11 09:10:00,236.46,2081,8132761.111999994,91.51085800954498,47.96035952984559
15951.0,708.22,2,313,2011-02-27 11:57:00,2011-12-01 08:34:00,354.11,2082,8133469.331999994,91.51882699067782,47.983406314819085
16449.0,707.69,2,367,2011-03-04 12:15:00,2011-05-26 10:25:00,353.845,2083,8134177.021999994,91.52679000818357,48.00645309979258
12453.0,707.09,1,473,2011-07-28 14:08:00,2011-07-28 14:08:00,707.09,2084,8134884.111999994,91.53474627441331,48.029499884766075
16309.0,706.57,2,467,2011-04-13 11:46:00,2011-08-25 15:35:00,353.285,2085,8135590.681999994,91.5426966895372,48.05254666973957
14126.0,706.1300000000001,3,508,2011-11-29 12:21:00,2011-12-02 11:45:00,235.3766666666667,2086,8136296.811999994,91.55064215372536,48.075593454713065
16364.0,705.79,2,279,2011-07-25 14:35:00,2011-11-28 11:27:00,352.895,2087,8137002.601999994,91.55858379219046,48.09864023968656
16882.0,705.12,3,424,2011-01-26 17:43:00,2011-10-04 10:42:00,235.04,2088,8137707.7219999945,91.56651789173071,48.12168702466006
16015.0,704.55,3,907,2011-10-21 12:56:00,2011-12-06 10:58:00,234.85,2089,8138412.271999994,91.57444557755878,48.14473380963356
17934.0,704.25,2,478,2011-10-12 10:50:00,2011-10-19 11:16:00,352.125,2090,8139116.521999994,91.58236988774885,48.16778059460705
12612.0,704.0400000000001,1,262,2011-09-26 15:35:00,2011-09-26 15:35:00,704.0400000000001,2091,8139820.561999994,91.59029183499231,48.19082737958055
17974.0,703.99,3,500,2011-05-04 11:50:00,2011-11-15 11:37:00,234.66333333333333,2092,8140524.551999995,91.59821321962947,48.21387416455404
12883.0,703.47,4,196,2011-09-11 15:18:00,2011-11-15 09:32:00,175.8675,2093,8141228.021999994,91.60612875316075,48.23692094952754
15103.0,703.36,2,329,2011-09-14 13:54:00,2011-11-08 14:53:00,351.68,2094,8141931.381999995,91.61404304895811,48.25996773450104
16997.0,702.0,3,360,2011-01-18 11:51:00,2011-02-24 17:28:00,234.0,2095,8142633.381999995,91.62194204186322,48.283014519474534
14179.0,701.57,2,319,2011-10-18 14:00:00,2011-10-30 12:07:00,350.785,2096,8143334.951999995,91.62983619635389,48.30606130444803
14198.0,701.4,4,290,2011-04-14 14:54:00,2011-11-21 16:35:00,175.35,2097,8144036.351999995,91.63772843798303,48.329108089421524
14356.0,701.23,2,277,2011-09-19 14:43:00,2011-09-21 09:18:00,350.615,2098,8144737.581999996,91.64561876675063,48.35215487439502
13238.0,700.73,4,298,2010-12-14 14:37:00,2011-11-22 15:37:00,175.1825,2099,8145438.311999996,91.6535034694549,48.375201659368514
17734.0,700.63,3,422,2011-04-20 10:04:00,2011-10-17 12:33:00,233.54333333333332,2100,8146138.941999996,91.66138704694652,48.39824844434201
17812.0,699.81,4,329,2010-12-06 15:27:00,2011-11-27 11:47:00,174.9525,2101,8146838.751999996,91.66926139769429,48.42129522931551
17423.0,698.41,2,459,2011-05-06 09:14:00,2011-10-24 13:36:00,349.205,2102,8147537.161999996,91.67711999546474,48.444342014289006
14829.0,697.55,4,452,2010-12-02 16:12:00,2011-11-10 16:16:00,174.3875,2103,8148234.711999996,91.68496891640629,48.4673887992625
17472.0,697.54,3,455,2011-02-13 14:40:00,2011-06-01 14:57:00,232.51333333333332,2104,8148932.251999996,91.69281772482655,48.490435584235996
15800.0,696.89,2,332,2011-04-07 12:39:00,2011-08-24 14:23:00,348.445,2105,8149629.141999995,91.70065921936451,48.51348236920949
15700.0,696.68,2,357,2011-06-19 15:36:00,2011-06-20 16:53:00,348.34,2106,8150325.821999995,91.70849835095588,48.536529154182986
14009.0,695.61,2,365,2011-05-18 13:00:00,2011-05-25 15:47:00,347.805,2107,8151021.431999995,91.71632544277173,48.55957593915649
14959.0,695.42,4,494,2011-02-16 13:00:00,2011-10-06 18:23:00,173.855,2108,8151716.851999995,91.72415039668353,48.58262272412998
17884.0,695.0699999999999,4,817,2010-12-03 12:11:00,2011-12-06 11:33:00,173.76749999999998,2109,8152411.921999996,91.73197141235099,48.60566950910348
15304.0,694.4000000000001,8,104,2010-12-06 11:42:00,2011-10-10 10:23:00,86.80000000000001,2110,8153106.321999996,91.7397848890936,48.62871629407697
12925.0,694.05,2,541,2011-09-26 11:05:00,2011-12-05 11:11:00,347.025,2111,8153800.371999996,91.74759442759188,48.651763079050475
15053.0,693.95,3,984,2011-03-03 12:06:00,2011-12-05 12:08:00,231.3166666666667,2112,8154494.321999996,91.75540284087751,48.67480986402397
14643.0,693.8100000000001,2,815,2010-12-16 17:53:00,2011-06-22 14:41:00,346.90500000000003,2113,8155188.131999996,91.7632096788654,48.697856648997465
12410.0,693.3299999999999,2,211,2011-02-04 10:38:00,2011-02-04 10:39:00,346.66499999999996,2114,8155881.461999996,91.77101111583251,48.72090343397096
13601.0,693.32,2,548,2011-05-12 16:52:00,2011-10-25 17:31:00,346.66,2115,8156574.781999996,91.77881244027833,48.74395021894446
14111.0,692.85,4,458,2011-04-12 11:36:00,2011-11-25 13:44:00,173.2125,2116,8157267.631999996,91.78660847622464,48.76699700391796
17198.0,692.22,3,357,2010-12-03 14:54:00,2011-11-16 10:39:00,230.74,2117,8157959.851999995,91.79439742333116,48.79004378889145
17733.0,692.19,2,463,2011-03-23 09:54:00,2011-11-01 08:16:00,346.095,2118,8158652.041999996,91.8021860328739,48.81309057386495
14880.0,690.59,3,365,2011-02-24 12:27:00,2011-09-23 13:42:00,230.1966666666667,2119,8159342.631999996,91.80995663901399,48.83613735883844
16212.0,690.34,2,244,2011-03-01 12:51:00,2011-11-20 13:00:00,345.17,2120,8160032.971999995,91.81772443212242,48.85918414381194
17796.0,690.0,4,176,2010-12-05 12:23:00,2011-10-30 15:38:00,172.5,2121,8160722.971999995,91.82548839950778,48.88223092878544
18085.0,689.95,2,265,2010-12-01 12:08:00,2011-01-13 15:17:00,344.975,2122,8161412.921999996,91.83325180428683,48.905277713758935
13023.0,689.9,2,286,2011-08-02 09:34:00,2011-10-06 16:27:00,344.95,2123,8162102.821999996,91.84101464645954,48.92832449873243
15181.0,689.4799999999999,3,544,2011-03-15 12:03:00,2011-10-04 13:58:00,229.82666666666663,2124,8162792.301999996,91.84877276273906,48.951371283705924
17502.0,689.1,4,376,2011-11-10 16:39:00,2011-11-30 13:13:00,172.275,2125,8163481.401999996,91.85652660321044,48.97441806867942
13799.0,688.86,2,402,2011-02-18 14:18:00,2011-08-15 12:07:00,344.43,2126,8164170.261999996,91.86427774317144,48.997464853652914
16642.0,688.33,2,479,2011-05-16 12:35:00,2011-12-05 11:31:00,344.165,2127,8164858.591999996,91.87202291950533,49.02051163862641
18196.0,686.63,2,431,2011-02-22 16:13:00,2011-09-05 16:22:00,343.315,2128,8165545.221999996,91.87974896722389,49.04355842359991
12658.0,686.05,1,320,2011-11-21 10:22:00,2011-11-21 10:22:00,686.05,2129,8166231.271999996,91.88746848870902,49.06660520857341
15038.0,685.74,6,212,2010-12-05 10:54:00,2011-10-12 11:33:00,114.29,2130,8166917.011999996,91.89518452203488,49.0896519935469
16122.0,684.4200000000001,4,1128,2010-12-08 11:41:00,2011-09-27 15:34:00,171.10500000000002,2131,8167601.431999996,91.90288570255358,49.1126987785204
15669.0,684.34,4,342,2011-03-21 09:13:00,2011-10-30 16:03:00,171.085,2132,8168285.771999996,91.91058598290212,49.13574556349389
17874.0,683.46,6,221,2011-03-29 11:25:00,2011-06-07 12:54:00,113.91000000000001,2133,8168969.231999996,91.91827636137924,49.15879234846739
14222.0,683.17,1,607,2011-06-15 16:42:00,2011-06-15 16:42:00,683.17,2134,8169652.401999996,91.92596347673961,49.18183913344089
15582.0,682.9100000000001,3,453,2011-05-03 13:36:00,2011-11-15 09:55:00,227.63666666666668,2135,8170335.311999996,91.93364766654707,49.204885918414384
17341.0,682.29,3,443,2010-12-08 12:46:00,2011-07-06 12:33:00,227.42999999999998,2136,8171017.601999996,91.941324880036,49.22793270338788
18135.0,681.9100000000001,5,349,2011-06-02 14:04:00,2011-11-10 19:32:00,136.382,2137,8171699.511999996,91.94899781771683,49.250979488361374
17397.0,681.41,2,250,2011-11-17 13:58:00,2011-11-17 14:08:00,340.705,2138,8172380.9219999965,91.95666512933431,49.27402627333487
12478.0,680.99,1,236,2011-12-06 09:56:00,2011-12-06 09:56:00,680.99,2139,8173061.911999997,91.96432771505862,49.297073058308364
18082.0,680.84,1,608,2011-11-14 12:45:00,2011-11-14 12:45:00,680.84,2140,8173742.751999997,91.97198861296391,49.32011984328186
13524.0,680.1800000000001,5,324,2011-05-04 12:26:00,2011-10-30 12:34:00,136.036,2141,8174422.931999996,91.97964208446562,49.34316662825536
16872.0,680.02,3,600,2011-06-08 14:32:00,2011-09-23 16:05:00,226.67333333333332,2142,8175102.951999996,91.98729375562706,49.366213413228856
15322.0,679.68,1,416,2011-09-15 09:34:00,2011-09-15 09:34:00,679.68,2143,8175782.631999996,91.99494160106545,49.38926019820235
13430.0,679.45,2,751,2011-09-14 14:26:00,2011-11-21 08:19:00,339.725,2144,8176462.081999996,92.00258685851472,49.412306983175846
14788.0,679.4399999999999,2,421,2011-11-13 15:52:00,2011-12-02 17:06:00,339.71999999999997,2145,8177141.521999996,92.01023200344271,49.43535376814934
13925.0,678.25,4,331,2011-07-28 12:09:00,2011-09-08 12:47:00,169.5625,2146,8177819.771999996,92.01786375834,49.458400553122836
13548.0,678.16,2,436,2011-04-10 11:35:00,2011-09-04 14:50:00,339.08,2147,8178497.931999996,92.02549450054589,49.48144733809634
13388.0,677.1,2,282,2011-07-31 12:52:00,2011-07-31 12:52:00,338.55,2148,8179175.031999996,92.03311331549753,49.50449412306983
13040.0,676.99,2,355,2011-11-06 13:53:00,2011-12-01 10:38:00,338.495,2149,8179852.021999996,92.04073089271525,49.52754090804333
16377.0,676.2,1,1500,2011-03-17 15:41:00,2011-03-17 15:41:00,676.2,2150,8180528.221999996,92.04833958075291,49.55058769301682
15626.0,675.8,2,766,2011-01-14 10:10:00,2011-09-26 10:03:00,337.9,2151,8181204.021999996,92.05594376793992,49.57363447799032
17462.0,675.69,2,227,2011-02-28 17:01:00,2011-10-10 13:56:00,337.845,2152,8181879.711999997,92.063546717393,49.59668126296381
15574.0,675.64,4,332,2010-12-02 15:46:00,2011-06-15 12:01:00,168.91,2153,8182555.351999996,92.07114910423974,49.619728047937315
18156.0,675.64,2,283,2010-12-05 12:29:00,2011-11-27 12:24:00,337.82,2154,8183230.991999996,92.07875149108648,49.64277483291081
12942.0,675.6,3,198,2010-12-09 09:34:00,2011-07-31 14:39:00,225.20000000000002,2155,8183906.5919999955,92.08635342784814,49.665821617884305
13607.0,675.51,1,288,2011-10-30 16:17:00,2011-10-30 16:17:00,675.51,2156,8184582.101999995,92.09395435191843,49.6888684028578
13325.0,675.3,1,240,2011-09-19 10:36:00,2011-09-19 10:36:00,675.3,2157,8185257.401999995,92.10155291304211,49.711915187831295
17994.0,674.89,4,495,2011-02-22 11:02:00,2011-08-10 11:41:00,168.7225,2158,8185932.291999995,92.10914686079386,49.73496197280479
13838.0,674.82,4,254,2010-12-05 10:45:00,2011-12-04 11:00:00,168.705,2159,8186607.111999995,92.11674002089676,49.758008757778285
13355.0,674.7,1,314,2011-08-09 14:48:00,2011-08-09 14:48:00,674.7,2160,8187281.811999995,92.12433183074445,49.78105554275179
13464.0,674.68,1,403,2011-10-12 15:01:00,2011-10-12 15:01:00,674.68,2161,8187956.491999995,92.13192341554961,49.80410232772528
17749.0,674.52,2,320,2011-03-28 13:39:00,2011-06-14 15:45:00,337.26,2162,8188631.0119999945,92.1395132000145,49.82714911269878
13951.0,674.45,3,459,2011-02-18 15:21:00,2011-06-16 16:43:00,224.8166666666667,2163,8189305.461999995,92.14710219683055,49.85019589767227
14504.0,673.26,4,308,2011-03-06 14:38:00,2011-10-23 16:00:00,168.315,2164,8189978.7219999945,92.15467780361587,49.87324268264577
13258.0,672.83,3,282,2011-05-18 13:11:00,2011-11-28 09:31:00,224.27666666666667,2165,8190651.551999995,92.16224857198674,49.89628946761926
14628.0,671.96,2,272,2011-04-11 14:43:00,2011-09-09 14:58:00,335.98,2166,8191323.5119999945,92.16980955100742,49.919336252592764
12838.0,671.95,2,355,2010-12-01 11:57:00,2011-11-06 12:20:00,335.975,2167,8191995.461999995,92.17737041750684,49.94238303756626
12638.0,671.69,1,577,2011-11-06 13:11:00,2011-11-06 13:11:00,671.69,2168,8192667.151999995,92.18492835845335,49.965429822539754
12418.0,668.58,1,407,2011-08-19 11:08:00,2011-08-19 11:08:00,668.58,2169,8193335.731999995,92.19245130528597,49.98847660751325
14342.0,668.5600000000001,4,347,2011-05-13 13:50:00,2011-11-18 13:21:00,167.14000000000001,2170,8194004.291999995,92.19997402707605,50.011523392486744
13741.0,668.4300000000001,3,218,2011-05-06 13:43:00,2011-09-29 09:19:00,222.81000000000003,2171,8194672.7219999945,92.2074952860897,50.034570177460246
16268.0,667.65,2,533,2011-09-29 18:30:00,2011-09-29 18:30:00,333.825,2172,8195340.371999995,92.21500776844454,50.05761696243374
15969.0,666.1,3,124,2011-06-07 12:19:00,2011-12-07 11:06:00,222.03333333333333,2173,8196006.4719999945,92.22250281000308,50.080663747407236
17105.0,665.78,2,693,2011-02-06 14:46:00,2011-07-03 15:53:00,332.89,2174,8196672.251999995,92.22999425088109,50.10371053238073
13963.0,664.54,4,460,2010-12-07 09:21:00,2011-02-04 14:43:00,166.135,2175,8197336.791999995,92.23747173912209,50.12675731735423
17883.0,664.34,4,374,2011-04-07 19:16:00,2011-12-06 17:49:00,166.085,2176,8198001.131999995,92.24494697693773,50.14980410232772
16208.0,664.26,2,333,2011-02-23 13:37:00,2011-10-26 11:36:00,332.13,2177,8198665.391999994,92.25242131458323,50.17285088730122
13596.0,664.11,2,384,2011-11-27 11:57:00,2011-12-04 12:01:00,332.055,2178,8199329.501999995,92.25989396440977,50.19589767227471
15643.0,664.0,3,246,2011-03-02 14:34:00,2011-06-01 07:38:00,221.33333333333334,2179,8199993.501999995,92.26736537650235,50.21894445724821
14720.0,663.81,3,219,2011-08-05 12:06:00,2011-12-04 12:02:00,221.26999999999998,2180,8200657.311999994,92.27483465069088,50.24199124222171
13240.0,663.65,4,298,2010-12-09 12:49:00,2011-09-04 14:08:00,165.9125,2181,8201320.961999995,92.28230212453914,50.26503802719521
16573.0,663.61,2,360,2011-02-22 15:14:00,2011-09-16 09:13:00,331.805,2182,8201984.571999995,92.28976914830234,50.2880848121687
16774.0,661.52,4,322,2011-06-14 12:45:00,2011-10-03 12:41:00,165.38,2183,8202646.091999995,92.29721265512084,50.3111315971422
13028.0,661.3199999999999,2,798,2011-10-25 14:09:00,2011-11-17 11:10:00,330.65999999999997,2184,8203307.411999995,92.30465391151404,50.33417838211569
14603.0,660.0,1,400,2011-03-10 10:27:00,2011-03-10 10:27:00,660.0,2185,8203967.411999995,92.31208031510005,50.35722516708919
15492.0,659.4599999999999,2,483,2011-09-26 14:02:00,2011-11-11 14:53:00,329.72999999999996,2186,8204626.871999995,92.31950064253766,50.380271952062685
13759.0,659.4100000000001,2,287,2011-09-29 15:40:00,2011-11-06 14:47:00,329.70500000000004,2187,8205286.281999995,92.32692040736895,50.40331873703619
16357.0,658.88,3,246,2011-05-10 10:35:00,2011-11-06 16:04:00,219.62666666666667,2188,8205945.161999995,92.33433420857311,50.426365522009675
14150.0,658.64,2,496,2010-12-15 10:04:00,2011-11-04 10:05:00,329.32,2189,8206603.801999995,92.34174530926687,50.44941230698318
16696.0,657.9000000000001,4,146,2011-04-05 15:20:00,2011-07-27 14:23:00,164.47500000000002,2190,8207261.701999995,92.34914808338694,50.472459091956665
14818.0,657.8,3,324,2011-03-31 12:28:00,2011-09-27 11:01:00,219.26666666666665,2191,8207919.501999995,92.35654973229431,50.49550587693017
17459.0,657.3,2,537,2011-10-10 17:00:00,2011-10-27 13:25:00,328.65,2192,8208576.801999995,92.36394575513837,50.51855266190366
15677.0,657.23,1,319,2011-10-21 15:36:00,2011-10-21 15:36:00,657.23,2193,8209234.031999995,92.37134099033358,50.541599446877164
17321.0,657.16,2,364,2011-10-03 11:34:00,2011-12-01 13:41:00,328.58,2194,8209891.191999995,92.37873543787993,50.56464623185065
16157.0,656.69,3,347,2011-09-28 11:48:00,2011-11-24 11:41:00,218.89666666666668,2195,8210547.881999996,92.38612459692673,50.587693016824154
13049.0,656.6800000000001,2,268,2011-01-25 16:33:00,2011-10-06 15:31:00,328.34000000000003,2196,8211204.561999995,92.39351364345228,50.61073980179764
16708.0,656.63,1,285,2011-10-25 12:20:00,2011-10-25 12:20:00,656.63,2197,8211861.191999995,92.40090212737148,50.633786586771144
17299.0,656.61,4,668,2011-06-19 16:04:00,2011-11-28 12:01:00,164.1525,2198,8212517.8019999955,92.40829038624817,50.65683337174464
16127.0,656.25,1,323,2011-10-31 13:58:00,2011-10-31 13:58:00,656.25,2199,8213174.0519999955,92.41567459435926,50.67988015671814
14894.0,655.75,1,265,2011-09-15 13:51:00,2011-09-15 13:51:00,655.75,2200,8213829.8019999955,92.42305317640702,50.702926941691636
14725.0,655.58,1,588,2011-11-15 12:42:00,2011-11-15 12:42:00,655.58,2201,8214485.381999996,92.43042984559325,50.72597372666513
16444.0,654.67,4,407,2011-03-20 12:14:00,2011-10-24 13:50:00,163.6675,2202,8215140.0519999955,92.43779627534424,50.74902051163863
14651.0,653.75,2,343,2011-05-12 16:29:00,2011-10-03 15:52:00,326.875,2203,8215793.8019999955,92.44515235313871,50.77206729661212
17398.0,653.38,3,310,2011-03-29 13:04:00,2011-08-17 09:48:00,217.79333333333332,2204,8216447.181999995,92.45250426764633,50.79511408158562
18151.0,653.35,2,355,2011-02-23 08:29:00,2011-07-28 11:35:00,326.675,2205,8217100.531999995,92.45985584459014,50.81816086655911
13496.0,653.33,2,341,2010-12-15 10:17:00,2011-11-29 10:58:00,326.665,2206,8217753.861999995,92.46720719649142,50.84120765153261
18121.0,653.3,2,438,2011-07-08 12:14:00,2011-07-13 12:53:00,326.65,2207,8218407.161999995,92.4745582108289,50.86425443650611
15205.0,653.24,2,378,2011-08-04 16:07:00,2011-09-15 19:36:00,326.62,2208,8219060.401999995,92.4819085500388,50.88730122147961
15031.0,653.19,4,400,2011-03-02 14:46:00,2011-12-05 14:19:00,163.2975,2209,8219713.5919999955,92.48925832664234,50.9103480064531
14548.0,652.8,2,256,2011-01-26 08:38:00,2011-07-12 12:19:00,326.4,2210,8220366.391999995,92.4966037149165,50.9333947914266
17523.0,652.74,4,872,2011-11-20 13:40:00,2011-11-28 13:20:00,163.185,2211,8221019.131999996,92.50394842806307,50.95644157640009
16056.0,650.75,1,345,2011-10-25 15:19:00,2011-10-25 15:19:00,650.75,2212,8221669.881999996,92.5112707494776,50.97948836137359
15571.0,650.4300000000001,4,264,2011-09-22 13:15:00,2011-11-28 10:02:00,162.60750000000002,2213,8222320.311999995,92.51858947021161,51.002535146347086
16969.0,650.41,3,816,2011-06-01 12:10:00,2011-10-31 13:12:00,216.8033333333333,2214,8222970.721999995,92.5259079659031,51.02558193132059
17779.0,650.32,3,396,2011-07-19 12:19:00,2011-11-18 14:15:00,216.77333333333334,2215,8223621.041999996,92.53322544890318,51.048628716294076
14034.0,648.89,3,420,2011-07-05 13:06:00,2011-11-17 14:02:00,216.29666666666665,2216,8224269.931999995,92.54052684136215,51.07167550126758
16495.0,648.26,3,328,2011-03-08 16:38:00,2011-12-06 13:20:00,216.08666666666667,2217,8224918.191999995,92.54782114498134,51.094722286241065
17777.0,647.56,3,501,2011-08-31 14:35:00,2011-11-15 12:02:00,215.85333333333332,2218,8225565.751999995,92.55510757211187,51.11776907121457
17373.0,646.92,4,408,2011-01-31 11:46:00,2011-10-30 15:28:00,161.73,2219,8226212.671999995,92.56238679788136,51.14081585618806
16014.0,646.83,3,258,2011-02-21 17:42:00,2011-11-02 12:04:00,215.61,2220,8226859.501999995,92.56966501095944,51.163862641161565
16734.0,646.76,3,345,2011-08-17 15:00:00,2011-10-18 13:44:00,215.58666666666667,2221,8227506.2619999945,92.57694243638866,51.18690942613505
12589.0,646.68,2,306,2011-07-18 12:05:00,2011-11-11 10:19:00,323.34,2222,8228152.941999994,92.58421896164775,51.209956211108555
14044.0,646.42,4,304,2011-02-03 11:39:00,2011-11-13 12:05:00,161.605,2223,8228799.361999994,92.5914925613539,51.23300299608204
15651.0,646.3,3,479,2011-03-24 08:56:00,2011-11-03 08:41:00,215.4333333333333,2224,8229445.661999994,92.59876481080487,51.256049781055545
14855.0,645.65,2,267,2011-07-28 12:06:00,2011-08-12 14:02:00,322.825,2225,8230091.311999994,92.60602974637352,51.27909656602904
12719.0,644.95,2,374,2011-10-05 14:50:00,2011-12-04 13:45:00,322.475,2226,8230736.2619999945,92.61328680545353,51.30214335100254
17312.0,644.3,3,372,2011-07-03 13:12:00,2011-07-24 11:52:00,214.76666666666665,2227,8231380.561999994,92.6205365506512,51.32519013597603
14451.0,643.9,2,378,2011-05-29 12:35:00,2011-10-10 13:38:00,321.95,2228,8232024.461999995,92.62778179499821,51.34823692094953
16383.0,643.76,2,467,2011-03-16 13:00:00,2011-09-26 12:45:00,321.88,2229,8232668.2219999945,92.63502546404749,51.37128370592302
14020.0,642.8,2,441,2011-09-12 15:32:00,2011-11-23 09:22:00,321.4,2230,8233311.021999994,92.64225833105519,51.39433049089652
13034.0,642.77,2,369,2010-12-05 14:52:00,2011-10-16 12:21:00,321.385,2231,8233953.791999994,92.6494908604991,51.41737727587001
15384.0,642.41,2,596,2010-12-15 11:34:00,2011-06-23 10:57:00,321.205,2232,8234596.201999994,92.65671933917741,51.44042406084351
17545.0,642.32,3,337,2011-10-27 13:48:00,2011-10-27 14:04:00,214.10666666666668,2233,8235238.521999994,92.66394680516433,51.46347084581701
17046.0,642.02,1,510,2011-07-05 14:24:00,2011-07-05 14:24:00,642.02,2234,8235880.541999994,92.67117089551324,51.48651763079051
15297.0,641.94,3,292,2011-10-07 09:42:00,2011-11-29 16:32:00,213.98000000000002,2235,8236522.481999994,92.67839408569203,51.509564415764
18218.0,641.92,2,536,2011-03-03 12:24:00,2011-05-12 12:53:00,320.96,2236,8237164.401999994,92.6856170508283,51.5326112007375
12365.0,641.38,2,174,2011-02-21 13:51:00,2011-02-21 14:04:00,320.69,2237,8237805.781999994,92.69283393981617,51.55565798571099
12624.0,641.13,2,355,2011-06-15 12:34:00,2011-08-25 15:04:00,320.565,2238,8238446.911999994,92.70004801577237,51.57870477068449
13417.0,640.83,2,162,2011-05-18 16:26:00,2011-12-05 08:49:00,320.415,2239,8239087.741999994,92.70725871609059,51.601751555657984
13318.0,640.76,3,304,2011-11-02 13:26:00,2011-12-08 18:51:00,213.58666666666667,2240,8239728.501999994,92.71446862875993,51.624798340631486
12631.0,640.5,1,236,2011-10-13 13:53:00,2011-10-13 13:53:00,640.5,2241,8240369.001999994,92.72167561587635,51.647845125604974
14301.0,640.14,1,606,2011-08-14 15:33:00,2011-08-14 15:33:00,640.14,2242,8241009.1419999935,92.72887855222717,51.670891910578476
15648.0,639.5,2,218,2011-03-17 18:59:00,2011-05-19 15:53:00,319.75,2243,8241648.6419999935,92.73607428721695,51.693938695551964
17515.0,639.02,4,243,2011-01-25 14:33:00,2011-11-08 14:04:00,159.755,2244,8242287.661999993,92.74326462118594,51.716985480525466
18160.0,638.0600000000001,2,294,2011-05-23 13:41:00,2011-10-13 15:50:00,319.03000000000003,2245,8242925.721999993,92.75044415311334,51.74003226549896
14754.0,638.05,2,486,2011-02-17 12:21:00,2011-10-26 12:01:00,319.025,2246,8243563.771999992,92.75762357251948,51.76307905047246
14128.0,637.5,2,564,2011-03-29 10:49:00,2011-10-10 12:00:00,318.75,2247,8244201.271999992,92.76479680325596,51.78612583544595
14481.0,636.51,2,489,2011-02-25 13:53:00,2011-06-28 10:38:00,318.255,2248,8244837.781999992,92.77195889438707,51.80917262041945
14664.0,636.24,2,465,2011-11-06 14:56:00,2011-11-20 10:59:00,318.12,2249,8245474.021999992,92.77911794744398,51.83221940539294
15829.0,636.14,2,996,2011-07-22 10:23:00,2011-09-01 16:45:00,318.07,2250,8246110.161999992,92.78627587528821,51.85526619036644
15773.0,635.6800000000001,1,311,2011-12-04 12:48:00,2011-12-04 12:48:00,635.6800000000001,2251,8246745.841999992,92.79342862715421,51.87831297533994
14000.0,635.66,1,710,2011-05-12 16:50:00,2011-05-12 16:50:00,635.66,2252,8247381.501999992,92.80058115397767,51.90135976031344
16139.0,635.41,3,330,2011-05-17 10:23:00,2011-11-21 08:37:00,211.8033333333333,2253,8248016.911999992,92.80773086776945,51.92440654528693
13892.0,632.97,4,983,2011-04-07 12:04:00,2011-11-13 11:50:00,158.2425,2254,8248649.881999992,92.81485312637224,51.94745333026043
14220.0,632.4,2,272,2010-12-16 18:18:00,2011-04-06 13:23:00,316.2,2255,8249282.281999992,92.82196897126283,51.97050011523392
16306.0,632.27,6,487,2010-12-07 15:18:00,2011-05-10 12:12:00,105.37833333333333,2256,8249914.551999992,92.82908335337696,51.99354690020742
18183.0,632.07,2,371,2011-03-10 10:08:00,2011-04-26 15:26:00,316.035,2257,8250546.621999992,92.83619548506576,52.016593685180915
13822.0,632.0,2,611,2011-10-30 15:55:00,2011-12-04 12:13:00,316.0,2258,8251178.621999992,92.8433068291057,52.03964047015441
14021.0,631.9,3,192,2011-03-28 15:10:00,2011-07-07 15:46:00,210.63333333333333,2259,8251810.521999992,92.85041704793298,52.06268725512791
15244.0,631.57,2,405,2011-04-05 15:12:00,2011-10-05 13:19:00,315.785,2260,8252442.091999993,92.85752355355845,52.08573404010141
17985.0,631.35,1,171,2011-11-17 14:24:00,2011-11-17 14:24:00,631.35,2261,8253073.441999992,92.86462758371606,52.10878082507491
13539.0,631.34,3,320,2011-02-03 15:23:00,2011-09-15 10:18:00,210.4466666666667,2262,8253704.781999992,92.8717315013524,52.1318276100484
16418.0,631.12,3,280,2011-04-27 16:54:00,2011-10-26 12:39:00,210.37333333333333,2263,8254335.901999992,92.87883294352089,52.1548743950219
17990.0,630.84,3,414,2010-12-13 12:10:00,2011-04-17 11:44:00,210.28,2264,8254966.741999992,92.88593123509392,52.17792117999539
13046.0,629.31,2,264,2011-03-18 15:43:00,2011-11-09 08:36:00,314.655,2265,8255596.051999992,92.89301231091316,52.20096796496889
13525.0,628.78,2,394,2011-04-05 15:36:00,2011-11-25 12:01:00,314.39,2266,8256224.831999992,92.90008742310532,52.224014749942384
14687.0,628.38,1,470,2011-08-25 11:59:00,2011-08-25 11:59:00,628.38,2267,8256853.211999992,92.9071580344468,52.247061534915886
13518.0,627.16,1,382,2011-09-15 10:29:00,2011-09-15 10:29:00,627.16,2268,8257480.371999992,92.91421491819376,52.270108319889374
15028.0,627.13,4,459,2010-12-06 12:47:00,2011-12-01 14:06:00,156.7825,2269,8258107.501999992,92.92127146437693,52.293155104862876
15402.0,626.77,2,694,2011-05-27 13:32:00,2011-07-14 12:17:00,313.385,2270,8258734.2719999915,92.9283239597945,52.316201889836364
14036.0,626.65,1,268,2011-02-28 09:26:00,2011-02-28 09:26:00,626.65,2271,8259360.921999992,92.93537510495689,52.339248674809866
12577.0,626.6,3,469,2010-12-15 16:21:00,2011-11-04 13:24:00,208.86666666666667,2272,8259987.5219999915,92.94242568751294,52.36229545978336
13914.0,626.45,2,380,2011-11-03 16:28:00,2011-11-28 10:35:00,313.225,2273,8260613.971999992,92.94947458224999,52.38534224475686
16469.0,625.42,4,260,2011-04-07 13:11:00,2011-11-16 12:25:00,156.355,2274,8261239.391999992,92.9565118872966,52.40838902973035
16750.0,623.93,5,214,2011-04-21 16:53:00,2011-10-26 12:48:00,124.78599999999999,2275,8261863.321999991,92.9635324266745,52.43143581470385
12649.0,623.51,3,586,2011-05-11 14:37:00,2011-08-24 14:41:00,207.83666666666667,2276,8262486.831999991,92.97054824015922,52.45448259967734
15147.0,623.5,1,366,2011-04-13 15:57:00,2011-04-13 15:57:00,623.5,2277,8263110.331999991,92.97756394112267,52.47752938465084
13368.0,623.4,2,327,2011-01-06 12:32:00,2011-03-28 09:59:00,311.7,2278,8263733.731999991,92.98457851687346,52.50057616962434
16431.0,623.28,3,442,2011-02-15 14:02:00,2011-05-10 14:09:00,207.76,2279,8264357.011999992,92.99159174236904,52.52362295459784
15258.0,623.16,2,142,2011-05-06 14:16:00,2011-06-24 12:30:00,311.58,2280,8264980.171999992,92.99860361760942,52.54666973957133
17499.0,622.88,1,711,2011-02-23 09:14:00,2011-02-23 09:14:00,622.88,2281,8265603.051999992,93.00561234225435,52.56971652454483
15182.0,622.85,2,253,2011-03-16 12:42:00,2011-07-08 13:37:00,311.425,2282,8266225.901999991,93.01262072933548,52.59276330951832
17460.0,622.4300000000001,6,236,2010-12-01 16:24:00,2011-09-06 15:04:00,103.73833333333334,2283,8266848.331999991,93.01962439052342,52.61581009449182
15768.0,621.8299999999999,3,244,2011-04-28 09:20:00,2011-08-16 10:48:00,207.27666666666664,2284,8267470.161999991,93.02662130043537,52.638856879465315
18217.0,621.75,2,491,2011-09-30 10:44:00,2011-11-10 13:18:00,310.875,2285,8268091.911999991,93.03361731017719,52.66190366443881
16915.0,621.6800000000001,6,132,2011-03-01 09:52:00,2011-11-30 16:39:00,103.61333333333334,2286,8268713.591999991,93.04061253227013,52.684950449412305
17640.0,621.66,1,250,2011-09-14 09:13:00,2011-09-14 09:13:00,621.66,2287,8269335.251999991,93.04760752932056,52.70799723438581
14152.0,621.29,2,711,2011-04-19 15:46:00,2011-09-25 12:54:00,310.645,2288,8269956.541999991,93.05459836308412,52.731044019359295
13402.0,621.23,2,479,2010-12-02 17:12:00,2011-08-04 15:51:00,310.615,2289,8270577.7719999915,93.06158852172008,52.7540908043328
13546.0,621.09,3,357,2011-05-23 12:14:00,2011-11-27 14:50:00,207.03,2290,8271198.861999991,93.06857710505831,52.77713758930629
16141.0,620.4,1,238,2011-09-12 13:11:00,2011-09-12 13:11:00,620.4,2291,8271819.261999992,93.07555792442916,52.80018437427979
12667.0,620.13,1,395,2011-10-12 17:00:00,2011-10-12 17:00:00,620.13,2292,8272439.391999992,93.08253570572582,52.82323115925328
13493.0,618.63,2,380,2011-02-25 16:42:00,2011-03-09 15:35:00,309.315,2293,8273058.0219999915,93.0894966088325,52.846277944226784
16613.0,618.59,1,293,2011-09-30 15:52:00,2011-09-30 15:52:00,618.59,2294,8273676.611999991,93.09645706185412,52.86932472920027
13145.0,618.52,4,145,2010-12-02 18:06:00,2011-10-31 12:45:00,154.63,2295,8274295.131999991,93.10341672722686,52.892371514173774
12596.0,618.27,2,474,2011-04-11 13:22:00,2011-10-19 13:02:00,309.135,2296,8274913.40199999,93.11037357956795,52.91541829914726
13301.0,618.09,4,345,2011-02-20 13:13:00,2011-08-28 11:25:00,154.5225,2297,8275531.49199999,93.11732840652624,52.938465084120764
16134.0,618.09,2,371,2010-12-15 14:00:00,2011-11-18 10:05:00,309.045,2298,8276149.58199999,93.12428323348453,52.96151186909426
14593.0,617.15,3,330,2011-05-25 11:14:00,2011-11-18 12:48:00,205.71666666666667,2299,8276766.7319999905,93.1312274834438,52.98455865406776
14377.0,617.05,2,219,2011-03-22 13:38:00,2011-06-01 13:32:00,308.525,2300,8277383.78199999,93.13817060819038,53.00760543904125
16311.0,616.26,2,394,2011-10-21 13:13:00,2011-11-22 08:54:00,308.13,2301,8278000.04199999,93.14510484375691,53.03065222401475
14905.0,616.15,2,287,2011-04-20 10:48:00,2011-07-05 12:41:00,308.075,2302,8278616.1919999905,93.15203784158952,53.05369900898824
14382.0,615.49,1,1231,2011-11-13 16:18:00,2011-11-13 16:18:00,615.49,2303,8279231.681999991,93.15896341301854,53.07674579396174
15275.0,615.14,1,498,2011-11-02 11:20:00,2011-11-02 11:20:00,615.14,2304,8279846.82199999,93.16588504620323,53.09979257893524
16566.0,614.66,5,362,2011-02-20 10:29:00,2011-11-24 16:34:00,122.93199999999999,2305,8280461.4819999905,93.17280127836713,53.12283936390874
16116.0,612.78,1,248,2011-05-12 12:01:00,2011-05-12 12:01:00,612.78,2306,8281074.261999991,93.17969635653294,53.14588614888223
18022.0,612.72,1,703,2011-11-04 12:45:00,2011-11-04 12:45:00,612.72,2307,8281686.9819999905,93.18659075957115,53.16893293385573
12513.0,612.29,1,462,2011-08-19 10:51:00,2011-08-19 10:51:00,612.29,2308,8282299.271999991,93.1934803241949,53.19197971882922
18149.0,612.0799999999999,3,310,2011-03-11 12:44:00,2011-10-20 12:04:00,204.02666666666664,2309,8282911.351999991,93.20036752587207,53.21502650380272
15232.0,612.06,2,686,2011-07-22 12:21:00,2011-08-18 16:27:00,306.03,2310,8283523.41199999,93.20725450250667,53.238073288776214
15645.0,612.01,1,256,2011-11-21 11:55:00,2011-11-21 11:55:00,612.01,2311,8284135.42199999,93.21414091653497,53.261120073749716
16109.0,611.88,2,612,2011-02-04 12:37:00,2011-05-05 09:17:00,305.94,2312,8284747.30199999,93.2210258677868,53.284166858723204
16763.0,611.85,1,319,2011-05-25 11:52:00,2011-05-25 11:52:00,611.85,2313,8285359.1519999895,93.22791048147482,53.307213643696706
13731.0,610.59,2,278,2011-04-07 10:10:00,2011-05-04 14:33:00,305.295,2314,8285969.741999989,93.23478091748328,53.330260428670194
12673.0,610.52,2,351,2011-01-17 11:46:00,2011-12-04 13:55:00,305.26,2315,8286580.261999989,93.24165056584286,53.353307213643696
15795.0,610.01,1,581,2011-07-13 10:43:00,2011-07-13 10:43:00,610.01,2316,8287190.271999989,93.24851447561787,53.37635399861719
14636.0,609.85,2,241,2011-03-16 09:52:00,2011-11-03 16:12:00,304.925,2317,8287800.121999988,93.25537658505259,53.39940078359069
13357.0,609.4,1,321,2011-03-27 13:56:00,2011-03-27 13:56:00,609.4,2318,8288409.521999989,93.26223363103034,53.42244756856418
16442.0,609.3,3,443,2010-12-14 10:46:00,2011-12-08 11:43:00,203.1,2319,8289018.8219999885,93.26908955179543,53.44549435353768
13933.0,608.7900000000001,2,205,2011-07-14 13:35:00,2011-08-22 14:03:00,304.39500000000004,2320,8289627.611999989,93.2759397339759,53.468541138511185
12933.0,607.53,3,499,2011-03-01 11:30:00,2011-11-15 16:38:00,202.51,2321,8290235.141999989,93.28277573847684,53.49158792348467
17119.0,606.91,2,334,2011-10-11 11:03:00,2011-12-06 14:40:00,303.455,2322,8290842.051999989,93.28960476665924,53.514634708458175
16718.0,606.0500000000001,1,407,2010-12-05 13:03:00,2010-12-05 13:03:00,606.0500000000001,2323,8291448.101999989,93.29642411801272,53.53768149343166
17849.0,605.8000000000001,4,114,2011-01-10 11:59:00,2011-05-05 13:46:00,151.45000000000002,2324,8292053.901999989,93.30324065633454,53.560728278405165
14133.0,605.64,3,348,2011-01-28 11:27:00,2011-08-02 11:34:00,201.88,2325,8292659.541999988,93.3100553943161,53.58377506337866
17507.0,605.58,2,359,2011-02-03 18:08:00,2011-03-23 11:48:00,302.79,2326,8293265.121999988,93.31686945717006,53.60682184835216
13233.0,605.12,2,1004,2011-01-07 14:49:00,2011-09-26 13:25:00,302.56,2327,8293870.241999988,93.32367834404577,53.62986863332565
14323.0,605.0600000000001,2,350,2011-04-15 11:44:00,2011-08-17 11:37:00,302.53000000000003,2328,8294475.301999988,93.33048655579387,53.65291541829915
17664.0,604.64,2,604,2011-05-11 14:17:00,2011-11-21 11:29:00,302.32,2329,8295079.941999988,93.33729004164879,53.67596220327264
12944.0,604.51,2,289,2010-12-20 10:41:00,2011-11-04 11:04:00,302.255,2330,8295684.4519999875,93.34409206472722,53.69900898824614
16732.0,603.75,1,317,2011-11-08 09:54:00,2011-11-08 09:54:00,603.75,2331,8296288.2019999875,93.35088553618944,53.72205577321964
12707.0,603.42,1,256,2011-02-21 08:38:00,2011-02-21 08:38:00,603.42,2332,8296891.621999987,93.35767529444983,53.74510255819314
16022.0,602.63,1,255,2011-03-24 13:16:00,2011-03-24 13:16:00,602.63,2333,8297494.251999987,93.36445616353018,53.76814934316663
15366.0,602.51,2,621,2010-12-16 15:59:00,2011-09-25 15:01:00,301.255,2334,8298096.761999987,93.37123568235535,53.79119612814013
12654.0,601.98,5,264,2011-02-17 13:16:00,2011-11-29 10:10:00,120.396,2335,8298698.7419999875,93.37800923755339,53.81424291311362
14609.0,601.56,4,7026,2011-02-16 12:10:00,2011-09-28 12:54:00,150.39,2336,8299300.301999987,93.38477806685823,53.83728969808712
16654.0,601.27,4,282,2010-12-06 15:09:00,2011-07-21 15:23:00,150.3175,2337,8299901.571999987,93.39154363304635,53.860336483060614
12420.0,600.39,1,345,2011-10-07 08:55:00,2011-10-07 08:55:00,600.39,2338,8300501.961999986,93.39829929736301,53.883383268034116
18211.0,600.07,5,359,2011-03-06 12:09:00,2011-11-14 08:10:00,120.01400000000001,2339,8301102.031999987,93.40505136099915,53.906430053007604
12872.0,599.97,2,319,2010-12-09 14:44:00,2011-01-17 10:52:00,299.985,2340,8301702.001999986,93.41180229942265,53.929476837981106
12521.0,599.68,1,309,2011-07-20 10:51:00,2011-07-20 10:51:00,599.68,2341,8302301.681999986,93.41854997472939,53.952523622954594
12556.0,599.56,2,355,2011-07-11 13:35:00,2011-10-20 13:06:00,299.78,2342,8302901.241999986,93.42529629978094,53.975570407928096
14710.0,599.48,4,375,2011-10-11 13:49:00,2011-11-25 14:53:00,149.87,2343,8303500.721999986,93.43204172466237,53.99861719290159
17420.0,598.83,3,265,2010-12-01 09:56:00,2011-10-20 14:52:00,199.61,2344,8304099.551999986,93.43877983566146,54.02166397787509
15720.0,598.73,1,281,2011-11-15 14:48:00,2011-11-15 14:48:00,598.73,2345,8304698.281999987,93.44551682144791,54.04471076284858
13311.0,598.57,2,305,2011-07-12 14:26:00,2011-12-05 12:55:00,299.285,2346,8305296.851999987,93.4522520068941,54.06775754782208
16298.0,598.2,3,198,2011-06-06 10:06:00,2011-11-17 11:59:00,199.4,2347,8305895.051999987,93.45898302905343,54.09080433279557
14108.0,597.91,2,381,2011-08-30 11:32:00,2011-11-09 10:41:00,298.955,2348,8306492.961999987,93.46571078809602,54.11385111776907
14645.0,597.09,2,381,2011-03-09 09:52:00,2011-07-06 09:15:00,298.545,2349,8307090.051999987,93.47242932039475,54.13689790274256
15381.0,596.85,2,171,2011-03-16 13:44:00,2011-05-10 11:55:00,298.425,2350,8307686.901999987,93.4791451521831,54.15994468771606
14675.0,596.36,1,336,2011-11-23 12:58:00,2011-11-23 12:58:00,596.36,2351,8308283.261999987,93.48585547042939,54.18299147268956
14467.0,596.26,4,276,2011-01-31 12:35:00,2011-11-22 12:48:00,149.065,2352,8308879.521999987,93.49256466346301,54.20603825766306
18246.0,596.1,2,166,2011-04-20 13:55:00,2011-11-16 11:49:00,298.05,2353,8309475.6219999865,93.49927205615637,54.22908504263655
14965.0,596.09,2,363,2011-09-04 13:15:00,2011-09-04 13:20:00,298.045,2354,8310071.711999986,93.50597933632847,54.25213182761005
13888.0,595.67,2,254,2011-05-05 14:41:00,2011-08-12 10:13:00,297.835,2355,8310667.381999986,93.51268189060737,54.27517861258354
17658.0,595.42,2,616,2011-05-12 15:23:00,2011-11-14 12:07:00,297.71,2356,8311262.801999986,93.5193816318546,54.29822539755704
14284.0,595.25,2,161,2011-09-14 13:04:00,2011-11-09 08:11:00,297.625,2357,8311858.051999986,93.52607946024033,54.321272182530535
13558.0,594.52,4,338,2011-10-02 13:01:00,2011-12-04 11:24:00,148.63,2358,8312452.571999986,93.53276907457358,54.34431896750404
16788.0,594.39,2,304,2011-03-30 13:05:00,2011-08-08 14:53:00,297.195,2359,8313046.961999985,93.53945722613037,54.367365752477525
16325.0,594.24,3,194,2011-04-08 09:20:00,2011-10-24 08:48:00,198.08,2360,8313641.201999986,93.54614368986817,54.39041253745103
13959.0,594.04,3,355,2010-12-12 13:56:00,2011-09-21 15:06:00,198.01333333333332,2361,8314235.241999986,93.55282790318064,54.413459322424515
12917.0,594.0,1,120,2011-08-03 16:42:00,2011-08-03 16:42:00,594.0,2362,8314829.241999986,93.55951166640806,54.43650610739802
15442.0,594.0,1,120,2011-04-05 12:24:00,2011-04-05 12:24:00,594.0,2363,8315423.241999986,93.56619542963547,54.45955289237151
16535.0,593.75,1,356,2011-12-04 15:18:00,2011-12-04 15:18:00,593.75,2364,8316016.991999986,93.5728763798312,54.482599677345014
18232.0,592.97,4,302,2011-05-26 16:30:00,2011-09-19 11:49:00,148.2425,2365,8316609.961999985,93.57954855336817,54.5056464623185
16203.0,592.9,4,262,2010-12-02 15:39:00,2011-10-12 12:31:00,148.225,2366,8317202.861999986,93.58621993925627,54.528693247292004
14692.0,591.55,4,265,2011-01-21 13:47:00,2011-07-25 15:08:00,147.8875,2367,8317794.411999986,93.59287613477339,54.55174003226549
15573.0,591.1899999999999,2,355,2011-09-15 12:16:00,2011-11-08 11:38:00,295.59499999999997,2368,8318385.601999986,93.59952827952493,54.574786817238994
13276.0,590.9300000000001,2,161,2011-09-01 10:03:00,2011-10-07 12:44:00,295.46500000000003,2369,8318976.531999986,93.60617749872353,54.59783360221249
13452.0,590.0,2,2,2011-03-14 11:38:00,2011-03-25 14:19:00,295.0,2370,8319566.531999986,93.61281625344435,54.62088038718599
13270.0,590.0,1,200,2010-12-08 14:53:00,2010-12-08 14:53:00,590.0,2371,8320156.531999986,93.61945500816519,54.64392717215948
14882.0,589.7,2,158,2011-11-06 10:15:00,2011-11-13 12:47:00,294.85,2372,8320746.231999986,93.62609038724801,54.66697395713298
16838.0,588.85,2,185,2011-02-24 15:01:00,2011-05-26 13:13:00,294.425,2373,8321335.0819999855,93.63271620202319,54.69002074210647
14338.0,588.22,2,335,2011-05-27 13:30:00,2011-07-01 14:08:00,294.11,2374,8321923.301999985,93.63933492795859,54.71306752707997
15624.0,588.13,4,357,2011-03-28 13:32:00,2011-08-15 11:38:00,147.0325,2375,8322511.431999985,93.64595264120258,54.736114312053466
17351.0,587.15,3,113,2011-03-11 16:05:00,2011-11-03 18:45:00,195.71666666666667,2376,8323098.5819999855,93.65255932736247,54.75916109702696
17890.0,586.89,2,402,2010-12-13 15:12:00,2011-01-21 11:19:00,293.445,2377,8323685.471999985,93.65916308796943,54.782207882000456
12384.0,585.27,2,126,2011-08-10 11:23:00,2011-11-11 08:39:00,292.635,2378,8324270.741999985,93.66574862013121,54.80525466697396
13243.0,585.12,1,232,2011-05-20 13:14:00,2011-05-20 13:14:00,585.12,2379,8324855.861999985,93.67233246447401,54.82830145194746
15222.0,585.0,1,440,2011-01-25 08:03:00,2011-01-25 08:03:00,585.0,2380,8325440.861999985,93.6789149585616,54.85134823692095
16384.0,584.5,2,260,2011-03-21 10:13:00,2011-09-11 11:19:00,292.25,2381,8326025.361999985,93.68549182658589,54.87439502189445
16072.0,584.3199999999999,1,140,2011-02-24 14:32:00,2011-02-24 14:32:00,584.3199999999999,2382,8326609.681999985,93.69206666922737,54.89744180686794
14023.0,584.07,2,345,2011-04-03 15:50:00,2011-12-02 13:58:00,292.035,2383,8327193.751999985,93.69863869883719,54.92048859184144
13557.0,584.06,2,546,2011-03-04 12:14:00,2011-11-11 15:24:00,292.03,2384,8327777.811999985,93.70521061592572,54.943535376814935
15762.0,583.75,2,251,2011-09-23 15:17:00,2011-10-05 16:15:00,291.875,2385,8328361.561999985,93.71177904485502,54.96658216178844
17014.0,583.4300000000001,3,243,2011-10-04 11:36:00,2011-12-01 14:09:00,194.4766666666667,2386,8328944.991999985,93.71834387310378,54.989628946761925
12426.0,582.73,1,258,2011-05-29 12:26:00,2011-05-29 12:26:00,582.73,2387,8329527.721999985,93.7249008248639,55.01267573173543
13427.0,582.6,3,545,2011-05-08 15:58:00,2011-11-20 13:02:00,194.20000000000002,2388,8330110.321999985,93.73145631384754,55.035722516708915
12695.0,582.1,4,220,2011-05-13 13:15:00,2011-12-02 13:22:00,145.525,2389,8330692.421999984,93.73800617676787,55.05876930168242
17259.0,581.23,2,388,2010-12-06 12:55:00,2011-07-14 15:01:00,290.615,2390,8331273.651999985,93.74454625033802,55.08181608665591
18095.0,580.0500000000001,2,419,2011-01-11 12:37:00,2011-01-31 12:50:00,290.02500000000003,2391,8331853.701999985,93.75107304639872,55.104862871629415
17142.0,579.0,1,81,2011-04-14 18:22:00,2011-04-14 18:22:00,579.0,2392,8332432.701999985,93.75758802772644,55.1279096566029
13292.0,578.9399999999999,2,347,2011-02-28 15:00:00,2011-11-01 10:04:00,289.46999999999997,2393,8333011.641999985,93.76410233392657,55.150956441576405
17540.0,578.9,2,194,2011-01-27 14:35:00,2011-11-15 11:56:00,289.45,2394,8333590.541999985,93.77061619004164,55.17400322654989
16005.0,578.71,4,280,2011-03-14 11:46:00,2011-11-27 13:47:00,144.6775,2395,8334169.251999985,93.77712790825264,55.197050011523395
14529.0,578.61,3,325,2011-08-21 14:10:00,2011-10-10 15:27:00,192.87,2396,8334747.861999986,93.78363850125096,55.22009679649689
12601.0,577.0600000000001,5,245,2011-01-11 10:38:00,2011-06-03 10:17:00,115.412,2397,8335324.921999985,93.790131653453,55.24314358147039
14176.0,576.9000000000001,4,209,2010-12-07 11:45:00,2011-02-15 13:12:00,144.22500000000002,2398,8335901.821999986,93.79662300531477,55.26619036644388
16723.0,576.4,2,398,2011-08-24 11:31:00,2011-09-09 13:01:00,288.2,2399,8336478.221999986,93.80310873111323,55.28923715141738
15830.0,576.0,1,415,2011-11-02 10:40:00,2011-11-02 10:40:00,576.0,2400,8337054.221999986,93.80958995606102,55.31228393639087
15550.0,575.63,4,295,2011-02-11 12:49:00,2011-12-05 15:38:00,143.9075,2401,8337629.851999986,93.81606701772193,55.33533072136437
13487.0,575.4,3,265,2010-12-21 14:54:00,2011-10-13 12:07:00,191.79999999999998,2402,8338205.251999986,93.82254149139374,55.35837750633787
14400.0,574.7,1,454,2011-07-13 15:50:00,2011-07-13 15:50:00,574.7,2403,8338779.951999987,93.8290080885769,55.38142429131136
18123.0,574.4399999999999,2,582,2011-11-08 13:31:00,2011-11-15 14:23:00,287.21999999999997,2404,8339354.391999987,93.83547176020713,55.40447107628486
15339.0,574.07,2,416,2011-01-25 13:15:00,2011-10-04 12:51:00,287.035,2405,8339928.461999987,93.8419312685505,55.42751786125836
15303.0,574.02,1,248,2011-02-22 13:59:00,2011-02-22 13:59:00,574.02,2406,8340502.481999987,93.84839021428752,55.45056464623185
12879.0,573.22,3,370,2011-09-09 12:11:00,2011-10-26 12:24:00,191.07333333333335,2407,8341075.701999987,93.85484015832323,55.47361143120535
13379.0,572.56,3,601,2011-07-26 12:26:00,2011-11-13 13:45:00,190.85333333333332,2408,8341648.261999986,93.86128267595535,55.496658216178844
13405.0,572.451,3,165,2011-01-26 09:27:00,2011-09-26 17:01:00,190.817,2409,8342220.7129999865,93.86772396710568,55.51970500115234
12816.0,572.2,2,128,2011-06-16 13:24:00,2011-09-05 12:41:00,286.1,2410,8342792.912999987,93.87416243397222,55.542751786125834
13816.0,571.6700000000001,2,269,2011-10-06 14:37:00,2011-11-16 08:38:00,285.83500000000004,2411,8343364.582999987,93.88059493721163,55.565798571099336
17616.0,571.1999999999999,3,224,2010-12-07 10:04:00,2011-06-19 10:11:00,190.39999999999998,2412,8343935.782999987,93.88702215195151,55.588845356072824
15821.0,570.96,2,202,2011-10-09 13:28:00,2011-10-26 15:48:00,285.48,2413,8344506.742999987,93.893446666181,55.611892141046326
15315.0,570.5,2,862,2011-08-15 15:17:00,2011-10-06 12:51:00,285.25,2414,8345077.242999987,93.89986600443225,55.634938926019814
13939.0,568.55,3,847,2011-02-01 11:30:00,2011-11-16 13:33:00,189.51666666666665,2415,8345645.792999987,93.90626340103653,55.657985710993316
17360.0,568.24,3,328,2011-06-08 17:09:00,2011-11-22 13:11:00,189.41333333333333,2416,8346214.032999987,93.91265730948155,55.68103249596681
13321.0,567.36,2,372,2011-09-14 15:18:00,2011-09-28 15:24:00,283.68,2417,8346781.392999987,93.91904131605513,55.70407928094031
16667.0,567.1800000000001,2,236,2011-02-28 12:57:00,2011-10-02 15:26:00,283.59000000000003,2418,8347348.572999987,93.9254232972459,55.7271260659138
18150.0,566.58,3,332,2011-05-22 10:47:00,2011-11-07 16:49:00,188.86,2419,8347915.152999987,93.9317985271607,55.7501728508873
16278.0,566.38,1,114,2011-08-31 17:12:00,2011-08-31 17:12:00,566.38,2420,8348481.532999987,93.93817150665015,55.77321963586079
16345.0,565.46,1,288,2011-10-26 16:03:00,2011-10-26 16:03:00,565.46,2421,8349046.992999987,93.94453413418309,55.79626642083429
13894.0,564.62,3,354,2011-02-02 12:54:00,2011-11-16 09:44:00,188.20666666666668,2422,8349611.612999987,93.95088730992966,55.81931320580779
15344.0,563.94,3,116,2011-09-26 14:48:00,2011-12-09 10:45:00,187.98000000000002,2423,8350175.552999987,93.95723283423011,55.84235999078129
16933.0,563.23,2,288,2011-04-14 13:33:00,2011-12-08 12:54:00,281.615,2424,8350738.782999988,93.96357036952064,55.86540677575478
14753.0,563.15,1,211,2011-09-13 14:50:00,2011-09-13 14:50:00,563.15,2425,8351301.932999988,93.96990700464103,55.88845356072828
17970.0,562.79,1,513,2011-05-12 20:03:00,2011-05-12 20:03:00,562.79,2426,8351864.722999988,93.97623958899584,55.91150034570177
14167.0,562.59,4,147,2011-01-12 15:44:00,2011-10-31 14:29:00,140.6475,2427,8352427.312999988,93.98256992292531,55.93454713067527
12414.0,562.41,3,300,2011-02-02 14:51:00,2011-05-06 14:51:00,187.47,2428,8352989.722999988,93.98889823147198,55.957593915648765
16916.0,562.41,2,431,2010-12-02 13:14:00,2011-11-16 12:08:00,281.205,2429,8353552.132999988,93.99522654001866,55.98064070062227
12559.0,561.71,2,283,2011-01-24 10:12:00,2011-02-02 09:49:00,280.855,2430,8354113.842999988,94.00154697207668,56.003687485595755
13946.0,561.5699999999999,3,443,2011-03-17 10:02:00,2011-09-21 13:33:00,187.18999999999997,2431,8354675.4129999885,94.00786582883698,56.02673427056926
15655.0,560.67,1,324,2011-04-10 15:25:00,2011-04-10 15:25:00,560.67,2432,8355236.082999988,94.0141745586833,56.049781055542745
13044.0,560.47,1,429,2011-02-21 15:20:00,2011-02-21 15:20:00,560.47,2433,8355796.552999988,94.02048103810428,56.07282784051625
14273.0,559.97,4,264,2011-04-11 13:24:00,2011-10-19 13:20:00,139.9925,2434,8356356.522999988,94.02678189146194,56.09587462548974
16275.0,559.87,1,336,2011-05-27 12:41:00,2011-05-27 12:41:00,559.87,2435,8356916.392999988,94.03308161960695,56.118921410463244
15415.0,559.61,1,551,2011-01-30 14:13:00,2011-01-30 14:13:00,559.61,2436,8357476.002999988,94.03937842219901,56.14196819543673
16906.0,559.59,4,263,2011-04-05 12:30:00,2011-09-19 11:49:00,139.8975,2437,8358035.592999988,94.04567499974854,56.165014980410234
12866.0,559.12,1,171,2011-03-01 14:11:00,2011-03-01 14:11:00,559.12,2438,8358594.712999988,94.05196628879857,56.188061765383736
17503.0,558.96,2,486,2011-11-01 11:12:00,2011-12-07 09:18:00,279.48,2439,8359153.672999988,94.05825577750831,56.211108550357224
12987.0,558.7,2,219,2011-05-26 12:00:00,2011-09-27 12:03:00,279.35,2440,8359712.3729999885,94.06454234066514,56.234155335330726
13800.0,558.32,1,331,2011-02-03 12:27:00,2011-02-03 12:27:00,558.32,2441,8360270.692999989,94.07082462801382,56.257202120304214
14592.0,557.94,3,407,2011-10-06 18:08:00,2011-11-04 16:35:00,185.98000000000002,2442,8360828.632999989,94.07710263955441,56.280248905277716
13260.0,557.62,1,142,2011-10-09 13:21:00,2011-10-09 13:21:00,557.62,2443,8361386.252999989,94.08337705041446,56.30329569025121
17955.0,557.3,4,273,2011-05-04 12:29:00,2011-05-25 12:00:00,139.325,2444,8361943.552999989,94.08964786059397,56.32634247522471
16385.0,554.86,3,258,2010-12-08 12:56:00,2011-10-10 13:12:00,184.95333333333335,2445,8362498.412999989,94.09589121558449,56.3493892601982
17864.0,554.85,3,706,2011-03-09 11:44:00,2011-11-27 11:15:00,184.95000000000002,2446,8363053.262999989,94.10213445805371,56.3724360451717
14891.0,554.38,2,505,2011-06-05 10:58:00,2011-07-14 18:08:00,277.19,2447,8363607.642999989,94.10837241202343,56.39548283014519
14618.0,553.44,3,264,2011-01-06 11:59:00,2011-11-30 13:45:00,184.48000000000002,2448,8364161.082999989,94.11459978899408,56.41852961511869
15068.0,553.36,2,364,2011-03-28 14:27:00,2011-10-24 14:47:00,276.68,2449,8364714.44299999,94.12082626579463,56.44157640009219
12363.0,552.0,2,408,2011-04-11 13:29:00,2011-08-22 10:18:00,276.0,2450,8365266.44299999,94.12703743970293,56.46462318506569
17674.0,551.04,2,672,2010-12-06 10:20:00,2011-09-26 13:35:00,275.52,2451,8365817.48299999,94.13323781156964,56.48766997003918
17291.0,550.8000000000001,1,72,2011-02-04 13:04:00,2011-02-04 13:04:00,550.8000000000001,2452,8366368.28299999,94.13943548292598,56.51071675501268
17235.0,550.06,2,224,2010-12-02 13:38:00,2011-11-14 15:51:00,275.03,2453,8366918.342999989,94.14562482770856,56.53376353998617
17265.0,550.01,2,389,2011-06-12 12:00:00,2011-07-24 10:49:00,275.005,2454,8367468.352999989,94.15181360988484,56.55681032495967
12390.0,549.84,1,353,2011-09-21 09:33:00,2011-09-21 09:33:00,549.84,2455,8368018.192999989,94.15800047919957,56.579857109933165
14177.0,549.46,4,204,2011-06-13 11:10:00,2011-09-14 15:11:00,137.365,2456,8368567.652999989,94.1641830727062,56.60290389490667
16536.0,548.12,1,250,2011-08-21 15:54:00,2011-08-21 15:54:00,548.12,2457,8369115.772999989,94.1703505883631,56.625950679880155
16031.0,547.9,2,421,2011-04-06 14:23:00,2011-09-08 13:07:00,273.95,2458,8369663.672999989,94.17651562855217,56.64899746485366
14474.0,547.66,1,140,2011-10-24 13:26:00,2011-10-24 13:26:00,547.66,2459,8370211.332999989,94.18267796823082,56.672044249827145
16811.0,547.07,2,477,2011-11-22 17:19:00,2011-12-05 11:39:00,273.535,2460,8370758.40299999,94.18883366915476,56.69509103480065
17637.0,547.0600000000001,2,280,2011-08-16 13:25:00,2011-11-08 12:51:00,273.53000000000003,2461,8371305.462999989,94.19498925755742,56.71813781977414
16211.0,547.02,1,154,2011-09-12 12:11:00,2011-09-12 12:11:00,547.02,2462,8371852.482999989,94.20114439587502,56.741184604747644
17295.0,547.0,3,293,2011-10-06 12:22:00,2011-11-11 10:49:00,182.33333333333334,2463,8372399.482999989,94.20729930915009,56.76423138972113
17520.0,546.81,1,365,2011-10-17 12:04:00,2011-10-17 12:04:00,546.81,2464,8372946.292999988,94.2134520845211,56.787278174694634
14805.0,546.4,4,114,2011-01-30 10:43:00,2011-11-24 16:20:00,136.6,2465,8373492.692999989,94.21960024652019,56.81032495966812
14997.0,546.1999999999999,3,1120,2011-06-14 16:52:00,2011-10-24 13:28:00,182.06666666666663,2466,8374038.892999989,94.22574615809394,56.833371744641624
17806.0,546.04,1,727,2011-11-28 14:12:00,2011-11-28 14:12:00,546.04,2467,8374584.932999989,94.23189026932744,56.85641852961511
12793.0,545.48,2,295,2010-12-03 15:14:00,2011-01-09 12:12:00,272.74,2468,8375130.412999989,94.23802807937001,56.879465314588614
16475.0,544.3,4,319,2011-03-11 09:39:00,2011-09-12 14:37:00,136.075,2469,8375674.712999989,94.24415261190313,56.90251209956211
13617.0,544.18,3,300,2011-06-12 12:55:00,2011-10-30 13:50:00,181.39333333333332,2470,8376218.892999989,94.25027579418106,56.92555888453561
13390.0,544.08,1,224,2011-09-26 08:38:00,2011-09-26 08:38:00,544.08,2471,8376762.972999989,94.25639785124632,56.9486056695091
16927.0,543.05,3,993,2010-12-13 11:57:00,2011-08-16 11:10:00,181.01666666666665,2472,8377306.022999989,94.26250831862114,56.9716524544826
13278.0,542.73,1,537,2011-10-30 11:49:00,2011-10-30 11:49:00,542.73,2473,8377848.752999989,94.26861518531544,56.99469923945609
16230.0,542.03,2,365,2011-05-03 15:12:00,2011-06-03 10:06:00,271.015,2474,8378390.78299999,94.27471417552108,57.01774602442959
17897.0,541.8100000000001,3,222,2010-12-01 12:31:00,2011-06-20 11:23:00,180.60333333333335,2475,8378932.592999989,94.28081069025886,57.04079280940309
17447.0,541.53,2,443,2011-09-29 10:10:00,2011-10-30 14:18:00,270.765,2476,8379474.122999989,94.28690405440118,57.06383959437659
17557.0,541.46,3,306,2011-09-19 14:23:00,2011-11-25 12:57:00,180.48666666666668,2477,8380015.582999989,94.29299663089463,57.08688637935008
13874.0,540.45,1,180,2010-12-16 18:20:00,2010-12-16 18:20:00,540.45,2478,8380556.03299999,94.29907784274018,57.10993316432358
12743.0,540.13,2,315,2011-07-28 16:06:00,2011-07-28 16:21:00,270.065,2479,8381096.162999989,94.30515545390519,57.13297994929707
13812.0,539.0,3,333,2011-08-26 12:54:00,2011-10-28 14:27:00,179.66666666666666,2480,8381635.162999989,94.3112203501671,57.15602673427057
14496.0,538.8100000000001,2,159,2010-12-01 15:35:00,2011-02-01 09:01:00,269.40500000000003,2481,8382173.972999989,94.31728310852495,57.179073519244064
15469.0,538.55,2,153,2011-08-11 16:54:00,2011-10-20 16:21:00,269.275,2482,8382712.522999989,94.32334294132984,57.202120304217566
15539.0,538.46,1,410,2011-12-02 13:36:00,2011-12-02 13:36:00,538.46,2483,8383250.982999989,94.32940176144336,57.22516708919105
14539.0,537.48,2,428,2011-10-26 12:03:00,2011-11-24 09:50:00,268.74,2484,8383788.462999989,94.33544955447279,57.248213874164556
16206.0,537.0600000000001,4,272,2011-01-16 11:07:00,2011-10-16 10:41:00,134.26500000000001,2485,8384325.522999989,94.34149262160899,57.27126065913804
15043.0,537.0,1,300,2011-11-08 14:26:00,2011-11-08 14:26:00,537.0,2486,8384862.522999989,94.3475350136176,57.294307444111546
16804.0,536.99,3,246,2011-03-14 15:48:00,2011-11-16 16:43:00,178.99666666666667,2487,8385399.512999989,94.35357729310495,57.31735422908504
16233.0,536.6800000000001,3,174,2010-12-08 12:51:00,2011-09-29 17:27:00,178.89333333333335,2488,8385936.192999989,94.35961608443304,57.34040101405854
16142.0,535.34,1,422,2011-04-04 10:16:00,2011-04-04 10:16:00,535.34,2489,8386471.532999989,94.36563979791141,57.36344779903203
13000.0,534.85,3,379,2010-12-10 10:26:00,2011-08-25 10:43:00,178.28333333333333,2490,8387006.382999988,94.37165799784775,57.38649458400553
13385.0,534.57,1,281,2011-01-14 09:52:00,2011-01-14 09:52:00,534.57,2491,8387540.952999989,94.37767304718861,57.40954136897902
16340.0,534.31,1,486,2011-08-24 14:53:00,2011-08-24 14:53:00,534.31,2492,8388075.262999988,94.38368517097655,57.43258815395252
17443.0,534.24,1,504,2011-05-04 10:47:00,2011-05-04 10:47:00,534.24,2493,8388609.502999987,94.38969650711562,57.45563493892602
13434.0,534.24,2,300,2011-09-04 10:35:00,2011-09-26 14:30:00,267.12,2494,8389143.742999988,94.3957078432547,57.47868172389951
13217.0,533.98,3,262,2011-07-06 12:08:00,2011-08-09 15:32:00,177.99333333333334,2495,8389677.722999988,94.40171625384085,57.50172850887301
17062.0,533.33,4,418,2010-12-05 11:59:00,2011-01-30 11:01:00,133.3325,2496,8390211.052999988,94.40771735054467,57.52477529384651
15433.0,533.3,2,534,2011-03-17 14:12:00,2011-05-10 10:45:00,266.65,2497,8390744.352999989,94.41371810968471,57.54782207882001
15825.0,532.94,1,220,2011-06-20 13:27:00,2011-06-20 13:27:00,532.94,2498,8391277.292999988,94.41971481805913,57.5708688637935
12784.0,532.8199999999999,2,280,2011-11-24 12:53:00,2011-11-30 15:38:00,266.40999999999997,2499,8391810.112999989,94.42571017617838,57.593915648767
16706.0,531.35,3,249,2011-08-17 15:53:00,2011-11-02 13:50:00,177.11666666666667,2500,8392341.462999988,94.43168899367144,57.61696243374049
14265.0,530.18,2,330,2011-07-14 09:10:00,2011-08-22 13:32:00,265.09,2501,8392871.642999988,94.43765464617633,57.64000921871399
18159.0,530.15,1,139,2011-02-11 14:26:00,2011-02-11 14:26:00,530.15,2502,8393401.792999988,94.44361996111743,57.66305600368749
14002.0,529.73,2,877,2011-07-06 14:59:00,2011-07-28 15:55:00,264.865,2503,8393931.522999989,94.44958055016534,57.68610278866099
14463.0,529.62,3,179,2011-05-18 14:42:00,2011-09-02 15:20:00,176.54,2504,8394461.142999988,94.4555399014793,57.70914957363448
16185.0,529.41,2,260,2011-04-21 11:59:00,2011-11-23 09:41:00,264.705,2505,8394990.552999988,94.46149688984667,57.73219635860798
18043.0,529.29,3,265,2010-12-08 12:35:00,2011-11-15 12:48:00,176.42999999999998,2506,8395519.842999987,94.46745252795884,57.75524314358147
15452.0,528.48,3,280,2011-03-20 15:21:00,2011-11-10 12:13:00,176.16,2507,8396048.322999988,94.47339905184845,57.77828992855497
17631.0,528.33,3,334,2011-04-21 13:22:00,2011-12-08 09:47:00,176.11,2508,8396576.652999988,94.47934388791904,57.801336713528464
16602.0,528.08,1,336,2011-11-03 15:54:00,2011-11-03 15:54:00,528.08,2509,8397104.732999988,94.48528591095798,57.824383498501966
15756.0,528.01,4,241,2011-04-04 14:00:00,2011-10-09 13:30:00,132.0025,2510,8397632.742999988,94.49122714634805,57.847430283475454
12479.0,527.2,1,385,2011-11-28 13:26:00,2011-11-28 13:26:00,527.2,2511,8398159.942999987,94.49715926751553,57.870477068448956
17623.0,527.0500000000001,1,265,2011-11-07 11:32:00,2011-11-07 11:32:00,527.0500000000001,2512,8398686.992999988,94.50308970086404,57.893523853422444
15919.0,525.69,2,385,2010-12-06 11:26:00,2011-11-20 11:28:00,262.845,2513,8399212.682999987,94.50900483132028,57.916570638395946
17429.0,524.9200000000001,3,624,2011-05-05 09:53:00,2011-08-03 13:22:00,174.97333333333336,2514,8399737.602999987,94.51491129763903,57.93961742336944
15467.0,524.88,3,310,2011-07-10 14:42:00,2011-11-30 14:17:00,174.96,2515,8400262.482999988,94.52081731387271,57.96266420834294
13721.0,524.14,1,316,2011-11-03 14:05:00,2011-11-03 14:05:00,524.14,2516,8400786.622999988,94.52671500353267,57.98571099331643
17329.0,523.11,2,142,2011-01-28 15:29:00,2011-11-25 14:24:00,261.555,2517,8401309.732999988,94.53260110350217,58.00875777828993
18017.0,523.0,3,300,2011-02-02 13:57:00,2011-09-19 16:15:00,174.33333333333334,2518,8401832.732999988,94.53848596573775,58.03180456326342
17712.0,522.91,1,215,2011-10-26 12:28:00,2011-10-26 12:28:00,522.91,2519,8402355.642999988,94.54436981528193,58.05485134823692
12863.0,521.2,1,188,2011-10-18 14:15:00,2011-10-18 14:15:00,521.2,2520,8402876.842999987,94.55023442368955,58.07789813321042
15149.0,520.8000000000001,1,128,2011-07-29 10:58:00,2011-07-29 10:58:00,520.8000000000001,2521,8403397.642999988,94.5560945312465,58.10094491818391
17345.0,519.6899999999999,4,341,2011-05-27 12:26:00,2011-11-24 15:03:00,129.92249999999999,2522,8403917.332999988,94.56194214894288,58.12399170315741
14873.0,519.68,1,168,2011-05-13 13:52:00,2011-05-13 13:52:00,519.68,2523,8404437.012999987,94.567789654118,58.14703848813091
12571.0,519.61,2,523,2011-08-10 12:35:00,2011-10-31 10:19:00,259.805,2524,8404956.622999987,94.57363637164423,58.1700852731044
13643.0,519.44,3,273,2011-06-07 11:40:00,2011-11-08 15:37:00,173.14666666666668,2525,8405476.062999986,94.57948117630896,58.1931320580779
16955.0,518.67,4,266,2010-12-01 13:31:00,2011-06-08 10:36:00,129.6675,2526,8405994.732999986,94.58531731683615,58.216178843051395
16650.0,518.42,1,372,2011-09-29 09:51:00,2011-09-29 09:51:00,518.42,2527,8406513.152999986,94.5911506443317,58.23922562802489
15030.0,518.28,2,372,2011-03-16 15:34:00,2011-09-29 10:50:00,259.14,2528,8407031.432999985,94.59698239652951,58.262272412998385
18252.0,518.27,2,234,2011-06-21 11:47:00,2011-10-20 12:43:00,259.135,2529,8407549.702999985,94.60281403620604,58.28531919797189
16892.0,518.19,5,236,2011-06-09 11:35:00,2011-12-08 13:18:00,103.638,2530,8408067.892999984,94.60864477571245,58.308365982945375
16135.0,517.55,1,209,2011-03-22 12:30:00,2011-03-22 12:30:00,517.55,2531,8408585.442999985,94.61446831385781,58.33141276791888
17454.0,517.53,4,243,2010-12-15 10:54:00,2011-05-31 13:58:00,129.3825,2532,8409102.972999984,94.62029162696064,58.354459552892365
18205.0,517.36,2,192,2011-09-26 12:02:00,2011-11-03 13:22:00,258.68,2533,8409620.332999984,94.62611302720192,58.37750633786587
13043.0,516.42,1,254,2011-03-11 14:52:00,2011-03-11 14:52:00,516.42,2534,8410136.752999984,94.63192385044418,58.40055312283936
15882.0,516.36,4,276,2010-12-06 13:01:00,2011-05-25 11:35:00,129.09,2535,8410653.112999983,94.63773399855883,58.423599907812864
15809.0,515.77,5,301,2011-02-10 11:16:00,2011-11-03 16:40:00,103.154,2536,8411168.882999983,94.64353750791875,58.44664669278635
12811.0,514.85,3,230,2011-02-28 15:39:00,2011-03-24 09:42:00,171.61666666666667,2537,8411683.732999982,94.64933066532217,58.469693477759854
15246.0,514.15,2,247,2010-12-16 09:46:00,2011-04-15 14:45:00,257.075,2538,8412197.882999983,94.65511594623693,58.49274026273334
13005.0,513.7,2,172,2011-04-07 13:32:00,2011-06-19 10:53:00,256.85,2539,8412711.582999982,94.6608961636947,58.515787047706844
17513.0,513.2,1,254,2011-09-28 16:42:00,2011-09-28 16:42:00,513.2,2540,8413224.782999981,94.66667075508916,58.53883383268034
17290.0,513.01,2,397,2011-11-23 15:53:00,2011-12-06 12:38:00,256.505,2541,8413737.792999981,94.67244320857954,58.56188061765384
17805.0,512.31,1,478,2011-09-27 11:49:00,2011-09-27 11:49:00,512.31,2542,8414250.102999981,94.67820778558128,58.58492740262733
17480.0,511.82,1,338,2011-09-23 11:39:00,2011-09-23 11:39:00,511.82,2543,8414761.922999982,94.68396684904097,58.60797418760083
15891.0,511.68,1,418,2011-04-27 12:35:00,2011-04-27 12:35:00,511.68,2544,8415273.602999981,94.68972433720292,58.63102097257432
12582.0,511.36,2,300,2011-02-24 11:42:00,2011-04-15 08:45:00,255.68,2545,8415784.96299998,94.69547822468434,58.65406775754782
14851.0,511.35,2,325,2011-03-28 14:59:00,2011-11-16 14:20:00,255.675,2546,8416296.31299998,94.70123199964449,58.677114542521316
16561.0,511.12,2,244,2011-10-11 09:53:00,2011-12-04 11:50:00,255.56,2547,8416807.43299998,94.70698318661552,58.70016132749482
15406.0,510.71000000000004,2,254,2011-02-11 16:19:00,2011-11-08 13:22:00,255.35500000000002,2548,8417318.14299998,94.71272976021463,58.723208112468306
12436.0,509.01,1,211,2011-09-01 12:09:00,2011-09-01 12:09:00,509.01,2549,8417827.15299998,94.71845720519843,58.74625489744181
17391.0,508.8,2,480,2011-06-28 12:21:00,2011-06-29 09:58:00,254.4,2550,8418335.952999981,94.72418228723566,58.769301682415296
15417.0,508.8,1,284,2011-09-15 15:26:00,2011-09-15 15:26:00,508.8,2551,8418844.752999982,94.72990736927288,58.7923484673888
14317.0,508.58000000000004,1,255,2011-10-06 10:44:00,2011-10-06 10:44:00,508.58000000000004,2552,8419353.332999982,94.73562997584223,58.81539525236229
17958.0,508.4599999999999,1,84,2011-08-15 12:19:00,2011-08-15 12:19:00,508.4599999999999,2553,8419861.792999983,94.74135123215639,58.838442037335795
17415.0,507.84,1,114,2011-09-21 12:50:00,2011-09-21 12:50:00,507.84,2554,8420369.632999983,94.74706551215203,58.86148882230928
14158.0,507.66,1,781,2011-10-30 15:08:00,2011-10-30 15:08:00,507.66,2555,8420877.292999983,94.75277776676486,58.884535607282785
14820.0,507.29,4,253,2011-06-19 14:56:00,2011-11-18 15:41:00,126.8225,2556,8421384.582999982,94.75848585809084,58.90758239225629
16960.0,507.05,3,304,2011-04-01 11:54:00,2011-11-01 11:35:00,169.01666666666668,2557,8421891.632999983,94.76419124890643,58.930629177229775
13885.0,506.8,2,182,2011-05-23 08:52:00,2011-06-03 15:07:00,253.4,2558,8422398.432999983,94.76989382669035,58.95367596220328
16614.0,506.19,1,223,2011-06-10 11:36:00,2011-06-10 11:36:00,506.19,2559,8422904.622999983,94.77558954067702,58.976722747176765
12988.0,505.82,1,126,2011-02-20 14:31:00,2011-02-20 14:31:00,505.82,2560,8423410.442999983,94.78128109137684,58.99976953215027
14014.0,505.18,1,1076,2011-09-23 13:18:00,2011-09-23 13:18:00,505.18,2561,8423915.622999983,94.78696544071559,59.02281631712376
15081.0,504.8,5,190,2010-12-07 16:20:00,2011-11-17 17:08:00,100.96000000000001,2562,8424420.422999984,94.79264551424622,59.045863102097265
12991.0,503.76,2,405,2011-08-19 14:39:00,2011-11-16 15:34:00,251.88,2563,8424924.182999983,94.79831388556515,59.06890988707075
17630.0,503.59999999999997,2,158,2011-04-21 14:03:00,2011-06-23 11:58:00,251.79999999999998,2564,8425427.782999983,94.8039804565438,59.091956672044255
15535.0,502.9,4,135,2011-01-16 12:35:00,2011-06-19 16:02:00,125.725,2565,8425930.682999983,94.80963915103379,59.11500345701774
16863.0,502.8,2,409,2010-12-08 08:58:00,2011-11-08 15:26:00,251.4,2566,8426433.482999984,94.81529672031115,59.138050241991245
13865.0,501.56,4,204,2011-02-23 12:04:00,2011-10-12 13:31:00,125.39,2567,8426935.042999985,94.82094033695145,59.16109702696474
15881.0,501.39000000000004,5,260,2010-12-10 13:32:00,2011-01-31 16:59:00,100.278,2568,8427436.432999985,94.82658204073023,59.18414381193824
14871.0,501.28000000000003,4,179,2010-12-14 12:18:00,2011-12-06 13:42:00,125.32000000000001,2569,8427937.712999985,94.83222250677507,59.20719059691173
13116.0,501.14,1,291,2011-07-24 14:33:00,2011-07-24 14:33:00,501.14,2570,8428438.852999985,94.83786139752219,59.23023738188523
13247.0,501.12,4,328,2011-09-18 11:31:00,2011-11-22 10:59:00,125.28,2571,8428939.972999984,94.84350006322674,59.25328416685872
16898.0,501.03,3,412,2010-12-06 12:23:00,2011-11-13 15:44:00,167.01,2572,8429441.002999984,94.84913771623992,59.27633095183222
16616.0,500.42,2,370,2011-07-05 13:38:00,2011-11-24 16:31:00,250.21,2573,8429941.422999984,94.85476850545584,59.29937773680572
15389.0,500.0,1,400,2011-06-20 16:18:00,2011-06-20 16:18:00,500.0,2574,8430441.422999984,94.86039456877857,59.32242452177922
14077.0,499.41999999999996,5,268,2011-03-10 15:52:00,2011-10-30 12:35:00,99.88399999999999,2575,8430940.842999984,94.86601410586786,59.34547130675271
15193.0,499.32,1,144,2011-10-10 08:23:00,2011-10-10 08:23:00,499.32,2576,8431440.162999984,94.87163251774447,59.36851809172621
14681.0,498.95,3,76,2011-05-12 10:45:00,2011-09-29 15:52:00,166.31666666666666,2577,8431939.112999983,94.87724676633422,59.3915648766997
16488.0,498.8,3,728,2011-07-14 11:46:00,2011-11-06 13:42:00,166.26666666666668,2578,8432437.912999984,94.88285932710498,59.4146116616732
15142.0,498.74,1,365,2011-10-24 12:51:00,2011-10-24 12:51:00,498.74,2579,8432936.652999984,94.88847121274814,59.437658446646694
17053.0,498.48,1,122,2011-08-01 10:23:00,2011-08-01 10:23:00,498.48,2580,8433435.132999985,94.89408017283839,59.460705231620196
17298.0,498.42,2,387,2011-08-07 12:21:00,2011-08-30 16:43:00,249.21,2581,8433933.552999984,94.899688457801,59.483752016593684
16820.0,497.61,1,307,2011-09-05 12:06:00,2011-09-05 12:06:00,497.61,2582,8434431.162999984,94.90528762854106,59.506798801567186
17495.0,497.56,2,229,2011-11-01 12:06:00,2011-12-02 12:08:00,248.78,2583,8434928.722999984,94.91088623667478,59.529845586540674
15300.0,496.44,1,292,2011-10-06 17:08:00,2011-10-06 17:08:00,496.44,2584,8435425.162999984,94.91647224242665,59.552892371514176
15018.0,496.21000000000004,3,189,2010-12-07 10:47:00,2011-11-01 12:47:00,165.40333333333334,2585,8435921.372999985,94.92205566018941,59.575939156487664
12904.0,496.06,2,294,2011-06-20 13:18:00,2011-11-21 14:34:00,248.03,2586,8436417.432999985,94.92763739013317,59.598985941461166
17374.0,495.77,2,85,2011-03-03 12:53:00,2011-05-05 09:05:00,247.885,2587,8436913.202999985,94.93321585696019,59.62203272643466
15448.0,494.64,1,232,2011-01-31 10:42:00,2011-01-31 10:42:00,494.64,2588,8437407.842999985,94.9387816088841,59.64507951140816
16352.0,494.44,2,300,2011-11-02 08:44:00,2011-11-22 10:32:00,247.22,2589,8437902.282999985,94.94434511038267,59.66812629638165
17333.0,494.25,1,375,2011-09-15 10:11:00,2011-09-15 10:11:00,494.25,2590,8438396.532999985,94.9499064739772,59.69117308135515
12763.0,494.08,2,316,2010-12-05 15:46:00,2011-07-24 14:12:00,247.04,2591,8438890.612999985,94.9554659247102,59.71421986632864
14270.0,492.65000000000003,1,197,2011-01-12 09:33:00,2011-01-12 09:33:00,492.65000000000003,2592,8439383.262999985,94.96100928490209,59.73726665130214
13732.0,491.86,1,498,2011-11-11 15:49:00,2011-11-11 15:49:00,491.86,2593,8439875.122999985,94.96654375591392,59.76031343627564
14236.0,490.86,2,310,2010-12-02 18:49:00,2011-09-20 09:13:00,245.43,2594,8440365.982999984,94.9720669747991,59.78336022124914
15000.0,490.52,1,218,2011-10-23 11:42:00,2011-10-23 11:42:00,490.52,2595,8440856.502999984,94.97758636796124,59.80640700622263
15877.0,490.33,2,368,2011-11-22 11:18:00,2011-12-08 11:53:00,245.165,2596,8441346.832999984,94.98310362321931,59.82945379119613
14416.0,490.22,2,326,2011-10-28 15:10:00,2011-11-17 15:22:00,245.11,2597,8441837.052999984,94.98861964074345,59.85250057616962
18074.0,489.6,1,190,2010-12-01 09:53:00,2010-12-01 09:53:00,489.6,2598,8442326.652999984,94.99412868194908,59.87554736114312
12809.0,489.31,1,220,2011-06-15 10:51:00,2011-06-15 10:51:00,489.31,2599,8442815.962999985,94.99963446003797,59.898594146116615
17361.0,488.2,3,157,2011-02-21 09:55:00,2011-10-21 15:43:00,162.73333333333332,2600,8443304.162999984,95.00512774826629,59.92164093109012
14396.0,487.99,2,225,2010-12-03 15:19:00,2011-10-05 16:09:00,243.995,2601,8443792.152999984,95.010618673548,59.944687716063605
15165.0,487.75,1,160,2010-12-01 14:03:00,2010-12-01 14:03:00,487.75,2602,8444279.902999984,95.01610689831934,59.96773450103711
16643.0,487.51,1,269,2011-04-08 08:24:00,2011-04-08 08:24:00,487.51,2603,8444767.412999984,95.02159242258026,59.990781286010595
13338.0,487.02,1,256,2011-07-05 09:06:00,2011-07-05 09:06:00,487.02,2604,8445254.432999983,95.02707243329913,60.0138280709841
13675.0,486.82000000000005,2,330,2011-02-28 12:14:00,2011-07-11 12:57:00,243.41000000000003,2605,8445741.252999984,95.03255019359268,60.03687485595759
17453.0,486.71999999999997,2,219,2011-10-06 17:02:00,2011-11-22 09:42:00,243.35999999999999,2606,8446227.972999984,95.03802682867357,60.059921640931094
15287.0,486.69,2,433,2011-09-30 12:30:00,2011-11-17 15:34:00,243.345,2607,8446714.662999984,95.04350312619064,60.08296842590458
13153.0,486.22,1,418,2011-12-04 12:14:00,2011-12-04 12:14:00,486.22,2608,8447200.882999985,95.04897413520821,60.106015210878084
12639.0,486.1,1,201,2011-04-15 12:48:00,2011-04-15 12:48:00,486.1,2609,8447686.982999984,95.05444379397056,60.12906199585157
15109.0,484.95,1,131,2011-04-08 09:58:00,2011-04-08 09:58:00,484.95,2610,8448171.932999983,95.05990051278728,60.152108780825074
16999.0,484.82,2,294,2011-09-26 15:43:00,2011-11-16 13:53:00,242.41,2611,8448656.752999984,95.06535576882753,60.17515556579857
16518.0,484.32,2,327,2011-02-28 16:36:00,2011-10-09 15:04:00,242.16,2612,8449141.072999984,95.07080539880447,60.198202350772064
13531.0,483.8,2,174,2010-12-08 15:03:00,2011-05-18 16:56:00,241.9,2613,8449624.872999985,95.07624917767555,60.22124913574556
14958.0,483.72999999999996,3,128,2011-04-08 11:28:00,2011-07-15 14:20:00,161.2433333333333,2614,8450108.602999985,95.08169216889777,60.24429592071906
12808.0,483.65000000000003,3,188,2010-12-06 10:27:00,2011-11-03 10:05:00,161.21666666666667,2615,8450592.252999986,95.08713425994986,60.26734270569255
14147.0,483.4,2,108,2011-02-27 11:42:00,2011-09-22 18:10:00,241.7,2616,8451075.652999986,95.09257353797027,60.29038949066605
14450.0,483.25,3,241,2011-01-23 11:53:00,2011-06-12 10:46:00,161.08333333333334,2617,8451558.902999986,95.0980111281717,60.31343627563955
16603.0,482.47,2,480,2011-09-09 13:02:00,2011-09-26 10:06:00,241.235,2618,8452041.372999987,95.10343994171434,60.33648306061304
17950.0,482.2,3,366,2010-12-09 15:16:00,2011-09-28 15:18:00,160.73333333333332,2619,8452523.572999986,95.10886571718278,60.35952984558654
12504.0,482.04999999999995,2,90,2011-11-09 14:56:00,2011-11-21 16:02:00,241.02499999999998,2620,8453005.622999987,95.11428980483223,60.38257663056004
18216.0,481.75,1,200,2011-11-08 16:55:00,2011-11-08 16:55:00,481.75,2621,8453487.372999987,95.11971051684368,60.40562341553354
13176.0,481.49,1,448,2011-10-24 15:43:00,2011-10-24 15:43:00,481.49,2622,8453968.862999987,95.1251283033022,60.42867020050703
14130.0,480.91,1,257,2011-01-24 16:05:00,2011-01-24 16:05:00,480.91,2623,8454449.772999987,95.13053956352728,60.45171698548053
15091.0,480.71,1,346,2011-10-03 12:47:00,2011-10-03 12:47:00,480.71,2624,8454930.482999988,95.13594857332703,60.47476377045402
15006.0,480.38,1,286,2011-10-19 15:08:00,2011-10-19 15:08:00,480.38,2625,8455410.862999989,95.141353869925,60.49781055542752
17555.0,480.31,2,348,2011-01-09 12:31:00,2011-11-20 12:22:00,240.155,2626,8455891.17299999,95.14675837887408,60.520857340401015
16368.0,479.91,2,251,2011-11-11 15:08:00,2011-12-07 13:12:00,239.955,2627,8456371.08299999,95.15215838697252,60.54390412537452
16812.0,479.35,1,81,2010-12-14 12:35:00,2010-12-14 12:35:00,479.35,2628,8456850.432999989,95.15755209388001,60.566950910348005
16008.0,478.78,3,323,2011-05-19 10:54:00,2011-11-16 10:32:00,159.59333333333333,2629,8457329.212999988,95.16293938707531,60.58999769532151
15589.0,478.53000000000003,3,243,2011-02-02 10:46:00,2011-03-29 09:54:00,159.51000000000002,2630,8457807.742999988,95.16832386723897,60.613044480294995
16768.0,478.09000000000003,3,196,2011-03-13 10:25:00,2011-10-23 10:38:00,159.36333333333334,2631,8458285.832999988,95.1737033964669,60.6360912652685
12644.0,477.91,1,325,2011-08-02 10:33:00,2011-08-02 10:33:00,477.91,2632,8458763.742999988,95.17908090031204,60.65913805024199
16693.0,477.86,2,203,2011-03-13 11:06:00,2011-10-02 11:10:00,238.93,2633,8459241.602999987,95.18445784155082,60.682184835215494
13092.0,477.83,5,279,2010-12-15 12:27:00,2011-09-30 11:18:00,95.566,2634,8459719.432999987,95.18983444522584,60.70523162018898
14320.0,477.79,2,325,2011-01-11 09:12:00,2011-05-17 09:24:00,238.895,2635,8460197.222999986,95.19521059881576,60.728278405162484
12447.0,476.49,1,190,2011-04-10 13:25:00,2011-04-10 13:25:00,476.49,2636,8460673.712999986,95.20057212464106,60.75132519013597
18176.0,476.35,1,283,2010-12-16 15:45:00,2010-12-16 15:45:00,476.35,2637,8461150.062999986,95.20593207516863,60.774371975109474
15507.0,475.86,1,160,2011-06-21 11:19:00,2011-06-21 11:19:00,475.86,2638,8461625.922999986,95.21128651215413,60.79741876008297
14853.0,475.8,2,82,2011-05-12 15:17:00,2011-11-15 16:56:00,237.9,2639,8462101.722999986,95.21664027401205,60.820465545056464
14497.0,475.37,1,235,2011-02-03 17:01:00,2011-02-03 17:01:00,475.37,2640,8462577.092999985,95.2219891974555,60.84351233002996
15780.0,475.28000000000003,3,220,2010-12-17 11:43:00,2011-06-09 12:01:00,158.42666666666668,2641,8463052.372999985,95.22733710820755,60.86655911500346
14013.0,473.02,3,462,2011-03-09 08:59:00,2011-08-21 15:01:00,157.67333333333332,2642,8463525.392999984,95.23265958915339,60.88960589997695
16038.0,471.78000000000003,3,244,2011-05-22 11:29:00,2011-12-02 12:40:00,157.26000000000002,2643,8463997.172999984,95.23796811746217,60.91265268495045
15721.0,471.40000000000003,1,388,2011-11-28 12:14:00,2011-11-28 12:14:00,471.40000000000003,2644,8464468.572999984,95.24327236996285,60.93569946992395
13066.0,470.8,2,322,2011-11-07 17:06:00,2011-11-15 12:57:00,235.4,2645,8464939.372999985,95.24856987118754,60.95874625489744
15963.0,470.76,2,298,2011-10-25 13:05:00,2011-11-20 11:33:00,235.38,2646,8465410.132999985,95.25386692232716,60.98179303987094
14431.0,470.36,1,130,2011-02-10 10:40:00,2011-02-10 10:40:00,470.36,2647,8465880.492999984,95.25915947261612,61.00483982484444
15026.0,469.0,3,285,2011-03-07 13:45:00,2011-09-20 13:52:00,156.33333333333334,2648,8466349.492999984,95.26443672001284,61.02788660981793
15557.0,468.91,1,213,2011-11-11 12:46:00,2011-11-11 12:46:00,468.91,2649,8466818.402999984,95.26971295471817,61.05093339479143
14896.0,468.77000000000004,2,279,2010-12-09 12:24:00,2011-05-19 10:20:00,234.38500000000002,2650,8467287.172999984,95.27498761412575,61.073980179764916
13171.0,468.41,3,229,2011-02-13 14:16:00,2011-11-18 10:27:00,156.13666666666668,2651,8467755.582999984,95.28025822276776,61.09702696473842
14029.0,467.66,2,198,2011-07-18 16:57:00,2011-10-07 14:46:00,233.83,2652,8468223.242999984,95.28552039231478,61.12007374971191
15468.0,467.51,2,155,2011-10-19 13:38:00,2011-10-19 13:49:00,233.755,2653,8468690.752999984,95.2907808740428,61.143120534685416
13579.0,467.04,2,176,2010-12-05 16:10:00,2011-11-25 08:41:00,233.52,2654,8469157.792999983,95.29603606727129,61.1661673196589
16374.0,466.73,2,237,2011-03-22 13:46:00,2011-10-04 15:21:00,233.365,2655,8469624.522999983,95.30128777234053,61.189214104632406
14205.0,466.7,2,204,2011-03-20 15:07:00,2011-11-23 10:55:00,233.35,2656,8470091.222999983,95.30653913984595,61.21226088960589
16504.0,465.88,1,510,2011-11-14 15:18:00,2011-11-14 15:18:00,465.88,2657,8470557.102999983,95.31178128060756,61.235307674579396
13248.0,465.68,2,305,2011-06-03 13:05:00,2011-08-07 12:40:00,232.84,2658,8471022.782999983,95.31702117094382,61.25835445955289
16742.0,464.9,1,1,2011-10-24 12:02:00,2011-10-24 12:02:00,464.9,2659,8471487.682999983,95.3222522846213,61.28140124452639
13928.0,464.57,4,129,2011-07-29 15:59:00,2011-11-29 10:33:00,116.1425,2660,8471952.252999984,95.32747968509699,61.30444802949988
16586.0,463.95,1,95,2011-04-05 09:32:00,2011-04-05 09:32:00,463.95,2661,8472416.202999983,95.33270010925415,61.32749481447338
15349.0,463.90999999999997,2,321,2011-06-05 15:46:00,2011-07-04 16:06:00,231.95499999999998,2662,8472880.112999983,95.33792008332624,61.35054159944687
14967.0,463.8,1,140,2011-10-21 11:06:00,2011-10-21 11:06:00,463.8,2663,8473343.912999984,95.34313881966442,61.37358838442037
12787.0,463.66,3,261,2011-05-31 09:36:00,2011-11-30 08:44:00,154.55333333333334,2664,8473807.572999984,95.34835598070485,61.39663516939387
17418.0,463.46000000000004,2,289,2011-01-20 11:39:00,2011-10-28 13:00:00,231.73000000000002,2665,8474271.032999985,95.35357089131998,61.41968195436737
14489.0,463.38,1,299,2011-05-16 14:51:00,2011-05-16 14:51:00,463.38,2666,8474734.412999986,95.35878490176496,61.44272873934086
17964.0,463.21,2,294,2010-12-02 13:32:00,2011-11-08 10:44:00,231.605,2667,8475197.622999987,95.36399699934842,61.46577552431436
12945.0,462.95,1,165,2011-02-24 14:15:00,2011-02-24 14:15:00,462.95,2668,8475660.572999986,95.36920617137893,61.48882230928785
14331.0,462.65999999999997,2,252,2011-07-27 15:14:00,2011-08-07 13:17:00,231.32999999999998,2669,8476123.232999986,95.37441208029271,61.51186909426135
14470.0,461.19,2,193,2011-02-25 11:56:00,2011-11-28 10:31:00,230.595,2670,8476584.422999986,95.37960144858033,61.534915879234845
16824.0,460.64,2,236,2011-06-28 13:36:00,2011-11-24 12:38:00,230.32,2671,8477045.062999986,95.3847846281983,61.55796266420835
16805.0,460.59,2,539,2010-12-14 13:35:00,2011-06-19 11:23:00,230.295,2672,8477505.652999986,95.38996724520995,61.581009449181835
12491.0,460.40000000000003,1,260,2011-11-01 12:18:00,2011-11-01 12:18:00,460.40000000000003,2673,8477966.052999986,95.39514772431752,61.60405623415534
12355.0,459.4,1,240,2011-05-09 13:49:00,2011-05-09 13:49:00,459.4,2674,8478425.452999987,95.40031695129845,61.627103019128825
16589.0,459.24,3,368,2011-07-01 13:31:00,2011-09-29 14:50:00,153.08,2675,8478884.692999987,95.40548437793912,61.65014980410233
17880.0,458.92,1,314,2010-12-10 10:21:00,2010-12-10 10:21:00,458.92,2676,8479343.612999987,95.41064820389926,61.67319658907583
15754.0,458.57,3,199,2011-04-07 12:24:00,2011-10-19 14:40:00,152.85666666666665,2677,8479802.182999987,95.41580809161508,61.69624337404932
13506.0,458.52,2,324,2010-12-05 12:15:00,2011-01-27 13:53:00,229.26,2678,8480260.702999987,95.42096741672455,61.71929015902282
15092.0,457.81,2,135,2011-03-01 12:24:00,2011-05-08 14:10:00,228.905,2679,8480718.512999987,95.42611875282411,61.742336943996314
15121.0,457.72,2,199,2011-02-24 12:41:00,2011-10-20 14:51:00,228.86,2680,8481176.232999988,95.43126907623228,61.765383728969816
12375.0,457.5,2,178,2011-09-02 14:23:00,2011-11-29 10:36:00,228.75,2681,8481633.732999988,95.43641692417259,61.788430513943304
13398.0,457.34,1,281,2011-05-31 13:17:00,2011-05-31 13:17:00,457.34,2682,8482091.072999988,95.44156297177263,61.811477298916806
12564.0,456.9,1,133,2011-03-23 14:55:00,2011-03-23 14:55:00,456.9,2683,8482547.972999988,95.44670406843693,61.834524083890294
12999.0,455.88,3,342,2011-04-08 10:26:00,2011-05-27 13:24:00,151.96,2684,8483003.852999989,95.45183368793208,61.857570868863796
14513.0,455.59000000000003,3,361,2011-02-24 09:36:00,2011-08-31 11:25:00,151.86333333333334,2685,8483459.442999989,95.45696004431048,61.88061765383729
15585.0,455.3,1,320,2011-06-16 08:38:00,2011-06-16 08:38:00,455.3,2686,8483914.74299999,95.46208313757218,61.90366443881079
16529.0,455.25,1,198,2011-06-02 17:23:00,2011-06-02 17:23:00,455.25,2687,8484369.99299999,95.46720566822752,61.92671122378428
14335.0,454.86,2,375,2011-09-04 13:07:00,2011-11-23 13:41:00,227.43,2688,8484824.852999989,95.47232381055348,61.94975800875778
15471.0,454.48,1,256,2011-12-07 14:12:00,2011-12-07 14:12:00,454.48,2689,8485279.33299999,95.47743767707131,61.97280479373127
13485.0,454.24,1,277,2011-04-20 13:58:00,2011-04-20 13:58:00,454.24,2690,8485733.57299999,95.48254884307875,61.99585157870477
17140.0,454.12,1,296,2011-04-06 13:33:00,2011-04-06 13:33:00,454.12,2691,8486187.692999989,95.48765865883098,62.01889836367827
15475.0,454.10999999999996,1,319,2011-09-23 15:20:00,2011-09-23 15:20:00,454.10999999999996,2692,8486641.802999988,95.49276836206194,62.04194514865177
17564.0,454.01,3,146,2011-09-20 14:00:00,2011-11-15 13:27:00,151.33666666666667,2693,8487095.812999988,95.49787694008025,62.06499193362526
18158.0,453.4,2,354,2011-09-12 09:03:00,2011-11-30 16:19:00,226.7,2694,8487549.212999988,95.5029786543013,62.08803871859876
12729.0,453.01,1,233,2011-08-18 11:40:00,2011-08-18 11:40:00,453.01,2695,8488002.222999988,95.50807598019297,62.11108550357225
18071.0,453.0,2,260,2010-12-09 10:33:00,2011-03-27 11:59:00,226.5,2696,8488455.222999988,95.51317319356336,62.13413228854575
14184.0,452.89,1,127,2011-10-04 12:43:00,2011-10-04 12:43:00,452.89,2697,8488908.112999989,95.51826916919983,62.157179073519245
12591.0,452.84999999999997,1,228,2011-01-26 14:35:00,2011-01-26 14:35:00,452.84999999999997,2698,8489360.962999988,95.52336469475124,62.18022585849275
16574.0,451.44,1,416,2011-09-29 13:39:00,2011-09-29 13:39:00,451.44,2699,8489812.402999988,95.52844435480405,62.203272643466235
15802.0,451.42,1,1,2011-07-20 11:38:00,2011-07-20 11:38:00,451.42,2700,8490263.822999988,95.53352378981434,62.22631942843974
14173.0,450.84,4,150,2011-05-04 14:03:00,2011-11-29 11:54:00,112.71,2701,8490714.662999988,95.53859669859118,62.249366213413225
16885.0,450.41,3,178,2010-12-17 17:23:00,2011-11-24 13:40:00,150.13666666666668,2702,8491165.072999988,95.54366476895358,62.27241299838673
17040.0,449.73,1,181,2011-07-25 10:19:00,2011-07-25 10:19:00,449.73,2703,8491614.802999988,95.54872518786985,62.295459783360215
13489.0,449.52,4,560,2011-02-18 10:42:00,2011-08-26 13:16:00,112.38,2704,8492064.322999988,95.5537832438395,62.31850656833372
12448.0,449.45,1,243,2011-10-26 13:46:00,2011-10-26 13:46:00,449.45,2705,8492513.772999987,95.5588405121603,62.34155335330721
15739.0,449.12,1,472,2011-10-04 13:42:00,2011-10-04 13:42:00,449.12,2706,8492962.892999986,95.5638940672793,62.364600138280714
17579.0,448.90000000000003,3,258,2011-06-13 14:12:00,2011-12-05 12:28:00,149.63333333333335,2707,8493411.792999987,95.56894514693046,62.3876469232542
14780.0,447.68,2,310,2011-09-21 15:15:00,2011-10-16 12:46:00,223.84,2708,8493859.472999986,95.57398249898709,62.410693708227704
15646.0,447.64000000000004,3,394,2010-12-02 16:59:00,2011-07-05 09:53:00,149.21333333333334,2709,8494307.112999987,95.57901940095869,62.43374049320119
15368.0,446.94000000000005,1,230,2011-11-18 14:42:00,2011-11-18 14:42:00,446.94000000000005,2710,8494754.052999986,95.5840484264416,62.456787278174694
14149.0,446.62,1,218,2011-05-03 09:44:00,2011-05-03 09:44:00,446.62,2711,8495200.672999986,95.589073851244,62.47983406314819
17370.0,446.18,4,540,2011-06-23 11:50:00,2011-09-28 10:14:00,111.545,2712,8495646.852999985,95.59409432511066,62.50288084812169
17190.0,444.74,2,161,2011-05-16 15:29:00,2011-10-12 11:33:00,222.37,2713,8496091.592999985,95.59909859591497,62.52592763309518
18006.0,444.68,1,220,2011-11-16 16:52:00,2011-11-16 16:52:00,444.68,2714,8496536.272999985,95.60410219159166,62.54897441806868
14638.0,443.6,1,166,2011-10-20 10:10:00,2011-10-20 10:10:00,443.6,2715,8496979.872999985,95.6090936349716,62.57202120304217
16404.0,443.05,1,157,2011-09-30 14:55:00,2011-09-30 14:55:00,443.05,2716,8497422.922999986,95.61407888968188,62.59506798801567
18222.0,443.0,1,335,2011-09-08 10:45:00,2011-09-08 10:45:00,443.0,2717,8497865.922999986,95.61906358178582,62.618114772989166
12579.0,440.42,1,285,2011-09-22 17:15:00,2011-09-22 17:15:00,440.42,2718,8498306.342999985,95.62401924340301,62.64116155796267
15524.0,440.0,1,4,2011-11-15 12:09:00,2011-11-15 12:09:00,440.0,2719,8498746.342999985,95.62897017912701,62.664208342936156
18233.0,440.0,1,4,2011-01-18 08:44:00,2011-01-18 08:44:00,440.0,2720,8499186.342999985,95.63392111485103,62.68725512790966
14022.0,440.0,1,487,2011-04-28 14:39:00,2011-04-28 14:39:00,440.0,2721,8499626.342999985,95.63887205057503,62.710301912883146
13954.0,439.92,2,150,2011-09-30 10:52:00,2011-12-08 12:50:00,219.96,2722,8500066.262999985,95.6438220861289,62.73334869785665
12391.0,439.66,1,293,2011-11-18 12:07:00,2011-11-18 12:07:00,439.66,2723,8500505.922999986,95.64876919612985,62.75639548283014
16025.0,439.65999999999997,1,338,2011-11-10 11:45:00,2011-11-10 11:45:00,439.65999999999997,2724,8500945.582999986,95.6537163061308,62.779442267803645
13359.0,439.56,1,161,2011-10-07 09:30:00,2011-10-07 09:30:00,439.56,2725,8501385.142999986,95.65866229091908,62.80248905277713
16968.0,439.43,2,326,2011-08-24 10:51:00,2011-12-05 15:02:00,219.715,2726,8501824.572999986,95.66360681293091,62.825535837750635
13358.0,439.03,1,285,2011-03-16 11:52:00,2011-03-16 11:52:00,439.03,2727,8502263.602999985,95.66854683409206,62.84858262272412
14272.0,437.96,2,599,2011-03-30 13:57:00,2011-09-27 10:08:00,218.98,2728,8502701.562999986,95.6734748154777,62.871629407697625
12552.0,437.82,2,88,2011-10-31 12:11:00,2011-11-01 10:02:00,218.91,2729,8503139.382999986,95.67840122156564,62.89467619267112
16034.0,437.7,3,242,2011-01-11 11:54:00,2011-05-27 16:17:00,145.9,2730,8503577.082999986,95.68332627739834,62.917722977644615
12592.0,437.6,2,290,2011-05-10 13:44:00,2011-09-08 15:04:00,218.8,2731,8504014.682999985,95.68825020801839,62.94076976261811
16084.0,436.18,1,216,2011-02-13 16:05:00,2011-02-13 16:05:00,436.18,2732,8504450.862999985,95.69315816061861,62.96381654759161
15551.0,436.06,1,218,2011-11-03 12:37:00,2011-11-03 12:37:00,436.06,2733,8504886.922999986,95.69806476296364,62.9868633325651
16948.0,435.02,3,1614,2011-01-18 10:58:00,2011-07-24 12:46:00,145.00666666666666,2734,8505321.942999985,95.70295966309695,63.0099101175386
15456.0,434.59000000000003,3,633,2010-12-15 15:34:00,2011-03-01 13:51:00,144.86333333333334,2735,8505756.532999985,95.7078497248158,63.032956902512105
14910.0,434.35,4,238,2011-10-16 11:06:00,2011-12-07 10:06:00,108.5875,2736,8506190.882999985,95.71273708602425,63.05600368748559
14460.0,434.34,3,881,2011-02-02 11:55:00,2011-08-21 14:19:00,144.78,2737,8506625.222999984,95.71762433471143,63.079050472459095
14093.0,433.86,1,391,2011-11-27 16:27:00,2011-11-27 16:27:00,433.86,2738,8507059.082999984,95.72250618237783,63.10209725743259
12493.0,433.74,2,207,2011-05-26 14:53:00,2011-06-27 10:17:00,216.87,2739,8507492.822999984,95.72738667978903,63.12514404240609
17035.0,433.53000000000003,2,229,2011-02-01 12:27:00,2011-04-08 11:23:00,216.76500000000001,2740,8507926.352999983,95.73226481425364,63.14819082737958
16236.0,432.2,1,184,2011-09-22 14:10:00,2011-09-22 14:10:00,432.2,2741,8508358.552999983,95.7371279833898,63.17123761235308
16881.0,432.0,1,600,2011-10-04 10:33:00,2011-10-04 10:33:00,432.0,2742,8508790.552999983,95.74198890210064,63.19428439732657
12452.0,430.57,2,185,2011-11-23 08:05:00,2011-11-23 10:28:00,215.285,2743,8509221.122999983,95.74683373027038,63.21733118230007
13245.0,430.5,1,125,2011-10-20 11:40:00,2011-10-20 11:40:00,430.5,2744,8509651.622999983,95.75167777079126,63.24037796727357
12795.0,430.48,1,68,2011-11-21 10:27:00,2011-11-21 10:27:00,430.48,2745,8510082.102999983,95.7565215862696,63.26342475224707
12827.0,430.15000000000003,3,197,2011-10-26 15:44:00,2011-12-04 12:17:00,143.38333333333335,2746,8510512.252999984,95.76136168854616,63.28647153722056
16884.0,429.84000000000003,2,320,2011-11-02 10:16:00,2011-11-02 11:52:00,214.92000000000002,2747,8510942.092999984,95.76619830266344,63.30951832219406
15450.0,429.84,1,376,2011-11-09 17:11:00,2011-11-09 17:11:00,429.84,2748,8511371.932999983,95.77103491678074,63.33256510716755
15230.0,429.6,2,351,2011-04-13 11:04:00,2011-04-14 14:39:00,214.8,2749,8511801.532999983,95.77586883038761,63.35561189214105
15036.0,429.56,3,316,2011-06-13 12:19:00,2011-09-28 15:42:00,143.18666666666667,2750,8512231.092999984,95.78070229390944,63.378658677114544
15553.0,428.93,1,449,2011-10-10 14:02:00,2011-10-10 14:02:00,428.93,2751,8512660.022999983,95.78552866859148,63.401705462088046
13602.0,428.89,1,267,2011-10-06 11:47:00,2011-10-06 11:47:00,428.89,2752,8513088.912999984,95.79035459318847,63.424752247061534
15957.0,428.89,1,211,2011-11-08 12:14:00,2011-11-08 12:14:00,428.89,2753,8513517.802999984,95.79518051778545,63.447799032035036
17869.0,428.18,5,111,2010-12-06 17:16:00,2011-08-24 16:16:00,85.636,2754,8513945.982999984,95.7999984533725,63.470845817008524
15360.0,427.93,1,223,2011-10-31 09:35:00,2011-10-31 09:35:00,427.93,2755,8514373.912999984,95.80481357592788,63.493892601982026
12725.0,427.8,1,164,2010-12-03 15:45:00,2010-12-03 15:45:00,427.8,2756,8514801.712999985,95.80962723570683,63.51693938695552
12403.0,427.7,1,96,2011-10-21 10:51:00,2011-10-21 10:51:00,427.7,2757,8515229.412999984,95.81443977027308,63.539986171929016
15976.0,427.64,2,275,2011-05-03 17:12:00,2011-06-27 13:00:00,213.82,2758,8515657.052999984,95.81925162971176,63.56303295690251
12740.0,427.6,1,342,2011-10-07 10:44:00,2011-10-07 10:44:00,427.6,2759,8516084.652999984,95.82406303906535,63.58607974187601
12802.0,427.58,1,314,2011-06-06 09:36:00,2011-06-06 09:36:00,427.58,2760,8516512.232999984,95.82887422337643,63.6091265268495
15930.0,426.63,1,139,2011-10-03 14:52:00,2011-10-03 14:52:00,426.63,2761,8516938.862999985,95.83367471816719,63.632173311823
14288.0,426.6,1,188,2011-05-10 13:22:00,2011-05-10 13:22:00,426.6,2762,8517365.462999985,95.83847487539414,63.6552200967965
15639.0,425.32,1,323,2011-07-28 14:30:00,2011-07-28 14:30:00,425.32,2763,8517790.782999985,95.84326062989899,63.67826688176999
14157.0,424.89000000000004,2,271,2011-02-27 13:04:00,2011-11-20 11:32:00,212.44500000000002,2764,8518215.672999986,95.84804154598939,63.70131366674349
16119.0,423.36,2,240,2011-09-28 10:15:00,2011-12-01 15:11:00,211.68,2765,8518639.032999985,95.85280524632601,63.72436045171699
17525.0,422.70000000000005,1,82,2010-12-15 12:05:00,2010-12-15 12:05:00,422.70000000000005,2766,8519061.732999984,95.85756152025904,63.74740723669048
13473.0,422.64,2,266,2011-01-11 08:45:00,2011-10-10 11:20:00,211.32,2767,8519484.372999985,95.86231711906449,63.77045402166398
16689.0,422.59999999999997,2,330,2011-09-18 13:29:00,2011-09-25 11:39:00,211.29999999999998,2768,8519906.972999984,95.86707226778486,63.79350080663747
18240.0,422.58,1,126,2011-10-24 13:06:00,2011-10-24 13:06:00,422.58,2769,8520329.552999984,95.8718271914627,63.81654759161097
13140.0,422.47,3,185,2010-12-08 15:12:00,2011-08-23 15:33:00,140.82333333333335,2770,8520752.022999985,95.87658087740661,63.839594376584465
16780.0,422.24,2,270,2011-03-25 17:34:00,2011-08-31 16:09:00,211.12,2771,8521174.262999985,95.88133197536139,63.86264116155797
18106.0,421.9,1,126,2011-01-14 12:23:00,2011-01-14 12:23:00,421.9,2772,8521596.162999986,95.88607924759313,63.885687946531455
14757.0,420.5,1,160,2011-09-25 14:36:00,2011-09-25 14:36:00,420.5,2773,8522016.662999986,95.89081076684755,63.90873473150496
15206.0,420.29999999999995,4,162,2011-03-09 08:59:00,2011-11-29 13:41:00,105.07499999999999,2774,8522436.962999986,95.89554003567665,63.931781516478445
15889.0,420.07,2,206,2010-12-05 15:12:00,2011-07-06 11:10:00,210.035,2775,8522857.032999987,95.9002667165166,63.95482830145195
14124.0,419.58000000000004,1,1618,2011-09-16 13:32:00,2011-09-16 13:32:00,419.58000000000004,2776,8523276.612999987,95.90498788381451,63.97787508642544
15361.0,418.92,1,336,2010-12-13 09:52:00,2010-12-13 09:52:00,418.92,2777,8523695.532999987,95.90970162470883,64.00092187139894
18034.0,418.68,2,559,2011-11-18 12:08:00,2011-11-18 12:22:00,209.34,2778,8524114.212999986,95.91441266509275,64.02396865637243
17371.0,418.4,3,151,2010-12-13 15:20:00,2011-11-22 13:30:00,139.46666666666667,2779,8524532.612999987,95.91912055488122,64.04701544134593
12593.0,418.09999999999997,3,206,2011-05-05 09:29:00,2011-08-23 12:43:00,139.36666666666665,2780,8524950.712999986,95.9238250690317,64.07006222631942
17701.0,417.95,1,109,2011-04-01 12:25:00,2011-04-01 12:25:00,417.95,2781,8525368.662999986,95.92852789536315,64.09310901129292
17232.0,417.77,2,202,2011-11-25 12:24:00,2011-12-07 12:21:00,208.885,2782,8525786.432999985,95.93322869631182,64.11615579626641
13615.0,417.69,1,189,2011-01-25 08:21:00,2011-01-25 08:21:00,417.69,2783,8526204.122999985,95.93792859709036,64.13920258123991
16737.0,417.59999999999997,1,288,2011-10-17 13:03:00,2011-10-17 13:03:00,417.59999999999997,2784,8526621.722999984,95.9426274851775,64.1622493662134
12833.0,417.38,1,156,2011-07-17 13:46:00,2011-07-17 13:46:00,417.38,2785,8527039.102999985,95.94732389779679,64.1852961511869
17392.0,417.27,2,277,2010-12-16 19:04:00,2011-02-06 12:48:00,208.635,2786,8527456.372999985,95.95201907268213,64.2083429361604
13166.0,417.2,1,216,2011-03-01 15:16:00,2011-03-01 15:16:00,417.2,2787,8527873.572999984,95.95671345991862,64.23138972113391
16816.0,417.06,4,274,2010-12-16 17:01:00,2011-08-28 14:16:00,104.265,2788,8528290.632999985,95.96140627185738,64.2544365061074
13889.0,416.90000000000003,1,146,2011-09-08 09:13:00,2011-09-08 09:13:00,416.90000000000003,2789,8528707.532999985,95.96609728345588,64.2774832910809
17223.0,416.89,2,110,2010-12-06 14:08:00,2011-02-02 15:57:00,208.445,2790,8529124.422999986,95.97078818253311,64.30053007605439
15935.0,416.86,2,115,2011-04-12 09:35:00,2011-04-14 13:27:00,208.43,2791,8529541.282999985,95.97547874404654,64.32357686102789
16957.0,416.64,2,172,2011-03-03 09:25:00,2011-04-14 13:56:00,208.32,2792,8529957.922999986,95.98016683009212,64.34662364600138
13085.0,416.08000000000004,2,216,2011-02-17 13:57:00,2011-07-05 12:11:00,208.04000000000002,2793,8530374.002999986,95.98484861494676,64.36967043097488
15803.0,415.82000000000005,1,290,2011-10-19 14:56:00,2011-10-19 14:56:00,415.82000000000005,2794,8530789.822999986,95.98952747424848,64.39271721594838
14139.0,415.82,1,510,2011-10-24 13:34:00,2011-10-24 13:34:00,415.82,2795,8531205.642999986,95.99420633355021,64.41576400092187
12930.0,415.8,2,252,2011-06-21 13:25:00,2011-09-22 15:18:00,207.9,2796,8531621.442999987,95.99888496780939,64.43881078589537
12580.0,415.7,1,238,2011-04-07 10:24:00,2011-04-07 10:24:00,415.7,2797,8532037.142999986,96.0035624768559,64.46185757086886
15725.0,415.25,1,221,2011-11-24 14:51:00,2011-11-24 14:51:00,415.25,2798,8532452.392999986,96.00823492244544,64.48490435584236
14333.0,415.2,1,58,2011-10-03 10:38:00,2011-10-03 10:38:00,415.2,2799,8532867.592999985,96.01290680542863,64.50795114081586
18001.0,415.13,2,362,2011-09-14 11:21:00,2011-11-27 16:02:00,207.565,2800,8533282.722999986,96.01757790076297,64.53099792578936
16795.0,414.88,1,239,2010-12-09 14:08:00,2010-12-09 14:08:00,414.88,2801,8533697.602999987,96.02224618306565,64.55404471076285
14998.0,414.87,2,258,2011-04-12 16:28:00,2011-06-22 17:30:00,207.435,2802,8534112.472999986,96.02691435284704,64.57709149573635
12993.0,414.76,4,240,2011-02-14 14:29:00,2011-11-16 15:49:00,103.69,2803,8534527.232999986,96.03158128489451,64.60013828070984
15994.0,414.27,1,173,2011-10-16 12:28:00,2011-10-16 12:28:00,414.27,2804,8534941.502999986,96.03624270339994,64.62318506568334
16239.0,414.2,2,228,2011-06-03 09:30:00,2011-10-14 08:29:00,207.1,2805,8535355.702999985,96.04090333425647,64.64623185065683
17483.0,414.04,3,191,2011-06-09 19:40:00,2011-10-05 13:10:00,138.01333333333335,2806,8535769.742999984,96.04556216477275,64.66927863563033
13974.0,413.59000000000003,1,249,2011-10-21 14:41:00,2011-10-21 14:41:00,413.59000000000003,2807,8536183.332999984,96.05021593183206,64.69232542060382
16834.0,413.46,1,358,2011-04-26 09:37:00,2011-04-26 09:37:00,413.46,2808,8536596.792999985,96.05486823611488,64.71537220557732
17134.0,413.2,2,98,2011-03-20 11:56:00,2011-08-25 09:53:00,206.6,2809,8537009.992999984,96.0595176148448,64.73841899055081
14620.0,412.78000000000003,2,214,2011-03-01 08:30:00,2011-05-18 11:58:00,206.39000000000001,2810,8537422.772999983,96.0641622676815,64.76146577552431
15523.0,412.01000000000005,1,132,2011-09-16 16:29:00,2011-09-16 16:29:00,412.01000000000005,2811,8537834.782999983,96.06879825638069,64.7845125604978
16272.0,411.7,1,224,2011-08-15 10:53:00,2011-08-15 10:54:00,411.7,2812,8538246.482999982,96.07343075692062,64.8075593454713
15186.0,411.41,2,215,2011-06-24 14:54:00,2011-11-25 14:58:00,205.705,2813,8538657.892999982,96.07805999434383,64.8306061304448
15099.0,410.48,1,343,2011-09-16 13:13:00,2011-09-16 13:13:00,410.48,2814,8539068.372999983,96.08267876728928,64.85365291541831
15695.0,409.98,2,212,2011-03-18 08:31:00,2011-03-18 08:32:00,204.99,2815,8539478.352999983,96.08729191417137,64.8766997003918
14048.0,409.93,1,288,2011-02-07 14:53:00,2011-02-07 14:53:00,409.93,2816,8539888.282999983,96.09190449844715,64.8997464853653
13827.0,409.8,3,138,2011-07-19 15:38:00,2011-10-13 12:38:00,136.6,2817,8540298.082999984,96.09651561994647,64.92279327033879
14348.0,409.57,1,183,2011-03-24 16:23:00,2011-03-24 16:23:00,409.57,2818,8540707.652999984,96.10112415345667,64.94584005531229
12990.0,409.5,3,200,2011-02-02 15:39:00,2011-11-08 13:01:00,136.5,2819,8541117.152999984,96.10573189931799,64.96888684028578
15225.0,409.40000000000003,1,226,2011-04-19 14:51:00,2011-04-19 14:51:00,409.40000000000003,2820,8541526.552999984,96.11033851996665,64.99193362525928
16243.0,409.1,2,110,2011-10-16 12:09:00,2011-11-06 12:32:00,204.55,2821,8541935.652999984,96.1149417649773,65.01498041023277
16018.0,408.90000000000003,2,190,2011-06-12 13:52:00,2011-10-31 14:13:00,204.45000000000002,2822,8542344.552999984,96.11954275956263,65.03802719520627
15269.0,408.8,1,26,2011-11-16 09:32:00,2011-11-16 09:32:00,408.8,2823,8542753.352999985,96.1241426289353,65.06107398017976
17913.0,408.65,2,288,2010-12-19 11:35:00,2011-10-12 10:45:00,204.325,2824,8543162.002999986,96.12874081048898,65.08412076515326
16629.0,408.63,2,489,2011-09-04 16:12:00,2011-09-27 10:34:00,204.315,2825,8543570.632999986,96.13333876700013,65.10716755012676
16324.0,408.59000000000003,3,270,2011-06-15 14:26:00,2011-08-03 12:58:00,136.1966666666667,2826,8543979.222999986,96.13793627342619,65.13021433510026
17931.0,408.36,2,249,2011-03-29 12:31:00,2011-07-28 18:33:00,204.18,2827,8544387.582999986,96.14253119186313,65.15326112007375
16399.0,408.02,2,263,2011-04-18 13:46:00,2011-11-20 16:12:00,204.01,2828,8544795.602999985,96.14712228457701,65.17630790504725
15127.0,406.53,1,251,2011-10-05 10:30:00,2011-10-05 10:30:00,406.53,2829,8545202.132999985,96.15169661162219,65.19935469002074
16947.0,406.48,1,312,2011-04-18 09:38:00,2011-04-18 09:38:00,406.48,2830,8545608.612999985,96.15627037606103,65.22240147499424
15342.0,406.09,1,283,2011-08-02 10:19:00,2011-08-02 10:19:00,406.09,2831,8546014.702999985,96.16083975217049,65.24544825996773
14616.0,406.08000000000004,3,104,2011-01-26 12:42:00,2011-04-11 09:54:00,135.36,2832,8546420.782999985,96.16540901575868,65.26849504494123
12970.0,405.47,4,268,2011-01-21 14:04:00,2011-12-02 14:30:00,101.3675,2833,8546826.252999986,96.16997141554963,65.29154182991472
12922.0,405.38,1,370,2011-07-01 15:35:00,2011-07-01 15:35:00,405.38,2834,8547231.632999986,96.17453280264918,65.31458861488822
15012.0,405.04,2,225,2010-12-01 12:49:00,2011-10-17 12:22:00,202.52,2835,8547636.672999986,96.17909036402564,65.33763539986171
15938.0,404.58,5,240,2011-01-20 10:11:00,2011-08-19 12:56:00,80.916,2836,8548041.252999986,96.18364274942387,65.36068218483521
16319.0,404.40000000000003,1,72,2011-05-06 11:27:00,2011-05-06 11:27:00,404.40000000000003,2837,8548445.652999986,96.1881931094393,65.38372896980871
16484.0,404.3,2,200,2011-06-02 10:39:00,2011-06-19 12:06:00,202.15,2838,8548849.952999987,96.19274234424208,65.4067757547822
12498.0,403.70000000000005,3,159,2011-10-13 09:30:00,2011-11-18 12:53:00,134.5666666666667,2839,8549253.652999986,96.19728482776884,65.4298225397557
17431.0,403.3,1,292,2011-01-30 14:36:00,2011-01-30 14:36:00,403.3,2840,8549656.952999987,96.20182281044495,65.4528693247292
15221.0,403.25,1,43,2010-12-08 13:08:00,2010-12-08 13:08:00,403.25,2841,8550060.202999987,96.20636023051475,65.4759161097027
18036.0,403.12,3,232,2011-04-08 11:26:00,2011-11-07 14:40:00,134.37333333333333,2842,8550463.322999986,96.21089618780806,65.4989628946762
15184.0,402.2,2,199,2011-06-02 12:06:00,2011-11-10 13:41:00,201.1,2843,8550865.522999985,96.21542179314486,65.52200967964968
12386.0,401.9,2,354,2010-12-08 09:53:00,2011-01-06 12:37:00,200.95,2844,8551267.422999986,96.21994402284368,65.54505646462319
15158.0,401.40000000000003,1,198,2011-10-25 13:53:00,2011-10-25 13:53:00,401.40000000000003,2845,8551668.822999986,96.22446062647917,65.56810324959667
16500.0,400.86,6,123,2011-01-13 10:28:00,2011-12-05 12:04:00,66.81,2846,8552069.682999985,96.22897115396626,65.59115003457018
16198.0,400.68100000000004,1,129,2011-09-25 14:58:00,2011-09-25 14:58:00,400.68100000000004,2847,8552470.363999985,96.2334796673227,65.61419681954366
12792.0,400.53999999999996,1,217,2011-03-28 11:36:00,2011-03-28 11:36:00,400.53999999999996,2848,8552870.903999984,96.23798659412925,65.63724360451717
17375.0,400.1,3,367,2010-12-13 15:16:00,2011-05-24 15:45:00,133.36666666666667,2849,8553271.003999984,96.2424885700001,65.66029038949065
18164.0,399.65000000000003,1,184,2011-11-02 12:56:00,2011-11-02 12:56:00,399.65000000000003,2850,8553670.653999984,96.24698548241398,65.68333717446416
13255.0,399.51,2,177,2010-12-01 11:58:00,2011-11-30 13:14:00,199.755,2851,8554070.163999984,96.2514808195301,65.70638395943766
18154.0,399.19,2,255,2011-10-27 10:40:00,2011-12-06 16:41:00,199.595,2852,8554469.353999984,96.2559725559657,65.72943074441116
17052.0,399.09,1,251,2011-11-11 14:50:00,2011-11-11 14:50:00,399.09,2853,8554868.443999983,96.26046316718863,65.75247752938465
17830.0,398.7,3,92,2011-02-24 10:15:00,2011-12-08 12:28:00,132.9,2854,8555267.143999983,96.26494939008217,65.77552431435815
15522.0,397.99,2,572,2011-09-13 12:26:00,2011-11-07 11:26:00,198.995,2855,8555665.133999983,96.2694276239658,65.79857109933165
13352.0,397.97999999999996,1,321,2011-10-10 13:55:00,2011-10-10 13:55:00,397.97999999999996,2856,8556063.113999983,96.27390574532816,65.82161788430514
12508.0,397.88,2,271,2011-11-10 16:27:00,2011-11-13 15:37:00,198.94,2857,8556460.993999984,96.27838274147787,65.84466466927864
15967.0,397.68,2,205,2011-01-25 11:57:00,2011-11-16 15:41:00,198.84,2858,8556858.673999984,96.28285748720225,65.86771145425213
15429.0,397.35,2,380,2011-09-25 13:42:00,2011-11-13 12:28:00,198.675,2859,8557256.023999983,96.28732851972481,65.89075823922563
17926.0,397.29,2,306,2011-05-20 09:24:00,2011-07-29 14:39:00,198.645,2860,8557653.313999983,96.29179887711979,65.91380502419912
12824.0,397.12,1,232,2011-10-11 12:49:00,2011-10-11 12:49:00,397.12,2861,8558050.433999982,96.29626732165322,65.93685180917262
13594.0,396.97,1,359,2011-10-18 10:19:00,2011-10-18 10:19:00,396.97,2862,8558447.403999982,96.30073407836768,65.95989859414611
17486.0,396.87,1,191,2011-03-23 14:00:00,2011-03-23 14:00:00,396.87,2863,8558844.273999982,96.30519970986946,65.98294537911961
15883.0,396.48,2,223,2011-11-06 14:50:00,2011-12-07 17:05:00,198.24,2864,8559240.753999982,96.30966095304186,66.0059921640931
18067.0,396.33,1,189,2011-10-30 15:58:00,2011-10-30 15:58:00,396.33,2865,8559637.083999982,96.31412050839525,66.0290389490666
16354.0,395.8,2,150,2011-09-27 16:28:00,2011-10-07 14:28:00,197.9,2866,8560032.883999983,96.31857410012154,66.0520857340401
17603.0,394.72,1,74,2011-09-22 14:18:00,2011-09-22 14:18:00,394.72,2867,8560427.603999984,96.32301553955104,66.07513251901361
14619.0,394.44,1,152,2011-04-08 07:37:00,2011-04-08 07:37:00,394.44,2868,8560822.043999983,96.32745382838507,66.0981793039871
16207.0,394.38,1,140,2011-11-14 13:51:00,2011-11-14 13:51:00,394.38,2869,8561216.423999984,96.33189144209152,66.1212260889606
15386.0,394.14,1,446,2011-06-06 13:47:00,2011-06-06 13:47:00,394.14,2870,8561610.563999984,96.33632635528757,66.14427287393409
15264.0,393.74,1,265,2011-10-06 13:49:00,2011-10-06 13:49:00,393.74,2871,8562004.303999985,96.34075676763297,66.16731965890759
15345.0,393.54,1,81,2011-10-25 11:28:00,2011-10-25 11:28:00,393.54,2872,8562397.843999984,96.34518492955301,66.19036644388108
17226.0,393.49,1,406,2011-02-04 11:52:00,2011-02-04 11:52:00,393.49,2873,8562791.333999984,96.34961252886673,66.21341322885458
14600.0,393.33000000000004,1,125,2011-02-07 09:48:00,2011-02-07 09:48:00,393.33000000000004,2874,8563184.663999984,96.3540383278402,66.23646001382807
14670.0,392.86,2,326,2011-03-04 13:58:00,2011-03-04 14:13:00,196.43,2875,8563577.523999983,96.35845883831414,66.25950679880157
16010.0,392.4,3,202,2010-12-12 12:18:00,2011-04-08 10:14:00,130.79999999999998,2876,8563969.923999984,96.36287417280981,66.28255358377506
15837.0,391.98,1,189,2011-10-06 09:01:00,2011-10-06 09:01:00,391.98,2877,8564361.903999984,96.36728478141231,66.30560036874856
16917.0,391.52,1,232,2011-03-08 11:55:00,2011-03-08 11:55:00,391.52,2878,8564753.423999984,96.37169021403653,66.32864715372206
12982.0,390.54,1,288,2011-04-11 11:51:00,2011-04-11 11:51:00,390.54,2879,8565143.963999983,96.37608461957664,66.35169393869556
18024.0,389.78,2,184,2011-07-10 12:28:00,2011-07-10 12:40:00,194.89,2880,8565533.743999982,96.38047047350051,66.37474072366905
17379.0,389.71999999999997,1,623,2011-11-28 13:56:00,2011-11-28 13:56:00,389.71999999999997,2881,8565923.463999983,96.38485565229679,66.39778750864255
14752.0,389.64,1,260,2011-10-27 11:55:00,2011-10-27 11:55:00,389.64,2882,8566313.103999984,96.38923993092293,66.42083429361604
13873.0,389.6,3,140,2011-02-03 09:37:00,2011-08-12 10:08:00,129.86666666666667,2883,8566702.703999983,96.39362375946399,66.44388107858954
13345.0,389.5,1,141,2011-02-25 09:01:00,2011-02-25 09:01:00,389.5,2884,8567092.203999983,96.39800646279241,66.46692786356303
16250.0,389.44,2,208,2010-12-01 09:59:00,2011-03-23 15:07:00,194.72,2885,8567481.643999983,96.40238849099322,66.48997464853653
15847.0,389.27,2,449,2011-02-24 16:46:00,2011-11-01 14:41:00,194.635,2886,8567870.913999982,96.40676860633249,66.51302143351002
12690.0,389.01,1,106,2011-05-18 09:09:00,2011-05-18 09:09:00,389.01,2887,8568259.923999982,96.41114579611883,66.53606821848352
15592.0,388.58,1,354,2011-10-24 08:59:00,2011-10-24 08:59:00,388.58,2888,8568648.503999982,96.41551814749074,66.55911500345701
13899.0,388.52,2,156,2011-03-10 09:30:00,2011-11-23 13:40:00,194.26,2889,8569037.023999982,96.41988982373503,66.58216178843051
13856.0,388.5,3,494,2011-05-20 13:13:00,2011-06-24 10:03:00,129.5,2890,8569425.523999982,96.4242612749368,66.60520857340401
17438.0,388.45000000000005,1,103,2011-03-31 10:26:00,2011-03-31 10:26:00,388.45000000000005,2891,8569813.97399998,96.42863216353221,66.62825535837752
14538.0,388.25,2,155,2011-03-28 14:57:00,2011-10-06 10:31:00,194.125,2892,8570202.22399998,96.43300080170232,66.651302143351
17817.0,387.68,3,67,2011-03-07 17:30:00,2011-12-05 14:39:00,129.22666666666666,2893,8570589.90399998,96.43736302616023,66.6743489283245
14420.0,387.52,1,334,2011-09-01 18:07:00,2011-09-01 18:07:00,387.52,2894,8570977.42399998,96.44172345027788,66.697395713298
13673.0,387.44,2,114,2011-11-07 15:40:00,2011-11-21 12:11:00,193.72,2895,8571364.86399998,96.44608297422539,66.7204424982715
17508.0,387.31,1,289,2011-03-04 08:10:00,2011-03-04 08:10:00,387.31,2896,8571752.17399998,96.45044103539645,66.74348928324498
17595.0,386.69,2,228,2011-11-02 16:19:00,2011-11-27 16:08:00,193.345,2897,8572138.86399998,96.45479212024898,66.76653606821849
14114.0,386.53,2,101,2011-01-13 11:05:00,2011-03-11 09:42:00,193.265,2898,8572525.393999979,96.45914140476124,66.78958285319197
15664.0,386.43,1,157,2011-10-20 10:57:00,2011-10-20 10:57:00,386.43,2899,8572911.823999979,96.46348956406085,66.81262963816548
17614.0,386.32,1,235,2011-10-13 16:01:00,2011-10-13 16:01:00,386.32,2900,8573298.143999979,96.46783648562652,66.83567642313896
14779.0,386.15,3,84,2011-01-20 12:04:00,2011-03-04 12:42:00,128.71666666666667,2901,8573684.29399998,96.47218149433068,66.85872320811247
13821.0,385.64,2,153,2011-03-23 11:30:00,2011-07-18 09:49:00,192.82,2902,8574069.93399998,96.47652076445024,66.88176999308595
17711.0,385.1,2,246,2011-02-23 11:32:00,2011-11-29 11:40:00,192.55,2903,8574455.03399998,96.4808539584214,66.90481677805946
13919.0,384.81,2,474,2011-08-10 10:15:00,2011-10-11 14:24:00,192.405,2904,8574839.84399998,96.48518388927585,66.92786356303296
17357.0,384.39,2,152,2011-11-15 16:29:00,2011-11-15 16:30:00,192.195,2905,8575224.23399998,96.4895090942371,66.95091034800646
16204.0,384.18,1,218,2011-11-16 13:40:00,2011-11-16 13:40:00,384.18,2906,8575608.41399998,96.49383193625177,66.97395713297995
17205.0,384.08,1,884,2011-10-17 12:46:00,2011-10-17 12:46:00,384.08,2907,8575992.49399998,96.49815365305375,66.99700391795345
16982.0,384.06,1,182,2011-10-10 12:28:00,2011-10-10 12:28:00,384.06,2908,8576376.55399998,96.50247514481322,67.02005070292694
12733.0,383.95,1,137,2011-04-19 16:19:00,2011-04-19 16:19:00,383.95,2909,8576760.50399998,96.50679539883875,67.04309748790044
13833.0,383.85,1,117,2011-07-03 13:27:00,2011-07-03 13:27:00,383.85,2910,8577144.35399998,96.5111145276516,67.06614427287393
17189.0,383.75,2,226,2010-12-15 17:28:00,2011-08-25 19:39:00,191.875,2911,8577528.10399998,96.51543253125179,67.08919105784743
12515.0,383.7,1,131,2010-12-21 15:43:00,2010-12-21 15:43:00,383.7,2912,8577911.803999979,96.51974997224565,67.11223784282092
15440.0,383.68,3,197,2011-05-15 11:30:00,2011-10-16 12:16:00,127.89333333333333,2913,8578295.483999979,96.52406718819698,67.13528462779442
14304.0,383.45,1,139,2011-05-01 11:50:00,2011-05-01 11:50:00,383.45,2914,8578678.933999978,96.52838181615917,67.15833141276792
15424.0,383.34,2,554,2011-03-30 13:00:00,2011-03-30 13:02:00,191.67,2915,8579062.273999978,96.53269520638744,67.18137819774141
12832.0,383.03,2,195,2011-09-02 13:48:00,2011-11-07 13:30:00,191.515,2916,8579445.303999977,96.53700510845646,67.20442498271491
13817.0,382.98,2,211,2010-12-23 11:46:00,2011-11-10 17:49:00,191.49,2917,8579828.283999978,96.54131444791913,67.22747176768841
17239.0,382.5,1,150,2011-01-31 09:41:00,2011-01-31 09:41:00,382.5,2918,8580210.783999978,96.54561838636103,67.2505185526619
13657.0,382.14,2,209,2011-05-22 12:35:00,2011-11-29 12:32:00,191.07,2919,8580592.923999978,96.54991827403732,67.2735653376354
17250.0,381.97,2,167,2011-03-23 16:45:00,2011-12-06 12:15:00,190.985,2920,8580974.893999979,96.55421624885211,67.2966121226089
15090.0,381.32,1,208,2011-02-04 14:03:00,2011-02-04 14:03:00,381.32,2921,8581356.21399998,96.55850690978455,67.3196589075824
16441.0,381.2,2,173,2011-02-21 17:35:00,2011-10-03 17:48:00,190.6,2922,8581737.413999978,96.5627962204618,67.3427056925559
15048.0,381.0,4,192,2010-12-06 12:15:00,2011-10-05 14:55:00,95.25,2923,8582118.413999978,96.56708328071373,67.36575247752938
12871.0,380.64,2,200,2011-05-16 13:32:00,2011-09-16 15:07:00,190.32,2924,8582499.053999979,96.57136629020006,67.38879926250289
17573.0,380.6,3,308,2011-09-07 10:36:00,2011-11-10 13:01:00,126.86666666666667,2925,8582879.653999979,96.57564884960132,67.41184604747637
17138.0,380.5,1,126,2011-03-09 11:54:00,2011-03-09 11:54:00,380.5,2926,8583260.153999979,96.57993028378993,67.43489283244988
17999.0,380.39,2,219,2010-12-08 15:17:00,2011-11-02 15:56:00,190.195,2927,8583640.54399998,96.58421048024461,67.45793961742336
17031.0,380.35,2,235,2011-07-08 09:38:00,2011-11-28 10:23:00,190.175,2928,8584020.893999979,96.5884902266142,67.48098640239687
17936.0,380.13,1,257,2011-12-04 13:32:00,2011-12-04 13:32:00,380.13,2929,8584401.02399998,96.59276749751595,67.50403318737035
14731.0,380.02,3,256,2011-05-11 13:06:00,2011-10-23 15:54:00,126.67333333333333,2930,8584781.04399998,96.59704353068376,67.52707997234386
16552.0,379.73,2,219,2010-12-01 12:36:00,2011-04-11 10:04:00,189.865,2931,8585160.77399998,96.60131630073484,67.55012675731736
13656.0,379.65,2,490,2011-01-06 15:42:00,2011-06-28 10:31:00,189.825,2932,8585540.42399998,96.6055881706158,67.57317354229086
13589.0,379.65,2,114,2011-06-13 12:44:00,2011-11-25 12:10:00,189.825,2933,8585920.07399998,96.60986004049676,67.59622032726435
17878.0,379.45,1,401,2011-10-27 11:24:00,2011-10-27 11:24:00,379.45,2934,8586299.52399998,96.61412965995237,67.61926711223785
15885.0,379.35,3,111,2011-02-03 15:28:00,2011-09-08 10:43:00,126.45,2935,8586678.87399998,96.61839815419532,67.64231389721134
16909.0,379.14,1,436,2011-09-28 16:45:00,2011-09-28 16:45:00,379.14,2936,8587058.01399998,96.6226642854917,67.66536068218484
16930.0,378.89,3,339,2011-10-02 14:25:00,2011-11-13 16:13:00,126.29666666666667,2937,8587436.90399998,96.6269276037564,67.68840746715833
13372.0,378.64,1,159,2011-09-11 12:46:00,2011-09-11 12:46:00,378.64,2938,8587815.543999981,96.63118810898943,67.71145425213183
17078.0,378.2,2,788,2011-11-03 18:49:00,2011-11-03 19:17:00,189.1,2939,8588193.74399998,96.63544366328675,67.73450103710532
17736.0,377.44,3,238,2011-08-18 14:33:00,2011-11-30 15:36:00,125.81333333333333,2940,8588571.18399998,96.6396906659678,67.75754782207882
12890.0,376.71999999999997,1,256,2011-11-15 17:26:00,2011-11-15 17:26:00,376.71999999999997,2941,8588947.90399998,96.6439295671177,67.78059460705231
17489.0,376.64,2,428,2011-05-11 11:34:00,2011-10-12 08:56:00,188.32,2942,8589324.543999981,96.64816756809745,67.80364139202581
13936.0,376.58,1,330,2011-06-13 08:47:00,2011-06-13 08:47:00,376.58,2943,8589701.123999981,96.6524048939496,67.82668817699931
16858.0,375.69000000000005,1,91,2010-12-06 09:52:00,2010-12-06 09:52:00,375.69000000000005,2944,8590076.81399998,96.65663220540904,67.84973496197281
14448.0,375.35,2,104,2010-12-10 17:26:00,2011-11-30 13:50:00,187.675,2945,8590452.16399998,96.6608556911454,67.8727817469463
14079.0,375.1,1,301,2011-08-07 12:10:00,2011-08-07 12:10:00,375.1,2946,8590827.26399998,96.6650763638501,67.8958285319198
16147.0,375.0,1,246,2011-07-29 09:57:00,2011-07-29 09:57:00,375.0,2947,8591202.26399998,96.66929591134216,67.91887531689329
14067.0,374.7,2,361,2011-09-04 12:00:00,2011-10-07 10:21:00,187.35,2948,8591576.96399998,96.67351208319621,67.9419221018668
17492.0,374.57,1,155,2011-04-05 15:21:00,2011-04-05 15:21:00,374.57,2949,8591951.53399998,96.6777267922738,67.96496888684028
12873.0,374.0,1,128,2011-03-02 14:58:00,2011-03-02 14:58:00,374.0,2950,8592325.53399998,96.6819350876392,67.98801567181378
13351.0,373.94,1,117,2011-10-04 12:55:00,2011-10-04 12:55:00,373.94,2951,8592699.473999979,96.68614270787701,68.01106245678727
16321.0,373.65000000000003,5,135,2011-01-20 12:11:00,2011-09-28 14:55:00,74.73,2952,8593073.12399998,96.6903470649981,68.03410924176077
12895.0,372.8,2,210,2011-09-14 08:35:00,2011-10-28 13:51:00,186.4,2953,8593445.92399998,96.69454185781152,68.05715602673426
12544.0,372.7,1,136,2011-11-03 16:15:00,2011-11-03 16:15:00,372.7,2954,8593818.62399998,96.69873552541229,68.08020281170776
12981.0,372.21999999999997,2,242,2011-07-29 14:14:00,2011-11-10 12:00:00,186.10999999999999,2955,8594190.84399998,96.70292379199226,68.10324959668125
13300.0,371.89,1,203,2011-06-23 13:09:00,2011-06-23 13:09:00,371.89,2956,8594562.73399998,96.70710834537046,68.12629638165475
18155.0,371.62,3,266,2011-02-21 10:36:00,2011-09-25 13:32:00,123.87333333333333,2957,8594934.35399998,96.71128986067443,68.14934316662826
15472.0,371.56,1,251,2011-08-18 15:17:00,2011-08-18 15:17:00,371.56,2958,8595305.91399998,96.71547070085083,68.17238995160176
16776.0,371.54,1,254,2011-10-10 13:04:00,2011-10-10 13:04:00,371.54,2959,8595677.45399998,96.71965131598468,68.19543673657525
14950.0,371.2,1,136,2011-11-20 13:48:00,2011-11-20 13:48:00,371.2,2960,8596048.653999979,96.72382810539546,68.21848352154875
15975.0,371.01,1,243,2011-09-16 13:33:00,2011-09-16 13:33:00,371.01,2961,8596419.663999978,96.7280027569022,68.24153030652224
15063.0,370.79999999999995,1,56,2011-05-10 13:25:00,2011-05-10 13:25:00,370.79999999999995,2962,8596790.46399998,96.73217504546234,68.26457709149574
15922.0,369.5,1,138,2010-12-01 13:51:00,2010-12-01 13:51:00,369.5,2963,8597159.96399998,96.73633270625784,68.28762387646923
16758.0,369.34000000000003,1,203,2011-10-05 14:47:00,2011-10-05 14:47:00,369.34000000000003,2964,8597529.303999979,96.74048856671308,68.31067066144273
14888.0,369.2,1,184,2011-05-16 14:58:00,2011-05-16 14:58:00,369.2,2965,8597898.503999978,96.74464285187058,68.33371744641622
17765.0,367.63,3,143,2011-03-28 11:58:00,2011-07-04 12:41:00,122.54333333333334,2966,8598266.13399998,96.74877947118927,68.35676423138972
16065.0,367.14,1,228,2010-12-09 13:03:00,2010-12-09 13:03:00,367.14,2967,8598633.27399998,96.75291057696587,68.3798110163632
18181.0,366.85,1,133,2011-11-15 15:08:00,2011-11-15 15:08:00,366.85,2968,8599000.12399998,96.75703841962576,68.40285780133671
17911.0,366.23,1,223,2011-11-30 14:52:00,2011-11-30 14:52:00,366.23,2969,8599366.35399998,96.76115928596714,68.42590458631021
17432.0,365.76,2,207,2011-11-02 17:30:00,2011-11-21 17:33:00,182.88,2970,8599732.11399998,96.76527486380898,68.44895137128371
16499.0,365.45,2,127,2010-12-10 10:27:00,2010-12-14 13:31:00,182.725,2971,8600097.563999979,96.76938695349156,68.4719981562572
16202.0,365.27,1,191,2010-12-14 10:43:00,2010-12-14 10:43:00,365.27,2972,8600462.833999978,96.77349701779134,68.4950449412307
14886.0,364.8,1,160,2011-04-01 08:56:00,2011-04-01 08:56:00,364.8,2973,8600827.63399998,96.77760179359161,68.5180917262042
15949.0,364.72,2,284,2011-09-29 17:34:00,2011-11-23 09:09:00,182.36,2974,8601192.35399998,96.78170566922176,68.54113851117769
12373.0,364.6,1,197,2011-02-01 13:10:00,2011-02-01 13:10:00,364.6,2975,8601556.95399998,96.78580819459668,68.5641852961512
15343.0,364.5,1,84,2011-09-13 13:55:00,2011-09-13 13:55:00,364.5,2976,8601921.45399998,96.78990959475897,68.58723208112468
14528.0,364.21999999999997,1,278,2011-11-02 17:09:00,2011-11-02 17:09:00,364.21999999999997,2977,8602285.67399998,96.79400784432578,68.61027886609818
12538.0,363.95,1,191,2011-11-10 17:16:00,2011-11-10 17:16:00,363.95,2978,8602649.62399998,96.7981030558184,68.63332565107167
17330.0,363.9,2,120,2011-10-03 11:26:00,2011-11-17 08:56:00,181.95,2979,8603013.52399998,96.80219770470468,68.65637243604517
14171.0,363.79,1,167,2011-09-02 16:43:00,2011-09-02 16:43:00,363.79,2980,8603377.313999979,96.80629111585702,68.67941922101866
16509.0,363.7,1,64,2011-02-16 09:25:00,2011-02-16 09:25:00,363.7,2981,8603741.013999978,96.81038351431798,68.70246600599216
18056.0,363.65,1,211,2011-02-24 14:27:00,2011-02-24 14:27:00,363.65,2982,8604104.663999978,96.8144753501726,68.72551279096567
12915.0,363.65,2,93,2010-12-02 12:33:00,2011-07-14 11:34:00,181.825,2983,8604468.313999979,96.81856718602722,68.74855957593915
16485.0,363.65,1,235,2011-09-23 15:50:00,2011-09-23 15:50:00,363.65,2984,8604831.96399998,96.82265902188186,68.77160636091266
14932.0,363.53,1,80,2010-12-09 11:48:00,2010-12-09 11:48:00,363.53,2985,8605195.493999979,96.82674950748128,68.79465314588616
14427.0,363.34000000000003,2,228,2011-10-07 09:10:00,2011-10-20 14:23:00,181.67000000000002,2986,8605558.833999978,96.83083785517664,68.81769993085965
14594.0,363.33,2,183,2010-12-01 13:54:00,2011-12-02 13:28:00,181.665,2987,8605922.163999978,96.83492609035073,68.84074671583315
16903.0,363.2,1,247,2011-11-10 15:32:00,2011-11-10 15:32:00,363.2,2988,8606285.363999978,96.83901286274836,68.86379350080664
16378.0,362.95,3,267,2011-02-02 12:42:00,2011-04-06 15:07:00,120.98333333333333,2989,8606648.313999977,96.84309682211433,68.88684028578014
16052.0,362.06,1,282,2011-10-16 15:13:00,2011-10-16 15:13:00,362.06,2990,8607010.373999977,96.84717076708759,68.90988707075363
15025.0,361.96,1,184,2011-11-06 15:20:00,2011-11-06 15:20:00,361.96,2991,8607372.333999978,96.85124358684818,68.93293385572713
13844.0,361.62,1,196,2011-11-28 13:21:00,2011-11-28 13:21:00,361.62,2992,8607733.953999978,96.85531258088572,68.95598064070062
16769.0,361.54,1,80,2011-03-24 13:41:00,2011-03-24 13:41:00,361.54,2993,8608095.493999977,96.8593806747531,68.97902742567412
16305.0,361.21999999999997,1,256,2011-07-24 12:18:00,2011-07-24 12:18:00,361.21999999999997,2994,8608456.713999977,96.86344516793999,69.0020742106476
13291.0,361.11,1,233,2011-07-07 10:36:00,2011-07-07 10:36:00,361.11,2995,8608817.823999977,96.86750842339293,69.02512099562111
17358.0,360.81,2,190,2010-12-19 14:16:00,2011-02-09 16:57:00,180.405,2996,8609178.633999977,96.8715683032079,69.04816778059461
16595.0,360.16,1,335,2011-10-09 13:15:00,2011-10-09 13:15:00,360.16,2997,8609538.793999977,96.87562086914052,69.07121456556811
13780.0,360.01,2,318,2011-06-22 11:43:00,2011-12-02 13:49:00,180.005,2998,8609898.803999977,96.87967174725415,69.0942613505416
13298.0,360.0,1,96,2011-12-08 13:11:00,2011-12-08 13:11:00,360.0,2999,8610258.803999977,96.88372251284652,69.1173081355151
15120.0,358.82,1,296,2011-07-29 09:48:00,2011-07-29 09:48:00,358.82,3000,8610617.623999977,96.88776000092945,69.14035492048859
17948.0,358.56000000000006,1,144,2011-07-15 12:58:00,2011-07-15 12:58:00,358.56000000000006,3001,8610976.183999978,96.89179456345946,69.16340170546209
16823.0,358.38,1,136,2011-04-26 15:00:00,2011-04-26 15:00:00,358.38,3002,8611334.563999979,96.89582710060665,69.18644849043558
13228.0,358.0,1,200,2011-09-19 14:28:00,2011-09-19 14:28:00,358.0,3003,8611692.563999979,96.89985536194574,69.20949527540908
13976.0,357.98,1,154,2011-05-17 09:13:00,2011-05-17 09:13:00,357.98,3004,8612050.54399998,96.90388339824229,69.23254206038257
17025.0,357.77,3,235,2010-12-01 15:45:00,2011-10-10 09:06:00,119.25666666666666,3005,8612408.313999979,96.90790907159223,69.25558884535607
16971.0,357.21,1,72,2011-11-01 15:06:00,2011-11-01 15:06:00,357.21,3006,8612765.52399998,96.91192844375126,69.27863563032956
18040.0,357.20000000000005,2,148,2011-04-08 08:27:00,2011-11-20 14:20:00,178.60000000000002,3007,8613122.723999979,96.91594770338902,69.30168241530306
13453.0,356.97999999999996,2,134,2011-02-23 09:44:00,2011-06-27 09:34:00,178.48999999999998,3008,8613479.70399998,96.91996448755891,69.32472920027656
14500.0,356.85,3,117,2011-06-03 10:08:00,2011-09-12 16:45:00,118.95,3009,8613836.553999979,96.92397980895235,69.34777598525005
15713.0,356.7,2,150,2010-12-08 15:16:00,2011-07-19 13:34:00,178.35,3010,8614193.253999978,96.92799344252678,69.37082277022355
15247.0,356.0,1,160,2011-08-09 12:52:00,2011-08-09 12:52:00,356.0,3011,8614549.253999978,96.93199919961258,69.39386955519706
16372.0,355.73,2,158,2011-11-06 12:50:00,2011-11-06 13:08:00,177.865,3012,8614904.983999979,96.93600191862417,69.41691634017054
15840.0,355.56,2,396,2011-06-20 11:42:00,2011-10-12 09:08:00,177.78,3013,8615260.54399998,96.94000272477423,69.43996312514405
14537.0,355.56,1,120,2011-10-13 10:54:00,2011-10-13 10:54:00,355.56,3014,8615616.10399998,96.9440035309243,69.46300991011753
17742.0,355.11,2,89,2011-01-11 10:04:00,2011-08-18 15:28:00,177.555,3015,8615971.21399998,96.94799927361737,69.48605669509104
14690.0,355.05,2,167,2011-07-11 11:58:00,2011-10-26 15:39:00,177.525,3016,8616326.26399998,96.95199434118284,69.50910348006452
12888.0,354.12,2,76,2011-03-29 14:31:00,2011-05-09 16:02:00,177.06,3017,8616680.38399998,96.95597894427053,69.53215026503803
12845.0,354.09,4,204,2011-02-22 14:10:00,2011-03-17 13:34:00,88.5225,3018,8617034.473999979,96.95996320979442,69.55519705001151
13173.0,353.65,2,277,2010-12-07 14:30:00,2011-12-05 15:51:00,176.825,3019,8617388.12399998,96.9639425243826,69.57824383498502
13210.0,353.48,1,316,2011-09-07 08:18:00,2011-09-07 08:18:00,353.48,3020,8617741.60399998,96.96791992610923,69.6012906199585
13343.0,353.43,1,135,2011-06-15 12:24:00,2011-06-15 12:24:00,353.43,3021,8618095.03399998,96.97189676522954,69.624337404932
14804.0,353.27,1,121,2011-12-01 11:20:00,2011-12-01 11:20:00,353.27,3022,8618448.303999979,96.97587180400959,69.64738418990551
12617.0,352.98,1,210,2011-11-10 14:39:00,2011-11-10 14:39:00,352.98,3023,8618801.28399998,96.9798435796729,69.67043097487901
15678.0,352.7,1,184,2011-10-18 09:25:00,2011-10-18 09:25:00,352.7,3024,8619153.983999979,96.98381220474074,69.6934777598525
18112.0,352.69,2,255,2011-06-26 13:56:00,2011-11-27 14:43:00,176.345,3025,8619506.673999978,96.98778071728734,69.716524544826
16274.0,351.75,1,153,2010-12-01 15:35:00,2010-12-01 15:35:00,351.75,3026,8619858.423999978,96.99173865283488,69.73957132979949
15901.0,351.73,3,379,2011-07-08 12:18:00,2011-11-23 12:43:00,117.24333333333334,3027,8620210.153999979,96.99569636333989,69.76261811477299
12566.0,351.65,1,265,2011-09-14 14:30:00,2011-09-14 14:30:00,351.65,3028,8620561.803999979,96.99965317367477,69.78566489974648
15870.0,351.44,1,333,2011-11-07 10:58:00,2011-11-07 10:58:00,351.44,3029,8620913.243999979,97.00360762106305,69.80871168471998
15789.0,351.3,1,438,2010-12-16 14:35:00,2010-12-16 14:35:00,351.3,3030,8621264.54399998,97.0075604931536,69.83175846969347
13923.0,351.13,1,185,2011-10-17 12:33:00,2011-10-17 12:33:00,351.13,3031,8621615.67399998,97.01151145238265,69.85480525466697
13332.0,350.9,1,179,2011-11-25 13:30:00,2011-11-25 13:30:00,350.9,3032,8621966.57399998,97.01545982362254,69.87785203964047
15334.0,350.82,3,273,2011-06-19 13:51:00,2011-07-06 11:22:00,116.94,3033,8622317.39399998,97.0194072946923,69.90089882461396
13740.0,350.75,1,425,2011-04-13 10:32:00,2011-04-13 10:32:00,350.75,3034,8622668.14399998,97.0233539781132,69.92394560958746
13108.0,350.06,1,298,2010-12-02 10:35:00,2010-12-02 10:35:00,350.06,3035,8623018.203999981,97.02729289756672,69.94699239456097
12532.0,349.83000000000004,1,153,2011-11-09 13:47:00,2011-11-09 13:47:00,349.83000000000004,3036,8623368.033999981,97.0312292290311,69.97003917953447
13670.0,349.7,1,282,2011-09-25 15:25:00,2011-09-25 15:25:00,349.7,3037,8623717.73399998,97.03516409771902,69.99308596450796
13887.0,349.55,1,147,2011-05-19 17:22:00,2011-05-19 17:22:00,349.55,3038,8624067.283999981,97.03909727858795,70.01613274948146
18250.0,349.27,1,199,2011-02-02 13:16:00,2011-02-02 13:16:00,349.27,3039,8624416.55399998,97.04302730886141,70.03917953445495
15405.0,349.1,1,193,2011-06-03 14:44:00,2011-06-03 14:44:00,349.1,3040,8624765.65399998,97.04695542627333,70.06222631942845
13927.0,348.99,1,214,2011-09-26 12:00:00,2011-09-26 12:00:00,348.99,3041,8625114.64399998,97.05088230595133,70.08527310440194
17252.0,348.91,2,192,2011-06-06 16:41:00,2011-08-15 09:45:00,174.455,3042,8625463.55399998,97.0548082854592,70.10831988937544
13790.0,348.8,1,748,2011-12-05 15:48:00,2011-12-05 15:48:00,348.8,3043,8625812.353999982,97.05873302723316,70.13136667434893
12527.0,348.71000000000004,3,234,2011-01-18 12:05:00,2011-09-19 11:55:00,116.23666666666668,3044,8626161.063999983,97.0626567563157,70.15441345932243
16159.0,348.2,1,236,2011-03-03 12:27:00,2011-03-03 12:27:00,348.2,3045,8626509.263999982,97.06657474681364,70.17746024429592
13052.0,348.15000000000003,1,222,2011-05-11 14:12:00,2011-05-11 14:12:00,348.15000000000003,3046,8626857.413999982,97.07049217470527,70.20050702926942
14379.0,348.1,2,292,2011-02-17 15:03:00,2011-10-26 16:43:00,174.05,3047,8627205.513999982,97.07440903999056,70.2235538142429
13497.0,348.05,2,163,2010-12-06 11:37:00,2011-03-02 09:04:00,174.025,3048,8627553.563999983,97.07832534266952,70.2466005992164
17668.0,347.75,2,93,2011-11-01 14:45:00,2011-12-08 13:25:00,173.875,3049,8627901.313999983,97.08223826971047,70.26964738418991
18127.0,347.08,3,187,2011-07-29 10:06:00,2011-11-20 14:05:00,115.69333333333333,3050,8628248.393999983,97.08614365782658,70.29269416916341
13062.0,346.98,1,343,2011-06-01 15:12:00,2011-06-01 15:12:00,346.98,3051,8628595.373999983,97.09004792073004,70.3157409541369
13649.0,346.6,2,139,2010-12-08 14:46:00,2011-03-28 11:51:00,173.3,3052,8628941.973999983,97.09394790782535,70.3387877391104
16423.0,346.12,1,230,2011-11-15 09:21:00,2011-11-15 09:21:00,346.12,3053,8629288.093999982,97.09784249389986,70.36183452408389
13091.0,345.82,1,466,2011-11-11 15:54:00,2011-11-11 15:54:00,345.82,3054,8629633.913999982,97.10173370433641,70.38488130905739
15781.0,345.46,3,180,2011-02-07 09:15:00,2011-11-14 14:57:00,115.15333333333332,3055,8629979.373999983,97.10562086400736,70.40792809403088
17123.0,345.29999999999995,1,246,2011-07-01 10:47:00,2011-07-01 10:47:00,345.29999999999995,3056,8630324.673999984,97.10950622333804,70.43097487900438
13774.0,345.0,1,192,2011-09-19 12:06:00,2011-09-19 12:06:00,345.0,3057,8630669.673999984,97.11338820703074,70.45402166397787
14633.0,344.90000000000003,1,96,2011-03-18 17:07:00,2011-03-18 17:07:00,344.90000000000003,3058,8631014.573999984,97.11726906551075,70.47706844895137
16978.0,344.33,1,166,2011-09-23 12:50:00,2011-09-23 12:50:00,344.33,3059,8631358.903999984,97.1211435102786,70.50011523392486
17569.0,344.14,1,159,2011-01-11 14:15:00,2011-01-11 14:15:00,344.14,3060,8631703.043999985,97.12501581714237,70.52316201889836
13068.0,344.0,2,200,2011-01-24 08:20:00,2011-11-29 15:00:00,172.0,3061,8632047.043999985,97.12888654870841,70.54620880387186
15047.0,343.62,1,222,2011-03-15 10:49:00,2011-03-15 10:49:00,343.62,3062,8632390.663999984,97.13275300446632,70.56925558884537
15520.0,343.5,1,314,2011-12-08 10:58:00,2011-12-08 10:58:00,343.5,3063,8632734.163999984,97.13661810996904,70.59230237381885
18081.0,343.45,3,195,2011-07-29 11:56:00,2011-11-03 16:30:00,114.48333333333333,3064,8633077.613999983,97.14048265286542,70.61534915879236
12715.0,343.36,1,192,2011-08-25 15:22:00,2011-08-25 15:22:00,343.36,3065,8633420.973999983,97.1443461830704,70.63839594376584
12875.0,343.2300000000001,2,2019,2010-12-12 12:03:00,2011-07-19 15:30:00,171.61500000000004,3066,8633764.203999983,97.14820825049893,70.66144272873935
17795.0,342.83,2,305,2011-03-20 12:02:00,2011-06-13 12:36:00,171.415,3067,8634107.033999983,97.15206581707679,70.68448951371283
16851.0,342.45,3,271,2011-10-19 09:48:00,2011-12-05 13:32:00,114.14999999999999,3068,8634449.483999982,97.15591910784653,70.70753629868634
17835.0,342.24,3,344,2011-11-16 16:30:00,2011-12-07 11:48:00,114.08,3069,8634791.723999983,97.15977003566967,70.73058308365982
16826.0,341.7,1,158,2011-10-19 14:05:00,2011-10-19 14:05:00,341.7,3070,8635133.423999982,97.16361488734442,70.75362986863333
13347.0,341.36,1,205,2011-09-30 13:28:00,2011-09-30 13:28:00,341.36,3071,8635474.783999981,97.1674559132961,70.77667665360681
14491.0,340.93,2,139,2010-12-02 12:10:00,2011-06-17 15:22:00,170.465,3072,8635815.713999981,97.17129210083334,70.79972343858032
15115.0,340.11,1,157,2011-11-21 14:59:00,2011-11-21 14:59:00,340.11,3073,8636155.82399998,97.17511906162673,70.82277022355382
13737.0,339.59999999999997,1,125,2011-05-23 16:32:00,2011-05-23 16:32:00,339.59999999999997,3074,8636495.42399998,97.17894028383552,70.8458170085273
17045.0,339.44,3,106,2011-04-06 12:08:00,2011-08-18 17:09:00,113.14666666666666,3075,8636834.86399998,97.18275970570404,70.86886379350081
16545.0,339.3,1,78,2011-06-28 10:37:00,2011-06-28 10:37:00,339.3,3076,8637174.16399998,97.18657755227487,70.89191057847431
17697.0,338.95,1,93,2011-04-17 15:40:00,2011-04-17 15:40:00,338.95,3077,8637513.11399998,97.19039146060133,70.9149573634478
16183.0,338.71000000000004,1,113,2011-10-03 14:59:00,2011-10-03 14:59:00,338.71000000000004,3078,8637851.82399998,97.19420266841743,70.9380041484213
13569.0,338.62,2,156,2010-12-07 12:29:00,2011-11-22 13:07:00,169.31,3079,8638190.44399998,97.1980128635421,70.96105093339479
15652.0,337.74,1,208,2011-09-09 14:22:00,2011-09-09 14:22:00,337.74,3080,8638528.18399998,97.20181315679535,70.98409771836829
15942.0,337.44,1,232,2011-07-29 09:01:00,2011-07-29 09:01:00,337.44,3081,8638865.62399998,97.20561007441059,71.00714450334178
13930.0,337.34,2,274,2011-07-26 11:00:00,2011-10-13 09:45:00,168.67,3082,8639202.96399998,97.20940586681317,71.03019128831528
15900.0,337.28,1,216,2011-11-16 12:19:00,2011-11-16 12:19:00,337.28,3083,8639540.243999979,97.21320098408815,71.05323807328877
17973.0,337.04,1,176,2011-10-19 10:34:00,2011-10-19 10:34:00,337.04,3084,8639877.283999978,97.21699340085273,71.07628485826227
16105.0,336.96,1,330,2011-04-05 10:13:00,2011-04-05 10:13:00,336.96,3085,8640214.243999979,97.22078491744719,71.09933164323576
15619.0,336.40000000000003,1,136,2011-11-29 08:14:00,2011-11-29 08:14:00,336.40000000000003,3086,8640550.643999979,97.22457013285073,71.12237842820926
17384.0,336.4,2,88,2011-05-04 16:07:00,2011-11-20 15:48:00,168.2,3087,8640887.04399998,97.22835534825427,71.14542521318276
18078.0,336.13,2,145,2011-03-25 15:08:00,2011-05-06 14:32:00,168.065,3088,8641223.17399998,97.23213752558362,71.16847199815626
18276.0,335.86,1,186,2011-10-27 10:54:00,2011-10-27 10:54:00,335.86,3089,8641559.03399998,97.23591666483877,71.19151878312975
14196.0,335.52,1,142,2011-08-25 10:25:00,2011-08-25 10:25:00,335.52,3090,8641894.553999979,97.23969197837083,71.21456556810325
16063.0,335.32,1,262,2011-03-24 14:55:00,2011-03-24 14:56:00,335.32,3091,8642229.87399998,97.2434650414776,71.23761235307676
17917.0,335.03,3,184,2010-12-12 12:08:00,2011-10-25 13:20:00,111.67666666666666,3092,8642564.903999979,97.24723484146762,71.26065913805024
12489.0,334.93,1,105,2011-01-07 13:13:00,2011-01-07 13:13:00,334.93,3093,8642899.833999978,97.25100351624498,71.28370592302375
14988.0,334.54,1,141,2011-05-12 12:05:00,2011-05-12 12:05:00,334.54,3094,8643234.373999977,97.25476780269295,71.30675270799723
15466.0,334.53,1,246,2011-09-15 14:08:00,2011-09-15 14:08:00,334.53,3095,8643568.903999977,97.25853197661965,71.32979949297074
17221.0,334.48,2,287,2011-11-03 17:39:00,2011-12-02 13:35:00,167.24,3096,8643903.383999977,97.26229558794003,71.35284627794422
12350.0,334.4,1,197,2011-02-02 16:01:00,2011-02-02 16:01:00,334.4,3097,8644237.783999978,97.26605829909028,71.37589306291773
15918.0,334.23,2,153,2011-03-13 15:55:00,2011-06-02 11:42:00,167.115,3098,8644572.013999978,97.269819097379,71.39893984789121
14264.0,333.97,2,70,2011-04-08 12:20:00,2011-07-08 10:20:00,166.985,3099,8644905.983999979,97.27357697011479,71.42198663286472
13216.0,333.74,1,297,2011-03-17 12:18:00,2011-03-17 12:18:00,333.74,3100,8645239.723999979,97.27733225486145,71.4450334178382
13727.0,333.48,2,162,2011-11-06 12:16:00,2011-11-11 09:46:00,166.74,3101,8645573.20399998,97.28108461405519,71.4680802028117
16625.0,333.08,1,164,2011-03-10 12:50:00,2011-03-10 12:50:00,333.08,3102,8645906.28399998,97.28483247239826,71.49112698778521
14902.0,332.66,1,218,2011-11-14 10:34:00,2011-11-14 10:34:00,332.66,3103,8646238.94399998,97.28857560484813,71.51417377275871
13904.0,332.64,2,332,2011-02-18 11:18:00,2011-11-02 13:41:00,166.32,3104,8646571.58399998,97.29231851225549,71.5372205577322
16850.0,332.41,1,249,2011-01-10 11:09:00,2011-01-10 11:09:00,332.41,3105,8646903.99399998,97.29605883167372,71.5602673427057
16803.0,332.3,1,245,2011-10-05 14:28:00,2011-10-05 14:28:00,332.3,3106,8647236.293999981,97.299797913358,71.58331412767919
16177.0,331.95,1,95,2011-10-20 12:57:00,2011-10-20 12:57:00,331.95,3107,8647568.24399998,97.30353305679796,71.60636091265269
16030.0,331.24,1,283,2011-02-03 11:28:00,2011-02-03 11:28:00,331.24,3108,8647899.48399998,97.30726021122803,71.62940769762618
15210.0,331.18,1,228,2011-04-28 16:11:00,2011-04-28 16:11:00,331.18,3109,8648230.66399998,97.31098669053046,71.65245448259968
16478.0,331.0,3,224,2011-10-05 12:02:00,2011-11-14 15:51:00,110.33333333333333,3110,8648561.66399998,97.3147111444501,71.67550126757317
12891.0,331.0,3,950,2011-02-20 11:28:00,2011-06-07 12:31:00,110.33333333333333,3111,8648892.66399998,97.31843559836976,71.69854805254667
17862.0,330.9,1,100,2011-01-20 12:23:00,2011-01-20 12:23:00,330.9,3112,8649223.56399998,97.32215892707674,71.72159483752016
12519.0,330.84,1,175,2011-10-07 09:26:00,2011-10-07 09:26:00,330.84,3113,8649554.40399998,97.32588158065613,71.74464162249366
13706.0,330.79,1,189,2011-02-10 09:21:00,2011-02-10 09:21:00,330.79,3114,8649885.19399998,97.32960367162917,71.76768840746716
14517.0,330.45,2,91,2011-07-21 11:42:00,2011-11-06 14:20:00,165.225,3115,8650215.643999979,97.33332193687916,71.79073519244066
15130.0,330.11,1,197,2011-06-23 10:15:00,2011-06-23 10:15:00,330.11,3116,8650545.753999978,97.33703637640609,71.81378197741415
15714.0,330.03000000000003,2,186,2011-09-23 11:25:00,2011-11-28 11:26:00,165.01500000000001,3117,8650875.783999978,97.34074991576288,71.83682876238765
16593.0,330.03,3,116,2011-01-16 12:11:00,2011-10-20 12:41:00,110.00999999999999,3118,8651205.813999977,97.34446345511968,71.85987554736114
12953.0,329.85,1,84,2011-11-30 09:24:00,2011-11-30 09:24:00,329.85,3119,8651535.663999977,97.34817496909368,71.88292233233464
17866.0,329.65,1,174,2011-07-20 11:07:00,2011-07-20 11:07:00,329.65,3120,8651865.313999977,97.35188423264236,71.90596911730813
17615.0,329.6,3,140,2011-05-01 15:33:00,2011-08-01 14:06:00,109.86666666666667,3121,8652194.913999977,97.3555929335847,71.92901590228163
13239.0,329.56,1,363,2011-03-23 10:25:00,2011-03-23 10:25:00,329.56,3122,8652524.473999977,97.35930118444199,71.95206268725512
17914.0,329.36,1,457,2011-12-06 11:58:00,2011-12-06 11:58:00,329.36,3123,8652853.833999977,97.36300718487392,71.97510947222862
17154.0,329.34,1,490,2011-09-25 13:42:00,2011-09-25 13:42:00,329.34,3124,8653183.173999976,97.36671296026334,71.99815625720211
15153.0,329.25,1,198,2011-11-08 17:09:00,2011-11-08 17:09:00,329.25,3125,8653512.423999976,97.37041772296136,72.02120304217561
15880.0,329.03000000000003,1,202,2010-12-05 13:00:00,2010-12-05 13:00:00,329.03000000000003,3126,8653841.453999976,97.37412001019152,72.04424982714912
14012.0,328.8,1,160,2011-03-07 12:26:00,2011-03-07 12:26:00,328.8,3127,8654170.253999976,97.37781970943256,72.06729661212262
17222.0,328.65,1,122,2011-10-05 13:58:00,2011-10-05 13:58:00,328.65,3128,8654498.903999977,97.38151772085459,72.0903433970961
16343.0,328.58,2,175,2011-11-23 17:43:00,2011-11-23 17:45:00,164.29,3129,8654827.483999977,97.38521494462776,72.11339018206961
16855.0,328.4,2,164,2011-10-27 16:31:00,2011-11-16 12:03:00,164.2,3130,8655155.883999977,97.38891014301814,72.1364369670431
15213.0,328.35,2,272,2011-01-14 11:05:00,2011-01-25 12:21:00,164.175,3131,8655484.233999977,97.39260477880217,72.1594837520166
14747.0,328.2,1,84,2011-04-04 14:09:00,2011-04-04 14:09:00,328.2,3132,8655812.433999976,97.3962977267672,72.18253053699009
14206.0,328.15999999999997,1,276,2011-04-14 16:38:00,2011-04-14 16:38:00,328.15999999999997,3133,8656140.593999976,97.39999022464718,72.20557732196359
16318.0,328.15,1,199,2011-11-04 13:05:00,2011-11-04 13:05:00,328.15,3134,8656468.743999977,97.40368261000589,72.22862410693708
15314.0,327.97,1,313,2011-05-24 14:39:00,2011-05-24 14:39:00,327.97,3135,8656796.713999977,97.40737296998182,72.25167089191058
14024.0,327.7,2,150,2011-08-07 13:31:00,2011-08-10 11:30:00,163.85,3136,8657124.413999977,97.41106029188353,72.27471767688407
15579.0,327.6,2,117,2011-01-30 12:09:00,2011-10-02 12:45:00,163.8,3137,8657452.013999976,97.41474648857258,72.29776446185757
16366.0,327.3,1,256,2011-11-21 08:19:00,2011-11-21 08:19:00,327.3,3138,8657779.313999977,97.41842930962365,72.32081124683106
14870.0,327.25,1,119,2011-03-23 10:51:00,2011-03-23 10:51:00,327.25,3139,8658106.563999977,97.42211156806839,72.34385803180456
16322.0,326.75,2,231,2011-11-03 14:33:00,2011-12-08 15:41:00,163.375,3140,8658433.313999977,97.42578820044979,72.36690481677806
14987.0,326.4,2,128,2010-12-09 12:13:00,2011-11-24 09:59:00,163.2,3141,8658759.713999977,97.42946089458687,72.38995160175156
17715.0,326.4,1,384,2011-05-23 12:32:00,2011-05-23 12:32:00,326.4,3142,8659086.113999978,97.43313358872395,72.41299838672505
16071.0,326.24,1,180,2011-10-26 11:14:00,2011-10-26 11:14:00,326.24,3143,8659412.353999978,97.43680448252077,72.43604517169855
15363.0,326.0,1,144,2010-12-02 12:28:00,2010-12-02 12:28:00,326.0,3144,8659738.353999978,97.4404726758072,72.45909195667204
12844.0,325.96000000000004,2,125,2011-08-01 13:11:00,2011-11-10 13:31:00,162.98000000000002,3145,8660064.313999979,97.44414041900856,72.48213874164554
16830.0,325.91,1,264,2011-11-01 11:35:00,2011-11-01 11:35:00,325.91,3146,8660390.223999979,97.44780759960359,72.50518552661903
14850.0,325.75,1,293,2011-02-01 11:21:00,2011-02-01 11:21:00,325.75,3147,8660715.973999979,97.45147297985835,72.52823231159253
15944.0,325.1,1,50,2011-03-08 10:33:00,2011-03-08 10:33:00,325.1,3148,8661041.073999979,97.45513104623078,72.55127909656602
12790.0,324.92,1,166,2011-05-31 14:14:00,2011-05-31 14:14:00,324.92,3149,8661365.993999979,97.45878708722043,72.57432588153952
13801.0,324.8,1,168,2011-10-04 10:15:00,2011-10-04 10:15:00,324.8,3150,8661690.79399998,97.46244177795488,72.59737266651301
15597.0,324.57,1,279,2011-11-04 13:26:00,2011-11-04 13:26:00,324.57,3151,8662015.36399998,97.4660938807002,72.62041945148651
18261.0,324.24,2,146,2011-09-05 09:34:00,2011-10-27 15:36:00,162.12,3152,8662339.60399998,97.46974227024373,72.64346623646001
16685.0,324.24,2,396,2011-10-09 13:44:00,2011-10-09 13:58:00,162.12,3153,8662663.84399998,97.47339065978726,72.66651302143352
15675.0,323.69,3,527,2011-03-04 14:21:00,2011-09-19 13:48:00,107.89666666666666,3154,8662987.53399998,97.47703286066113,72.689559806407
15921.0,323.03000000000003,1,162,2011-06-20 11:03:00,2011-06-20 11:03:00,323.03000000000003,3155,8663310.563999979,97.4806676351314,72.7126065913805
16739.0,323.0,1,172,2011-06-16 09:17:00,2011-06-16 09:17:00,323.0,3156,8663633.563999979,97.48430207203789,72.73565337635401
13955.0,322.96,2,154,2011-02-07 12:24:00,2011-07-08 17:19:00,161.48,3157,8663956.52399998,97.48793605885932,72.7587001613275
16627.0,322.8,1,162,2011-09-21 14:38:00,2011-09-21 14:38:00,322.8,3158,8664279.32399998,97.49156824534049,72.781746946301
16342.0,322.41,4,157,2011-06-13 10:10:00,2011-09-25 14:36:00,80.6025,3159,8664601.73399998,97.49519604349224,72.80479373127449
14424.0,322.08,1,48,2011-11-22 11:48:00,2011-11-22 11:48:00,322.08,3160,8664923.81399998,97.49882012844222,72.82784051624799
15224.0,322.08,2,152,2010-12-12 12:34:00,2010-12-16 15:02:00,161.04,3161,8665245.89399998,97.5024442133922,72.85088730122148
14484.0,321.92,1,210,2011-10-20 14:11:00,2011-10-20 14:11:00,321.92,3162,8665567.81399998,97.5060664980019,72.87393408619498
17976.0,321.79,1,93,2010-12-02 13:49:00,2010-12-02 13:49:00,321.79,3163,8665889.60399998,97.50968731983514,72.89698087116847
14823.0,321.43,3,88,2011-05-29 12:48:00,2011-06-12 13:12:00,107.14333333333333,3164,8666211.03399998,97.51330409090279,72.92002765614197
15236.0,321.05,1,269,2011-02-14 10:52:00,2011-02-14 10:52:00,321.05,3165,8666532.08399998,97.51691658616231,72.94307444111546
16096.0,320.62,1,155,2011-03-20 13:38:00,2011-03-20 13:38:00,320.62,3166,8666852.70399998,97.52052424300737,72.96612122608896
14622.0,320.58000000000004,1,146,2011-06-08 12:42:00,2011-06-08 12:42:00,320.58000000000004,3167,8667173.28399998,97.52413144976738,72.98916801106246
13986.0,320.46,1,430,2011-11-22 15:00:00,2011-11-22 15:00:00,320.46,3168,8667493.74399998,97.5277373062722,73.01221479603596
15107.0,319.5,6,170,2010-12-02 13:45:00,2011-02-01 14:46:00,53.25,3169,8667813.24399998,97.53133236073542,73.03526158100945
16967.0,319.02,1,333,2011-06-03 14:24:00,2011-06-03 14:24:00,319.02,3170,8668132.26399998,97.53492201417787,73.05830836598295
17157.0,319.0,2,172,2011-06-16 15:08:00,2011-12-02 09:10:00,159.5,3171,8668451.26399998,97.53851144257777,73.08135515095644
17229.0,318.76,2,185,2011-07-20 12:38:00,2011-09-04 13:56:00,159.38,3172,8668770.02399998,97.54209817046727,73.10440193592994
17248.0,318.65,1,213,2011-08-11 13:34:00,2011-08-11 13:34:00,318.65,3173,8669088.67399998,97.54568366062286,73.12744872090343
14703.0,318.17,1,183,2011-11-25 09:23:00,2011-11-25 09:23:00,318.17,3174,8669406.84399998,97.54926374975764,73.15049550587693
17839.0,318.15,1,257,2011-10-28 17:27:00,2011-10-28 17:27:00,318.15,3175,8669724.99399998,97.55284361384989,73.17354229085042
12648.0,318.05,1,160,2011-07-08 11:55:00,2011-07-08 11:55:00,318.05,3176,8670043.043999981,97.5564223527295,73.19658907582392
18066.0,318.0,1,108,2011-09-25 15:30:00,2011-09-25 15:30:00,318.0,3177,8670361.043999981,97.56000052900275,73.21963586079741
17172.0,317.76,1,480,2011-09-22 09:36:00,2011-09-22 09:36:00,317.76,3178,8670678.80399998,97.56357600476562,73.24268264577091
15101.0,317.53,2,241,2010-12-15 12:54:00,2011-12-01 10:18:00,158.765,3179,8670996.33399998,97.56714889253935,73.26572943074441
17267.0,317.2,2,158,2011-08-04 17:19:00,2011-08-04 17:22:00,158.6,3180,8671313.53399998,97.57071806711127,73.28877621571792
15257.0,317.15,1,46,2011-03-01 12:58:00,2011-03-01 12:58:00,317.15,3181,8671630.68399998,97.57428667907689,73.3118230006914
15385.0,316.88,1,161,2011-10-30 15:11:00,2011-10-30 15:11:00,316.88,3182,8671947.56399998,97.57785225296831,73.3348697856649
15243.0,316.68,1,185,2011-09-26 14:12:00,2011-09-26 14:12:00,316.68,3183,8672264.24399998,97.5814155764344,73.3579165706384
16761.0,316.62,1,341,2011-09-04 11:15:00,2011-09-04 11:15:00,316.62,3184,8672580.86399998,97.58497822477288,73.3809633556119
15204.0,316.58,1,258,2010-12-17 13:49:00,2010-12-17 13:49:00,316.58,3185,8672897.44399998,97.58854042302629,73.40401014058538
17458.0,316.5,1,170,2011-11-24 13:01:00,2011-11-24 13:01:00,316.5,3186,8673213.94399998,97.59210172110959,73.42705692555889
13494.0,316.26000000000005,1,162,2011-02-01 11:58:00,2011-02-01 11:58:00,316.26000000000005,3187,8673530.20399998,97.59566031868248,73.45010371053237
14479.0,316.25,2,117,2010-12-09 12:59:00,2011-03-31 09:07:00,158.125,3188,8673846.45399998,97.59921880373412,73.47315049550588
15872.0,316.25,2,187,2011-11-25 11:54:00,2011-11-25 11:55:00,158.125,3189,8674162.70399998,97.60277728878573,73.49619728047936
16473.0,316.11,3,196,2011-01-07 10:55:00,2011-06-28 09:10:00,105.37,3190,8674478.813999979,97.60633419853963,73.51924406545287
18117.0,315.65,1,605,2011-11-14 12:47:00,2011-11-14 12:47:00,315.65,3191,8674794.46399998,97.60988593231528,73.54229085042635
12614.0,315.6,1,76,2011-03-07 10:22:00,2011-03-07 10:22:00,315.6,3192,8675110.063999979,97.61343710348459,73.56533763539986
16091.0,315.06,2,154,2011-05-25 09:18:00,2011-07-08 08:45:00,157.53,3193,8675425.12399998,97.61698219850551,73.58838442037336
15766.0,315.06,1,170,2011-10-06 17:03:00,2011-10-06 17:03:00,315.06,3194,8675740.18399998,97.62052729352644,73.61143120534686
17237.0,314.69,2,105,2011-11-17 12:55:00,2011-11-28 15:02:00,157.345,3195,8676054.87399998,97.62406822526049,73.63447799032035
16193.0,314.45,1,219,2011-04-17 11:45:00,2011-04-17 11:45:00,314.45,3196,8676369.323999979,97.62760645648414,73.65752477529385
12650.0,314.44,1,254,2011-12-06 16:34:00,2011-12-06 16:34:00,314.44,3197,8676683.763999978,97.63114457518654,73.68057156026734
16227.0,314.22,1,90,2011-04-28 13:33:00,2011-04-28 13:33:00,314.22,3198,8676997.983999979,97.63468021842108,73.70361834524084
15970.0,314.1,1,116,2011-02-09 12:08:00,2011-02-09 12:08:00,314.1,3199,8677312.083999978,97.63821451140042,73.72666513021433
13484.0,313.8,1,44,2011-04-12 16:30:00,2011-04-12 16:30:00,313.8,3200,8677625.88399998,97.64174542874177,73.74971191518783
16582.0,313.62,1,164,2011-08-18 17:02:00,2011-08-18 17:02:00,313.62,3201,8677939.503999978,97.64527432070032,73.77275870016132
14729.0,313.49,1,197,2010-12-01 12:43:00,2010-12-01 12:43:00,313.49,3202,8678252.993999979,97.64880174988241,73.79580548513482
13845.0,312.98,1,182,2011-10-06 08:25:00,2011-10-06 08:25:00,312.98,3203,8678565.973999979,97.65232344047992,73.81885227010831
15318.0,312.62,1,642,2011-12-06 11:30:00,2011-12-06 11:30:00,312.62,3204,8678878.593999978,97.65584108031182,73.84189905508181
14555.0,312.54,2,122,2011-02-10 17:19:00,2011-10-13 16:24:00,156.27,3205,8679191.133999977,97.65935781997358,73.86494584005531
12834.0,312.38,1,110,2011-03-02 09:49:00,2011-03-02 09:49:00,312.38,3206,8679503.513999978,97.6628727592951,73.88799262502882
13642.0,312.28,1,151,2011-05-08 12:34:00,2011-05-08 12:34:00,312.28,3207,8679815.793999977,97.66638657340393,73.9110394100023
17362.0,312.23,2,191,2011-02-03 10:26:00,2011-04-14 14:43:00,156.115,3208,8680128.023999978,97.66989982490645,73.9340861949758
12785.0,311.95,1,131,2010-12-10 13:48:00,2010-12-10 13:48:00,311.95,3209,8680439.973999977,97.67340992581349,73.9571329799493
16450.0,311.92,1,200,2011-07-13 11:47:00,2011-07-13 11:47:00,311.92,3210,8680751.893999977,97.67691968915675,73.9801797649228
14142.0,311.81,1,313,2010-12-01 16:33:00,2010-12-01 16:33:00,311.81,3211,8681063.703999978,97.68042821476608,74.0032265498963
15326.0,311.71,1,386,2011-01-10 11:38:00,2011-01-10 11:38:00,311.71,3212,8681375.413999978,97.68393561516274,74.02627333486979
14951.0,311.69,1,311,2011-09-21 15:15:00,2011-09-21 15:15:00,311.69,3213,8681687.103999978,97.68744279051687,74.04932011984329
14327.0,311.65,1,139,2011-06-29 13:58:00,2011-06-29 13:58:00,311.65,3214,8681998.753999978,97.69094951578593,74.07236690481677
12852.0,311.55,1,149,2011-02-18 08:47:00,2011-02-18 08:47:00,311.55,3215,8682310.303999979,97.69445511584235,74.09541368979028
13990.0,311.3,1,190,2011-05-10 15:19:00,2011-05-10 15:19:00,311.3,3216,8682621.60399998,97.69795790286707,74.11846047476376
17854.0,311.26,2,84,2011-04-26 16:53:00,2011-06-07 16:21:00,155.63,3217,8682932.86399998,97.70146023980674,74.14150725973727
16781.0,311.25,1,113,2010-12-02 14:26:00,2010-12-02 14:26:00,311.25,3218,8683244.11399998,97.70496246422515,74.16455404471077
13897.0,311.16,1,200,2011-10-20 14:30:00,2011-10-20 14:30:00,311.16,3219,8683555.27399998,97.70846367595215,74.18760082968426
15185.0,310.62,1,666,2011-09-30 14:06:00,2011-09-30 14:06:00,310.62,3220,8683865.893999979,97.71195881153075,74.21064761465776
15308.0,310.47,1,175,2011-03-10 13:08:00,2011-03-10 13:08:00,310.47,3221,8684176.36399998,97.71545225929039,74.23369439963126
14311.0,310.26,1,146,2011-04-11 10:14:00,2011-04-11 10:14:00,310.26,3222,8684486.62399998,97.7189433441034,74.25674118460475
17912.0,310.06,5,184,2010-12-10 11:11:00,2011-02-02 14:25:00,62.012,3223,8684796.68399998,97.72243217849109,74.27978796957825
14924.0,310.05,1,64,2011-04-08 09:25:00,2011-04-08 09:25:00,310.05,3224,8685106.73399998,97.72592090035754,74.30283475455174
15661.0,309.8,2,236,2011-01-05 12:32:00,2011-01-26 13:56:00,154.9,3225,8685416.533999981,97.72940680919231,74.32588153952524
15699.0,309.65,1,113,2011-11-22 08:26:00,2011-11-22 08:26:00,309.65,3226,8685726.183999982,97.73289103020808,74.34892832449873
16810.0,309.54,1,114,2011-05-31 15:32:00,2011-05-31 15:32:00,309.54,3227,8686035.72399998,97.73637401348991,74.37197510947223
14339.0,309.52,1,168,2011-04-11 11:06:00,2011-04-11 11:06:00,309.52,3228,8686345.24399998,97.73985677172921,74.39502189444572
14847.0,309.4,1,120,2011-07-14 10:52:00,2011-07-14 10:52:00,309.4,3229,8686654.64399998,97.74333817971332,74.41806867941922
17604.0,309.36,2,169,2011-01-31 15:09:00,2011-05-06 13:43:00,154.68,3230,8686964.00399998,97.74681913761235,74.44111546439271
12884.0,309.05,1,43,2011-09-12 13:10:00,2011-09-12 13:10:00,309.05,3231,8687273.05399998,97.75029660735214,74.46416224936621
13787.0,309.04,2,337,2010-12-10 14:45:00,2011-09-25 12:06:00,154.52,3232,8687582.09399998,97.75377396457064,74.48720903433971
15010.0,308.94,1,184,2011-11-04 12:42:00,2011-11-04 12:42:00,308.94,3233,8687891.03399998,97.75725019657649,74.51025581931322
16956.0,308.74,1,114,2011-11-22 08:56:00,2011-11-22 08:56:00,308.74,3234,8688199.77399998,97.760724178157,74.5333026042867
13699.0,308.58000000000004,1,66,2011-07-07 16:51:00,2011-07-07 16:51:00,308.58000000000004,3235,8688508.35399998,97.76419635939727,74.5563493892602
17510.0,308.48,1,214,2011-11-15 10:00:00,2011-11-15 10:00:00,308.48,3236,8688816.83399998,97.76766741542488,74.5793961742337
13369.0,308.28000000000003,1,149,2010-12-09 11:30:00,2010-12-09 11:30:00,308.28000000000003,3237,8689125.11399998,97.77113622102712,74.6024429592072
13466.0,307.9,1,259,2011-06-08 16:39:00,2011-06-08 16:39:00,307.9,3238,8689433.01399998,97.77460075082128,74.62548974418068
15973.0,307.82000000000005,1,106,2010-12-08 11:42:00,2010-12-08 11:42:00,307.82000000000005,3239,8689740.83399998,97.77806438044529,74.64853652915419
16123.0,307.78,1,170,2011-10-19 09:18:00,2011-10-19 09:18:00,307.78,3240,8690048.61399998,97.78152755998421,74.67158331412767
13529.0,307.76,2,74,2011-05-19 11:50:00,2011-09-22 09:15:00,153.88,3241,8690356.37399998,97.78499051448063,74.69463009910118
13395.0,307.72,1,336,2011-06-07 15:04:00,2011-06-07 15:04:00,307.72,3242,8690664.09399998,97.78845301889197,74.71767688407466
13060.0,307.53,1,123,2011-03-31 11:37:00,2011-03-31 11:37:00,307.53,3243,8690971.62399998,97.79191338539924,74.74072366904817
14716.0,307.51,2,495,2011-07-14 12:42:00,2011-10-27 17:29:00,153.755,3244,8691279.13399998,97.795373526864,74.76377045402167
14915.0,307.48,2,112,2011-03-07 09:39:00,2011-09-09 13:34:00,153.74,3245,8691586.61399998,97.79883333076495,74.78681723899516
17120.0,307.46,1,120,2011-04-20 15:21:00,2011-04-20 15:21:00,307.46,3246,8691894.07399998,97.80229290962336,74.80986402396866
13932.0,307.4,1,72,2011-02-18 12:02:00,2011-02-18 12:02:00,307.4,3247,8692201.47399998,97.80575181335419,74.83291080894216
13142.0,307.09,1,258,2011-11-20 16:07:00,2011-11-20 16:07:00,307.09,3248,8692508.56399998,97.80920722892574,74.85595759391565
17334.0,307.02,2,315,2011-02-04 09:03:00,2011-02-10 14:59:00,153.51,3249,8692815.58399998,97.81266185684842,74.87900437888915
15087.0,306.94,1,470,2011-03-03 10:34:00,2011-03-03 10:34:00,306.94,3250,8693122.52399998,97.81611558460098,74.90205116386264
13762.0,306.72,1,272,2011-05-05 09:15:00,2011-05-05 09:15:00,306.72,3251,8693429.24399998,97.81956683688568,74.92509794883614
16668.0,306.71999999999997,6,318,2011-02-28 12:46:00,2011-11-24 17:43:00,51.12,3252,8693735.963999981,97.82301808917039,74.94814473380963
13718.0,306.55,2,173,2011-02-17 11:58:00,2011-04-07 13:24:00,153.275,3253,8694042.513999982,97.82646742859356,74.97119151878313
18059.0,306.46,3,263,2011-10-03 09:30:00,2011-11-16 16:49:00,102.15333333333332,3254,8694348.973999983,97.82991575532535,74.99423830375662
15659.0,306.45,1,111,2011-10-27 09:23:00,2011-10-27 09:23:00,306.45,3255,8694655.423999982,97.83336396953584,75.01728508873012
17176.0,306.13,1,170,2011-05-22 12:41:00,2011-05-22 12:41:00,306.13,3256,8694961.553999983,97.83680858306583,75.04033187370361
13863.0,305.78,1,224,2011-04-06 10:20:00,2011-04-06 10:20:00,305.78,3257,8695267.333999982,97.84024925835148,75.06337865867711
15219.0,305.75,1,45,2011-06-16 16:57:00,2011-06-16 16:57:00,305.75,3258,8695573.083999982,97.84368959607332,75.08642544365061
16796.0,305.62,1,186,2011-09-11 14:01:00,2011-09-11 14:01:00,305.62,3259,8695878.703999981,97.84712847101869,75.10947222862411
16181.0,305.54,1,152,2011-09-27 13:38:00,2011-09-27 13:38:00,305.54,3260,8696184.24399998,97.85056644579394,75.1325190135976
18220.0,305.28000000000003,1,288,2011-04-27 09:03:00,2011-04-27 09:03:00,305.28000000000003,3261,8696489.52399998,97.85400149501626,75.1555657985711
13045.0,305.28000000000003,1,221,2011-09-01 15:04:00,2011-09-01 15:04:00,305.28000000000003,3262,8696794.803999979,97.85743654423858,75.17861258354459
12623.0,305.1,1,191,2011-03-08 13:50:00,2011-03-08 13:50:00,305.1,3263,8697099.903999979,97.86086956807812,75.2016593685181
17941.0,304.56,1,252,2011-08-01 08:30:00,2011-08-01 08:30:00,304.56,3264,8697404.46399998,97.86429651576927,75.22470615349158
15163.0,304.47,2,186,2011-05-31 15:22:00,2011-11-21 13:10:00,152.235,3265,8697708.93399998,97.86772245076901,75.24775293846508
16217.0,304.25,2,91,2011-03-02 15:28:00,2011-04-18 13:31:00,152.125,3266,8698013.18399998,97.8711459103009,75.27079972343857
18185.0,304.25,1,183,2011-04-04 13:42:00,2011-04-04 13:42:00,304.25,3267,8698317.43399998,97.87456936983277,75.29384650841207
16674.0,304.24,2,181,2011-09-02 13:59:00,2011-10-16 11:31:00,152.12,3268,8698621.67399998,97.8779927168434,75.31689329338556
17070.0,304.24,1,131,2011-08-17 17:01:00,2011-08-17 17:01:00,304.24,3269,8698925.91399998,97.88141606385402,75.33994007835906
17732.0,303.97,1,93,2010-12-02 09:29:00,2010-12-02 09:29:00,303.97,3270,8699229.883999981,97.88483637279045,75.36298686333257
16400.0,303.93,1,172,2011-09-06 12:27:00,2011-09-06 12:27:00,303.93,3271,8699533.81399998,97.8882562316418,75.38603364830607
13083.0,303.75,2,187,2011-09-25 10:46:00,2011-12-05 15:01:00,151.875,3272,8699837.56399998,97.89167406511035,75.40908043327957
17433.0,303.15999999999997,1,185,2011-09-12 14:24:00,2011-09-12 14:24:00,303.15999999999997,3273,8700140.72399998,97.8950852598242,75.43212721825306
16425.0,302.7,1,199,2011-02-10 14:30:00,2011-02-10 14:30:00,302.7,3274,8700443.42399998,97.89849127855977,75.45517400322656
14248.0,302.58,1,102,2011-01-25 14:45:00,2011-01-25 14:45:00,302.58,3275,8700746.00399998,97.90189594704016,75.47822078820005
16386.0,302.57,2,205,2011-03-31 12:19:00,2011-11-11 12:28:00,151.285,3276,8701048.57399998,97.90530050299928,75.50126757317355
18165.0,302.46000000000004,1,254,2011-06-15 13:23:00,2011-06-15 13:23:00,302.46000000000004,3277,8701351.033999981,97.90870382122449,75.52431435814704
16292.0,302.25,1,191,2011-08-10 12:24:00,2011-08-10 12:24:00,302.25,3278,8701653.283999981,97.91210477650307,75.54736114312054
17506.0,302.2,1,139,2011-09-25 11:39:00,2011-09-25 11:39:00,302.2,3279,8701955.48399998,97.91550516917533,75.57040792809403
15054.0,302.1,2,198,2011-10-30 14:33:00,2011-11-27 15:02:00,151.05,3280,8702257.58399998,97.91890443663492,75.59345471306753
17094.0,302.0,1,152,2011-01-21 13:09:00,2011-01-21 13:09:00,302.0,3281,8702559.58399998,97.92230257888185,75.61650149804102
16297.0,301.9,1,206,2011-03-16 08:29:00,2011-03-16 08:29:00,301.9,3282,8702861.48399998,97.92569959591611,75.63954828301452
16715.0,301.71999999999997,1,642,2011-09-22 18:15:00,2011-09-22 18:15:00,301.71999999999997,3283,8703163.203999981,97.9290945875676,75.66259506798801
15667.0,301.32,1,240,2011-10-31 10:56:00,2011-10-31 10:56:00,301.32,3284,8703464.523999982,97.93248507836842,75.68564185296151
15148.0,301.29,1,187,2011-11-29 08:21:00,2011-11-29 08:21:00,301.29,3285,8703765.81399998,97.93587523160542,75.70868863793501
15623.0,301.03,1,125,2011-07-21 17:26:00,2011-07-21 17:26:00,301.03,3286,8704066.84399998,97.9392624592895,75.73173542290851
13479.0,300.95,2,134,2011-04-19 11:27:00,2011-05-23 10:45:00,150.475,3287,8704367.79399998,97.94264878680343,75.754782207882
17978.0,300.91999999999996,1,499,2010-12-09 14:05:00,2010-12-09 14:05:00,300.91999999999996,3288,8704668.71399998,97.94603477675359,75.7778289928555
16430.0,300.85,1,103,2011-10-13 14:47:00,2011-10-13 14:47:00,300.85,3289,8704969.563999979,97.94941997905488,75.80087577782899
16479.0,300.83,2,102,2011-11-29 13:04:00,2011-11-29 13:40:00,150.415,3290,8705270.393999979,97.95280495631363,75.8239225628025
14762.0,300.52,1,341,2011-03-21 08:20:00,2011-03-21 08:20:00,300.52,3291,8705570.913999978,97.95618644541312,75.84696934777598
13304.0,300.42,1,238,2010-12-23 14:35:00,2010-12-23 14:35:00,300.42,3292,8705871.333999978,97.95956680929994,75.87001613274948
15254.0,300.36,1,275,2011-08-04 15:04:00,2011-08-04 15:04:00,300.36,3293,8706171.693999978,97.96294649805918,75.89306291772297
17793.0,300.34,1,226,2011-11-14 14:24:00,2011-11-14 14:24:00,300.34,3294,8706472.033999978,97.96632596177587,75.91610970269647
13745.0,300.04,1,496,2011-06-30 16:43:00,2011-06-30 16:43:00,300.04,3295,8706772.073999977,97.96970204985456,75.93915648766996
18053.0,300.02,1,302,2011-09-30 09:05:00,2011-09-30 09:05:00,300.02,3296,8707072.093999976,97.97307791289074,75.96220327264346
18215.0,299.34000000000003,1,118,2011-09-11 16:05:00,2011-09-11 16:05:00,299.34000000000003,3297,8707371.433999976,97.97644612448079,75.98525005761697
13667.0,299.05,1,149,2011-07-13 15:42:00,2011-07-13 15:42:00,299.05,3298,8707670.483999977,97.97981107295412,76.00829684259047
15609.0,298.48,1,148,2011-06-08 13:00:00,2011-06-08 13:00:00,298.48,3299,8707968.963999977,97.98316960771527,76.03134362756396
17824.0,298.4,1,408,2011-10-19 14:14:00,2011-10-19 14:14:00,298.4,3300,8708267.363999978,97.98652724230628,76.05439041253746
16104.0,298.21,1,122,2011-10-09 10:23:00,2011-10-09 10:23:00,298.21,3301,8708565.573999979,97.98988273899323,76.07743719751095
17678.0,298.11,1,207,2011-03-21 11:52:00,2011-03-21 11:52:00,298.11,3302,8708863.683999978,97.9932371104675,76.10048398248445
12881.0,298.0,1,21,2011-03-09 11:44:00,2011-03-09 11:44:00,298.0,3303,8709161.683999978,97.99659024420787,76.12353076745794
15857.0,297.0,1,308,2011-11-21 12:18:00,2011-11-21 12:18:00,297.0,3304,8709458.683999978,97.99993212582156,76.14657755243144
17531.0,296.7,1,136,2011-06-02 19:17:00,2011-06-02 19:17:00,296.7,3305,8709755.383999977,98.00327063179725,76.16962433740493
13441.0,296.64,1,204,2011-09-09 09:38:00,2011-09-09 09:38:00,296.64,3306,8710052.023999978,98.00660846264537,76.19267112237843
17266.0,296.58,3,153,2011-07-15 11:57:00,2011-12-07 14:12:00,98.86,3307,8710348.603999978,98.00994561836589,76.21571790735192
13751.0,296.25,1,152,2011-02-24 15:56:00,2011-02-24 15:56:00,296.25,3308,8710644.853999978,98.0132790608846,76.23876469232542
13504.0,295.93,1,178,2011-10-06 13:20:00,2011-10-06 13:20:00,295.93,3309,8710940.783999978,98.01660890272281,76.26181147729892
16998.0,295.0,4,76,2011-02-08 15:42:00,2011-07-13 09:44:00,73.75,3310,8711235.783999978,98.0199282800832,76.28485826227241
14954.0,294.85,1,117,2011-11-27 14:30:00,2011-11-27 14:30:00,294.85,3311,8711530.633999977,98.02324596962463,76.30790504724591
15060.0,294.25,4,257,2011-11-30 14:03:00,2011-12-01 13:47:00,73.5625,3312,8711824.883999977,98.02655690789005,76.33095183221941
17124.0,294.24,1,129,2011-06-07 14:02:00,2011-06-07 14:02:00,294.24,3313,8712119.123999977,98.02986773363422,76.3539986171929
15732.0,294.12,2,215,2010-12-02 15:00:00,2011-05-11 14:24:00,147.06,3314,8712413.243999977,98.03317720912317,76.3770454021664
16402.0,293.45,2,146,2010-12-05 13:42:00,2011-03-20 12:25:00,146.725,3315,8712706.693999976,98.03647914568727,76.40009218713989
17163.0,293.1,2,66,2011-09-22 15:54:00,2011-11-18 08:57:00,146.55,3316,8712999.793999976,98.03977714400706,76.42313897211339
12829.0,293.0,2,376,2010-12-14 14:54:00,2011-01-07 11:13:00,146.5,3317,8713292.793999976,98.04307401711418,76.44618575708688
16721.0,292.47,1,172,2011-03-22 16:08:00,2011-03-22 16:08:00,292.47,3318,8713585.263999976,98.0463649265942,76.46923254206038
14985.0,292.01,2,256,2010-12-16 19:51:00,2011-05-25 14:29:00,146.005,3319,8713877.273999976,98.04965066009592,76.49227932703387
13502.0,292.0,3,264,2011-01-20 09:03:00,2011-11-23 10:39:00,97.33333333333333,3320,8714169.273999976,98.0529362810764,76.51532611200737
13449.0,291.88,1,222,2011-11-16 08:28:00,2011-11-16 08:28:00,291.88,3321,8714461.153999977,98.05622055180169,76.53837289698086
17255.0,291.48,2,227,2011-02-13 15:18:00,2011-10-30 12:18:00,145.74,3322,8714752.633999977,98.05950032167632,76.56141968195436
14656.0,291.05,2,120,2011-03-01 13:19:00,2011-06-23 13:51:00,145.525,3323,8715043.683999978,98.06277525313648,76.58446646692786
14947.0,290.82,2,179,2011-08-01 09:31:00,2011-09-28 15:48:00,145.41,3324,8715334.503999978,98.06604759660752,76.60751325190137
16648.0,290.65999999999997,1,281,2011-10-28 08:58:00,2011-10-28 08:58:00,290.65999999999997,3325,8715625.163999978,98.0693181397383,76.63056003687485
15279.0,290.51,1,189,2010-12-20 10:48:00,2010-12-20 10:48:00,290.51,3326,8715915.673999978,98.07258699505007,76.65360682184836
17691.0,290.40000000000003,2,134,2010-12-06 11:10:00,2010-12-16 17:20:00,145.20000000000002,3327,8716206.073999979,98.07585461262791,76.67665360682184
16526.0,290.36,1,106,2011-06-21 12:02:00,2011-06-21 12:02:00,290.36,3328,8716496.433999978,98.07912178012069,76.69970039179535
17551.0,290.34,1,142,2010-12-15 14:12:00,2010-12-15 14:12:00,290.34,3329,8716786.773999978,98.08238872257094,76.72274717676885
13573.0,290.25,2,302,2011-03-31 14:47:00,2011-10-20 14:33:00,145.125,3330,8717077.023999978,98.08565465232978,76.74579396174234
14784.0,289.99,2,237,2011-01-20 09:25:00,2011-11-13 13:30:00,144.995,3331,8717367.013999978,98.0889176565357,76.76884074671584
17464.0,289.96000000000004,1,220,2011-07-04 13:19:00,2011-07-04 13:19:00,289.96000000000004,3332,8717656.973999979,98.09218032317783,76.79188753168933
16897.0,289.78,2,73,2011-01-30 11:52:00,2011-02-13 15:02:00,144.89,3333,8717946.753999978,98.09544096443715,76.81493431666283
17201.0,289.78,1,231,2011-10-17 11:55:00,2011-10-17 11:55:00,289.78,3334,8718236.533999978,98.09870160569646,76.83798110163632
14162.0,289.36,2,142,2011-02-20 12:32:00,2011-06-19 11:36:00,144.68,3335,8718525.893999977,98.10195752106259,76.86102788660982
16125.0,289.35,1,124,2010-12-07 15:48:00,2010-12-07 15:48:00,289.35,3336,8718815.243999977,98.10521332390745,76.8840746715833
14549.0,289.24,1,136,2011-02-01 13:47:00,2011-02-01 13:47:00,289.24,3337,8719104.483999977,98.10846788901839,76.90712145655681
15545.0,288.96999999999997,2,162,2010-12-03 17:28:00,2011-10-16 13:24:00,144.48499999999999,3338,8719393.453999978,98.11171941605514,76.93016824153031
17081.0,288.91,2,77,2011-10-24 13:08:00,2011-11-14 12:56:00,144.455,3339,8719682.363999978,98.11497026796428,76.95321502650381
17501.0,288.6,2,160,2011-05-03 09:46:00,2011-05-03 09:47:00,144.3,3340,8719970.963999977,98.11821763171416,76.9762618114773
16808.0,288.42,2,196,2011-03-10 19:05:00,2011-09-01 19:34:00,144.21,3341,8720259.383999977,98.12146297008123,76.9993085964508
15396.0,288.18,1,122,2011-08-19 10:56:00,2011-08-19 10:56:00,288.18,3342,8720547.563999977,98.12470560793793,77.02235538142429
17977.0,288.14,1,342,2011-11-10 13:28:00,2011-11-10 13:28:00,288.14,3343,8720835.703999978,98.12794779570956,77.04540216639779
17080.0,287.62,2,166,2011-03-15 12:05:00,2011-11-17 12:59:00,143.81,3344,8721123.323999977,98.13118413237531,77.06844895137128
17760.0,287.59,2,239,2010-12-01 15:08:00,2011-11-18 10:56:00,143.795,3345,8721410.913999977,98.13442013147728,77.09149573634478
16432.0,287.4,1,276,2011-10-06 13:59:00,2011-10-06 13:59:00,287.4,3346,8721698.313999977,98.13765399267518,77.11454252131827
13760.0,286.79,2,197,2011-03-28 12:52:00,2011-10-16 16:13:00,143.395,3347,8721985.103999976,98.14088099007583,77.13758930629177
16555.0,285.89,2,175,2011-08-22 12:32:00,2011-11-04 14:31:00,142.945,3348,8722270.993999977,98.14409786056252,77.16063609126526
14660.0,285.74,2,228,2011-08-31 10:40:00,2011-09-14 11:34:00,142.87,3349,8722556.733999977,98.14731304323018,77.18368287623876
14953.0,285.67,1,224,2011-11-14 14:59:00,2011-11-14 14:59:00,285.67,3350,8722842.403999977,98.150527438249,77.20672966121226
17636.0,285.56,1,182,2011-11-20 14:40:00,2011-11-20 14:40:00,285.56,3351,8723127.963999977,98.15374059553389,77.22977644618577
13708.0,285.33,1,301,2011-03-13 13:46:00,2011-03-13 13:46:00,285.33,3352,8723413.293999977,98.15695116482964,77.25282323115925
16429.0,284.55,1,9,2011-08-25 13:54:00,2011-08-25 13:54:00,284.55,3353,8723697.843999978,98.16015295746662,77.27587001613276
18190.0,284.46000000000004,2,140,2011-01-13 10:35:00,2011-05-31 14:48:00,142.23000000000002,3354,8723982.303999979,98.1633537374122,77.29891680110624
13121.0,283.73,1,252,2011-03-15 16:47:00,2011-03-15 16:47:00,283.73,3355,8724266.03399998,98.16654630330531,77.32196358607975
13439.0,283.71,1,242,2011-03-29 14:20:00,2011-03-29 14:20:00,283.71,3356,8724549.74399998,98.16973864415591,77.34501037105323
12703.0,283.55,1,164,2011-09-29 17:52:00,2011-09-29 17:52:00,283.55,3357,8724833.293999981,98.17292918466624,77.36805715602674
17783.0,283.47,2,354,2011-04-06 10:07:00,2011-09-28 16:07:00,141.735,3358,8725116.763999982,98.17611882500644,77.39110394100022
13259.0,283.18,1,126,2011-10-09 10:48:00,2011-10-09 10:48:00,283.18,3359,8725399.943999982,98.1793052022299,77.41415072597373
18270.0,283.15,2,101,2011-03-18 12:41:00,2011-11-01 13:57:00,141.575,3360,8725683.093999982,98.18249124188957,77.43719751094721
17694.0,283.12,1,184,2011-07-21 12:00:00,2011-07-21 12:00:00,283.12,3361,8725966.213999981,98.18567694398543,77.46024429592072
14350.0,282.93,1,183,2011-03-10 14:14:00,2011-03-10 14:14:00,282.93,3362,8726249.14399998,98.18886050817723,77.48329108089422
13754.0,282.59999999999997,2,214,2011-01-26 14:58:00,2011-07-11 11:51:00,141.29999999999998,3363,8726531.74399998,98.19204035916722,77.50633786586772
13177.0,282.45,1,91,2011-10-06 09:56:00,2011-10-06 09:56:00,282.45,3364,8726814.19399998,98.19521852233822,77.52938465084121
16557.0,281.85,2,111,2011-07-25 13:28:00,2011-11-15 14:04:00,140.925,3365,8727096.04399998,98.19838993423325,77.55243143581471
16848.0,281.42,1,182,2011-10-18 08:42:00,2011-10-18 08:42:00,281.42,3366,8727377.46399998,98.20155650771382,77.5754782207882
14242.0,280.55,2,123,2011-01-18 08:53:00,2011-04-19 11:46:00,140.275,3367,8727658.01399998,98.2047132918442,77.5985250057617
16149.0,280.52,2,308,2011-07-20 14:54:00,2011-12-05 11:29:00,140.26,3368,8727938.53399998,98.20786973841079,77.62157179073519
17247.0,280.09000000000003,1,105,2011-11-24 15:21:00,2011-11-24 15:21:00,280.09000000000003,3369,8728218.62399998,98.21102134656292,77.64461857570869
14975.0,279.94,1,380,2011-10-13 14:08:00,2011-10-13 14:08:00,279.94,3370,8728498.563999979,98.21417126689605,77.66766536068218
15556.0,279.77,1,236,2011-11-15 16:08:00,2011-11-15 16:08:00,279.77,3371,8728778.333999978,98.21731927436764,77.69071214565568
14480.0,279.05,1,143,2011-11-28 16:35:00,2011-11-28 16:35:00,279.05,3372,8729057.38399998,98.22045918030807,77.71375893062917
14764.0,278.3,1,190,2011-10-24 11:54:00,2011-10-24 11:54:00,278.3,3373,8729335.68399998,98.2235906471535,77.73680571560267
14908.0,277.8,1,132,2011-09-26 12:56:00,2011-09-26 12:56:00,277.8,3374,8729613.48399998,98.22671648793563,77.75985250057616
13803.0,277.07,1,121,2011-03-29 12:57:00,2011-03-29 12:57:00,277.07,3375,8729890.55399998,98.2298341146653,77.78289928554966
15355.0,277.05,2,45,2011-10-17 15:22:00,2011-11-10 13:44:00,138.525,3376,8730167.603999982,98.23295151635241,77.80594607052316
13606.0,276.75,3,276,2011-02-01 11:42:00,2011-11-10 17:46:00,92.25,3377,8730444.353999982,98.23606554240155,77.82899285549667
13272.0,276.56,2,96,2011-09-11 12:06:00,2011-11-08 14:00:00,138.28,3378,8730720.913999982,98.23917743054663,77.85203964047015
13544.0,276.06,2,112,2011-04-13 12:09:00,2011-10-31 11:57:00,138.03,3379,8730996.973999983,98.24228369262839,77.87508642544366
12750.0,275.88,1,137,2011-08-03 09:13:00,2011-08-03 09:13:00,275.88,3380,8731272.853999984,98.24538792932735,77.89813321041714
14512.0,275.28,2,122,2011-04-21 19:05:00,2011-06-05 12:39:00,137.64,3381,8731548.133999983,98.24848541475029,77.92117999539064
16313.0,274.15000000000003,2,165,2011-10-21 09:04:00,2011-12-06 13:02:00,137.07500000000002,3382,8731822.283999983,98.25157018527017,77.94422678036413
16883.0,272.48,2,103,2010-12-03 10:33:00,2011-06-05 12:51:00,136.24,3383,8732094.763999984,98.25463616473851,77.96727356533763
17498.0,272.22,1,394,2011-09-25 12:25:00,2011-09-25 12:25:00,272.22,3384,8732366.983999984,98.25769921865395,77.99032035031112
14819.0,272.07,2,109,2011-05-31 13:50:00,2011-10-06 13:41:00,136.035,3385,8732639.053999985,98.2607605847504,78.01336713528462
13917.0,272.04,2,228,2011-06-01 12:46:00,2011-10-21 09:56:00,136.02,3386,8732911.093999984,98.26382161328301,78.03641392025811
14816.0,271.85,1,5,2011-05-26 13:16:00,2011-05-26 13:16:00,271.85,3387,8733182.943999983,98.26688050391158,78.05946070523161
13058.0,271.40000000000003,3,52,2011-07-11 12:01:00,2011-11-15 12:43:00,90.46666666666668,3388,8733454.343999984,98.26993433108316,78.08250749020512
17767.0,271.2,1,128,2011-11-24 14:42:00,2011-11-24 14:42:00,271.2,3389,8733725.543999983,98.27298590782941,78.10555427517862
17254.0,271.19,2,251,2011-11-24 14:09:00,2011-12-05 12:46:00,135.595,3390,8733996.733999982,98.27603737205438,78.1286010601521
17496.0,271.05,1,79,2010-12-16 08:39:00,2010-12-16 08:39:00,271.05,3391,8734267.783999983,98.27908726098164,78.15164784512561
18108.0,271.0,1,84,2011-03-30 13:56:00,2011-03-30 13:56:00,271.0,3392,8734538.783999983,98.28213658730257,78.17469463009911
17011.0,270.9,1,186,2011-11-09 13:30:00,2011-11-09 13:30:00,270.9,3393,8734809.683999984,98.28518478841083,78.1977414150726
15774.0,270.8,1,87,2011-10-02 12:04:00,2011-10-02 12:04:00,270.8,3394,8735080.483999984,98.28823186430643,78.2207882000461
14520.0,270.6,2,146,2011-02-22 09:15:00,2011-12-08 09:46:00,135.3,3395,8735351.083999984,98.29127668977668,78.24383498501959
13242.0,270.40000000000003,3,130,2011-05-10 12:26:00,2011-08-19 12:53:00,90.13333333333334,3396,8735621.483999984,98.29431926482162,78.26688176999309
12558.0,269.96,1,196,2011-12-02 10:41:00,2011-12-02 10:41:00,269.96,3397,8735891.443999985,98.29735688893084,78.28992855496658
17251.0,269.83,1,108,2010-12-12 11:06:00,2010-12-12 11:06:00,269.83,3398,8736161.273999985,98.3003930502636,78.31297533994008
13533.0,269.09,3,202,2011-03-17 12:47:00,2011-06-10 11:54:00,89.69666666666666,3399,8736430.363999985,98.30342088502262,78.33602212491357
14727.0,268.58,1,62,2011-03-10 14:45:00,2011-03-10 14:45:00,268.58,3400,8736698.943999985,98.30644298119707,78.35906890988707
14508.0,268.05,2,129,2011-09-11 11:29:00,2011-11-17 19:48:00,134.025,3401,8736966.993999986,98.3094591137444,78.38211569486056
15408.0,267.18,1,106,2011-03-20 15:02:00,2011-03-20 15:02:00,267.18,3402,8737234.173999986,98.31246545694152,78.40516247983406
17550.0,267.16,3,86,2011-04-10 15:19:00,2011-05-26 14:09:00,89.05333333333334,3403,8737501.333999986,98.31547157509613,78.42820926480756
15320.0,267.13,1,326,2011-10-26 13:27:00,2011-10-26 13:27:00,267.13,3404,8737768.463999987,98.31847735568694,78.45125604978107
15517.0,267.03,1,293,2011-04-20 14:02:00,2011-04-20 14:02:00,267.03,3405,8738035.493999986,98.32148201106506,78.47430283475455
16451.0,266.97,1,120,2011-09-13 09:17:00,2011-09-13 09:17:00,266.97,3406,8738302.463999987,98.32448599131561,78.49734961972806
17786.0,266.85,2,195,2011-01-26 14:35:00,2011-09-15 12:51:00,133.425,3407,8738569.313999986,98.32748862131095,78.52039640470154
14863.0,266.76,1,132,2011-11-10 15:04:00,2011-11-10 15:04:00,266.76,3408,8738836.073999986,98.3304902386149,78.54344318967505
13837.0,266.59000000000003,2,182,2011-01-26 12:15:00,2011-05-12 12:10:00,133.29500000000002,3409,8739102.663999986,98.3334899430573,78.56648997464853
15119.0,266.4,1,88,2011-04-08 09:08:00,2011-04-08 09:08:00,266.4,3410,8739369.063999986,98.33648750959566,78.58953675962204
12962.0,266.39,2,129,2011-08-18 13:38:00,2011-12-02 15:55:00,133.195,3411,8739635.453999987,98.33948496361276,78.61258354459552
14068.0,265.85,1,73,2011-01-23 16:02:00,2011-01-23 16:02:00,265.85,3412,8739901.303999986,98.34247634148146,78.63563032956903
17430.0,265.76,2,190,2010-12-09 13:05:00,2011-11-07 09:24:00,132.88,3413,8740167.063999986,98.34546670665874,78.65867711454251
14423.0,265.2,1,120,2011-05-05 15:12:00,2011-05-05 15:12:00,265.2,3414,8740432.263999986,98.34845077064512,78.68172389951602
17968.0,265.1,1,151,2010-12-01 12:23:00,2010-12-01 12:23:00,265.1,3415,8740697.363999985,98.35143370941883,78.70477068448952
13973.0,264.7,1,109,2011-02-25 15:21:00,2011-02-25 15:21:00,264.7,3416,8740962.063999984,98.35441214734188,78.72781746946302
15912.0,264.62,2,185,2011-04-20 17:10:00,2011-06-14 14:29:00,132.31,3417,8741226.683999984,98.35738968509479,78.75086425443651
17403.0,263.92,1,111,2011-11-03 15:18:00,2011-11-03 15:18:00,263.92,3418,8741490.603999984,98.36035934635906,78.77391103941001
17708.0,263.33,2,90,2011-01-19 10:09:00,2011-06-05 10:12:00,131.665,3419,8741753.933999984,98.36332236886861,78.7969578243835
12492.0,263.21000000000004,2,192,2011-08-26 14:51:00,2011-10-07 15:15:00,131.60500000000002,3420,8742017.143999984,98.36628404112298,78.820004609357
17194.0,262.62,2,119,2010-12-14 12:06:00,2011-03-11 12:05:00,131.31,3421,8742279.763999984,98.3692390746226,78.84305139433049
16413.0,262.2,1,148,2011-10-14 12:08:00,2011-10-14 12:08:00,262.2,3422,8742541.963999983,98.37218938222902,78.86609817930399
16936.0,261.9,1,171,2011-11-14 11:04:00,2011-11-14 11:04:00,261.9,3423,8742803.863999983,98.37513631419748,78.88914496427748
13189.0,260.68,2,842,2011-08-16 13:12:00,2011-11-21 10:39:00,130.34,3424,8743064.543999983,98.37806951857141,78.91219174925098
14053.0,260.25,2,215,2011-07-03 12:21:00,2011-08-07 14:27:00,130.125,3425,8743324.793999983,98.3809978845309,78.93523853422447
15143.0,259.45,1,150,2011-04-28 12:03:00,2011-04-28 12:03:00,259.45,3426,8743584.243999982,98.38391724878906,78.95828531919797
13127.0,259.17,1,127,2011-09-23 10:26:00,2011-09-23 10:26:00,259.17,3427,8743843.413999982,98.38683346245176,78.98133210417146
14452.0,259.05,2,116,2011-09-07 11:32:00,2011-11-29 12:06:00,129.525,3428,8744102.463999983,98.38974832585927,79.00437888914496
15577.0,258.88,3,89,2011-02-07 13:32:00,2011-07-11 17:03:00,86.29333333333334,3429,8744361.343999984,98.39266127640526,79.02742567411846
13277.0,258.4,4,176,2011-07-29 10:06:00,2011-11-24 09:21:00,64.6,3430,8744619.743999984,98.39556882593045,79.05047245909196
15894.0,258.25,2,164,2010-12-05 14:06:00,2011-03-31 13:50:00,129.125,3431,8744877.993999984,98.39847468763665,79.07351924406545
13227.0,257.7,1,99,2011-05-22 11:47:00,2011-05-22 11:47:00,257.7,3432,8745135.693999983,98.40137436067317,79.09656602903895
15014.0,257.67,2,149,2011-06-16 19:40:00,2011-10-27 20:07:00,128.835,3433,8745393.363999983,98.40427369614592,79.11961281401244
13626.0,257.23,1,209,2011-04-01 10:05:00,2011-04-01 10:05:00,257.23,3434,8745650.593999984,98.40716808068292,79.14265959898594
16048.0,256.44,2,144,2010-12-01 15:27:00,2010-12-01 15:28:00,128.22,3435,8745907.033999983,98.41005357603989,79.16570638395943
12430.0,256.4,1,117,2011-10-27 15:09:00,2011-10-27 15:09:00,256.4,3436,8746163.433999984,98.41293862131178,79.18875316893293
13806.0,256.38,1,56,2011-10-07 11:43:00,2011-10-07 11:43:00,256.38,3437,8746419.813999984,98.41582344154116,79.21179995390642
16727.0,256.32,1,167,2010-12-10 13:48:00,2010-12-10 13:48:00,256.32,3438,8746676.133999985,98.41870758664292,79.23484673887992
17896.0,256.32,1,288,2011-11-16 13:59:00,2011-11-16 13:59:00,256.32,3439,8746932.453999985,98.42159173174471,79.25789352385341
17385.0,256.11,1,197,2011-11-25 11:02:00,2011-11-25 11:02:00,256.11,3440,8747188.563999984,98.42447351389987,79.28094030882691
16447.0,255.91,1,221,2011-07-27 12:45:00,2011-07-27 12:45:00,255.91,3441,8747444.473999985,98.4273530456297,79.30398709380042
14761.0,255.9,2,118,2011-01-09 12:03:00,2011-10-12 12:10:00,127.95,3442,8747700.373999985,98.43023246483828,79.32703387877392
15277.0,255.89999999999998,1,205,2011-10-24 10:08:00,2011-10-24 10:08:00,255.89999999999998,3443,8747956.273999985,98.43311188404687,79.3500806637474
14881.0,255.4,1,316,2011-11-20 11:06:00,2011-11-20 11:06:00,255.4,3444,8748211.673999986,98.43598567719212,79.37312744872091
16226.0,255.12,3,192,2011-04-18 12:58:00,2011-05-20 14:41:00,85.04,3445,8748466.793999985,98.4388563197419,79.3961742336944
15261.0,254.82,1,270,2011-07-27 15:20:00,2011-07-27 15:20:00,254.82,3446,8748721.613999985,98.44172358665371,79.4192210186679
15154.0,254.28,1,89,2011-09-25 16:05:00,2011-09-25 16:05:00,254.28,3447,8748975.893999984,98.4445847774171,79.44226780364139
12604.0,254.18,2,201,2011-03-23 12:06:00,2011-09-21 14:08:00,127.09,3448,8749230.073999984,98.44744484296784,79.46531458861489
14765.0,254.11,3,135,2011-06-16 19:49:00,2011-11-10 19:53:00,84.70333333333333,3449,8749484.183999984,98.45030412086973,79.48836137358839
15689.0,254.1,2,84,2010-12-13 09:57:00,2011-08-12 09:37:00,127.05,3450,8749738.283999983,98.45316328625033,79.51140815856188
12797.0,254.03,1,118,2010-12-09 10:55:00,2010-12-09 10:55:00,254.03,3451,8749992.313999983,98.45602166398207,79.53445494353538
15759.0,253.04,3,60,2010-12-16 15:29:00,2011-05-05 15:13:00,84.34666666666666,3452,8750245.353999982,98.45886890210843,79.55750172850887
15019.0,252.81,1,150,2011-03-18 12:35:00,2011-03-18 12:35:00,252.81,3453,8750498.163999982,98.46171355224568,79.58054851348237
15035.0,252.73000000000002,1,245,2011-09-11 11:08:00,2011-09-11 11:08:00,252.73000000000002,3454,8750750.893999983,98.46455730221278,79.60359529845587
13404.0,252.49,2,111,2011-05-11 11:57:00,2011-12-08 15:37:00,126.245,3455,8751003.383999983,98.4673983516695,79.62664208342936
15346.0,252.42000000000002,1,144,2011-01-11 11:18:00,2011-01-11 11:18:00,252.42000000000002,3456,8751255.803999983,98.47023861347736,79.64968886840286
13645.0,252.1,1,158,2011-08-11 16:11:00,2011-08-11 16:11:00,252.1,3457,8751507.903999982,98.47307527460467,79.67273565337636
13711.0,252.06,2,140,2011-05-05 10:29:00,2011-05-05 10:31:00,126.03,3458,8751759.963999983,98.47591148564693,79.69578243834985
16330.0,251.91,3,147,2011-08-19 17:08:00,2011-11-22 12:24:00,83.97,3459,8752011.873999983,98.47874600887019,79.71882922332335
16836.0,251.87,2,165,2011-08-15 12:38:00,2011-10-31 10:05:00,125.935,3460,8752263.743999982,98.48158008200838,79.74187600829684
17155.0,251.70000000000002,2,242,2011-06-15 10:22:00,2011-11-22 12:38:00,125.85000000000001,3461,8752515.443999982,98.48441224228503,79.76492279327034
16976.0,251.51999999999998,1,88,2011-03-17 16:33:00,2011-03-17 16:33:00,251.51999999999998,3462,8752766.963999981,98.4872423771789,79.78796957824383
13512.0,251.21,1,143,2011-03-24 10:03:00,2011-03-24 10:03:00,251.21,3463,8753018.173999982,98.49006902391352,79.81101636321733
14501.0,251.21,2,161,2011-01-24 10:43:00,2011-06-09 12:02:00,125.605,3464,8753269.383999983,98.49289567064812,79.83406314819082
16024.0,251.03,1,397,2011-11-27 13:26:00,2011-11-27 13:26:00,251.03,3465,8753520.413999982,98.49572029199993,79.85710993316432
13207.0,250.26000000000002,2,130,2011-07-12 11:35:00,2011-11-24 14:52:00,125.13000000000001,3466,8753770.673999982,98.49853624921423,79.88015671813781
16596.0,250.15,2,97,2010-12-08 16:18:00,2011-11-24 10:02:00,125.075,3467,8754020.823999982,98.5013509686946,79.90320350311131
17303.0,250.04,1,144,2010-12-13 13:32:00,2010-12-13 13:32:00,250.04,3468,8754270.863999981,98.50416445044101,79.92625028808482
15510.0,250.0,1,2,2011-01-13 12:10:00,2011-01-13 12:10:00,250.0,3469,8754520.863999981,98.50697748210239,79.94929707305832
17456.0,249.86,1,222,2010-12-09 15:23:00,2010-12-09 15:23:00,249.86,3470,8754770.72399998,98.50978893846602,79.9723438580318
16124.0,249.0,1,48,2011-01-26 14:45:00,2011-01-26 14:45:00,249.0,3471,8755019.72399998,98.51259071800074,79.99539064300531
13061.0,248.61,1,107,2011-09-28 16:04:00,2011-09-28 16:04:00,248.61,3472,8755268.33399998,98.51538810920606,80.0184374279788
16510.0,248.1,1,92,2010-12-02 13:39:00,2010-12-02 13:39:00,248.1,3473,8755516.43399998,98.5181797618268,80.0414842129523
15097.0,248.08,1,170,2011-12-05 14:03:00,2011-12-05 14:03:00,248.08,3474,8755764.51399998,98.520971189405,80.06453099792579
13592.0,247.95999999999998,4,84,2011-03-20 14:01:00,2011-11-04 09:49:00,61.989999999999995,3475,8756012.47399998,98.52376126672802,80.08757778289929
18072.0,247.44,1,288,2011-06-07 10:44:00,2011-06-07 10:44:00,247.44,3476,8756259.91399998,98.52654549294517,80.11062456787278
18009.0,247.39,1,125,2011-04-18 13:36:00,2011-04-18 13:36:00,247.39,3477,8756507.30399998,98.529329156556,80.13367135284628
13349.0,247.32,1,225,2011-11-29 08:07:00,2011-11-29 08:07:00,247.32,3478,8756754.623999981,98.53211203251796,80.15671813781977
14658.0,247.15,2,47,2011-08-14 15:42:00,2011-12-04 15:35:00,123.575,3479,8757001.773999982,98.53489299561838,80.17976492279327
15783.0,246.3,1,212,2011-11-29 09:50:00,2011-11-29 09:50:00,246.3,3480,8757248.073999982,98.53766439441117,80.20281170776677
17278.0,246.04,1,179,2011-04-12 13:10:00,2011-04-12 13:10:00,246.04,3481,8757494.113999981,98.54043286765102,80.22585849274026
16778.0,245.94,2,194,2011-03-10 15:21:00,2011-09-26 13:48:00,122.97,3482,8757740.05399998,98.5432002156782,80.24890527771376
17771.0,245.81,2,287,2011-01-20 14:13:00,2011-10-14 11:43:00,122.905,3483,8757985.863999981,98.54596610092892,80.27195206268726
12660.0,245.1,1,127,2011-11-28 13:26:00,2011-11-28 13:26:00,245.1,3484,8758230.963999981,98.54872399716972,80.29499884766075
15118.0,244.8,1,1440,2011-07-28 14:54:00,2011-07-28 14:54:00,244.8,3485,8758475.763999982,98.55147851777254,80.31804563263425
16528.0,244.41,1,171,2011-12-06 12:45:00,2011-12-06 12:45:00,244.41,3486,8758720.173999982,98.55422865004596,80.34109241760774
17892.0,244.1,3,109,2011-07-07 12:56:00,2011-10-14 16:49:00,81.36666666666666,3487,8758964.273999982,98.55697529416011,80.36413920258124
17925.0,244.08,1,72,2010-12-02 10:10:00,2010-12-02 10:10:00,244.08,3488,8759208.353999982,98.55972171323174,80.38718598755473
13103.0,243.94,1,82,2011-10-31 09:38:00,2011-10-31 09:38:00,243.94,3489,8759452.293999981,98.56246655700564,80.41023277252823
16793.0,243.84,1,146,2011-10-13 15:08:00,2011-10-13 15:08:00,243.84,3490,8759696.133999981,98.56521027556686,80.43327955750172
18193.0,243.76,1,124,2011-06-27 13:58:00,2011-06-27 13:58:00,243.76,3491,8759939.89399998,98.56795309395795,80.45632634247522
13886.0,243.56,1,126,2011-09-29 13:17:00,2011-09-29 13:17:00,243.56,3492,8760183.453999981,98.57069366192373,80.47937312744871
15634.0,243.55,1,99,2011-11-22 16:28:00,2011-11-22 16:28:00,243.55,3493,8760427.003999982,98.57343411736824,80.50241991242221
17339.0,243.36,2,152,2010-12-09 14:44:00,2011-09-06 13:29:00,121.68,3494,8760670.363999981,98.57617243490867,80.52546669739571
16601.0,242.7,1,133,2011-10-30 11:09:00,2011-10-30 11:09:00,242.7,3495,8760913.06399998,98.57890332604552,80.54851348236922
16215.0,242.35,1,104,2011-09-20 10:18:00,2011-09-20 10:18:00,242.35,3496,8761155.41399998,98.58163027893805,80.5715602673427
15776.0,241.62,1,138,2011-07-29 13:46:00,2011-07-29 13:46:00,241.62,3497,8761397.03399998,98.58434901777812,80.5946070523162
14523.0,241.09,1,251,2011-08-23 13:13:00,2011-08-23 13:13:00,241.09,3498,8761638.12399998,98.58706179299107,80.6176538372897
16427.0,241.06,2,156,2011-02-28 15:18:00,2011-03-21 17:10:00,120.53,3499,8761879.18399998,98.58977423064023,80.6407006222632
17051.0,240.89000000000001,1,179,2011-05-29 14:13:00,2011-05-29 14:13:00,240.89000000000001,3500,8762120.07399998,98.59248475542786,80.66374740723668
15598.0,240.68,1,160,2011-10-17 16:04:00,2011-10-17 16:04:00,240.68,3501,8762360.75399998,98.59519291726889,80.68679419221019
15286.0,240.55,1,55,2011-10-21 11:08:00,2011-10-21 11:08:00,240.55,3502,8762601.30399998,98.59789961633346,80.70984097718367
13565.0,240.22,2,172,2011-01-09 14:28:00,2011-11-20 14:33:00,120.11,3503,8762841.523999982,98.60060260219625,80.73288776215718
17256.0,240.0,2,141,2011-01-31 14:53:00,2011-08-24 13:30:00,120.0,3504,8763081.523999982,98.60330311259116,80.75593454713066
17181.0,239.92000000000002,2,241,2010-12-01 12:38:00,2011-10-13 14:48:00,119.96000000000001,3505,8763321.443999982,98.60600272281594,80.77898133210417
15690.0,239.76,2,408,2011-08-31 11:40:00,2011-12-05 15:59:00,119.88,3506,8763561.203999981,98.60870053270045,80.80202811707767
13570.0,239.49,1,161,2011-04-10 13:36:00,2011-04-10 13:36:00,239.49,3507,8763800.693999982,98.61139530451078,80.82507490205117
17684.0,239.41,1,145,2011-10-27 11:10:00,2011-10-27 11:10:00,239.41,3508,8764040.103999982,98.61408917615097,80.84812168702467
16756.0,239.4,1,106,2011-05-09 09:33:00,2011-05-09 09:33:00,239.4,3509,8764279.503999982,98.6167829352699,80.87116847199816
12561.0,238.85,1,177,2011-02-10 11:39:00,2011-02-10 11:39:00,238.85,3510,8764518.353999982,98.61947050571916,80.89421525697166
12718.0,238.25,1,203,2011-09-29 16:38:00,2011-09-29 16:38:00,238.25,3511,8764756.603999982,98.62215132489244,80.91726204194515
17877.0,237.61,1,98,2011-06-22 13:00:00,2011-06-22 13:00:00,237.61,3512,8764994.213999981,98.62482494270466,80.94030882691865
14586.0,237.36,1,444,2011-03-08 10:04:00,2011-03-08 10:04:00,237.36,3513,8765231.57399998,98.62749574748523,80.96335561189214
15457.0,237.07,1,132,2011-03-22 15:31:00,2011-03-22 15:31:00,237.07,3514,8765468.64399998,98.63016328914908,80.98640239686564
12732.0,236.26000000000002,1,111,2011-06-13 11:33:00,2011-06-13 11:33:00,236.26000000000002,3515,8765704.90399998,98.63282171659034,81.00944918183913
16026.0,236.09,1,243,2011-10-27 13:53:00,2011-10-27 13:53:00,236.09,3516,8765940.99399998,98.63547823117005,81.03249596681263
14647.0,236.04000000000002,1,91,2011-05-22 13:40:00,2011-05-22 13:40:00,236.04000000000002,3517,8766177.03399998,98.63813418314345,81.05554275178612
13187.0,236.02,1,95,2011-01-06 18:57:00,2011-01-06 18:57:00,236.02,3518,8766413.053999979,98.6407899100743,81.07858953675962
14375.0,235.56,1,184,2011-06-07 13:44:00,2011-06-07 13:44:00,235.56,3519,8766648.61399998,98.64344046102691,81.10163632173311
15850.0,234.88,2,298,2011-06-24 14:16:00,2011-11-20 14:14:00,117.44,3520,8766883.49399998,98.64608336053341,81.12468310670661
15462.0,234.6,3,172,2011-06-05 15:36:00,2011-09-06 13:11:00,78.2,3521,8767118.09399998,98.64872310944442,81.14772989168011
14473.0,234.34000000000003,2,88,2011-03-02 13:56:00,2011-09-26 15:10:00,117.17000000000002,3522,8767352.43399998,98.65135993280254,81.17077667665362
17060.0,234.24,1,216,2011-03-18 13:27:00,2011-03-18 13:27:00,234.24,3523,8767586.67399998,98.65399563094796,81.1938234616271
16961.0,234.17,1,125,2011-08-15 13:46:00,2011-08-15 13:46:00,234.17,3524,8767820.84399998,98.65663054144453,81.2168702466006
12736.0,234.0,1,173,2011-01-11 07:57:00,2011-01-11 07:57:00,234.0,3525,8768054.84399998,98.65926353907956,81.2399170315741
13348.0,233.76,1,136,2011-10-06 17:28:00,2011-10-06 17:28:00,233.76,3526,8768288.60399998,98.66189383620421,81.2629638165476
16583.0,233.45,1,111,2010-12-01 12:03:00,2010-12-01 12:03:00,233.45,3527,8768522.053999979,98.66452064516959,81.28601060152108
16302.0,233.22,1,158,2011-08-05 09:44:00,2011-08-05 09:44:00,233.22,3528,8768755.27399998,98.66714486614585,81.30905738649459
13678.0,232.6,1,924,2011-07-11 10:14:00,2011-07-11 10:14:00,232.6,3529,8768987.87399998,98.66976211080359,81.33210417146807
18213.0,232.48000000000002,1,232,2011-04-17 10:21:00,2011-04-17 10:21:00,232.48000000000002,3530,8769220.35399998,98.67237800520613,81.35515095644158
16117.0,232.21,1,130,2011-06-03 11:42:00,2011-06-03 11:42:00,232.21,3531,8769452.56399998,98.67499086153448,81.37819774141506
17908.0,232.03,1,169,2010-12-01 11:45:00,2010-12-01 11:45:00,232.03,3532,8769684.59399998,98.67760169248002,81.40124452638857
14995.0,231.98000000000002,2,102,2011-03-04 13:14:00,2011-11-01 11:39:00,115.99000000000001,3533,8769916.57399998,98.68021196081924,81.42429131136207
15393.0,231.86,2,150,2011-03-03 16:58:00,2011-11-23 16:48:00,115.93,3534,8770148.43399998,98.68282087890326,81.44733809633557
17111.0,231.61,1,282,2011-10-23 15:59:00,2011-10-23 15:59:00,231.61,3535,8770380.04399998,98.68542698395561,81.47038488130906
16641.0,231.10000000000002,1,256,2011-08-26 12:49:00,2011-08-26 12:49:00,231.10000000000002,3536,8770611.143999979,98.68802735042337,81.49343166628256
18030.0,230.64999999999998,2,67,2011-10-28 13:55:00,2011-12-05 16:37:00,115.32499999999999,3537,8770841.79399998,98.69062265343415,81.51647845125605
16445.0,230.51,1,111,2011-11-06 12:32:00,2011-11-06 12:32:00,230.51,3538,8771072.303999979,98.69321638114718,81.53952523622955
17125.0,230.5,1,281,2011-10-20 14:41:00,2011-10-20 14:41:00,230.5,3539,8771302.803999979,98.69580999633897,81.56257202120304
13786.0,230.39999999999998,1,136,2010-12-07 13:53:00,2010-12-07 13:53:00,230.39999999999998,3540,8771533.20399998,98.69840248631809,81.58561880617654
16926.0,230.25,1,35,2010-12-03 13:42:00,2010-12-03 13:42:00,230.25,3541,8771763.45399998,98.7009932884782,81.60866559115003
13960.0,230.22,2,142,2011-09-29 12:39:00,2011-11-18 15:27:00,115.11,3542,8771993.67399998,98.70358375307453,81.63171237612353
12812.0,229.64000000000001,1,164,2011-10-26 09:54:00,2011-10-26 09:54:00,229.64000000000001,3543,8772223.31399998,98.7061676914374,81.65475916109702
13008.0,229.46999999999997,1,175,2011-01-20 14:24:00,2011-01-20 14:24:00,229.46999999999997,3544,8772452.783999981,98.70874971693875,81.67780594607052
15528.0,229.33,1,123,2011-03-30 16:14:00,2011-03-30 16:14:00,229.33,3545,8772682.113999981,98.71133016714235,81.70085273104402
14793.0,228.99,1,91,2011-11-18 14:50:00,2011-11-18 14:50:00,228.99,3546,8772911.103999982,98.71390679162289,81.72389951601751
17347.0,228.96,1,216,2011-09-14 13:12:00,2011-09-14 13:12:00,228.96,3547,8773140.063999983,98.71648307853965,81.74694630099101
13146.0,228.91,1,154,2011-11-13 15:29:00,2011-11-13 15:29:00,228.91,3548,8773368.973999983,98.71905880285007,81.76999308596451
13712.0,228.84,1,352,2011-04-07 12:33:00,2011-04-07 12:33:00,228.84,3549,8773597.813999983,98.72163373951162,81.793039870938
13070.0,228.8,1,110,2011-05-31 13:45:00,2011-05-31 13:45:00,228.8,3550,8773826.613999983,98.72420822608811,81.8160866559115
17969.0,228.2,2,152,2010-12-13 15:34:00,2011-06-26 13:00:00,114.1,3551,8774054.813999983,98.7267759613886,81.83913344088499
16527.0,228.06,1,106,2011-09-19 16:21:00,2011-09-19 16:21:00,228.06,3552,8774282.873999983,98.72934212139137,81.8621802258585
14569.0,227.39,1,79,2011-12-08 14:58:00,2011-12-08 14:58:00,227.39,3553,8774510.263999984,98.73190074246928,81.88522701083198
17212.0,226.85,1,147,2011-03-31 19:42:00,2011-03-31 19:42:00,226.85,3554,8774737.113999983,98.73445328739881,81.90827379580548
13474.0,226.84,1,129,2011-04-17 13:53:00,2011-04-17 13:53:00,226.84,3555,8774963.953999983,98.73700571980706,81.93132058077897
17572.0,226.75000000000003,4,95,2010-12-01 12:51:00,2011-09-29 17:53:00,56.68750000000001,3556,8775190.703999983,98.73955713952392,81.95436736575247
18005.0,226.47,2,86,2011-10-23 14:40:00,2011-12-06 11:51:00,113.235,3557,8775417.173999984,98.74210540864533,81.97741415072596
17860.0,226.45000000000002,1,93,2010-12-06 12:41:00,2010-12-06 12:41:00,226.45000000000002,3558,8775643.623999983,98.74465345272418,82.00046093569946
16315.0,226.37,1,75,2011-01-13 11:57:00,2011-01-13 11:57:00,226.37,3559,8775869.993999982,98.74720059663291,82.02350772067297
16619.0,226.21,1,133,2011-03-21 08:18:00,2011-03-21 08:18:00,226.21,3560,8776096.203999983,98.7497459402014,82.04655450564647
17789.0,225.9,1,74,2011-03-03 13:14:00,2011-03-03 13:14:00,225.9,3561,8776322.103999984,98.7522877956106,82.06960129061996
12672.0,225.89999999999998,1,78,2011-01-14 09:20:00,2011-01-14 09:20:00,225.89999999999998,3562,8776548.003999984,98.75482965101982,82.09264807559346
14624.0,225.85,2,162,2011-10-11 14:39:00,2011-10-13 13:44:00,112.925,3563,8776773.853999984,98.75737094382269,82.11569486056695
12402.0,225.6,1,94,2011-01-20 13:49:00,2011-01-20 13:49:00,225.6,3564,8776999.453999983,98.75990942359391,82.13874164554045
16690.0,225.57999999999998,2,138,2011-05-22 10:53:00,2011-09-28 15:02:00,112.78999999999999,3565,8777225.033999983,98.7624476783226,82.16178843051394
14052.0,225.36,1,89,2011-11-20 12:30:00,2011-11-20 12:30:00,225.36,3566,8777450.393999983,98.76498345758341,82.18483521548744
15483.0,225.26,4,291,2011-03-18 12:26:00,2011-07-01 13:07:00,56.315,3567,8777675.653999982,98.76751811163156,82.20788200046094
16587.0,225.15,1,71,2011-04-21 15:51:00,2011-04-21 15:51:00,225.15,3568,8777900.803999983,98.7700515279458,82.23092878543443
14357.0,225.12,1,147,2011-10-27 16:23:00,2011-10-27 16:23:00,225.12,3569,8778125.923999982,98.77258460669621,82.25397557040793
17171.0,224.91,1,185,2011-02-23 16:37:00,2011-02-23 16:37:00,224.91,3570,8778350.833999982,98.77511532250006,82.27702235538142
15175.0,224.14,1,454,2011-09-29 11:31:00,2011-09-29 11:31:00,224.14,3571,8778574.973999983,98.77763737416637,82.30006914035492
16471.0,223.95000000000002,1,141,2011-03-10 09:41:00,2011-03-10 09:41:00,223.95000000000002,3572,8778798.923999982,98.78015728792862,82.32311592532841
16753.0,223.92000000000002,1,189,2011-10-12 13:14:00,2011-10-12 13:14:00,223.92000000000002,3573,8779022.843999982,98.78267686412705,82.34616271030191
14929.0,223.88,1,136,2011-11-07 17:21:00,2011-11-07 17:21:00,223.88,3574,8779246.723999983,98.78519599024045,82.36920949527541
13926.0,223.85000000000002,1,104,2011-11-16 13:16:00,2011-11-16 13:16:00,223.85000000000002,3575,8779470.573999982,98.78771477879005,82.39225628024892
17534.0,223.36,1,103,2011-10-17 12:47:00,2011-10-17 12:47:00,223.36,3576,8779693.933999982,98.79022805379756,82.4153030652224
15637.0,223.36,1,128,2011-10-18 08:28:00,2011-10-18 08:28:00,223.36,3577,8779917.293999981,98.79274132880509,82.4383498501959
13382.0,222.99,1,131,2011-03-04 10:03:00,2011-03-04 10:03:00,222.99,3578,8780140.283999981,98.79525044052576,82.4613966351694
16777.0,222.62,2,62,2011-03-27 14:34:00,2011-09-20 13:41:00,111.31,3579,8780362.90399998,98.79775538895957,82.4844434201429
18101.0,222.4,2,87,2011-07-19 13:05:00,2011-11-28 13:37:00,111.2,3580,8780585.30399998,98.80025786192552,82.50749020511638
14598.0,221.97,1,189,2011-10-26 13:19:00,2011-10-26 13:19:00,221.97,3581,8780807.273999982,98.80275549647702,82.53053699008989
14960.0,221.27,2,221,2011-06-21 13:38:00,2011-12-01 12:54:00,110.635,3582,8781028.543999981,98.80524525453987,82.55358377506337
13419.0,221.06,1,275,2011-10-07 12:49:00,2011-10-07 12:49:00,221.06,3583,8781249.603999982,98.80773264965612,82.57663056003688
16482.0,220.62,1,346,2011-11-24 12:33:00,2011-11-24 12:33:00,220.62,3584,8781470.22399998,98.81021509383663,82.59967734501036
13079.0,220.10000000000002,5,62,2011-07-22 14:41:00,2011-12-05 16:53:00,44.02,3585,8781690.32399998,98.8126916869113,82.62272412998387
18114.0,220.1,1,55,2011-02-22 13:20:00,2011-02-22 13:20:00,220.1,3586,8781910.42399998,98.81516827998595,82.64577091495737
13600.0,219.52,1,324,2011-01-31 15:27:00,2011-01-31 15:27:00,219.52,3587,8782129.94399998,98.81763834682717,82.66881769993087
15096.0,219.39000000000001,1,120,2011-10-28 10:27:00,2011-10-28 10:27:00,219.39000000000001,3588,8782349.33399998,98.82010695089191,82.69186448490436
12702.0,219.0,1,53,2011-11-20 10:36:00,2011-11-20 10:36:00,219.0,3589,8782568.33399998,98.82257116662728,82.71491126987786
15790.0,218.75,1,113,2011-11-29 14:53:00,2011-11-29 14:53:00,218.75,3590,8782787.08399998,98.82503256933097,82.73795805485135
13669.0,218.55,2,237,2011-07-13 11:44:00,2011-10-20 09:32:00,109.275,3591,8783005.633999981,98.82749172160935,82.76100483982485
12574.0,218.45,1,61,2011-01-28 09:20:00,2011-01-28 09:20:00,218.45,3592,8783224.08399998,98.82994974867503,82.78405162479834
15724.0,218.25,2,73,2011-02-28 10:40:00,2011-05-22 14:40:00,109.125,3593,8783442.33399998,98.83240552531541,82.80709840977184
14570.0,218.06,2,95,2011-03-04 10:39:00,2011-03-04 10:58:00,109.03,3594,8783660.39399998,98.83485916405174,82.83014519474533
16634.0,217.9,2,82,2010-12-02 17:41:00,2011-05-01 12:09:00,108.95,3595,8783878.293999981,98.83731100244778,82.85319197971883
16392.0,217.89,1,201,2011-03-15 12:11:00,2011-03-15 12:11:00,217.89,3596,8784096.183999982,98.83976272832257,82.87623876469232
15554.0,217.2,1,74,2011-03-07 09:00:00,2011-03-07 09:00:00,217.2,3597,8784313.383999981,98.84220669022996,82.89928554966582
16080.0,217.16,2,128,2011-03-10 14:44:00,2011-09-19 10:42:00,108.58,3598,8784530.543999981,98.84465020205229,82.92233233463932
13739.0,216.9,1,54,2011-11-21 13:35:00,2011-11-21 13:35:00,216.9,3599,8784747.443999982,98.8470907883217,82.94537911961282
13503.0,216.85,1,248,2011-09-29 13:23:00,2011-09-29 13:23:00,216.85,3600,8784964.293999981,98.84953081198475,82.96842590458631
12897.0,216.5,2,110,2011-02-11 11:40:00,2011-05-19 12:13:00,108.25,3601,8785180.793999981,98.8519668974035,82.99147268955981
15604.0,216.39,1,159,2011-10-18 14:47:00,2011-10-18 14:47:00,216.39,3602,8785397.183999982,98.85440174508831,83.0145194745333
17436.0,216.29999999999998,2,90,2011-04-27 11:33:00,2011-12-08 12:30:00,108.14999999999999,3603,8785613.483999982,98.85683558008175,83.0375662595068
14104.0,216.20999999999998,2,72,2011-06-27 12:49:00,2011-07-08 12:50:00,108.10499999999999,3604,8785829.693999983,98.85926840238378,83.06061304448029
13858.0,216.17,1,75,2011-10-13 16:17:00,2011-10-13 16:17:00,216.17,3605,8786045.863999983,98.86170077460072,83.0836598294538
18212.0,216.07,1,92,2011-01-17 16:14:00,2011-01-17 16:14:00,216.07,3606,8786261.933999984,98.86413202160502,83.10670661442728
16179.0,215.83,1,99,2011-10-10 09:41:00,2011-10-10 09:41:00,215.83,3607,8786477.763999984,98.8665605680989,83.12975339940078
17580.0,215.72,3,88,2010-12-16 15:27:00,2011-04-01 12:41:00,71.90666666666667,3608,8786693.483999984,98.86898787685887,83.15280018437427
16189.0,215.48,2,134,2011-09-15 15:21:00,2011-11-24 11:47:00,107.74,3609,8786908.963999985,98.87141248510844,83.17584696934777
16190.0,215.08,1,88,2011-10-30 15:59:00,2011-10-30 15:59:00,215.08,3610,8787124.043999985,98.87383259250736,83.19889375432126
16519.0,215.07999999999998,2,54,2010-12-09 14:08:00,2011-11-14 15:41:00,107.53999999999999,3611,8787339.123999985,98.87625269990625,83.22194053929476
12831.0,215.05,1,135,2011-03-22 13:02:00,2011-03-22 13:02:00,215.05,3612,8787554.173999986,98.87867246974137,83.24498732426827
12588.0,214.89999999999998,1,53,2011-10-31 15:01:00,2011-10-31 15:01:00,214.89999999999998,3613,8787769.073999986,98.8810905517575,83.26803410924177
16338.0,214.79999999999998,1,94,2011-07-05 13:56:00,2011-07-05 13:56:00,214.79999999999998,3614,8787983.873999987,98.88350750856094,83.29108089421526
17619.0,214.37,1,124,2011-01-31 14:18:00,2011-01-31 14:18:00,214.37,3615,8788198.243999986,98.88591962694991,83.31412767918876
16846.0,214.32,1,135,2011-10-20 13:55:00,2011-10-20 13:55:00,214.32,3616,8788412.563999986,98.88833118273259,83.33717446416225
15460.0,214.26,1,107,2010-12-20 16:08:00,2010-12-20 16:08:00,214.26,3617,8788626.823999986,98.89074206338763,83.36022124913575
16647.0,214.06,2,146,2011-05-19 09:31:00,2011-06-23 11:47:00,107.03,3618,8788840.883999987,98.89315069361737,83.38326803410924
14601.0,213.96,1,168,2011-11-29 09:48:00,2011-11-29 09:48:00,213.96,3619,8789054.843999987,98.89555819863443,83.40631481908274
13621.0,213.85,1,343,2011-08-15 08:26:00,2011-08-15 08:26:00,213.85,3620,8789268.693999987,98.89796446591757,83.42936160405623
17153.0,213.78,1,104,2011-11-15 13:42:00,2011-11-15 13:42:00,213.78,3621,8789482.473999986,98.90036994555183,83.45240838902973
14241.0,213.70000000000002,1,146,2011-06-09 11:46:00,2011-06-09 11:46:00,213.70000000000002,3622,8789696.173999986,98.90277452501596,83.47545517400322
13411.0,213.55,1,72,2011-08-24 13:57:00,2011-08-24 13:57:00,213.55,3623,8789909.723999986,98.9051774166611,83.49850195897672
16591.0,213.5,1,41,2011-10-02 10:43:00,2011-10-02 10:43:00,213.5,3624,8790123.223999986,98.90757974569992,83.52154874395022
15540.0,213.3,1,200,2011-11-28 13:51:00,2011-11-28 13:51:00,213.3,3625,8790336.523999987,98.9099798243134,83.54459552892372
17928.0,212.54,2,140,2011-04-07 18:03:00,2011-10-25 13:52:00,106.27,3626,8790549.063999986,98.91237135131061,83.56764231389721
15866.0,211.89,1,124,2011-08-30 14:09:00,2011-08-30 14:09:00,211.89,3627,8790760.953999987,98.91475556442553,83.59068909887071
16017.0,211.88,1,102,2011-10-23 12:56:00,2011-10-23 12:56:00,211.88,3628,8790972.833999988,98.91713966501918,83.61373588384421
16356.0,211.77,3,93,2011-03-07 12:31:00,2011-05-26 11:51:00,70.59,3629,8791184.603999987,98.91952252787888,83.6367826688177
16411.0,211.7,2,131,2010-12-05 13:26:00,2011-11-20 13:23:00,105.85,3630,8791396.303999986,98.92190460308973,83.6598294537912
15703.0,211.5,1,66,2011-03-20 10:51:00,2011-03-20 10:51:00,211.5,3631,8791607.803999986,98.92428442787524,83.68287623876469
13271.0,211.49,1,240,2011-11-02 14:31:00,2011-11-02 14:31:00,211.49,3632,8791819.293999987,98.92666414013948,83.7059230237382
12995.0,211.32,1,108,2011-09-15 15:44:00,2011-09-15 15:44:00,211.32,3633,8792030.613999987,98.92904193954222,83.72896980871168
13532.0,210.31,1,129,2011-11-06 12:25:00,2011-11-06 12:25:00,210.31,3634,8792240.923999988,98.93140837429702,83.75201659368518
13828.0,209.49,1,311,2011-11-17 16:02:00,2011-11-17 16:02:00,209.49,3635,8792450.413999988,98.93376558230798,83.77506337865867
17855.0,208.97,1,197,2010-12-02 09:44:00,2010-12-02 09:44:00,208.97,3636,8792659.383999988,98.93611693921311,83.79811016363217
15327.0,208.75,1,116,2011-10-18 11:55:00,2011-10-18 11:55:00,208.75,3637,8792868.133999988,98.93846582065035,83.82115694860566
17514.0,208.65,1,135,2011-08-03 15:45:00,2011-08-03 15:45:00,208.65,3638,8793076.783999989,98.94081357687492,83.84420373357916
15897.0,208.59,2,223,2011-05-29 13:32:00,2011-05-29 13:50:00,104.295,3639,8793285.373999989,98.9431606579719,83.86725051855267
16457.0,208.36,1,140,2011-05-05 13:19:00,2011-05-05 13:19:00,208.36,3640,8793493.733999988,98.94550515107974,83.89029730352617
12547.0,207.79999999999998,2,134,2011-03-04 12:46:00,2011-05-26 12:38:00,103.89999999999999,3641,8793701.533999989,98.94784334299668,83.91334408849966
18191.0,207.79999999999998,1,140,2011-03-23 12:08:00,2011-03-23 12:08:00,207.79999999999998,3642,8793909.33399999,98.95018153491361,83.93639087347316
16866.0,207.73999999999998,3,60,2011-07-01 12:34:00,2011-07-22 10:06:00,69.24666666666666,3643,8794117.07399999,98.95251905170295,83.95943765844665
15052.0,207.73000000000002,1,79,2011-01-24 15:52:00,2011-01-24 15:52:00,207.73000000000002,3644,8794324.80399999,98.95485645597101,83.98248444342015
16323.0,207.50000000000003,1,50,2011-05-27 14:48:00,2011-05-27 14:48:00,207.50000000000003,3645,8794532.30399999,98.95719127224994,84.00553122839364
17923.0,207.50000000000003,1,50,2011-03-02 15:15:00,2011-03-02 15:15:00,207.50000000000003,3646,8794739.80399999,98.95952608852888,84.02857801336714
16752.0,207.5,1,54,2010-12-02 12:18:00,2010-12-02 12:18:00,207.5,3647,8794947.30399999,98.96186090480782,84.05162479834063
13099.0,207.35999999999999,1,288,2011-09-01 17:40:00,2011-09-01 17:40:00,207.35999999999999,3648,8795154.66399999,98.96419414578901,84.07467158331413
15925.0,207.15,1,93,2011-05-29 15:35:00,2011-05-29 15:35:00,207.15,3649,8795361.81399999,98.96652502382362,84.09771836828762
15820.0,206.98,1,128,2011-01-24 12:00:00,2011-01-24 12:00:00,206.98,3650,8795568.79399999,98.96885398899671,84.12076515326112
17166.0,206.34,2,78,2011-05-20 08:18:00,2011-11-01 09:46:00,103.17,3651,8795775.13399999,98.97117575280873,84.14381193823462
14964.0,206.21,1,143,2011-04-06 14:13:00,2011-04-06 14:13:00,206.21,3652,8795981.343999991,98.9734960538443,84.16685872320812
13065.0,205.86,1,74,2010-12-01 16:52:00,2010-12-01 16:52:00,205.86,3653,8796187.20399999,98.97581241663553,84.18990550818161
17670.0,205.7,1,110,2011-04-26 09:12:00,2011-04-26 09:12:00,205.7,3654,8796392.90399999,98.9781269790865,84.21295229315511
17843.0,205.48,1,113,2011-02-09 15:33:00,2011-02-09 15:33:00,205.48,3655,8796598.38399999,98.98043906606961,84.2359990781286
15307.0,205.3,1,37,2011-09-05 11:38:00,2011-09-05 11:38:00,205.3,3656,8796803.683999991,98.98274912766993,84.2590458631021
15758.0,205.25,1,47,2011-11-15 10:48:00,2011-11-15 10:48:00,205.25,3657,8797008.933999991,98.98505862666391,84.28209264807559
13513.0,205.1,1,109,2011-08-05 11:50:00,2011-08-05 11:50:00,205.1,3658,8797214.03399999,98.9873664378389,84.30513943304909
15319.0,204.5,1,175,2011-03-01 12:48:00,2011-03-01 12:48:00,204.5,3659,8797418.53399999,98.9896674977379,84.32818621802258
17206.0,204.24,1,76,2011-10-17 13:25:00,2011-10-17 13:25:00,204.24,3660,8797622.77399999,98.99196563208396,84.35123300299608
13017.0,204.0,1,48,2011-12-02 15:53:00,2011-12-02 15:53:00,204.0,3661,8797826.77399999,98.99426106591964,84.37427978796957
18273.0,204.0,3,80,2011-03-27 11:22:00,2011-12-07 13:16:00,68.0,3662,8798030.77399999,98.99655649975531,84.39732657294307
17187.0,203.95,1,144,2011-04-27 12:39:00,2011-04-27 12:39:00,203.95,3663,8798234.72399999,98.99885137098465,84.42037335791656
17394.0,203.86999999999998,1,241,2011-05-04 13:22:00,2011-05-04 13:22:00,203.86999999999998,3664,8798438.59399999,99.00114534204386,84.44342014289006
17891.0,203.85999999999999,1,393,2011-06-30 20:08:00,2011-06-30 20:08:00,203.85999999999999,3665,8798642.453999989,99.0034392005818,84.46646692786356
17376.0,203.2,2,86,2011-02-01 14:12:00,2011-09-30 12:36:00,101.6,3666,8798845.653999988,99.00572563271615,84.48951371283707
14381.0,202.68,1,146,2011-10-18 17:10:00,2011-10-18 17:10:00,202.68,3667,8799048.333999988,99.00800621374464,84.51256049781055
18169.0,202.65,1,61,2011-10-10 12:18:00,2011-10-10 12:18:00,202.65,3668,8799250.983999988,99.01028645720935,84.53560728278406
14984.0,202.37,2,58,2011-06-12 11:04:00,2011-11-20 14:28:00,101.185,3669,8799453.353999987,99.01256355007858,84.55865406775754
16895.0,202.27,1,91,2011-10-06 12:15:00,2011-10-06 12:15:00,202.27,3670,8799655.623999987,99.01483951773515,84.58170085273105
14385.0,202.11,3,159,2011-11-16 11:55:00,2011-11-30 15:36:00,67.37,3671,8799857.733999986,99.01711368505146,84.60474763770453
13428.0,201.78,1,151,2011-11-29 14:20:00,2011-11-29 14:20:00,201.78,3672,8800059.513999986,99.01938413916598,84.62779442267804
15347.0,201.60000000000002,1,130,2010-12-08 15:25:00,2010-12-08 15:25:00,201.60000000000002,3673,8800261.113999985,99.0216525678977,84.65084120765152
17889.0,201.37,2,77,2011-01-21 17:14:00,2011-05-11 16:26:00,100.685,3674,8800462.483999984,99.02391840864028,84.67388799262503
13295.0,201.20000000000002,1,82,2010-12-15 11:21:00,2010-12-15 11:21:00,201.20000000000002,3675,8800663.683999984,99.02618233652134,84.69693477759851
16965.0,201.19,1,291,2011-04-27 12:08:00,2011-04-27 12:08:00,201.19,3676,8800864.873999983,99.02844615188114,84.71998156257202
13284.0,201.19,1,91,2011-01-13 09:23:00,2011-01-13 09:23:00,201.19,3677,8801066.063999983,99.03070996724094,84.74302834754552
13859.0,201.16,1,129,2011-01-17 16:14:00,2011-01-17 16:14:00,201.16,3678,8801267.223999983,99.03297344503694,84.76607513251902
17988.0,201.12,7,43,2011-01-17 11:59:00,2011-11-28 11:00:00,28.731428571428573,3679,8801468.343999982,99.03523647274787,84.78912191749251
18126.0,200.92000000000002,1,135,2011-10-10 12:19:00,2011-10-10 12:19:00,200.92000000000002,3680,8801669.263999982,99.03749725003348,84.81216870246601
17693.0,200.47,1,231,2011-07-25 15:48:00,2011-07-25 15:48:00,200.47,3681,8801869.733999982,99.0397529638621,84.8352154874395
13262.0,200.29,1,125,2011-03-21 15:06:00,2011-03-21 15:06:00,200.29,3682,8802070.023999982,99.04200665230792,84.858262272413
16415.0,200.27,1,178,2011-10-26 13:35:00,2011-10-26 13:35:00,200.27,3683,8802270.293999981,99.0442601157112,84.88130905738649
15437.0,200.16,1,79,2011-03-22 13:11:00,2011-03-22 13:11:00,200.16,3684,8802470.453999981,99.04651234138055,84.90435584235999
13980.0,200.14,1,172,2011-10-10 13:34:00,2011-10-10 13:34:00,200.14,3685,8802670.593999982,99.04876434200737,84.92740262733348
14782.0,200.10000000000002,1,114,2011-01-24 11:12:00,2011-01-24 11:12:00,200.10000000000002,3686,8802870.693999982,99.05101589254913,84.95044941230698
13723.0,199.85000000000002,1,43,2011-05-06 17:04:00,2011-05-06 17:04:00,199.85000000000002,3687,8803070.543999981,99.05326463005922,84.97349619728048
15593.0,199.8,1,60,2011-09-30 11:46:00,2011-09-30 11:46:00,199.8,3688,8803270.343999982,99.055512804963,84.99654298225397
13322.0,199.48000000000002,1,117,2011-11-22 14:21:00,2011-11-22 14:21:00,199.48000000000002,3689,8803469.823999982,99.05775737918624,85.01958976722747
16832.0,199.15,3,33,2011-05-06 14:12:00,2011-06-08 15:36:00,66.38333333333334,3690,8803668.973999983,99.05999824020769,85.04263655220097
18110.0,198.8,1,72,2011-11-20 12:34:00,2011-11-20 12:34:00,198.8,3691,8803867.773999983,99.06223516298482,85.06568333717446
17987.0,198.57,1,261,2011-06-07 14:22:00,2011-06-07 14:22:00,198.57,3692,8804066.343999984,99.0644694977728,85.08873012214796
16178.0,197.9,1,94,2011-07-24 16:05:00,2011-07-24 16:05:00,197.9,3693,8804264.243999984,99.06669629363596,85.11177690712147
12450.0,197.88,2,128,2011-06-19 14:36:00,2011-07-06 14:41:00,98.94,3694,8804462.123999985,99.06892286445657,85.13482369209495
12581.0,197.71,1,161,2011-10-31 08:56:00,2011-10-31 08:56:00,197.71,3695,8804659.833999986,99.07114752241564,85.15787047706846
14185.0,197.65,1,6,2011-01-12 13:52:00,2011-01-12 13:52:00,197.65,3696,8804857.483999986,99.07337150524714,85.18091726204194
14789.0,197.64,1,116,2011-11-11 08:59:00,2011-11-11 08:59:00,197.64,3697,8805055.123999987,99.07559537555734,85.20396404701545
16829.0,197.22,1,99,2011-07-06 10:48:00,2011-07-06 10:48:00,197.22,3698,8805252.343999987,99.07781451997437,85.22701083198893
15234.0,197.0,1,196,2011-03-08 08:53:00,2011-03-08 08:53:00,197.0,3699,8805449.343999987,99.08003118892353,85.25005761696244
12586.0,196.94000000000003,1,79,2011-11-22 16:24:00,2011-11-22 16:24:00,196.94000000000003,3700,8805646.283999987,99.08224718274509,85.27310440193592
13436.0,196.89,1,76,2011-12-08 10:33:00,2011-12-08 10:33:00,196.89,3701,8805843.173999988,99.08446261396033,85.29615118690943
15746.0,196.88,1,178,2011-07-28 15:21:00,2011-07-28 15:21:00,196.88,3702,8806040.053999988,99.08667793265428,85.31919797188291
13978.0,196.79000000000002,2,315,2011-10-25 15:04:00,2011-11-25 11:36:00,98.39500000000001,3703,8806236.843999987,99.08889223865684,85.34224475685642
16112.0,195.73999999999998,4,574,2011-01-05 11:47:00,2011-07-19 14:28:00,48.934999999999995,3704,8806432.583999988,99.09109472992643,85.36529154182992
13792.0,195.55,2,92,2011-02-25 14:03:00,2011-10-04 14:31:00,97.775,3705,8806628.133999988,99.09329508329195,85.38833832680342
17010.0,195.36,1,118,2011-11-21 14:49:00,2011-11-21 14:49:00,195.36,3706,8806823.493999988,99.0954932987534,85.41138511177691
14666.0,195.25,1,161,2011-11-15 12:57:00,2011-11-15 12:57:00,195.25,3707,8807018.743999988,99.09769027648093,85.43443189675041
15612.0,195.15,2,52,2011-10-09 12:49:00,2011-11-03 14:52:00,97.575,3708,8807213.893999988,99.09988612899579,85.4574786817239
17475.0,194.37,1,178,2011-09-21 14:55:00,2011-09-21 14:55:00,194.37,3709,8807408.263999987,99.10207320485188,85.4805254666974
15683.0,193.75,1,131,2011-08-14 12:56:00,2011-08-14 12:56:00,193.75,3710,8807602.013999987,99.10425330438943,85.50357225167089
17343.0,193.64,1,56,2010-12-19 15:07:00,2010-12-19 15:07:00,193.64,3711,8807795.653999988,99.10643216619306,85.52661903664439
15198.0,193.64,2,120,2011-08-07 15:16:00,2011-09-08 14:42:00,96.82,3712,8807989.293999989,99.1086110279967,85.54966582161788
16847.0,193.44,1,78,2011-10-27 13:29:00,2011-10-27 13:29:00,193.44,3713,8808182.733999988,99.11078763937499,85.57271260659138
14806.0,193.39000000000001,1,330,2011-09-25 15:32:00,2011-09-25 15:32:00,193.39000000000001,3714,8808376.123999989,99.11296368814696,85.59575939156487
17383.0,193.39000000000001,1,148,2011-12-05 17:36:00,2011-12-05 17:36:00,193.39000000000001,3715,8808569.51399999,99.11513973691893,85.61880617653837
14476.0,193.0,1,110,2011-03-27 15:39:00,2011-03-27 15:39:00,193.0,3716,8808762.51399999,99.1173113973615,85.64185296151187
12522.0,192.72,2,194,2011-10-19 14:41:00,2011-10-31 15:30:00,96.36,3717,8808955.23399999,99.11947990720863,85.66489974648536
12791.0,192.60000000000002,1,97,2010-12-01 11:27:00,2010-12-01 11:27:00,192.60000000000002,3718,8809147.83399999,99.12164706680055,85.68794653145886
14768.0,192.60000000000002,2,52,2011-08-04 13:25:00,2011-11-22 12:54:00,96.30000000000001,3719,8809340.43399999,99.12381422639245,85.71099331643236
16887.0,192.32999999999998,1,156,2011-11-04 14:07:00,2011-11-04 14:07:00,192.32999999999998,3720,8809532.76399999,99.12597834791018,85.73404010140585
17608.0,191.99,2,229,2011-11-06 13:00:00,2011-11-06 13:06:00,95.995,3721,8809724.75399999,99.12813864370484,85.75708688637935
14100.0,191.95000000000002,1,63,2011-07-25 11:01:00,2011-07-25 11:01:00,191.95000000000002,3722,8809916.703999989,99.13029848941444,85.78013367135284
15909.0,191.94,1,98,2011-06-19 10:38:00,2011-06-19 10:38:00,191.94,3723,8810108.643999988,99.13245822260276,85.80318045632634
14087.0,191.47,1,250,2011-12-07 12:41:00,2011-12-07 12:41:00,191.47,3724,8810300.113999989,99.13461266729158,85.82622724129983
15692.0,191.04,1,138,2011-11-11 14:12:00,2011-11-11 14:12:00,191.04,3725,8810491.153999988,99.13676227356592,85.84927402627333
17233.0,190.88,1,131,2011-11-04 14:06:00,2011-11-04 14:06:00,190.88,3726,8810682.033999989,99.13891007950001,85.87232081124682
15723.0,190.7,1,73,2010-12-10 11:12:00,2010-12-10 11:12:00,190.7,3727,8810872.733999988,99.1410558600513,85.89536759622032
13033.0,190.55,1,83,2010-12-17 14:23:00,2010-12-17 14:23:00,190.55,3728,8811063.283999989,99.1431999527836,85.91841438119381
15412.0,190.53,1,108,2011-06-21 15:24:00,2011-06-21 15:24:00,190.53,3729,8811253.813999988,99.14534382047336,85.94146116616731
13972.0,190.25,2,187,2011-05-22 11:34:00,2011-09-30 11:54:00,95.125,3730,8811444.063999988,99.14748453756765,85.96450795114082
12361.0,189.9,1,91,2011-02-25 13:51:00,2011-02-25 13:51:00,189.9,3731,8811633.963999989,99.14962131641762,85.98755473611432
13826.0,189.5,1,82,2011-06-16 13:48:00,2011-06-16 13:48:00,189.5,3732,8811823.463999989,99.15175359441695,86.0106015210878
13663.0,189.47,1,91,2011-06-13 15:44:00,2011-06-13 15:44:00,189.47,3733,8812012.93399999,99.15388553485246,86.03364830606131
14801.0,189.34,1,173,2011-10-09 15:24:00,2011-10-09 15:24:00,189.34,3734,8812202.273999989,99.15601601251151,86.0566950910348
14830.0,188.88,1,164,2011-10-17 14:29:00,2011-10-17 14:29:00,188.88,3735,8812391.15399999,99.15814131419232,86.0797418760083
14697.0,188.60999999999999,2,181,2011-05-05 15:29:00,2011-05-05 15:39:00,94.30499999999999,3736,8812579.76399999,99.16026357779891,86.10278866098179
17781.0,188.02,2,34,2011-03-31 19:54:00,2011-07-03 16:00:00,94.01,3737,8812767.783999989,99.1623792026508,86.12583544595529
17279.0,187.82999999999998,1,48,2011-10-13 11:58:00,2011-10-13 11:58:00,187.82999999999998,3738,8812955.613999989,99.16449268959862,86.14888223092878
18013.0,187.29,2,285,2011-07-07 14:08:00,2011-07-07 14:11:00,93.645,3739,8813142.903999988,99.16660010039803,86.17192901590228
13568.0,187.05,1,66,2011-06-19 14:42:00,2011-06-19 14:42:00,187.05,3740,8813329.953999989,99.16870481068707,86.19497580087577
17440.0,186.42000000000002,3,246,2011-04-06 12:05:00,2011-07-06 11:54:00,62.14000000000001,3741,8813516.373999989,99.17080243213631,86.21802258584927
13672.0,186.39000000000001,2,57,2011-01-11 13:54:00,2011-02-11 13:53:00,93.19500000000001,3742,8813702.76399999,99.17289971602177,86.24106937082277
14551.0,186.23,2,106,2011-05-19 18:21:00,2011-11-21 13:36:00,93.115,3743,8813888.99399999,99.17499519956696,86.26411615579627
15567.0,186.01,1,223,2011-11-21 10:48:00,2011-11-21 10:48:00,186.01,3744,8814075.00399999,99.17708820764429,86.28716294076976
12641.0,185.9,1,72,2011-08-16 13:26:00,2011-08-16 13:26:00,185.9,3745,8814260.90399999,99.17917997798769,86.31020972574326
17574.0,185.65,1,77,2011-04-11 09:47:00,2011-04-11 09:47:00,185.65,3746,8814446.55399999,99.18126893529941,86.33325651071677
14199.0,185.39999999999998,1,28,2011-05-05 13:44:00,2011-05-05 13:44:00,185.39999999999998,3747,8814631.95399999,99.1833550795795,86.35630329569025
16097.0,185.04999999999998,1,87,2011-04-13 13:47:00,2011-04-13 13:47:00,185.04999999999998,3748,8814817.003999991,99.18543728561524,86.37935008066376
13482.0,184.64,1,116,2011-04-21 17:03:00,2011-04-21 17:03:00,184.64,3749,8815001.643999992,99.18751487827907,86.40239686563724
17680.0,184.4,1,96,2011-11-16 12:42:00,2011-11-16 12:42:00,184.4,3750,8815186.043999992,99.18958977043249,86.42544365061075
16433.0,184.26,1,106,2011-11-11 14:09:00,2011-11-11 14:09:00,184.26,3751,8815370.303999992,99.19166308728819,86.44849043558423
15124.0,184.19,2,233,2011-06-01 09:06:00,2011-11-17 10:09:00,92.095,3752,8815554.493999992,99.19373561649502,86.47153722055774
14326.0,183.85,1,103,2011-04-11 15:04:00,2011-04-11 15:04:00,183.85,3753,8815738.343999991,99.19580431997878,86.49458400553122
16914.0,183.76,1,112,2011-11-03 15:27:00,2011-11-03 15:27:00,183.76,3754,8815922.103999991,99.19787201077115,86.51763079050473
16680.0,183.7,1,94,2011-10-27 17:35:00,2011-10-27 17:35:00,183.7,3755,8816105.80399999,99.19993902643591,86.54067757547821
14059.0,183.6,1,128,2011-03-18 10:06:00,2011-03-18 10:06:00,183.6,3756,8816289.40399999,99.20200491688801,86.56372436045172
13460.0,183.44,2,286,2011-10-21 09:50:00,2011-11-10 17:17:00,91.72,3757,8816472.84399999,99.20406900699984,86.58677114542522
13059.0,183.4,1,35,2011-04-04 10:40:00,2011-04-04 10:40:00,183.4,3758,8816656.24399999,99.20613264702664,86.60981793039872
14966.0,183.02,1,179,2011-11-25 12:20:00,2011-11-25 12:20:00,183.02,3759,8816839.26399999,99.20819201124527,86.63286471537221
16448.0,182.99,1,76,2011-05-25 16:28:00,2011-05-25 16:28:00,182.99,3760,8817022.25399999,99.21025103790014,86.65591150034571
14082.0,182.25,1,110,2010-12-10 11:02:00,2010-12-10 11:02:00,182.25,3761,8817204.50399999,99.21230173798126,86.6789582853192
16594.0,181.09,1,64,2011-09-25 14:08:00,2011-09-25 14:08:00,181.09,3762,8817385.59399999,99.2143393855955,86.7020050702927
15886.0,181.09,1,147,2011-10-10 14:25:00,2011-10-10 14:25:00,181.09,3763,8817566.68399999,99.21637703320972,86.72505185526619
17904.0,181.07,1,59,2011-11-18 12:57:00,2011-11-18 12:57:00,181.07,3764,8817747.75399999,99.21841445578143,86.74809864023969
15945.0,181.0,1,52,2010-12-09 13:14:00,2010-12-09 13:14:00,181.0,3765,8817928.75399999,99.22045109070426,86.77114542521318
16835.0,180.85,2,61,2010-12-01 17:15:00,2011-08-03 13:50:00,90.425,3766,8818109.60399999,99.22248603780808,86.79419221018668
18119.0,180.7,1,124,2010-12-07 11:59:00,2010-12-07 11:59:00,180.7,3767,8818290.303999988,99.22451929709291,86.81723899516017
18280.0,180.60000000000002,1,45,2011-03-07 09:52:00,2011-03-07 09:52:00,180.60000000000002,3768,8818470.903999988,99.22655143116508,86.84028578013367
13710.0,180.48,1,176,2011-11-08 08:16:00,2011-11-08 08:16:00,180.48,3769,8818651.383999988,99.22858221498205,86.86333256510717
14722.0,180.42000000000002,1,118,2011-07-15 14:58:00,2011-07-15 14:58:00,180.42000000000002,3770,8818831.803999988,99.23061232367144,86.88637935008067
12622.0,180.1,1,69,2011-04-21 16:39:00,2011-04-21 16:39:00,180.1,3771,8819011.903999988,99.23263883168028,86.90942613505416
15041.0,179.93,1,103,2011-06-22 16:16:00,2011-06-22 16:16:00,179.93,3772,8819191.833999988,99.23466342682758,86.93247292002766
18147.0,179.33999999999997,2,203,2011-08-23 12:22:00,2011-10-25 11:46:00,89.66999999999999,3773,8819371.173999988,99.23668138322019,86.95551970500115
15895.0,179.17,1,94,2011-07-13 10:27:00,2011-07-13 10:27:00,179.17,3774,8819550.343999987,99.23869742675126,86.97856648997465
15454.0,179.1,1,86,2010-12-12 14:21:00,2010-12-12 14:21:00,179.1,3775,8819729.443999987,99.24071268263344,87.00161327494814
14705.0,179.0,1,100,2011-05-25 12:39:00,2011-05-25 12:39:00,179.0,3776,8819908.443999987,99.24272681330298,87.02466005992164
16990.0,179.0,1,100,2011-05-05 08:30:00,2011-05-05 08:30:00,179.0,3777,8820087.443999987,99.24474094397252,87.04770684489513
16620.0,178.96,2,88,2011-03-24 10:37:00,2011-12-06 12:19:00,89.48,3778,8820266.403999988,99.24675462455701,87.07075362986863
15139.0,178.96,2,208,2011-01-07 12:44:00,2011-04-14 11:39:00,89.48,3779,8820445.363999989,99.24876830514148,87.09380041484212
15262.0,178.95000000000002,1,73,2011-01-20 12:16:00,2011-01-20 12:16:00,178.95000000000002,3780,8820624.313999988,99.25078187320469,87.11684719981562
17660.0,178.75,1,121,2011-07-21 13:37:00,2011-07-21 13:37:00,178.75,3781,8820803.063999988,99.25279319084257,87.13989398478913
13778.0,178.7,1,70,2011-08-28 15:25:00,2011-08-28 15:25:00,178.7,3782,8820981.763999987,99.2548039458741,87.16294076976261
17879.0,178.51999999999998,1,45,2011-06-19 12:36:00,2011-06-19 12:36:00,178.51999999999998,3783,8821160.283999987,99.25681267552284,87.18598755473612
15292.0,178.39,1,55,2011-05-22 15:00:00,2011-05-22 15:00:00,178.39,3784,8821338.673999988,99.25881994239514,87.20903433970962
18045.0,178.34,1,138,2011-10-25 13:07:00,2011-10-25 13:07:00,178.34,3785,8821517.013999987,99.26082664666109,87.2320811246831
17253.0,178.26,1,43,2011-11-21 12:59:00,2011-11-21 12:59:00,178.26,3786,8821695.273999987,99.26283245075692,87.25512790965661
17356.0,178.22,1,166,2011-02-01 11:07:00,2011-02-01 11:07:00,178.22,3787,8821873.493999988,99.26483780476767,87.2781746946301
18282.0,178.05,2,103,2011-08-05 13:35:00,2011-12-02 11:43:00,89.025,3788,8822051.543999989,99.26684124591691,87.3012214796036
16403.0,177.5,1,114,2011-01-31 13:39:00,2011-01-31 13:39:00,177.5,3789,8822229.043999989,99.26883849839648,87.32426826457709
13618.0,177.34,1,246,2011-06-19 11:09:00,2011-06-19 11:09:00,177.34,3790,8822406.383999988,99.27083395053577,87.34731504955059
12618.0,177.31,1,96,2011-11-18 11:10:00,2011-11-18 11:10:00,177.31,3791,8822583.693999989,99.2728290651113,87.37036183452408
13072.0,177.15,1,69,2011-03-18 08:12:00,2011-03-18 08:12:00,177.15,3792,8822760.84399999,99.27482237934655,87.39340861949758
17947.0,176.68,1,168,2011-11-02 13:05:00,2011-11-02 13:05:00,176.68,3793,8822937.523999989,99.27681040508226,87.41645540447107
14287.0,176.63,3,261,2011-05-25 11:41:00,2011-12-01 13:25:00,58.876666666666665,3794,8823114.15399999,99.27879786821165,87.43950218944457
12893.0,176.55,1,90,2011-11-09 12:34:00,2011-11-09 12:34:00,176.55,3795,8823290.70399999,99.28078443117091,87.46254897441807
12509.0,176.5,1,55,2011-02-28 14:45:00,2011-02-28 14:45:00,176.5,3796,8823467.20399999,99.28277043152384,87.48559575939157
18274.0,175.92,1,88,2011-11-09 17:03:00,2011-11-09 17:03:00,175.92,3797,8823643.12399999,99.28474990564331,87.50864254436506
17582.0,175.27,1,123,2011-04-17 13:18:00,2011-04-17 13:18:00,175.27,3798,8823818.39399999,99.28672206588047,87.53168932933856
16144.0,175.2,1,16,2011-04-07 10:09:00,2011-04-07 10:09:00,175.2,3799,8823993.59399999,99.28869343846873,87.55473611431205
17331.0,175.2,1,16,2011-08-08 11:55:00,2011-08-08 11:55:00,175.2,3800,8824168.793999989,99.29066481105701,87.57778289928555
18010.0,174.8,1,60,2011-03-28 12:27:00,2011-03-28 12:27:00,174.8,3801,8824343.59399999,99.29263168279465,87.60082968425904
14355.0,174.4,1,92,2010-12-09 12:16:00,2010-12-09 12:16:00,174.4,3802,8824517.99399999,99.29459405368164,87.62387646923254
14518.0,174.37,1,278,2011-10-06 14:43:00,2011-10-06 14:43:00,174.37,3803,8824692.363999989,99.29655608700479,87.64692325420603
18278.0,173.9,1,66,2011-09-27 11:58:00,2011-09-27 11:58:00,173.9,3804,8824866.26399999,99.29851283182843,87.66997003917953
16861.0,173.76,2,140,2011-07-04 15:38:00,2011-10-11 09:05:00,86.88,3805,8825040.023999989,99.30046800135435,87.69301682415303
14798.0,173.74,3,150,2011-02-02 15:26:00,2011-10-18 10:58:00,57.913333333333334,3806,8825213.76399999,99.30242294583773,87.71606360912652
16565.0,173.7,1,46,2010-12-10 15:21:00,2010-12-10 15:21:00,173.7,3807,8825387.463999989,99.30437744023605,87.73911039410002
12441.0,173.55,1,121,2010-12-08 10:45:00,2010-12-08 10:45:00,173.55,3808,8825561.01399999,99.30633024681538,87.76215717907351
17772.0,173.45,2,55,2011-11-29 10:57:00,2011-11-29 11:05:00,86.725,3809,8825734.463999989,99.30828192818201,87.78520396404701
15565.0,173.16,2,60,2011-09-30 10:44:00,2011-10-20 14:33:00,86.58,3810,8825907.623999989,99.31023034643195,87.80825074902052
15670.0,173.05,1,91,2011-02-16 10:50:00,2011-02-16 10:50:00,173.05,3811,8826080.67399999,99.31217752694795,87.83129753399402
14693.0,172.9,1,34,2011-03-20 12:50:00,2011-03-20 12:50:00,172.9,3812,8826253.57399999,99.31412301964497,87.8543443189675
12923.0,172.82,1,68,2011-10-06 16:20:00,2011-10-06 16:20:00,172.82,3813,8826426.39399999,99.31606761217184,87.87739110394101
18048.0,172.29000000000002,2,127,2011-05-20 14:54:00,2011-05-20 14:58:00,86.14500000000001,3814,8826598.68399999,99.31800624107157,87.9004378889145
13690.0,172.25,1,67,2011-10-11 15:03:00,2011-10-11 15:03:00,172.25,3815,8826770.93399999,99.31994441988626,87.923484673888
13922.0,172.25,1,93,2010-12-23 10:38:00,2010-12-23 10:38:00,172.25,3816,8826943.18399999,99.32188259870094,87.94653145886149
12442.0,172.06,1,182,2011-12-06 14:22:00,2011-12-06 14:22:00,172.06,3817,8827115.24399999,99.32381863961156,87.96957824383499
16773.0,171.59,1,171,2011-10-13 14:37:00,2011-10-13 14:37:00,171.59,3818,8827286.83399999,99.32574939202266,87.99262502880848
17245.0,171.45,1,75,2011-05-19 10:43:00,2011-05-19 10:43:00,171.45,3819,8827458.283999989,99.32767856913601,88.01567181378198
13560.0,171.42000000000002,1,63,2011-12-02 13:11:00,2011-12-02 13:11:00,171.42000000000002,3820,8827629.703999989,99.32960740868558,88.03871859875547
15432.0,171.19,1,65,2011-11-16 16:30:00,2011-11-16 16:30:00,171.19,3821,8827800.893999988,99.33153366024601,88.06176538372897
14536.0,170.95,1,39,2011-03-25 12:21:00,2011-03-25 12:21:00,170.95,3822,8827971.843999987,99.33345721129604,88.08481216870247
17542.0,170.75,1,134,2011-03-15 11:45:00,2011-03-15 11:45:00,170.75,3823,8828142.593999987,99.33537851192075,88.10785895367597
14860.0,170.32,1,232,2011-11-20 14:17:00,2011-11-20 14:17:00,170.32,3824,8828312.913999988,99.33729497413101,88.13090573864946
15335.0,170.22,1,79,2011-10-17 12:50:00,2011-10-17 12:50:00,170.22,3825,8828483.133999988,99.33921031112861,88.15395252362296
18058.0,170.16,1,88,2011-11-30 08:38:00,2011-11-30 08:38:00,170.16,3826,8828653.293999989,99.34112497299861,88.17699930859645
15016.0,170.04,1,76,2011-06-20 12:06:00,2011-06-20 12:06:00,170.04,3827,8828823.333999988,99.3430382846134,88.20004609356995
13962.0,169.55,2,87,2011-04-08 11:21:00,2011-11-18 08:47:00,84.775,3828,8828992.883999988,99.34494608268614,88.22309287854344
14218.0,169.48000000000002,1,160,2011-10-28 10:00:00,2011-10-28 10:00:00,169.48000000000002,3829,8829162.363999989,99.34685309311003,88.24613966351694
12367.0,168.9,1,173,2011-12-05 16:48:00,2011-12-05 16:48:00,168.9,3830,8829331.26399999,99.34875357730044,88.26918644849043
14578.0,168.63,1,240,2011-12-06 17:18:00,2011-12-06 17:18:00,168.63,3831,8829499.89399999,99.35065102341667,88.29223323346393
18269.0,168.6,1,76,2010-12-08 13:53:00,2010-12-08 13:53:00,168.6,3832,8829668.49399999,99.3525481319691,88.31528001843742
15888.0,168.31,1,76,2011-09-20 12:30:00,2011-09-20 12:30:00,168.31,3833,8829836.80399999,99.3544419774048,88.33832680341092
18099.0,168.31,1,149,2011-08-04 15:52:00,2011-08-04 15:52:00,168.31,3834,8830005.11399999,99.3563358228405,88.36137358838442
16282.0,168.3,1,114,2011-01-04 11:42:00,2011-01-04 11:42:00,168.3,3835,8830173.413999991,99.35822955575495,88.38442037335793
17737.0,168.24,2,108,2011-10-12 14:42:00,2011-11-30 15:16:00,84.12,3836,8830341.653999992,99.36012261354178,88.40746715833141
15986.0,168.12,1,268,2011-11-09 15:17:00,2011-11-09 15:17:00,168.12,3837,8830509.77399999,99.36201432107342,88.43051394330492
12551.0,168.0,1,100,2010-12-17 11:23:00,2010-12-17 11:23:00,168.0,3838,8830677.77399999,99.36390467834984,88.4535607282784
15374.0,168.0,1,126,2011-08-03 09:59:00,2011-08-03 09:59:00,168.0,3839,8830845.77399999,99.36579503562628,88.4766075132519
16952.0,167.61,2,92,2011-08-22 12:58:00,2011-08-22 13:03:00,83.805,3840,8831013.38399999,99.36768100457333,88.4996542982254
17367.0,167.55,1,149,2011-04-15 14:21:00,2011-04-15 14:21:00,167.55,3841,8831180.933999991,99.36956629839278,88.5227010831989
15920.0,167.5,4,99,2011-07-08 15:16:00,2011-07-08 15:31:00,41.875,3842,8831348.433999991,99.3714510296059,88.54574786817238
16405.0,167.25,2,187,2011-02-02 17:08:00,2011-02-10 15:24:00,83.625,3843,8831515.683999991,99.37333294778735,88.56879465314589
14295.0,166.20000000000002,1,84,2011-10-30 15:50:00,2011-10-30 15:50:00,166.20000000000002,3844,8831681.88399999,99.37520305123581,88.59184143811937
17650.0,166.08,1,150,2011-11-18 14:52:00,2011-11-18 14:52:00,166.08,3845,8831847.96399999,99.3770718044291,88.61488822309288
12817.0,166.04,1,53,2011-03-03 16:28:00,2011-03-03 16:28:00,166.04,3846,8832014.00399999,99.3789401075373,88.63793500806636
18088.0,166.03,1,107,2011-10-09 13:41:00,2011-10-09 13:41:00,166.03,3847,8832180.033999989,99.38080829812425,88.66098179303987
17561.0,165.12,1,144,2011-11-20 12:53:00,2011-11-20 12:53:00,165.12,3848,8832345.153999988,99.38266624927593,88.68402857801337
18042.0,165.04999999999998,1,33,2011-10-17 11:49:00,2011-10-17 11:49:00,165.04999999999998,3849,8832510.203999989,99.38452341277878,88.70707536298687
13470.0,165.0,2,100,2011-08-16 17:06:00,2011-09-01 14:57:00,82.5,3850,8832675.203999989,99.38638001367528,88.73012214796036
15316.0,165.0,1,100,2011-01-17 11:34:00,2011-01-17 11:34:00,165.0,3851,8832840.203999989,99.38823661457178,88.75316893293386
15904.0,164.68,1,84,2011-12-01 14:50:00,2011-12-01 14:50:00,164.68,3852,8833004.883999988,99.39008961478774,88.77621571790735
17535.0,164.4,1,136,2011-03-04 15:20:00,2011-03-04 15:20:00,164.4,3853,8833169.283999989,99.39193946440827,88.79926250288085
13603.0,164.34,1,164,2011-11-13 15:57:00,2011-11-13 15:57:00,164.34,3854,8833333.623999989,99.39378863890119,88.82230928785434
14552.0,164.22,1,90,2011-07-11 12:49:00,2011-07-11 12:49:00,164.22,3855,8833497.84399999,99.3956364631389,88.84535607282784
14354.0,163.62,2,210,2011-11-09 15:36:00,2011-12-04 11:32:00,81.81,3856,8833661.463999989,99.39747753610064,88.86840285780133
17110.0,163.29999999999998,1,50,2011-06-27 12:58:00,2011-06-27 12:58:00,163.29999999999998,3857,8833824.76399999,99.39931500838183,88.89144964277483
17301.0,163.24,1,137,2011-11-18 13:43:00,2011-11-18 13:43:00,163.24,3858,8833988.00399999,99.40115180553545,88.91449642774832
13223.0,163.20000000000002,2,88,2011-04-21 15:16:00,2011-05-23 13:03:00,81.60000000000001,3859,8834151.203999989,99.40298815260398,88.93754321272182
14485.0,162.8,1,70,2011-11-01 12:25:00,2011-11-01 12:25:00,162.8,3860,8834314.00399999,99.40481999882186,88.96058999769532
12920.0,162.78,1,128,2011-11-22 15:05:00,2011-11-22 15:05:00,162.78,3861,8834476.783999989,99.4066516199972,88.98363678266882
16517.0,162.7,1,96,2011-03-07 13:50:00,2011-03-07 13:50:00,162.7,3862,8834639.483999988,99.40848234100243,89.00668356764231
15733.0,162.3,1,62,2011-03-02 09:05:00,2011-03-02 09:05:00,162.3,3863,8834801.783999989,99.410308561157,89.02973035261581
18014.0,162.22,1,66,2011-11-11 15:28:00,2011-11-11 15:28:00,162.22,3864,8834964.00399999,99.41213388114143,89.05277713758932
15325.0,161.74,1,231,2011-08-28 11:55:00,2011-08-28 11:55:00,161.74,3865,8835125.74399999,99.41395380010508,89.0758239225628
17600.0,161.67000000000002,1,144,2011-11-22 09:43:00,2011-11-22 09:43:00,161.67000000000002,3866,8835287.41399999,99.41577293141984,89.0988707075363
15458.0,161.64,1,156,2011-11-14 13:08:00,2011-11-14 13:08:00,161.64,3867,8835449.05399999,99.41759172517082,89.1219174925098
16113.0,161.38,1,176,2011-06-09 16:16:00,2011-06-09 16:16:00,161.38,3868,8835610.433999991,99.41940759336887,89.1449642774833
14237.0,161.0,1,38,2010-12-01 13:20:00,2010-12-01 13:20:00,161.0,3869,8835771.433999991,99.42121918575879,89.16801106245678
13229.0,160.95,1,63,2011-04-28 12:07:00,2011-04-28 12:07:00,160.95,3870,8835932.38399999,99.42303021554237,89.19105784743029
15852.0,160.71,2,48,2011-05-26 13:26:00,2011-06-06 11:22:00,80.355,3871,8836093.093999991,99.42483854481557,89.21410463240377
12573.0,160.54000000000002,1,84,2011-04-26 15:52:00,2011-04-26 15:52:00,160.54000000000002,3872,8836253.63399999,99.42664496122723,89.23715141737728
18203.0,160.42000000000002,1,43,2011-07-05 13:07:00,2011-07-05 13:07:00,160.42000000000002,3873,8836414.05399999,99.42845002738369,89.26019820235076
18146.0,160.35000000000002,2,153,2011-05-03 16:35:00,2011-07-22 12:08:00,80.17500000000001,3874,8836574.40399999,99.43025430589128,89.28324498732427
14714.0,160.19,1,229,2011-11-15 13:07:00,2011-11-15 13:07:00,160.19,3875,8836734.59399999,99.43205678405862,89.30629177229777
12966.0,160.18,1,75,2011-11-30 12:38:00,2011-11-30 12:38:00,160.18,3876,8836894.773999989,99.43385914970469,89.32933855727127
13598.0,160.04,1,52,2011-10-23 14:28:00,2011-10-23 14:28:00,160.04,3877,8837054.813999988,99.43565994005303,89.35238534224476
13420.0,159.85,2,101,2011-06-22 11:35:00,2011-07-13 08:48:00,79.925,3878,8837214.663999988,99.4374585924973,89.37543212721826
16213.0,159.0,1,48,2011-09-22 10:03:00,2011-09-22 10:03:00,159.0,3879,8837373.663999988,99.43924768063393,89.39847891219175
18224.0,158.95000000000002,1,69,2011-03-21 10:30:00,2011-03-21 10:30:00,158.95000000000002,3880,8837532.613999987,99.44103620616421,89.42152569716525
13937.0,158.85,1,123,2011-06-23 16:35:00,2011-06-23 16:35:00,158.85,3881,8837691.463999987,99.44282360648184,89.44457248213874
15167.0,158.8,1,65,2011-01-23 12:41:00,2011-01-23 12:41:00,158.8,3882,8837850.263999987,99.44461044419315,89.46761926711224
14089.0,158.75,1,133,2011-10-14 10:38:00,2011-10-14 10:38:00,158.75,3883,8838009.013999987,99.44639671929811,89.49066605208573
17165.0,158.68,1,100,2011-02-28 16:39:00,2011-02-28 16:39:00,158.68,3884,8838167.693999987,99.44818220675421,89.51371283705923
15160.0,158.16,1,84,2010-12-17 14:15:00,2010-12-17 14:15:00,158.16,3885,8838325.853999987,99.44996184310446,89.53675962203272
15348.0,158.04,1,84,2011-09-28 13:17:00,2011-09-28 13:17:00,158.04,3886,8838483.893999986,99.4517401291995,89.55980640700622
18004.0,157.92,1,75,2010-12-12 13:47:00,2010-12-12 13:47:00,157.92,3887,8838641.813999986,99.45351706503935,89.58285319197972
17556.0,157.9,1,101,2011-05-18 10:48:00,2011-05-18 10:48:00,157.9,3888,8838799.713999987,99.45529377583668,89.60589997695322
14799.0,157.7,1,146,2011-10-19 16:16:00,2011-10-19 16:16:00,157.7,3889,8838957.413999986,99.45706823620866,89.62894676192671
17344.0,157.62,1,65,2011-10-24 12:56:00,2011-10-24 12:56:00,157.62,3890,8839115.033999985,99.4588417964105,89.65199354690021
14148.0,157.2,1,16,2011-04-20 12:02:00,2011-04-20 12:02:00,157.2,3891,8839272.233999984,99.46061063071916,89.6750403318737
17128.0,157.09,1,76,2011-01-09 12:02:00,2011-01-09 12:02:00,157.09,3892,8839429.323999984,99.4623782272939,89.6980871168472
14585.0,157.05,1,91,2011-10-20 14:33:00,2011-10-20 14:33:00,157.05,3893,8839586.373999985,99.46414537378358,89.72113390182069
17118.0,157.02,1,154,2011-01-26 12:19:00,2011-01-26 12:19:00,157.02,3894,8839743.393999984,99.46591218270945,89.7441806867942
15007.0,156.91,1,69,2011-07-03 16:00:00,2011-07-03 16:00:00,156.91,3895,8839900.303999985,99.46767775390138,89.76722747176768
15988.0,156.78,1,180,2011-11-20 13:23:00,2011-11-20 13:23:00,156.78,3896,8840057.083999984,99.46944186231686,89.79027425674118
14406.0,156.75,1,77,2011-08-12 16:54:00,2011-08-12 16:54:00,156.75,3897,8840213.833999984,99.47120563316854,89.81332104171467
15438.0,156.57999999999998,1,59,2011-07-31 14:19:00,2011-07-31 14:19:00,156.57999999999998,3898,8840370.413999984,99.47296749115868,89.83636782668817
15263.0,156.51,1,89,2011-08-25 10:26:00,2011-08-25 10:26:00,156.51,3899,8840526.923999984,99.47472856149996,89.85941461166166
17885.0,156.34,1,110,2011-11-27 14:40:00,2011-11-27 14:40:00,156.34,3900,8840683.263999984,99.47648771897971,89.88246139663516
13898.0,155.93,1,133,2011-01-18 10:28:00,2011-01-18 10:28:00,155.93,3901,8840839.193999983,99.47824226308754,89.90550818160867
17871.0,155.9,1,182,2011-05-19 11:32:00,2011-05-19 11:32:00,155.9,3902,8840995.093999984,99.47999646963157,89.92855496658217
17832.0,155.37,1,208,2011-10-21 11:43:00,2011-10-21 11:43:00,155.37,3903,8841150.463999983,99.48174471254846,89.95160175155566
12738.0,155.35,1,148,2010-12-02 18:27:00,2010-12-02 18:27:00,155.35,3904,8841305.813999983,99.48349273042282,89.97464853652916
15447.0,155.17,1,85,2011-01-13 11:26:00,2011-01-13 11:26:00,155.17,3905,8841460.983999982,99.4852387229144,89.99769532150265
13809.0,155.05,1,29,2011-02-07 13:15:00,2011-02-07 13:15:00,155.05,3906,8841616.033999983,99.48698336515079,90.02074210647615
14368.0,155.0,1,36,2011-01-24 09:52:00,2011-01-24 09:52:00,155.0,3907,8841771.033999983,99.48872744478085,90.04378889144964
14046.0,154.99,1,460,2011-02-28 14:48:00,2011-02-28 14:48:00,154.99,3908,8841926.023999983,99.49047141188963,90.06683567642314
17698.0,154.95,1,93,2011-03-24 11:34:00,2011-03-24 11:34:00,154.95,3909,8842080.973999983,99.49221492891334,90.08988246139663
15740.0,154.88,1,152,2011-10-21 14:29:00,2011-10-21 14:29:00,154.88,3910,8842235.853999984,99.4939576582882,90.11292924637013
17026.0,154.82999999999998,2,97,2010-12-05 12:47:00,2011-06-07 14:28:00,77.41499999999999,3911,8842390.683999984,99.4956998250567,90.13597603134362
17899.0,154.55,1,170,2011-07-03 14:58:00,2011-07-03 14:58:00,154.55,3912,8842545.233999984,99.49743884122978,90.15902281631712
15226.0,154.41,1,71,2011-02-02 11:41:00,2011-02-02 11:41:00,154.41,3913,8842699.643999984,99.49917628210511,90.18206960129062
16406.0,154.35,1,117,2011-11-21 11:57:00,2011-11-21 11:57:00,154.35,3914,8842853.993999984,99.50091304785282,90.20511638626412
16921.0,154.18,1,154,2011-10-09 16:22:00,2011-10-09 16:22:00,154.18,3915,8843008.173999984,99.50264790073902,90.22816317123761
17517.0,153.94,1,102,2011-02-04 11:48:00,2011-02-04 11:48:00,153.94,3916,8843162.113999983,99.50438005311482,90.25120995621111
16351.0,153.9,1,90,2011-01-11 10:26:00,2011-01-11 10:26:00,153.9,3917,8843316.013999984,99.50611175540556,90.2742567411846
12602.0,153.12,1,162,2011-10-12 11:22:00,2011-10-12 11:22:00,153.12,3918,8843469.133999983,99.5078346810375,90.2973035261581
17714.0,153.0,1,92,2011-01-23 10:32:00,2011-01-23 10:32:00,153.0,3919,8843622.133999983,99.50955625641426,90.32035031113159
16720.0,152.95,1,180,2011-11-13 16:22:00,2011-11-13 16:22:00,152.95,3920,8843775.083999982,99.51127726918467,90.3433970961051
16248.0,152.94,1,78,2011-10-09 11:32:00,2011-10-09 11:32:00,152.94,3921,8843928.023999982,99.51299816943383,90.36644388107858
14813.0,152.88,2,66,2010-12-05 11:54:00,2010-12-05 11:57:00,76.44,3922,8844080.903999982,99.51471839455539,90.38949066605208
17984.0,152.68,1,98,2011-07-17 15:59:00,2011-07-17 15:59:00,152.68,3923,8844233.583999982,99.51643636925162,90.41253745102559
18138.0,152.65,1,38,2011-02-17 14:51:00,2011-02-17 14:51:00,152.65,3924,8844386.233999982,99.51815400638405,90.43558423599907
14066.0,152.55,1,45,2011-03-18 12:21:00,2011-03-18 12:21:00,152.55,3925,8844538.783999983,99.51987051830383,90.45863102097258
17707.0,152.4,2,144,2011-01-07 13:30:00,2011-06-07 15:03:00,76.2,3926,8844691.183999984,99.5215853424046,90.48167780594608
13514.0,152.20000000000002,1,40,2011-09-27 09:39:00,2011-09-27 09:39:00,152.20000000000002,3927,8844843.383999983,99.52329791608004,90.50472459091957
14039.0,152.2,1,92,2011-11-06 13:48:00,2011-11-06 13:48:00,152.2,3928,8844995.583999982,99.52501048975547,90.52777137589307
17898.0,152.06,2,190,2011-05-16 17:13:00,2011-09-15 14:56:00,76.03,3929,8845147.643999983,99.52672148813319,90.55081816086657
16617.0,151.85,1,91,2011-04-18 10:35:00,2011-04-18 10:35:00,151.85,3930,8845299.493999982,99.52843012356429,90.57386494584006
14208.0,151.74,1,114,2011-09-06 12:48:00,2011-09-06 12:48:00,151.74,3931,8845451.233999982,99.53013752126148,90.59691173081356
14362.0,151.5,1,96,2011-11-17 15:08:00,2011-11-17 15:08:00,151.5,3932,8845602.733999982,99.53184221844826,90.61995851578705
13462.0,151.5,1,62,2011-04-01 11:20:00,2011-04-01 11:20:00,151.5,3933,8845754.233999982,99.53354691563506,90.64300530076055
17286.0,151.37,1,117,2011-11-18 12:47:00,2011-11-18 12:47:00,151.37,3934,8845905.603999982,99.53525015004537,90.66605208573404
13697.0,151.29999999999998,1,177,2011-11-01 09:14:00,2011-11-01 09:14:00,151.29999999999998,3935,8846056.903999982,99.53695259680684,90.68909887070754
16337.0,151.05,1,87,2011-11-03 10:03:00,2011-11-03 10:03:00,151.05,3936,8846207.953999983,99.53865223053664,90.71214565568103
14073.0,151.04,1,130,2011-11-07 15:49:00,2011-11-07 15:49:00,151.04,3937,8846358.993999982,99.54035175174516,90.73519244065453
14204.0,150.61,1,72,2011-12-07 13:38:00,2011-12-07 13:38:00,150.61,3938,8846509.603999982,99.54204643453923,90.75823922562802
18200.0,150.35,1,104,2011-08-25 18:45:00,2011-08-25 18:45:00,150.35,3939,8846659.953999981,99.54373819178038,90.78128601060152
15717.0,150.3,1,70,2011-04-19 13:21:00,2011-04-19 13:21:00,150.3,3940,8846810.253999982,99.5454293864152,90.80433279557502
16932.0,150.23000000000002,1,82,2011-10-17 14:12:00,2011-10-17 14:12:00,150.23000000000002,3941,8846960.483999982,99.54711979340115,90.82737958054852
17234.0,149.89000000000001,1,55,2011-06-10 11:20:00,2011-06-10 11:20:00,149.89000000000001,3942,8847110.373999983,99.54880637466404,90.85042636552201
15869.0,149.64,2,175,2011-03-07 17:19:00,2011-03-07 17:23:00,74.82,3943,8847260.013999984,99.55049014289527,90.87347315049551
17946.0,149.57999999999998,2,75,2011-03-25 14:34:00,2011-04-20 17:00:00,74.78999999999999,3944,8847409.593999984,99.55217323599891,90.896519935469
18262.0,149.48,1,182,2011-07-22 16:04:00,2011-07-22 16:04:00,149.48,3945,8847559.073999984,99.55385520388987,90.9195667204425
15435.0,149.29,1,54,2011-11-17 16:39:00,2011-11-17 16:39:00,149.29,3946,8847708.363999983,99.55553503387677,90.94261350541599
13003.0,149.05,3,103,2011-05-09 08:23:00,2011-08-26 10:50:00,49.68333333333334,3947,8847857.413999984,99.55721216335328,90.9656602903895
17549.0,148.86,2,210,2011-10-19 10:05:00,2011-11-16 09:59:00,74.43,3948,8848006.273999983,99.55888715492573,90.98870707536298
15526.0,148.44,2,24,2011-11-06 15:01:00,2011-11-06 15:04:00,74.22,3949,8848154.713999983,99.56055742060497,91.01175386033648
14968.0,147.59,1,127,2011-11-09 13:58:00,2011-11-09 13:58:00,147.59,3950,8848302.303999983,99.56221812197657,91.03480064530997
14098.0,147.35,1,104,2011-11-03 10:13:00,2011-11-03 10:13:00,147.35,3951,8848449.653999982,99.56387612283778,91.05784743028347
14037.0,147.20000000000002,2,46,2010-12-10 11:39:00,2011-06-16 13:57:00,73.60000000000001,3952,8848596.853999982,99.56553243587997,91.08089421525698
12864.0,147.12,1,216,2011-07-24 13:03:00,2011-07-24 13:03:00,147.12,3953,8848743.97399998,99.56718784875204,91.10394100023046
17030.0,146.87,1,146,2011-10-07 08:49:00,2011-10-07 08:49:00,146.87,3954,8848890.84399998,99.56884044859247,91.12698778520397
14238.0,146.85,1,111,2011-01-17 14:40:00,2011-01-17 14:40:00,146.85,3955,8849037.69399998,99.57049282339034,91.15003457017747
16893.0,145.93,1,62,2010-12-08 12:06:00,2010-12-08 12:06:00,145.93,3956,8849183.62399998,99.57213484623172,91.17308135515096
12565.0,145.92,1,80,2011-02-24 10:34:00,2011-02-24 10:34:00,145.92,3957,8849329.54399998,99.57377675655182,91.19612814012446
17935.0,145.79,2,82,2011-07-21 11:23:00,2011-07-24 13:18:00,72.895,3958,8849475.333999978,99.57541720409544,91.21917492509795
13866.0,145.67000000000002,1,57,2011-09-26 14:54:00,2011-09-26 14:54:00,145.67000000000002,3959,8849621.003999978,99.57705630138389,91.24222171007145
15937.0,145.35,1,73,2011-10-06 15:48:00,2011-10-06 15:48:00,145.35,3960,8849766.353999978,99.57869179799181,91.26526849504494
16598.0,145.04999999999998,1,73,2011-02-27 11:42:00,2011-02-27 11:42:00,145.04999999999998,3961,8849911.403999979,99.58032391896174,91.28831528001844
17524.0,145.0,1,90,2010-12-13 14:32:00,2010-12-13 14:32:00,145.0,3962,8850056.403999979,99.58195547732534,91.31136206499193
16852.0,144.91000000000003,2,56,2011-06-16 15:49:00,2011-11-29 13:22:00,72.45500000000001,3963,8850201.313999979,99.58358602299752,91.33440884996543
12974.0,144.8,1,24,2011-05-26 09:33:00,2011-05-26 09:33:00,144.8,3964,8850346.11399998,99.58521533093581,91.35745563493892
15748.0,144.36,1,50,2011-10-30 12:51:00,2011-10-30 12:51:00,144.36,3965,8850490.473999979,99.58683968793834,91.38050241991242
14109.0,144.2,1,88,2011-09-28 10:18:00,2011-09-28 10:18:00,144.2,3966,8850634.673999978,99.5884622446006,91.40354920488592
12587.0,144.0,1,51,2011-12-02 12:47:00,2011-12-02 12:47:00,144.0,3967,8850778.673999978,99.59008255083755,91.42659598985942
17186.0,144.0,2,200,2011-10-10 12:52:00,2011-10-24 10:20:00,72.0,3968,8850922.673999978,99.59170285707451,91.44964277483291
17578.0,143.45999999999998,1,138,2011-05-05 18:38:00,2011-05-05 18:38:00,143.45999999999998,3969,8851066.13399998,99.59331708716307,91.47268955980641
15705.0,143.1,1,62,2011-05-22 15:37:00,2011-05-22 15:37:00,143.1,3970,8851209.233999979,99.59492726648604,91.4957363447799
16461.0,142.92,1,48,2011-06-15 12:07:00,2011-06-15 12:07:00,142.92,3971,8851352.153999979,99.5965354204262,91.5187831297534
16287.0,142.5,1,298,2011-06-23 09:08:00,2011-06-23 09:08:00,142.5,3972,8851494.653999979,99.59813884847317,91.54182991472689
13299.0,142.5,1,30,2011-03-16 12:55:00,2011-03-16 12:55:00,142.5,3973,8851637.153999979,99.59974227652015,91.56487669970039
13584.0,142.4,1,37,2011-02-06 12:49:00,2011-02-06 12:49:00,142.4,3974,8851779.553999979,99.60134457935447,91.58792348467388
14386.0,142.4,1,54,2011-02-16 09:45:00,2011-02-16 09:45:00,142.4,3975,8851921.95399998,99.60294688218879,91.61097026964738
17859.0,141.92000000000002,1,102,2011-02-08 10:32:00,2011-02-08 10:32:00,141.92000000000002,3976,8852063.87399998,99.60454378400232,91.63401705462087
13561.0,141.85999999999999,1,83,2011-05-08 12:39:00,2011-05-08 12:39:00,141.85999999999999,3977,8852205.733999979,99.60614001068824,91.65706383959437
14041.0,141.41,1,94,2011-03-18 13:25:00,2011-03-18 13:25:00,141.41,3978,8852347.143999979,99.60773117391717,91.68011062456787
15503.0,141.04,1,70,2010-12-12 10:57:00,2010-12-12 10:57:00,141.04,3979,8852488.183999978,99.60931817385924,91.70315740954138
15388.0,140.54,1,88,2011-03-14 13:53:00,2011-03-14 13:53:00,140.54,3980,8852628.723999977,99.61089954773799,91.72620419451486
13483.0,140.34,1,160,2011-10-05 11:53:00,2011-10-05 11:53:00,140.34,3981,8852769.063999977,99.61247867119141,91.74925097948837
14494.0,139.56,1,92,2011-11-14 09:21:00,2011-11-14 09:21:00,139.56,3982,8852908.623999977,99.61404901798605,91.77229776446185
17718.0,139.35,1,83,2011-04-21 13:39:00,2011-04-21 13:39:00,139.35,3983,8853047.973999977,99.6156170018341,91.79534454943536
16483.0,139.35,1,44,2011-05-31 13:08:00,2011-05-31 13:08:00,139.35,3984,8853187.323999977,99.61718498568214,91.81839133440886
14772.0,139.26,1,82,2011-08-19 15:04:00,2011-08-19 15:04:00,139.26,3985,8853326.583999977,99.61875195683878,91.84143811938235
18209.0,139.10000000000002,1,58,2011-11-11 12:07:00,2011-11-11 12:07:00,139.10000000000002,3986,8853465.683999976,99.62031712765517,91.86448490435585
15135.0,139.05,1,43,2011-04-14 19:16:00,2011-04-14 19:16:00,139.05,3987,8853604.733999977,99.62188173586523,91.88753168932934
13273.0,138.98,1,153,2011-08-18 14:02:00,2011-08-18 14:02:00,138.98,3988,8853743.713999977,99.62344555642642,91.91057847430284
12902.0,138.68,1,66,2011-03-20 12:06:00,2011-03-20 12:06:00,138.68,3989,8853882.393999977,99.6250060013496,91.93362525927633
14581.0,138.6,1,217,2011-11-23 12:39:00,2011-11-23 12:39:00,138.6,3990,8854020.993999977,99.62656554610267,91.95667204424983
17122.0,138.32,1,80,2011-08-12 14:33:00,2011-08-12 14:33:00,138.32,3991,8854159.313999977,99.62812194026026,91.97971882922332
13716.0,138.28,1,138,2011-03-15 13:49:00,2011-03-15 13:49:00,138.28,3992,8854297.593999976,99.62967788433279,92.00276561419682
15663.0,138.14,1,106,2011-08-25 15:50:00,2011-08-25 15:50:00,138.14,3993,8854435.733999977,99.6312322531076,92.02581239917032
16050.0,137.9,1,278,2011-06-19 11:44:00,2011-06-19 11:44:00,137.9,3994,8854573.633999977,99.63278392137201,92.04885918414382
13279.0,137.75,1,73,2011-09-22 17:24:00,2011-09-22 17:24:00,137.75,3995,8854711.383999977,99.63433390181743,92.07190596911731
17709.0,137.45,1,17,2011-06-23 11:55:00,2011-06-23 11:55:00,137.45,3996,8854848.833999977,99.63588050662484,92.09495275409081
15836.0,137.37,1,26,2011-10-20 17:13:00,2011-10-20 17:13:00,137.37,3997,8854986.203999976,99.63742621126212,92.1179995390643
14483.0,137.1,1,97,2011-03-03 10:26:00,2011-03-03 10:26:00,137.1,3998,8855123.303999975,99.6389688778252,92.1410463240378
17468.0,137.0,2,116,2011-11-25 12:52:00,2011-11-29 15:33:00,68.5,3999,8855260.303999975,99.64051041917564,92.16409310901129
15691.0,136.8,1,72,2011-04-01 15:13:00,2011-04-01 15:13:00,136.8,4000,8855397.103999976,99.64204971010075,92.18713989398479
14247.0,136.76999999999998,1,47,2011-03-06 15:21:00,2011-03-06 15:21:00,136.76999999999998,4001,8855533.873999976,99.64358866346204,92.21018667895828
16462.0,136.0,3,16,2011-03-01 08:58:00,2011-09-27 10:24:00,45.333333333333336,4002,8855669.873999976,99.64511895268583,92.23323346393178
16412.0,135.99,1,63,2011-10-17 12:35:00,2011-10-17 12:35:00,135.99,4003,8855805.863999976,99.64664912938834,92.25628024890527
12968.0,135.95,1,73,2011-08-19 15:44:00,2011-08-19 15:44:00,135.95,4004,8855941.813999975,99.64817885600579,92.27932703387877
15042.0,135.93,1,30,2011-05-24 16:25:00,2011-05-24 16:25:00,135.93,4005,8856077.743999975,99.6497083575807,92.30237381885227
14889.0,135.9,1,90,2011-01-07 15:19:00,2011-01-07 15:19:00,135.9,4006,8856213.643999975,99.65123752159182,92.32542060382578
15419.0,135.86,1,230,2011-11-15 09:23:00,2011-11-15 09:23:00,135.86,4007,8856349.503999975,99.65276623551787,92.34846738879926
16114.0,135.75000000000003,1,43,2011-06-22 10:13:00,2011-06-22 10:13:00,135.75000000000003,4008,8856485.253999975,99.65429371171,92.37151417377277
15174.0,135.75,1,145,2011-01-21 09:06:00,2011-01-21 09:06:00,135.75,4009,8856621.003999975,99.65582118790212,92.39456095874625
16665.0,135.39999999999998,1,59,2010-12-12 14:03:00,2010-12-12 14:03:00,135.39999999999998,4010,8856756.403999975,99.65734472584991,92.41760774371976
17972.0,135.19,1,36,2011-04-12 12:16:00,2011-04-12 12:16:00,135.19,4011,8856891.593999974,99.65886590085111,92.44065452869324
13364.0,134.95999999999998,1,71,2011-09-29 18:13:00,2011-09-29 18:13:00,134.95999999999998,4012,8857026.553999975,99.6603844878632,92.46370131366675
16055.0,134.8,1,22,2011-05-03 09:26:00,2011-05-03 09:26:00,134.8,4013,8857161.353999976,99.66190127453501,92.48674809864023
14340.0,134.7,1,58,2011-05-05 09:44:00,2011-05-05 09:44:00,134.7,4014,8857296.053999975,99.66341693599415,92.50979488361374
15562.0,134.55,1,39,2010-12-23 09:55:00,2010-12-23 09:55:00,134.55,4015,8857430.603999976,99.6649309096343,92.53284166858722
14174.0,134.46,1,94,2011-11-06 13:17:00,2011-11-06 13:17:00,134.46,4016,8857565.063999977,99.66644387058307,92.55588845356073
12837.0,134.1,1,24,2011-06-19 16:07:00,2011-06-19 16:07:00,134.1,4017,8857699.163999977,99.66795278076621,92.57893523853423
14280.0,134.04,1,52,2011-05-27 10:37:00,2011-05-27 10:37:00,134.04,4018,8857833.203999976,99.66946101582175,92.60198202350772
16424.0,133.56,1,88,2011-06-01 13:40:00,2011-06-01 13:40:00,133.56,4019,8857966.763999976,99.67096384985655,92.62502880848122
14349.0,133.5,1,86,2011-11-29 15:39:00,2011-11-29 15:39:00,133.5,4020,8858100.263999976,99.6724660087637,92.64807559345472
12445.0,133.4,1,62,2011-11-17 18:43:00,2011-11-17 18:43:00,133.4,4021,8858233.663999977,99.67396704245822,92.67112237842821
17881.0,133.35000000000002,1,32,2011-02-08 17:16:00,2011-02-08 17:16:00,133.35000000000002,4022,8858367.013999976,99.6754675135464,92.69416916340171
15709.0,133.25,1,121,2011-03-01 10:38:00,2011-03-01 10:38:00,133.25,4023,8858500.263999976,99.6769668594219,92.7172159483752
17647.0,133.06,1,30,2011-10-05 15:38:00,2011-10-05 15:38:00,133.06,4024,8858633.323999977,99.67846406739335,92.7402627333487
12512.0,132.18,2,96,2011-10-04 14:53:00,2011-10-04 14:55:00,66.09,4025,8858765.503999976,99.67995137349334,92.76330951832219
17785.0,131.94,1,67,2011-10-17 13:43:00,2011-10-17 13:43:00,131.94,4026,8858897.443999976,99.68143597908293,92.78635630329569
14438.0,131.9,1,82,2011-02-06 14:56:00,2011-02-06 14:56:00,131.9,4027,8859029.343999976,99.68292013458748,92.80940308826918
12851.0,131.81,1,106,2011-09-04 12:41:00,2011-09-04 12:41:00,131.81,4028,8859161.153999977,99.68440327740062,92.83244987324268
17455.0,131.7,1,66,2011-05-20 12:31:00,2011-05-20 12:31:00,131.7,4029,8859292.853999976,99.68588518247982,92.85549665821617
14795.0,131.45000000000002,1,17,2011-06-26 13:04:00,2011-06-26 13:04:00,131.45000000000002,4030,8859424.303999975,99.68736427452735,92.87854344318967
15844.0,130.73999999999998,1,134,2011-10-24 15:19:00,2011-10-24 15:19:00,130.73999999999998,4031,8859555.043999976,99.68883537756498,92.90159022816317
16679.0,129.75,1,29,2010-12-08 13:51:00,2010-12-08 13:51:00,129.75,4032,8859684.793999976,99.69029534099724,92.92463701313667
16611.0,129.49,1,47,2011-06-06 15:46:00,2011-06-06 15:46:00,129.49,4033,8859814.283999976,99.69175237887656,92.94768379811016
16623.0,129.45,1,39,2011-04-08 10:09:00,2011-04-08 10:09:00,129.45,4034,8859943.733999975,99.69320896667081,92.97073058308366
15276.0,128.63,1,61,2011-10-04 16:39:00,2011-10-04 16:39:00,128.63,4035,8860072.363999976,99.69465632772123,92.99377736805715
16828.0,128.5,2,59,2011-08-19 13:24:00,2011-09-07 15:10:00,64.25,4036,8860200.863999976,99.69610222599516,93.01682415303065
17297.0,128.18,1,65,2011-11-22 14:43:00,2011-11-22 14:43:00,128.18,4037,8860329.043999976,99.69754452358858,93.03987093800414
15543.0,127.86,1,86,2011-02-24 15:26:00,2011-02-24 15:26:00,127.86,4038,8860456.903999975,99.69898322050146,93.06291772297764
17359.0,127.86,1,161,2011-11-28 14:37:00,2011-11-28 14:37:00,127.86,4039,8860584.763999974,99.70042191741435,93.08596450795113
13781.0,127.84,1,30,2011-04-03 12:08:00,2011-04-03 12:08:00,127.84,4040,8860712.603999974,99.7018603892847,93.10901129292463
15578.0,127.1,1,52,2011-06-30 13:03:00,2011-06-30 13:03:00,127.1,4041,8860839.703999974,99.70329053458133,93.13205807789812
15923.0,127.08,1,122,2010-12-02 12:16:00,2010-12-02 12:16:00,127.08,4042,8860966.783999974,99.70472045483544,93.15510486287162
14962.0,126.7,1,44,2011-03-14 09:42:00,2011-03-14 09:42:00,126.7,4043,8861093.483999973,99.70614609928141,93.17815164784513
16414.0,126.25,2,27,2011-03-04 13:27:00,2011-11-18 09:42:00,63.125,4044,8861219.733999973,99.7075666802704,93.20119843281861
15463.0,126.14,1,106,2011-11-10 12:57:00,2011-11-10 12:57:00,126.14,4045,8861345.873999974,99.70898602352547,93.22424521779212
16988.0,126.12,1,43,2011-12-04 16:02:00,2011-12-04 16:02:00,126.12,4046,8861471.993999973,99.710405141738,93.24729200276562
12814.0,125.92,1,49,2011-08-30 12:11:00,2011-08-30 12:11:00,125.92,4047,8861597.913999973,99.71182200952519,93.27033878773912
13522.0,125.80000000000001,1,44,2011-11-09 15:11:00,2011-11-09 15:11:00,125.80000000000001,4048,8861723.713999974,99.71323752705719,93.29338557271261
14861.0,125.79,1,117,2011-10-18 12:54:00,2011-10-18 12:54:00,125.79,4049,8861849.503999973,99.71465293206792,93.31643235768611
14890.0,125.65,1,51,2011-03-31 11:57:00,2011-03-31 11:57:00,125.65,4050,8861975.153999973,99.71606676178092,93.3394791426596
15017.0,125.58,1,63,2011-11-06 10:33:00,2011-11-06 10:33:00,125.58,4051,8862100.733999973,99.71747980384505,93.3625259276331
12531.0,125.22,1,45,2011-11-25 11:12:00,2011-11-25 11:12:00,125.22,4052,8862225.953999974,99.71888879514361,93.38557271260659
17148.0,124.88,1,82,2011-10-19 09:59:00,2011-10-19 09:59:00,124.88,4053,8862350.833999975,99.7202939607191,93.40861949758009
16849.0,124.57,1,33,2011-06-06 09:16:00,2011-06-06 09:16:00,124.57,4054,8862475.403999975,99.72169563813533,93.43166628255358
16569.0,124.2,1,93,2011-12-06 15:32:00,2011-12-06 15:32:00,124.2,4055,8862599.603999974,99.7230931522647,93.45471306752708
14495.0,123.8,2,62,2011-08-10 14:13:00,2011-10-20 12:28:00,61.9,4056,8862723.403999975,99.72448616554341,93.47775985250057
16658.0,123.24,1,40,2010-12-06 13:47:00,2010-12-06 13:47:00,123.24,4057,8862846.643999975,99.7258728776312,93.50080663747407
15917.0,123.1,1,42,2011-04-06 10:40:00,2011-04-06 10:40:00,123.1,4058,8862969.743999975,99.72725801442125,93.52385342244757
13519.0,122.75,1,23,2011-09-22 18:24:00,2011-09-22 18:24:00,122.75,4059,8863092.493999975,99.72863921296698,93.54690020742107
13876.0,122.7,1,36,2011-10-07 10:22:00,2011-10-07 10:22:00,122.7,4060,8863215.193999974,99.73001984890637,93.56994699239456
13638.0,122.64,1,93,2011-11-24 10:38:00,2011-11-24 10:38:00,122.64,4061,8863337.833999975,99.73139980971818,93.59299377736806
16073.0,122.39999999999999,1,48,2011-02-15 15:41:00,2011-02-15 15:41:00,122.39999999999999,4062,8863460.233999975,99.7327770700196,93.61604056234155
18018.0,122.14,2,55,2011-05-24 13:22:00,2011-08-23 17:37:00,61.07,4063,8863582.373999976,99.73415140476808,93.63908734731505
13244.0,121.74000000000001,1,38,2011-09-08 11:46:00,2011-09-08 11:46:00,121.74000000000001,4064,8863704.113999976,99.7355212386659,93.66213413228854
13182.0,121.18,1,201,2011-10-25 13:46:00,2011-10-25 13:46:00,121.18,4065,8863825.293999976,99.73688477137279,93.68518091726204
15049.0,121.17000000000002,1,63,2011-03-11 12:13:00,2011-03-11 12:13:00,121.17000000000002,4066,8863946.463999975,99.73824819155843,93.70822770223553
14413.0,121.05,1,67,2010-12-12 13:37:00,2010-12-12 13:37:00,121.05,4067,8864067.513999976,99.73961026148886,93.73127448720903
15512.0,121.0,2,68,2010-12-15 12:01:00,2011-07-07 10:20:00,60.5,4068,8864188.513999976,99.74097176881297,93.75432127218252
13002.0,120.94999999999999,1,73,2011-01-25 15:18:00,2011-01-25 15:18:00,120.94999999999999,4069,8864309.463999975,99.74233271353073,93.77736805715602
17446.0,120.9,2,198,2011-02-02 14:40:00,2011-06-16 10:42:00,60.45,4070,8864430.363999976,99.74369309564217,93.80041484212953
14165.0,120.44,1,53,2011-03-09 12:39:00,2011-03-09 12:39:00,120.44,4071,8864550.803999975,99.74504830177534,93.82346162710303
18015.0,120.03,1,157,2011-12-05 14:49:00,2011-12-05 14:49:00,120.03,4072,8864670.833999975,99.7463988945366,93.84650841207652
14259.0,120.0,1,68,2011-07-21 10:44:00,2011-07-21 10:44:00,120.0,4073,8864790.833999975,99.74774914973405,93.86955519705002
14314.0,120.0,1,296,2011-08-25 10:39:00,2011-08-25 10:39:00,120.0,4074,8864910.833999975,99.7490994049315,93.8926019820235
14453.0,119.93,1,49,2011-06-02 14:15:00,2011-06-02 14:15:00,119.93,4075,8865030.763999974,99.75044887248009,93.91564876699701
16542.0,119.62,1,46,2011-10-17 10:47:00,2011-10-17 10:47:00,119.62,4076,8865150.383999974,99.75179485186942,93.9386955519705
15266.0,119.3,1,18,2011-01-05 13:40:00,2011-01-05 13:40:00,119.3,4077,8865269.683999974,99.75313723057823,93.961742336944
16666.0,118.98,1,233,2011-11-20 14:01:00,2011-11-20 14:01:00,118.98,4078,8865388.663999975,99.7544760086065,93.98478912191749
15843.0,118.95000000000002,1,27,2011-02-09 10:19:00,2011-02-09 10:19:00,118.95000000000002,4079,8865507.613999974,99.75581444907098,94.00783590689099
17079.0,118.80000000000001,1,24,2011-09-22 15:34:00,2011-09-22 15:34:00,118.80000000000001,4080,8865626.413999975,99.75715120171647,94.03088269186448
14155.0,118.75,1,25,2011-03-18 14:13:00,2011-03-18 14:13:00,118.75,4081,8865745.163999975,99.75848739175561,94.05392947683798
14076.0,118.67,1,79,2011-08-02 15:19:00,2011-08-02 15:19:00,118.67,4082,8865863.833999975,99.75982268162463,94.07697626181147
13581.0,118.0,1,30,2011-02-03 14:41:00,2011-02-03 14:41:00,118.0,4083,8865981.833999975,99.7611504325688,94.10002304678497
12929.0,117.85,1,37,2011-02-01 12:08:00,2011-02-01 12:08:00,117.85,4084,8866099.683999974,99.76247649569396,94.12306983175847
17654.0,117.55,1,41,2011-03-07 13:17:00,2011-03-07 13:17:00,117.55,4085,8866217.233999975,99.76379918318115,94.14611661673197
16959.0,117.35000000000001,1,49,2011-09-13 15:03:00,2011-09-13 15:03:00,117.35000000000001,4086,8866334.583999975,99.76511962024298,94.16916340170546
13877.0,117.24,1,108,2011-09-14 15:49:00,2011-09-14 15:49:00,117.24,4087,8866451.823999975,99.76643881957091,94.19221018667896
17117.0,116.19999999999999,1,68,2011-02-24 13:54:00,2011-02-24 13:54:00,116.19999999999999,4088,8866568.023999974,99.7677463166871,94.21525697165245
17601.0,116.00999999999999,1,103,2011-04-14 18:02:00,2011-04-14 18:02:00,116.00999999999999,4089,8866684.033999974,99.76905167589923,94.23830375662595
14143.0,115.8,1,30,2011-07-29 09:48:00,2011-07-29 09:48:00,115.8,4090,8866799.833999975,99.77035467216479,94.26135054159944
15350.0,115.65,1,51,2010-12-01 13:33:00,2010-12-01 13:33:00,115.65,4091,8866915.483999975,99.77165598061134,94.28439732657294
13067.0,115.46000000000001,1,32,2011-09-18 13:38:00,2011-09-18 13:38:00,115.46000000000001,4092,8867030.943999976,99.77295515115384,94.30744411154643
18027.0,115.31,1,78,2011-09-02 10:38:00,2011-09-02 10:38:00,115.31,4093,8867146.253999976,99.77425263387732,94.33049089651993
14972.0,114.77,1,28,2011-08-03 14:54:00,2011-08-03 14:54:00,114.77,4094,8867261.023999976,99.77554404045243,94.35353768149342
13188.0,114.60000000000001,1,25,2011-11-28 15:28:00,2011-11-28 15:28:00,114.60000000000001,4095,8867375.623999976,99.77683353416599,94.37658446646692
14632.0,114.56,1,96,2011-03-22 08:49:00,2011-03-22 08:49:00,114.56,4096,8867490.183999976,99.7781225777945,94.39963125144043
16247.0,114.56,1,182,2011-06-22 14:23:00,2011-06-22 14:23:00,114.56,4097,8867604.743999977,99.77941162142301,94.42267803641393
17852.0,114.34,2,53,2011-11-28 12:31:00,2011-11-28 12:36:00,57.17,4098,8867719.083999977,99.78069818958365,94.44572482138742
17219.0,114.23,1,89,2011-11-08 11:25:00,2011-11-08 11:25:00,114.23,4099,8867833.313999977,99.78198352001037,94.46877160636092
14652.0,114.18,1,53,2011-09-23 14:21:00,2011-09-23 14:21:00,114.18,4100,8867947.493999977,99.78326828783074,94.4918183913344
12938.0,114.14,1,140,2011-11-14 11:21:00,2011-11-14 11:21:00,114.14,4101,8868061.633999977,99.78455260556606,94.51486517630791
14582.0,114.11,1,73,2011-10-30 11:56:00,2011-10-30 11:56:00,114.11,4102,8868175.743999977,99.78583658573757,94.53791196128141
12651.0,114.0,1,78,2011-01-09 12:46:00,2011-01-09 12:46:00,114.0,4103,8868289.743999977,99.78711932817515,94.5609587462549
14457.0,113.64,1,88,2011-02-02 09:39:00,2011-02-02 09:39:00,113.64,4104,8868403.383999977,99.78839801984716,94.5840055312284
15445.0,113.5,1,58,2011-03-20 15:06:00,2011-03-20 15:06:00,113.5,4105,8868516.883999977,99.7896751362214,94.60705231620189
17217.0,113.5,1,24,2011-04-19 17:19:00,2011-04-19 17:19:00,113.5,4106,8868630.383999977,99.79095225259567,94.63009910117539
18105.0,113.48000000000002,1,46,2011-11-02 12:04:00,2011-11-02 12:04:00,113.48000000000002,4107,8868743.863999978,99.7922291439274,94.65314588614888
16913.0,113.44,1,82,2011-02-22 12:56:00,2011-02-22 12:56:00,113.44,4108,8868857.303999977,99.79350558517406,94.67619267112238
15280.0,113.12,1,154,2011-06-20 17:14:00,2011-06-20 17:14:00,113.12,4109,8868970.423999976,99.79477842574018,94.69923945609587
14689.0,112.8,1,76,2011-05-15 11:22:00,2011-05-15 11:22:00,112.8,4110,8869083.223999977,99.7960476656258,94.72228624106937
16697.0,112.75,1,27,2011-04-12 17:12:00,2011-04-12 17:12:00,112.75,4111,8869195.973999977,99.79731634290509,94.74533302604287
13161.0,112.75,1,29,2011-01-30 14:03:00,2011-01-30 14:03:00,112.75,4112,8869308.723999977,99.79858502018436,94.76837981101637
13807.0,112.6,1,36,2010-12-07 15:48:00,2010-12-07 15:48:00,112.6,4113,8869421.323999977,99.79985200964462,94.79142659598986
18129.0,112.55000000000001,1,48,2011-04-10 14:16:00,2011-04-10 14:16:00,112.55000000000001,4114,8869533.873999977,99.8011184364986,94.81447338096336
15610.0,112.46000000000001,1,66,2011-10-19 10:36:00,2011-10-19 10:36:00,112.46000000000001,4115,8869646.333999978,99.80238385066114,94.83752016593685
17038.0,112.4,1,28,2011-11-09 13:50:00,2011-11-09 13:50:00,112.4,4116,8869758.733999979,99.80364858969611,94.86056695091035
14271.0,112.32,1,88,2011-04-28 12:47:00,2011-04-28 12:47:00,112.32,4117,8869871.053999979,99.80491242856093,94.88361373588384
17967.0,112.27,1,73,2010-12-03 11:19:00,2010-12-03 11:19:00,112.27,4118,8869983.323999979,99.8061757048194,94.90666052085734
17900.0,112.19999999999999,2,73,2011-06-02 14:28:00,2011-06-02 14:38:00,56.099999999999994,4119,8870095.523999978,99.80743819342902,94.92970730583083
13193.0,112.08,1,46,2011-10-09 14:30:00,2011-10-09 14:30:00,112.08,4120,8870207.603999978,99.80869933178344,94.95275409080433
12756.0,112.07999999999998,1,144,2011-09-14 09:31:00,2011-09-14 09:31:00,112.07999999999998,4121,8870319.683999978,99.80996047013787,94.97580087577782
17957.0,111.68,1,287,2011-10-04 14:58:00,2011-10-04 14:58:00,111.68,4122,8870431.363999978,99.81121710764162,94.99884766075132
17887.0,111.35,1,30,2011-08-02 17:29:00,2011-08-02 17:29:00,111.35,4123,8870542.713999977,99.8124700319436,95.02189444572483
18120.0,111.15,1,31,2011-05-09 13:45:00,2011-05-09 13:45:00,111.15,4124,8870653.863999978,99.81372070582024,95.04494123069833
13508.0,110.97,1,24,2011-04-10 11:58:00,2011-04-10 11:58:00,110.97,4125,8870764.833999978,99.8149693543141,95.06798801567182
13144.0,110.95,1,21,2011-01-11 11:15:00,2011-01-11 11:15:00,110.95,4126,8870875.783999978,99.8162177777654,95.09103480064532
15537.0,110.92,1,29,2011-06-29 13:10:00,2011-06-29 13:10:00,110.92,4127,8870986.703999978,99.81746586365293,95.1140815856188
15853.0,110.8,1,135,2011-10-19 10:38:00,2011-10-19 10:38:00,110.8,4128,8871097.503999978,99.81871259928525,95.13712837059231
16963.0,110.55000000000001,1,35,2011-06-05 13:48:00,2011-06-05 13:48:00,110.55000000000001,4129,8871208.053999979,99.81995652188591,95.1601751555658
14641.0,110.46,1,90,2011-11-18 10:42:00,2011-11-18 10:42:00,110.46,4130,8871318.51399998,99.82119943179518,95.1832219405393
12734.0,110.39999999999999,1,88,2010-12-22 12:47:00,2010-12-22 12:47:00,110.39999999999999,4131,8871428.91399998,99.82244166657685,95.20626872551279
16792.0,110.38000000000001,2,44,2011-03-02 14:39:00,2011-03-02 14:41:00,55.190000000000005,4132,8871539.293999981,99.82368367631598,95.22931551048629
18277.0,110.38,1,68,2011-10-12 15:22:00,2011-10-12 15:22:00,110.38,4133,8871649.673999982,99.82492568605511,95.25236229545978
17901.0,110.38,1,24,2011-11-10 17:29:00,2011-11-10 17:29:00,110.38,4134,8871760.053999983,99.82616769579425,95.27540908043328
17746.0,110.25,1,29,2011-04-13 14:31:00,2011-04-13 14:31:00,110.25,4135,8871870.303999983,99.82740824275692,95.29845586540677
17836.0,110.21000000000001,1,88,2011-10-23 16:13:00,2011-10-23 16:13:00,110.21000000000001,4136,8871980.513999984,99.82864833963451,95.32150265038027
13133.0,109.8,2,32,2011-02-08 15:48:00,2011-03-11 10:31:00,54.9,4137,8872090.313999984,99.8298838231402,95.34454943535377
16363.0,109.36000000000001,1,52,2011-10-17 14:14:00,2011-10-17 14:14:00,109.36000000000001,4138,8872199.673999984,99.83111435571014,95.36759622032727
14699.0,109.13000000000001,1,77,2011-05-09 14:54:00,2011-05-09 14:54:00,109.13000000000001,4139,8872308.803999985,99.83234230029096,95.39064300530076
14345.0,108.97999999999999,1,50,2011-11-01 09:51:00,2011-11-01 09:51:00,108.97999999999999,4140,8872417.783999985,99.8335685570528,95.41368979027426
13170.0,108.81,1,141,2011-11-13 12:19:00,2011-11-13 12:19:00,108.81,4141,8872526.593999986,99.83479290095309,95.43673657524775
17639.0,108.5,1,49,2011-03-08 15:22:00,2011-03-08 15:22:00,108.5,4142,8872635.093999986,99.83601375669413,95.45978336022125
16106.0,108.38,1,74,2011-10-05 10:37:00,2011-10-05 10:37:00,108.38,4143,8872743.473999986,99.83723326217998,95.48283014519474
13226.0,108.21000000000001,1,80,2011-03-11 14:35:00,2011-03-11 14:35:00,108.21000000000001,4144,8872851.683999987,99.8384508548043,95.50587693016824
12956.0,108.07,1,34,2011-02-06 16:08:00,2011-02-06 16:08:00,108.07,4145,8872959.753999988,99.83966687213088,95.52892371514173
14661.0,107.95,1,35,2011-11-13 11:51:00,2011-11-13 11:51:00,107.95,4146,8873067.703999987,99.84088153920224,95.55197050011523
17274.0,107.82,1,77,2011-11-04 13:16:00,2011-11-04 13:16:00,107.82,4147,8873175.523999987,99.84209474349716,95.57501728508872
16784.0,107.6,1,24,2011-11-20 12:20:00,2011-11-20 12:20:00,107.6,4148,8873283.123999987,99.8433054723242,95.59806407006222
15395.0,107.45,1,17,2011-01-18 12:40:00,2011-01-18 12:40:00,107.45,4149,8873390.573999986,99.84451451333226,95.62111085503572
17893.0,107.21,1,149,2011-04-28 13:50:00,2011-04-28 13:50:00,107.21,4150,8873497.783999987,99.84572085382992,95.64415764000923
16757.0,106.83000000000001,1,81,2011-01-25 11:59:00,2011-01-25 11:59:00,106.83000000000001,4151,8873604.613999987,99.84692291851945,95.66720442498271
15168.0,106.56,1,52,2011-11-14 11:26:00,2011-11-14 11:26:00,106.56,4152,8873711.173999988,99.8481219451348,95.69025120995622
15070.0,106.2,1,36,2010-12-02 11:23:00,2010-12-02 11:23:00,106.2,4153,8873817.373999987,99.84931692098455,95.7132979949297
17791.0,106.1,1,46,2011-11-10 12:09:00,2011-11-10 12:09:00,106.1,4154,8873923.473999986,99.85051077162163,95.7363447799032
16581.0,105.84,1,134,2011-06-10 10:05:00,2011-06-10 10:05:00,105.84,4155,8874029.313999986,99.85170169670579,95.7593915648767
15775.0,104.9,1,68,2011-04-08 12:56:00,2011-04-08 12:56:00,104.9,4156,8874134.213999987,99.85288204479089,95.7824383498502
14027.0,104.82,1,62,2011-10-10 09:01:00,2011-10-10 09:01:00,104.82,4157,8874239.033999987,99.85406149270587,95.80548513482368
15607.0,104.76,1,202,2011-01-07 12:44:00,2011-01-07 12:44:00,104.76,4158,8874343.793999987,99.85524026549325,95.82853191979719
15958.0,104.35,1,33,2011-09-26 13:41:00,2011-09-26 13:41:00,104.35,4159,8874448.143999986,99.8564144249087,95.85157870477067
18174.0,104.0,1,50,2011-12-02 16:56:00,2011-12-02 16:56:00,104.0,4160,8874552.143999986,99.85758464607983,95.87462548974418
18255.0,103.3,1,74,2011-09-11 13:16:00,2011-09-11 13:16:00,103.3,4161,8874655.443999987,99.85874699076231,95.89767227471768
17548.0,103.3,1,58,2011-04-20 12:01:00,2011-04-20 12:01:00,103.3,4162,8874758.743999988,99.8599093354448,95.92071905969118
14542.0,103.25,1,19,2011-06-07 08:19:00,2011-06-07 08:19:00,103.25,4163,8874861.993999988,99.86107111752095,95.94376584466467
18011.0,102.78999999999999,1,71,2010-12-01 17:35:00,2010-12-01 17:35:00,102.78999999999999,4164,8874964.783999987,99.86222772361883,95.96681262963817
14836.0,102.44999999999999,3,45,2011-11-09 13:26:00,2011-11-29 16:45:00,34.15,4165,8875067.233999986,99.86338050399364,95.98985941461167
17962.0,102.41,1,127,2011-07-20 14:16:00,2011-07-20 14:16:00,102.41,4166,8875169.643999986,99.86453283428341,96.01290619958516
14981.0,102.12,1,97,2011-04-07 13:45:00,2011-04-07 13:45:00,102.12,4167,8875271.763999986,99.86568190145643,96.03595298455866
13948.0,102.0,1,40,2010-12-14 10:18:00,2010-12-14 10:18:00,102.0,4168,8875373.763999986,99.86682961837427,96.05899976953215
15212.0,101.8,1,36,2011-04-12 13:45:00,2011-04-12 13:45:00,101.8,4169,8875475.563999986,99.86797508486679,96.08204655450565
16516.0,101.69999999999999,1,58,2011-11-09 14:59:00,2011-11-09 14:59:00,101.69999999999999,4170,8875577.263999986,99.86911942614663,96.10509333947914
18068.0,101.69999999999999,1,6,2011-02-23 14:50:00,2011-02-23 14:50:00,101.69999999999999,4171,8875678.963999985,99.87026376742647,96.12814012445264
17643.0,101.55,1,71,2010-12-01 14:38:00,2010-12-01 14:38:00,101.55,4172,8875780.513999986,99.87140642088731,96.15118690942613
16006.0,101.4,1,84,2011-05-12 13:12:00,2011-05-12 13:12:00,101.4,4173,8875881.913999986,99.87254738652916,96.17423369439963
18086.0,101.34,1,106,2011-03-10 13:34:00,2011-03-10 13:34:00,101.34,4174,8875983.253999986,99.87368767704342,96.19728047937312
13101.0,101.19,1,113,2011-04-19 14:37:00,2011-04-19 14:37:00,101.19,4175,8876084.443999985,99.87482627973866,96.22032726434662
16344.0,101.10000000000001,1,18,2011-07-04 15:50:00,2011-07-04 15:50:00,101.10000000000001,4176,8876185.543999985,99.8759638697425,96.24337404932012
16498.0,100.97,2,45,2011-06-30 19:52:00,2011-07-01 15:07:00,50.485,4177,8876286.513999986,99.87709999696992,96.26642083429363
14946.0,100.9,1,22,2011-11-25 13:33:00,2011-11-25 13:33:00,100.9,4178,8876387.413999986,99.87823533654844,96.28946761926711
17427.0,100.8,1,34,2011-09-29 11:29:00,2011-09-29 11:29:00,100.8,4179,8876488.213999987,99.87936955091432,96.31251440424062
14371.0,100.5,1,34,2011-02-17 16:35:00,2011-02-17 16:35:00,100.5,4180,8876588.713999987,99.8805003896422,96.3355611892141
13703.0,99.5,1,10,2011-01-25 13:10:00,2011-01-25 13:10:00,99.5,4181,8876688.213999987,99.88161997624341,96.3586079741876
17939.0,99.14,1,40,2011-07-03 12:27:00,2011-07-03 12:27:00,99.14,4182,8876787.353999987,99.88273551207905,96.3816547591611
15256.0,98.45,1,55,2011-07-14 11:47:00,2011-07-14 11:47:00,98.45,4183,8876885.803999986,99.8838432839473,96.4047015441346
17538.0,98.42,1,134,2011-11-14 12:12:00,2011-11-14 12:12:00,98.42,4184,8876984.223999986,99.88495071825174,96.42774832910808
17349.0,98.25,1,102,2011-06-13 14:29:00,2011-06-13 14:29:00,98.25,4185,8877082.473999986,99.88605623969465,96.45079511408159
15422.0,97.7,2,38,2011-01-20 14:17:00,2011-01-20 16:17:00,48.85,4186,8877180.173999986,99.88715557246792,96.47384189905507
12984.0,97.5,1,26,2011-11-21 12:37:00,2011-11-21 12:37:00,97.5,4187,8877277.673999986,99.88825265481583,96.49688868402858
17325.0,96.8,1,60,2011-03-04 13:09:00,2011-03-04 13:09:00,96.8,4188,8877374.473999986,99.88934186067513,96.51993546900208
15216.0,96.6,1,28,2011-09-13 11:41:00,2011-09-13 11:41:00,96.6,4189,8877471.073999986,99.89042881610908,96.54298225397557
14642.0,96.12,1,76,2011-10-12 11:08:00,2011-10-12 11:08:00,96.12,4190,8877567.193999985,99.89151037052223,96.56602903894907
17024.0,95.85,3,69,2011-07-05 09:31:00,2011-10-25 13:47:00,31.95,4191,8877663.043999985,99.89258888686119,96.58907582392257
17895.0,95.45,1,127,2011-10-26 17:00:00,2011-10-26 17:00:00,95.45,4192,8877758.493999984,99.8936629023495,96.61212260889606
18249.0,95.34,1,128,2011-11-22 15:07:00,2011-11-22 15:07:00,95.34,4193,8877853.833999984,99.89473568010388,96.63516939386956
12548.0,95.19999999999999,1,49,2011-06-26 15:35:00,2011-06-26 15:35:00,95.19999999999999,4194,8877949.033999983,99.8958068825605,96.65821617884305
16387.0,94.36,1,44,2011-01-21 11:34:00,2011-01-21 11:34:00,94.36,4195,8878043.393999983,99.89686863323077,96.68126296381655
13651.0,94.2,2,33,2011-10-31 12:11:00,2011-11-04 14:59:00,47.1,4196,8878137.593999982,99.89792858356077,96.70430974879004
16339.0,94.05,1,21,2011-02-28 13:41:00,2011-02-28 13:41:00,94.05,4197,8878231.643999983,99.89898684607178,96.72735653376354
15397.0,94.0,1,20,2011-02-23 09:25:00,2011-02-23 09:25:00,94.0,4198,8878325.643999983,99.90004454597646,96.75040331873703
18033.0,93.82000000000001,1,252,2011-10-05 17:28:00,2011-10-05 17:28:00,93.82000000000001,4199,8878419.463999983,99.90110022049834,96.77345010371053
15428.0,93.78,1,102,2011-11-24 16:54:00,2011-11-24 16:54:00,93.78,4200,8878513.243999982,99.90215544493513,96.79649688868402
18227.0,93.75,1,21,2011-05-06 12:23:00,2011-05-06 12:23:00,93.75,4201,8878606.993999982,99.90321033180815,96.81954367365752
13283.0,93.66,2,90,2011-06-07 12:39:00,2011-10-11 09:50:00,46.83,4202,8878700.653999982,99.90426420598976,96.84259045863102
17991.0,93.35,2,25,2011-04-27 16:39:00,2011-04-28 15:58:00,46.675,4203,8878794.003999982,99.90531459201212,96.86563724360452
12821.0,92.72,1,70,2011-05-09 15:51:00,2011-05-09 15:51:00,92.72,4204,8878886.723999983,99.9063578891947,96.88868402857801
14054.0,92.46,1,62,2011-10-05 15:49:00,2011-10-05 15:49:00,92.46,4205,8878979.183999984,99.90739826082434,96.91173081355151
12789.0,91.85,1,4,2011-10-05 13:34:00,2011-10-05 13:34:00,91.85,4206,8879071.033999983,99.90843176865673,96.934777598525
13551.0,91.80000000000001,1,12,2011-01-24 14:46:00,2011-01-24 14:46:00,91.80000000000001,4207,8879162.833999984,99.90946471388278,96.9578243834985
13160.0,91.8,1,56,2011-11-17 13:07:00,2011-11-17 13:07:00,91.8,4208,8879254.633999985,99.91049765910886,96.98087116847199
12659.0,91.68,1,105,2011-11-10 11:53:00,2011-11-10 11:53:00,91.68,4209,8879346.313999984,99.9115292540797,97.0039179534455
15488.0,91.32000000000001,1,73,2011-09-08 10:11:00,2011-09-08 10:11:00,91.32000000000001,4210,8879437.633999985,99.91255679828497,97.02696473841898
13947.0,90.6,1,44,2011-10-05 14:42:00,2011-10-05 14:42:00,90.6,4211,8879528.233999984,99.91357624095905,97.05001152339248
14353.0,90.6,1,64,2011-05-08 16:06:00,2011-05-08 16:06:00,90.6,4212,8879618.833999984,99.91459568363312,97.07305830836597
18084.0,90.47999999999999,1,312,2011-11-23 13:57:00,2011-11-23 13:57:00,90.47999999999999,4213,8879709.313999984,99.915613776052,97.09610509333947
16506.0,90.30000000000001,2,42,2011-10-30 15:50:00,2011-11-20 12:17:00,45.150000000000006,4214,8879799.613999985,99.9166298430881,97.11915187831298
15552.0,90.12,1,60,2011-05-06 14:47:00,2011-05-06 14:47:00,90.12,4215,8879889.733999984,99.91764388474138,97.14219866328648
16597.0,90.04,1,184,2011-12-05 15:44:00,2011-12-05 15:44:00,90.04,4216,8879979.773999983,99.91865702622454,97.16524544825997
14117.0,90.0,1,72,2011-07-19 09:49:00,2011-07-19 09:49:00,90.0,4217,8880069.773999983,99.91966971762261,97.18829223323347
14219.0,89.94,1,78,2011-12-05 16:23:00,2011-12-05 16:23:00,89.94,4218,8880159.713999983,99.92068173389312,97.21133901820696
14974.0,89.94,1,37,2011-11-02 13:01:00,2011-11-02 13:01:00,89.94,4219,8880249.653999982,99.9216937501636,97.23438580318046
14760.0,89.2,1,40,2011-02-15 16:27:00,2011-02-15 16:27:00,89.2,4220,8880338.853999982,99.92269743986036,97.25743258815395
12686.0,89.14,1,107,2010-12-03 09:51:00,2010-12-03 09:51:00,89.14,4221,8880427.993999982,99.92370045442954,97.28047937312745
14436.0,89.06,1,129,2011-09-02 10:13:00,2011-09-02 10:13:00,89.06,4222,8880517.053999983,99.9247025688286,97.30352615810095
12353.0,89.0,1,20,2011-05-19 17:47:00,2011-05-19 17:47:00,89.0,4223,8880606.053999983,99.92570400810004,97.32657294307444
15083.0,88.2,1,38,2011-03-28 12:18:00,2011-03-28 12:18:00,88.2,4224,8880694.253999982,99.92669644567016,97.34961972804794
15180.0,87.5,1,36,2010-12-07 14:57:00,2010-12-07 14:57:00,87.5,4225,8880781.753999982,99.92768100675164,97.37266651302143
13296.0,87.4,1,78,2011-07-25 13:46:00,2011-07-25 13:46:00,87.4,4226,8880869.153999982,99.92866444262046,97.39571329799493
15541.0,85.13000000000001,1,49,2011-08-17 14:58:00,2011-08-17 14:58:00,85.13000000000001,4227,8880954.283999983,99.9296223361618,97.41876008296842
15729.0,85.0,1,28,2011-05-11 12:36:00,2011-05-11 12:36:00,85.0,4228,8881039.283999983,99.93057876692666,97.44180686794192
13841.0,85.0,1,100,2011-04-01 12:10:00,2011-04-01 12:10:00,85.0,4229,8881124.283999983,99.93153519769152,97.46485365291542
13666.0,84.65,3,41,2011-02-25 13:05:00,2011-10-10 15:39:00,28.21666666666667,4230,8881208.933999984,99.93248769021207,97.48790043788892
12401.0,84.3,1,11,2011-02-09 13:50:00,2011-02-09 13:50:00,84.3,4231,8881293.233999984,99.93343624448829,97.51094722286241
17309.0,82.75,1,41,2011-09-05 15:20:00,2011-09-05 15:20:00,82.75,4232,8881375.983999984,99.9343673579682,97.53399400783591
13006.0,81.57,1,55,2011-10-14 13:49:00,2011-10-14 13:49:00,81.57,4233,8881457.553999985,99.93528519393868,97.5570407928094
17620.0,81.44,1,60,2011-10-11 12:08:00,2011-10-11 12:08:00,81.44,4234,8881538.993999984,99.93620156713267,97.5800875777829
18281.0,80.82,1,54,2011-06-12 10:53:00,2011-06-12 10:53:00,80.82,4235,8881619.813999984,99.93711096400817,97.60313436275639
16789.0,80.8,1,32,2011-12-01 15:12:00,2011-12-01 15:12:00,80.8,4236,8881700.613999985,99.93802013584113,97.6261811477299
13967.0,80.7,1,42,2011-07-17 12:02:00,2011-07-17 12:02:00,80.7,4237,8881781.313999984,99.93892818246141,97.64922793270338
17752.0,80.64,1,192,2010-12-15 16:19:00,2010-12-15 16:19:00,80.64,4238,8881861.953999985,99.9398355539541,97.67227471767688
13747.0,79.6,1,8,2010-12-01 10:37:00,2010-12-01 10:37:00,79.6,4239,8881941.553999985,99.94073122323508,97.69532150265037
16078.0,79.2,1,16,2011-03-01 09:47:00,2011-03-01 09:47:00,79.2,4240,8882020.753999984,99.94162239166539,97.71836828762387
15753.0,79.2,1,144,2011-02-08 12:41:00,2011-02-08 12:41:00,79.2,4241,8882099.953999983,99.94251356009572,97.74141507259738
17942.0,77.50000000000001,1,38,2011-12-02 10:45:00,2011-12-02 10:45:00,77.50000000000001,4242,8882177.453999983,99.94338559991073,97.76446185757088
14785.0,77.4,2,84,2011-11-24 13:40:00,2011-11-29 13:21:00,38.7,4243,8882254.853999984,99.9442565145131,97.78750864254437
13132.0,77.3,1,20,2011-03-23 12:44:00,2011-03-23 12:44:00,77.3,4244,8882332.153999984,99.9451263039028,97.81055542751787
13992.0,76.8,1,64,2011-11-09 15:23:00,2011-11-09 15:23:00,76.8,4245,8882408.953999985,99.94599046722918,97.83360221249136
14373.0,76.55,1,17,2010-12-16 15:40:00,2010-12-16 15:40:00,76.55,4246,8882485.503999986,99.94685181752389,97.85664899746486
13106.0,76.5,1,18,2011-07-29 15:12:00,2011-07-29 15:12:00,76.5,4247,8882562.003999986,99.94771260521227,97.87969578243835
17536.0,76.5,1,6,2011-06-15 13:23:00,2011-06-15 13:23:00,76.5,4248,8882638.503999986,99.94857339290066,97.90274256741185
14090.0,76.32000000000001,1,72,2011-01-19 10:51:00,2011-01-19 10:51:00,76.32000000000001,4249,8882714.823999986,99.94943215520624,97.92578935238534
15668.0,76.32000000000001,1,72,2011-05-06 10:39:00,2011-05-06 10:39:00,76.32000000000001,4250,8882791.143999986,99.95029091751184,97.94883613735884
16148.0,76.32000000000001,1,72,2011-02-16 14:01:00,2011-02-16 14:01:00,76.32000000000001,4251,8882867.463999987,99.9511496798174,97.97188292233233
18113.0,76.32000000000001,1,72,2010-12-06 12:31:00,2010-12-06 12:31:00,76.32000000000001,4252,8882943.783999987,99.952008442123,97.99492970730583
17995.0,76.1,1,133,2011-03-03 12:30:00,2011-03-03 12:30:00,76.1,4253,8883019.883999987,99.9528647289607,98.01797649227933
17628.0,75.75,1,79,2011-09-19 15:21:00,2011-09-19 15:21:00,75.75,4254,8883095.633999987,99.9537170775541,98.04102327725282
16610.0,75.66,1,66,2011-05-04 13:13:00,2011-05-04 13:13:00,75.66,4255,8883171.293999987,99.9545684134561,98.06407006222632
13403.0,75.0,1,44,2011-11-22 08:28:00,2011-11-22 08:28:00,75.0,4256,8883246.293999987,99.95541232295452,98.08711684719982
16468.0,74.9,1,31,2011-09-26 14:13:00,2011-09-26 14:13:00,74.9,4257,8883321.193999987,99.95625510724027,98.11016363217331
18050.0,74.4,1,40,2010-12-15 14:25:00,2010-12-15 14:25:00,74.4,4258,8883395.593999987,99.95709226546269,98.13321041714681
13095.0,74.39999999999999,1,144,2011-09-30 12:03:00,2011-09-30 12:03:00,74.39999999999999,4259,8883469.993999988,99.95792942368512,98.1562572021203
17960.0,73.78,1,41,2011-06-21 14:15:00,2011-06-21 14:15:00,73.78,4260,8883543.773999987,99.95875960558901,98.1793039870938
12506.0,73.5,1,23,2011-04-21 08:54:00,2011-04-21 08:54:00,73.5,4261,8883617.273999987,99.95958663689746,98.20235077206729
18032.0,73.5,1,42,2011-01-09 15:32:00,2011-01-09 15:32:00,73.5,4262,8883690.773999987,99.96041366820589,98.2253975570408
16171.0,73.2,1,24,2011-10-11 14:51:00,2011-10-11 14:51:00,73.2,4263,8883763.973999986,99.96123732387633,98.24844434201428
17906.0,72.9,1,26,2011-04-06 17:25:00,2011-04-06 17:25:00,72.9,4264,8883836.873999987,99.96205760390879,98.27149112698778
13686.0,72.0,1,70,2011-06-10 09:10:00,2011-06-10 09:10:00,72.0,4265,8883908.873999987,99.96286775702727,98.29453791196127
13938.0,71.66,1,70,2011-11-04 14:37:00,2011-11-04 14:37:00,71.66,4266,8883980.533999987,99.96367408442268,98.31758469693477
17747.0,71.4,1,12,2011-08-19 08:13:00,2011-08-19 08:13:00,71.4,4267,8884051.933999987,99.96447748626517,98.34063148190828
13185.0,71.4,1,12,2011-03-17 11:56:00,2011-03-17 11:56:00,71.4,4268,8884123.333999988,99.96528088810767,98.36367826688178
17022.0,71.0,1,108,2011-11-08 17:09:00,2011-11-08 17:09:00,71.0,4269,8884194.333999988,99.9660797890995,98.38672505185527
18037.0,70.02,6,20,2010-12-12 16:20:00,2011-07-08 13:39:00,11.67,4270,8884264.353999987,99.96686766300719,98.40977183682877
15863.0,68.84,2,19,2011-05-31 11:36:00,2011-11-14 12:49:00,34.42,4271,8884333.193999987,99.96764225940548,98.43281862180226
14393.0,67.95,1,13,2011-05-05 18:16:00,2011-05-05 18:16:00,67.95,4272,8884401.143999986,99.96840684141102,98.45586540677576
17382.0,65.4,1,25,2011-10-05 13:05:00,2011-10-05 13:05:00,65.4,4273,8884466.543999987,99.96914273049364,98.47891219174925
13684.0,65.13,1,38,2011-02-27 10:13:00,2011-02-27 10:13:00,65.13,4274,8884531.673999988,99.96987558150208,98.50195897672275
13130.0,64.0,1,32,2011-09-06 15:30:00,2011-09-06 15:30:00,64.0,4275,8884595.673999988,99.97059571760738,98.52500576169624
13302.0,63.75,1,5,2011-07-07 17:56:00,2011-07-07 17:56:00,63.75,4276,8884659.423999988,99.97131304068103,98.54805254666974
17263.0,63.440000000000005,1,36,2011-05-15 14:32:00,2011-05-15 14:32:00,63.440000000000005,4277,8884722.863999987,99.9720268755954,98.57109933164323
12665.0,63.0,1,37,2011-01-19 08:34:00,2011-01-19 08:34:00,63.0,4278,8884785.863999987,99.97273575957408,98.59414611661673
14437.0,63.0,1,60,2010-12-09 09:27:00,2010-12-09 09:27:00,63.0,4279,8884848.863999987,99.97344464355274,98.61719290159023
14840.0,62.85,1,31,2011-03-17 12:00:00,2011-03-17 12:00:00,62.85,4280,8884911.713999987,99.9741518397124,98.64023968656372
13218.0,62.63999999999999,1,88,2011-08-04 16:59:00,2011-08-04 16:59:00,62.63999999999999,4281,8884974.353999987,99.97485667292548,98.66328647153722
15516.0,62.43,3,27,2011-10-24 11:33:00,2011-10-26 10:51:00,20.81,4282,8885036.783999987,99.97555914319196,98.68633325651072
13194.0,60.7,1,26,2011-07-27 09:01:00,2011-07-27 09:01:00,60.7,4283,8885097.483999986,99.97624214727932,98.70938004148422
17174.0,59.9,1,41,2011-05-06 11:47:00,2011-05-06 11:47:00,59.9,4284,8885157.383999987,99.9769161496654,98.73242682645771
13391.0,59.8,1,4,2011-05-20 10:50:00,2011-05-20 10:50:00,59.8,4285,8885217.183999987,99.9775890268388,98.75547361143121
13682.0,59.5,1,10,2011-06-05 14:06:00,2011-06-05 14:06:00,59.5,4286,8885276.683999987,99.97825852837421,98.7785203964047
14957.0,58.49,1,34,2011-03-31 17:59:00,2011-03-31 17:59:00,58.49,4287,8885335.173999988,99.9789166652617,98.8015671813782
13080.0,58.08,1,120,2011-06-13 14:59:00,2011-06-13 14:59:00,58.08,4288,8885393.253999988,99.97957018877727,98.82461396635169
17775.0,56.4,1,72,2011-03-30 10:50:00,2011-03-30 10:50:00,56.4,4289,8885449.653999988,99.98020480872009,98.8476607513252
15899.0,56.25,1,39,2010-12-06 10:36:00,2010-12-06 10:36:00,56.25,4290,8885505.903999988,99.98083774084388,98.87070753629868
13366.0,56.160000000000004,1,144,2011-10-20 13:37:00,2011-10-20 13:37:00,56.160000000000004,4291,8885562.063999988,99.9814696602763,98.89375432127218
16349.0,53.5,1,9,2011-02-22 12:40:00,2011-02-22 12:40:00,53.5,4292,8885615.563999988,99.98207164905183,98.91680110624567
15504.0,52.83,1,33,2011-09-19 13:45:00,2011-09-19 13:45:00,52.83,4293,8885668.393999988,99.98266609890251,98.93984789121917
14865.0,52.2,2,108,2010-12-02 18:23:00,2011-12-02 16:25:00,26.1,4294,8885720.593999987,99.9832534599134,98.96289467619268
13832.0,52.199999999999996,1,28,2011-11-20 15:36:00,2011-11-20 15:36:00,52.199999999999996,4295,8885772.793999987,99.98384082092429,98.98594146116618
15313.0,52.0,1,25,2011-08-21 16:02:00,2011-08-21 16:02:00,52.0,4296,8885824.793999987,99.98442593150985,99.00898824613967
14682.0,52.0,2,80,2011-05-22 12:51:00,2011-06-05 12:12:00,26.0,4297,8885876.793999987,99.98501104209541,99.03203503111317
17844.0,51.559999999999995,1,52,2011-08-25 11:27:00,2011-08-25 11:27:00,51.559999999999995,4298,8885928.353999987,99.98559120174527,99.05508181608666
14351.0,51.0,1,12,2011-06-28 11:56:00,2011-06-28 11:56:00,51.0,4299,8885979.353999987,99.98616506020419,99.07812860106016
13011.0,50.550000000000004,1,13,2010-12-02 17:22:00,2010-12-02 17:22:00,50.550000000000004,4300,8886029.903999988,99.98673385520611,99.10117538603365
18184.0,49.8,1,60,2011-11-24 15:28:00,2011-11-24 15:28:00,49.8,4301,8886079.703999989,99.98729421111307,99.12422217100715
14821.0,48.800000000000004,1,20,2010-12-08 08:43:00,2010-12-08 08:43:00,48.800000000000004,4302,8886128.50399999,99.98784331489338,99.14726895598064
15603.0,48.480000000000004,1,96,2011-09-22 10:04:00,2011-09-22 10:04:00,48.480000000000004,4303,8886176.98399999,99.98838881799314,99.17031574095414
16257.0,46.95,1,2,2011-06-16 10:11:00,2011-06-16 10:11:00,46.95,4304,8886223.93399999,99.98891710533914,99.19336252592763
14080.0,45.599999999999994,1,48,2011-11-07 11:09:00,2011-11-07 11:09:00,45.599999999999994,4305,8886269.533999989,99.98943020231418,99.21640931090113
15423.0,43.5,1,101,2011-11-01 14:01:00,2011-11-01 14:01:00,43.5,4306,8886313.033999989,99.98991966982325,99.23945609587463
14300.0,43.2,1,32,2011-11-21 08:57:00,2011-11-21 08:57:00,43.2,4307,8886356.233999988,99.99040576169432,99.26250288084813
15992.0,41.989999999999995,1,17,2011-12-06 11:00:00,2011-12-06 11:00:00,41.989999999999995,4308,8886398.223999988,99.99087823849217,99.28554966582162
15178.0,40.5,1,30,2011-03-24 15:12:00,2011-03-24 15:12:00,40.5,4309,8886438.723999988,99.99133394962132,99.30859645079512
14589.0,39.75,1,5,2010-12-03 11:42:00,2010-12-03 11:42:00,39.75,4310,8886478.473999988,99.99178122165547,99.33164323576861
12977.0,39.239999999999995,1,12,2011-07-06 16:40:00,2011-07-06 16:40:00,39.239999999999995,4311,8886517.713999989,99.99222275510505,99.35469002074211
16659.0,39.12,1,72,2011-06-03 15:03:00,2011-06-03 15:03:00,39.12,4312,8886556.833999988,99.9926629382994,99.3777368057156
18019.0,38.45,1,7,2011-10-19 12:10:00,2011-10-19 12:10:00,38.45,4313,8886595.283999987,99.99309558256891,99.4007835906891
12855.0,38.1,1,30,2010-12-02 09:37:00,2010-12-02 09:37:00,38.1,4314,8886633.383999987,99.9935242885941,99.42383037566259
16162.0,37.4,1,4,2011-04-01 15:03:00,2011-04-01 15:03:00,37.4,4315,8886670.783999987,99.99394511813064,99.44687716063609
17816.0,36.56,4,30,2010-12-09 14:10:00,2011-11-03 11:34:00,9.14,4316,8886707.343999987,99.99435649588081,99.46992394560958
15940.0,35.8,1,4,2011-02-01 16:18:00,2011-02-01 16:18:00,35.8,4317,8886743.143999988,99.99475932201473,99.49297073058308
17831.0,35.400000000000006,1,12,2011-11-06 15:09:00,2011-11-06 15:09:00,35.400000000000006,4318,8886778.543999989,99.99515764729799,99.51601751555657
14576.0,35.400000000000006,1,12,2010-12-02 17:51:00,2010-12-02 17:51:00,35.400000000000006,4319,8886813.943999989,99.99555597258124,99.53906430053007
16856.0,35.400000000000006,1,12,2011-11-25 08:59:00,2011-11-25 08:59:00,35.400000000000006,4320,8886849.34399999,99.99595429786449,99.56211108550357
15744.0,34.8,1,120,2011-09-23 09:52:00,2011-09-23 09:52:00,34.8,4321,8886884.14399999,99.99634587187177,99.58515787047708
16765.0,34.0,1,4,2011-02-18 15:41:00,2011-02-18 15:41:00,34.0,4322,8886918.14399999,99.9967284441777,99.60820465545056
17408.0,32.65,1,3,2011-06-29 12:53:00,2011-06-29 12:53:00,32.65,4323,8886950.79399999,99.99709582611268,99.63125144042407
13120.0,30.599999999999998,1,12,2011-04-15 10:19:00,2011-04-15 10:19:00,30.599999999999998,4324,8886981.39399999,99.99744014118804,99.65429822539755
15657.0,30.0,1,24,2011-11-17 12:19:00,2011-11-17 12:19:00,30.0,4325,8887011.39399999,99.99777770498739,99.67734501037106
17102.0,25.5,1,2,2011-03-23 10:08:00,2011-03-23 10:08:00,25.5,4326,8887036.89399999,99.99806463421686,99.70039179534454
18268.0,25.5,1,2,2011-07-28 19:13:00,2011-07-28 19:13:00,25.5,4327,8887062.39399999,99.9983515634463,99.72343858031805
16953.0,20.8,1,10,2011-11-09 15:54:00,2011-11-09 15:54:00,20.8,4328,8887083.19399999,99.99858560768054,99.74648536529153
17986.0,20.8,1,10,2011-10-14 14:22:00,2011-10-14 14:22:00,20.8,4329,8887103.993999992,99.99881965191479,99.76953215026504
16093.0,17.0,1,20,2011-08-25 11:09:00,2011-08-25 11:09:00,17.0,4330,8887120.993999992,99.99901093806776,99.79257893523852
13307.0,15.0,1,4,2011-08-11 17:14:00,2011-08-11 17:14:00,15.0,4331,8887135.993999992,99.99917971996743,99.81562572021203
17763.0,15.0,1,12,2011-03-21 14:25:00,2011-03-21 14:25:00,15.0,4332,8887150.993999992,99.99934850186712,99.83867250518553
15823.0,15.0,1,1,2010-12-02 15:08:00,2010-12-02 15:08:00,15.0,4333,8887165.993999992,99.9995172837668,99.86171929015903
16878.0,13.3,1,12,2011-09-16 17:39:00,2011-09-16 17:39:00,13.3,4334,8887179.293999992,99.99966693705119,99.88476607513252
17956.0,12.75,1,1,2011-04-04 13:47:00,2011-04-04 13:47:00,12.75,4335,8887192.043999992,99.99981040166593,99.90781286010602
16454.0,6.9,2,3,2011-10-06 16:57:00,2011-10-26 11:40:00,3.45,4336,8887198.943999993,99.99988804133977,99.93085964507951
14792.0,6.2,1,2,2011-10-07 09:19:00,2011-10-07 09:19:00,6.2,4337,8887205.143999992,99.99995780452497,99.95390643005301
16738.0,3.75,1,3,2011-02-15 09:46:00,2011-02-15 09:46:00,3.75,4338,8887208.893999992,99.9999999999999,99.9769532150265
13256.0,0.0,1,12540,2011-11-25 15:57:00,2011-11-25 15:57:00,0.0,4339,8887208.893999992,99.9999999999999,100.0
