Description,Total_Revenue,Total_Quantity,Transaction_Count,Avg_Price,ASP,Product_Type
 4 PURPLE FLOCK DINNER CANDLES,285.7,142,38,2.45051282051282,2.0119718309859156,⚠️ Rationalization Candidate
 50'S CHRISTMAS GIFT BAG LARGE,2343.63,1915,129,1.4265891472868217,1.223827676240209,⭐ Core Product
 DOLLY GIRL BEAKER,2886.25,2451,174,1.5064204545454545,1.177580579355365,⭐ Core Product
 I LOVE LONDON MINI BACKPACK,1624.02,388,86,4.616666666666667,4.185618556701031,⭐ Core Product
 I LOVE LONDON MINI RUCKSACK,4.15,1,1,4.15,4.15,⚠️ Rationalization Candidate
 NINE DRAWER OFFICE TIDY,894.42,58,33,16.09060606060606,15.42103448275862,💎 Premium Product
 OVAL WALL MIRROR DIAMANTE ,2391.12,237,157,10.706305732484076,10.089113924050633,💎 Premium Product
 RED SPOT GIFT BAG LARGE,2089.92,1713,103,1.3771844660194175,1.2200350262697024,⭐ Core Product
 SET 2 TEA TOWELS I LOVE LONDON ,8082.05,2783,269,3.557846715328467,2.9040783327344593,⭐ Core Product
 SPACEBOY BABY GIFT SET,7741.749999999999,498,184,15.913423913043477,15.545682730923692,⭐ Core Product
 TOADSTOOL BEDSIDE LIGHT ,17.9,2,1,8.95,8.95,⚠️ Rationalization Candidate
 TRELLIS COAT RACK,1118.6100000000001,227,56,5.844035087719298,4.9277973568281945,💎 Premium Product
*Boombox Ipod Classic,16.98,1,1,16.98,16.98,⚠️ Rationalization Candidate
*USB Office Mirror Ball,16.94,2,2,8.47,8.47,⚠️ Rationalization Candidate
10 COLOUR SPACEBOY PEN,5585.45,6564,318,1.0559561128526644,0.8509216940889701,⭐ Core Product
12 COLOURED PARTY BALLOONS,1398.51,2134,163,0.7042771084337349,0.6553467666354265,⭐ Core Product
12 DAISY PEGS IN WOOD BOX,592.6199999999999,344,77,1.9166666666666667,1.7227325581395345,⚠️ Rationalization Candidate
12 EGG HOUSE PAINTED WOOD,2378.52,149,99,17.214646464646464,15.963221476510068,💎 Premium Product
12 HANGING EGGS HAND PAINTED,83.2,40,7,2.08,2.08,⚠️ Rationalization Candidate
12 IVORY ROSE PEG PLACE SETTINGS,1478.1,969,148,1.7138926174496645,1.5253869969040246,⭐ Core Product
12 MESSAGE CARDS WITH ENVELOPES,2947.87,1733,251,2.0496899224806198,1.7010213502596652,⭐ Core Product
12 PENCIL SMALL TUBE WOODLAND,3210.27,4497,355,0.7885479452054794,0.7138692461641094,⭐ Core Product
12 PENCILS SMALL TUBE RED RETROSPOT,4383.27,6633,362,0.7378688524590163,0.6608276797829037,⭐ Core Product
12 PENCILS SMALL TUBE SKULL,4527.43,6976,355,0.7523415977961433,0.6490008600917432,⭐ Core Product
12 PENCILS TALL TUBE POSY,1166.07,3785,170,0.38602272727272724,0.30807661822985466,⭐ Core Product
12 PENCILS TALL TUBE RED RETROSPOT,2374.81,2737,268,0.9340072202166064,0.8676689806357325,⭐ Core Product
12 PENCILS TALL TUBE SKULLS,1880.6699999999998,2151,256,0.957104247104247,0.874323570432357,⭐ Core Product
12 PENCILS TALL TUBE WOODLAND,1740.57,1974,249,0.96316,0.8817477203647416,⭐ Core Product
12 PINK HEN+CHICKS IN BASKET,104.55,41,14,2.55,2.55,⚠️ Rationalization Candidate
12 PINK ROSE PEG PLACE SETTINGS,267.5,214,21,1.25,1.25,⚠️ Rationalization Candidate
12 RED ROSE PEG PLACE SETTINGS,630.92,449,105,1.5815315315315317,1.4051670378619152,📦 Volume Driver
15 PINK FLUFFY CHICKS IN BOX,29.5,10,7,2.95,2.95,⚠️ Rationalization Candidate
15CM CHRISTMAS GLASS BALL 20 LIGHTS,10910.61,1359,261,9.306958174904944,8.028410596026491,⭐ Core Product
16 PC CUTLERY SET PANTRY DESIGN,63.8,4,1,15.95,15.95,⚠️ Rationalization Candidate
16 PIECE CUTLERY SET PANTRY DESIGN,3785.06,254,69,17.16623188405797,14.901811023622047,💎 Premium Product
18PC WOODEN CUTLERY SET DISPOSABLE,751.38,567,43,1.751627906976744,1.3251851851851852,⭐ Core Product
2 DAISIES HAIR COMB,52.56,18,12,2.9091666666666662,2.92,⚠️ Rationalization Candidate
2 PICTURE BOOK EGGS EASTER BUNNY,256.54,182,36,1.8213888888888887,1.4095604395604397,⚠️ Rationalization Candidate
2 PICTURE BOOK EGGS EASTER CHICKS,222.22,171,25,1.492,1.29953216374269,⚠️ Rationalization Candidate
2 PICTURE BOOK EGGS EASTER DUCKS,165.89,124,25,1.6856,1.3378225806451611,⚠️ Rationalization Candidate
20 DOLLY PEGS RETROSPOT,3251.6,2448,222,1.569642857142857,1.328267973856209,⭐ Core Product
200 BENDY SKULL STRAWS,742.37,660,55,1.3725454545454545,1.1248030303030303,⭐ Core Product
200 RED + WHITE BENDY STRAWS,1218.93,916,172,1.4587861271676301,1.3307096069868996,⭐ Core Product
3 BIRDS CANVAS SCREEN,2.04,2,2,1.02,1.02,⚠️ Rationalization Candidate
3 BLACK CATS W HEARTS BLANK CARD,4.5600000000000005,24,3,0.19000000000000003,0.19000000000000003,⚠️ Rationalization Candidate
3 DRAWER ANTIQUE WHITE WOOD CABINET,6457.94,734,202,9.293529411764705,8.798283378746593,⭐ Core Product
3 GARDENIA MORRIS BOXED CANDLES,936.27,501,77,2.9699999999999998,1.8688023952095807,⭐ Core Product
3 HEARTS HANGING DECORATION RUSTIC,11797.380000000001,3413,303,3.352964169381108,3.456601230588925,⭐ Core Product
3 HOOK HANGER MAGIC GARDEN,3276.2099999999996,1703,159,2.8271249999999997,1.9237874339401055,⭐ Core Product
3 HOOK PHOTO SHELF ANTIQUE WHITE,13611.81,1794,382,10.020785340314136,7.587408026755853,⭐ Core Product
3 PIECE SPACEBOY COOKIE CUTTER SET,5472.6900000000005,2624,378,2.5305774278215223,2.08562881097561,⭐ Core Product
3 PINK HEN+CHICKS IN BASKET,15.0,12,6,1.25,1.25,⚠️ Rationalization Candidate
3 RAFFIA RIBBONS 50'S CHRISTMAS ,1884.17,2095,199,0.8802,0.8993651551312649,⭐ Core Product
3 RAFFIA RIBBONS VINTAGE CHRISTMAS,732.4200000000001,824,99,0.8976767676767677,0.888859223300971,⭐ Core Product
3 ROSE MORRIS BOXED CANDLES,1800.0,1129,158,2.2984848484848484,1.5943312666076173,⭐ Core Product
3 STRIPEY MICE FELTCRAFT,5907.84,3021,468,2.2756779661016946,1.9555908639523336,⭐ Core Product
3 TIER CAKE TIN GREEN AND CREAM,6981.67,445,201,18.59910891089109,15.68914606741573,⭐ Core Product
3 TIER CAKE TIN RED AND CREAM,9765.11,689,168,17.272142857142857,14.172873730043543,⭐ Core Product
3 TIER SWEETHEART GARDEN SHELF,1938.2500000000002,55,43,35.67093023255814,35.24090909090909,💎 Premium Product
3 TRADITIONAL COOKIE CUTTERS  SET,304.20000000000005,162,4,2.0375,1.877777777777778,⚠️ Rationalization Candidate
3 TRADITIONAl BISCUIT CUTTERS  SET,2606.4100000000003,1209,232,2.3547210300429184,2.155839536807279,⭐ Core Product
3 WHITE CHOC MORRIS BOXED CANDLES,1637.07,946,121,2.765934959349593,1.7305179704016913,⭐ Core Product
3 WICK CHRISTMAS BRIAR CANDLE ,15.97,3,2,6.11,5.323333333333333,⚠️ Rationalization Candidate
36 DOILIES DOLLY GIRL,1347.8899999999999,911,90,1.7153333333333334,1.4795718990120745,⭐ Core Product
36 DOILIES VINTAGE CHRISTMAS,7060.28,5171,177,1.5787570621468927,1.3653606652485013,⭐ Core Product
36 FOIL HEART CAKE CASES,3983.3900000000003,2050,198,2.225273631840796,1.943117073170732,⭐ Core Product
36 FOIL STAR CAKE CASES ,2053.3500000000004,1184,135,2.2964963503649636,1.734248310810811,⭐ Core Product
36 PENCILS TUBE POSY,76.91,79,20,1.061,0.9735443037974683,⚠️ Rationalization Candidate
36 PENCILS TUBE RED RETROSPOT,4723.7300000000005,3734,325,1.5887384615384617,1.2650589180503482,⭐ Core Product
36 PENCILS TUBE SKULLS,2395.05,1795,263,1.6181954887218044,1.3342896935933148,⭐ Core Product
36 PENCILS TUBE WOODLAND,2328.64,1739,185,1.5118279569892472,1.33906843013226,⭐ Core Product
3D CHRISTMAS STAMPS STICKERS ,1536.24,1172,143,1.5102083333333334,1.3107849829351537,⭐ Core Product
3D DOG PICTURE PLAYING CARDS,1016.72,338,86,3.274137931034483,3.0080473372781067,💎 Premium Product
3D HEARTS  HONEYCOMB PAPER GARLAND,1021.9000000000001,326,50,3.834705882352941,3.134662576687117,💎 Premium Product
3D SHEET OF CAT STICKERS,255.61999999999998,260,75,1.1855263157894735,0.983153846153846,⚠️ Rationalization Candidate
3D SHEET OF DOG STICKERS,423.99,426,116,1.2454310344827586,0.9952816901408451,📦 Volume Driver
3D TRADITIONAL CHRISTMAS STICKERS,2095.08,1583,197,1.5160696517412937,1.3234870499052431,⭐ Core Product
3D VINTAGE CHRISTMAS STICKERS ,2162.75,1645,188,1.5677894736842104,1.314741641337386,⭐ Core Product
4 BLUE DINNER CANDLES SILVER FLOCK,226.67,87,31,2.7054838709677416,2.6054022988505747,⚠️ Rationalization Candidate
4 BURGUNDY WINE DINNER CANDLES,57.46,45,13,1.343076923076923,1.276888888888889,⚠️ Rationalization Candidate
4 GOLD FLOCK CHRISTMAS BALLS,6.72,2,1,3.36,3.36,⚠️ Rationalization Candidate
4 IVORY DINNER CANDLES SILVER FLOCK,1205.64,538,136,2.5973381294964026,2.2409665427509298,⭐ Core Product
4 LAVENDER BOTANICAL DINNER CANDLES,1347.92,891,135,2.023623188405797,1.5128170594837262,⭐ Core Product
4 LILY  BOTANICAL DINNER CANDLES,1009.26,525,102,2.438653846153846,1.9223999999999999,⭐ Core Product
4 PEAR BOTANICAL DINNER CANDLES,1288.34,822,138,1.964507042253521,1.5673236009732359,⭐ Core Product
4 PINK DINNER CANDLE SILVER FLOCK,259.71999999999997,130,35,2.642857142857143,1.9978461538461536,⚠️ Rationalization Candidate
4 PINK FLOCK CHRISTMAS BALLS,88.47,49,22,2.2954545454545454,1.8055102040816327,⚠️ Rationalization Candidate
4 ROSE PINK DINNER CANDLES,276.59,184,44,2.071818181818182,1.5032065217391304,⚠️ Rationalization Candidate
4 SKY BLUE DINNER CANDLES,297.91,150,62,2.209516129032258,1.9860666666666669,⚠️ Rationalization Candidate
4 TRADITIONAL SPINNING TOPS,6782.21,4890,484,1.6569042769857434,1.3869550102249488,⭐ Core Product
4 VANILLA BOTANICAL CANDLES,1476.4,974,164,1.9874545454545456,1.515811088295688,⭐ Core Product
4 WILDFLOWER BOTANICAL CANDLES,768.37,404,91,2.4651546391752577,1.9019059405940595,⭐ Core Product
5 HOOK HANGER MAGIC TOADSTOOL,994.3799999999999,640,34,1.9782352941176469,1.5537187499999998,⭐ Core Product
5 HOOK HANGER RED MAGIC TOADSTOOL,4751.639999999999,3098,131,1.9261654135338346,1.5337766300839248,⭐ Core Product
5 STRAND GLASS NECKLACE AMBER,37.620000000000005,6,6,6.2700000000000005,6.2700000000000005,⚠️ Rationalization Candidate
5 STRAND GLASS NECKLACE AMETHYST,56.59,9,8,6.28,6.287777777777778,⚠️ Rationalization Candidate
5 STRAND GLASS NECKLACE BLACK,69.63,11,6,6.3133333333333335,6.329999999999999,⚠️ Rationalization Candidate
5 STRAND GLASS NECKLACE CRYSTAL,120.28999999999999,19,10,6.32,6.331052631578947,⚠️ Rationalization Candidate
50'S CHRISTMAS PAPER GIFT BAG,1100.6899999999998,1342,103,0.9369902912621358,0.8201862891207152,⭐ Core Product
50CM METAL STRING WITH  7 CLIPS,171.79,225,23,1.0608695652173912,0.763511111111111,⚠️ Rationalization Candidate
6 CHOCOLATE LOVE HEART T-LIGHTS,2171.26,1061,142,2.542191780821918,2.0464278982092368,⭐ Core Product
6 EGG HOUSE PAINTED WOOD,2726.43,299,155,9.944580645161292,9.118494983277591,💎 Premium Product
6 GIFT TAGS 50'S CHRISTMAS ,3429.3999999999996,3740,322,0.9722121212121212,0.9169518716577539,⭐ Core Product
6 GIFT TAGS VINTAGE CHRISTMAS ,3510.0499999999997,4007,327,0.9988519637462235,0.8759795358123283,⭐ Core Product
6 RIBBONS ELEGANT CHRISTMAS ,2489.0299999999997,1773,200,1.774009900990099,1.40385222786238,⭐ Core Product
6 RIBBONS EMPIRE  ,1667.8799999999999,1259,225,1.611858407079646,1.3247656870532167,⭐ Core Product
6 RIBBONS RUSTIC CHARM,17186.62,9172,955,2.211237113402062,1.8738137810728301,⭐ Core Product
6 RIBBONS SHIMMERING PINKS ,1239.6699999999998,1402,199,1.40095,0.8842154065620541,⭐ Core Product
6 ROCKET BALLOONS ,1293.22,1898,197,0.7724875621890548,0.681359325605901,⭐ Core Product
60 CAKE CASES DOLLY GIRL DESIGN,3990.2000000000003,7481,437,0.6748868778280543,0.5333778906563295,⭐ Core Product
60 CAKE CASES VINTAGE CHRISTMAS,9498.87,16032,618,0.7650158227848102,0.5924943862275449,⭐ Core Product
60 GOLD AND SILVER FAIRY CAKE CASES,1.1,2,2,0.55,0.55,⚠️ Rationalization Candidate
60 TEATIME FAIRY CAKE CASES,9169.970000000001,18189,828,0.689585308056872,0.5041492110616307,⭐ Core Product
6PC WOOD PLATE SET DISPOSABLE,574.88,459,38,1.9131578947368422,1.2524618736383442,📦 Volume Driver
70'S ALPHABET WALL ART,1043.1,150,15,7.986,6.954,💎 Premium Product
72 CAKE CASES VINTAGE CHRISTMAS,13.200000000000001,24,1,0.55,0.55,⚠️ Rationalization Candidate
72 SWEETHEART FAIRY CAKE CASES,6532.780000000001,13319,615,0.6851746031746032,0.4904857722051206,⭐ Core Product
75 BLACK PETIT FOUR CASES,24.36,58,18,0.42,0.42,⚠️ Rationalization Candidate
75 GREEN FAIRY CAKE CASES,102.36,69,42,1.4642857142857142,1.4834782608695651,⚠️ Rationalization Candidate
75 GREEN PETIT FOUR CASES,186.25,375,74,0.6477027027027027,0.49666666666666665,📦 Volume Driver
A PRETTY THANK YOU CARD,194.58,456,35,0.5208333333333334,0.4267105263157895,📦 Volume Driver
A4 WALL TIDY BLUE OFFICE,80.96000000000001,127,12,1.0875000000000001,0.63748031496063,⚠️ Rationalization Candidate
A4 WALL TIDY RED FLOWERS,7.37,13,4,0.56,0.566923076923077,⚠️ Rationalization Candidate
ABC TREASURE BOOK BOX ,4693.08,2165,226,2.663215859030837,2.1677043879907623,⭐ Core Product
ABSTRACT CIRCLE JOURNAL ,447.25,184,72,2.4995833333333333,2.4307065217391304,⚠️ Rationalization Candidate
ABSTRACT CIRCLES POCKET BOOK,135.15,159,42,0.85,0.8500000000000001,⚠️ Rationalization Candidate
ABSTRACT CIRCLES SKETCHBOOK ,603.3100000000001,142,76,4.66961038961039,4.248661971830987,⚠️ Rationalization Candidate
ACRYLIC GEOMETRIC LAMP,568.65,35,20,17.94857142857143,16.247142857142858,⚠️ Rationalization Candidate
"ACRYLIC HANGING JEWEL,BLUE",106.05,268,24,0.5359259259259259,0.3957089552238806,⚠️ Rationalization Candidate
"ACRYLIC HANGING JEWEL,PINK",66.55,95,7,0.5042857142857143,0.7005263157894737,⚠️ Rationalization Candidate
"ACRYLIC JEWEL ANGEL,PINK",29.64,78,2,0.38,0.38,⚠️ Rationalization Candidate
"ACRYLIC JEWEL ICICLE, BLUE",11.780000000000001,31,3,0.38000000000000006,0.38000000000000006,⚠️ Rationalization Candidate
"ACRYLIC JEWEL ICICLE, PINK",105.83,263,19,0.69,0.4023954372623574,⚠️ Rationalization Candidate
"ACRYLIC JEWEL SNOWFLAKE, PINK",63.28000000000001,162,5,0.724,0.39061728395061734,⚠️ Rationalization Candidate
"ACRYLIC JEWEL SNOWFLAKE,PINK",15.299999999999999,6,1,2.55,2.55,⚠️ Rationalization Candidate
ADULT APRON APPLE DELIGHT,945.88,184,45,6.362,5.140652173913043,💎 Premium Product
ADVENT CALENDAR GINGHAM SACK,6848.1900000000005,1315,247,5.705344129554656,5.207749049429658,⭐ Core Product
AFGHAN SLIPPER SOCK PAIR,1690.5500000000002,519,22,3.4272727272727277,3.257321772639692,⭐ Core Product
AGED GLASS SILVER T-LIGHT HOLDER,6859.27,10535,340,0.8200289017341041,0.6510934978642621,⭐ Core Product
AIRLINE BAG VINTAGE JET SET BROWN,1626.54,351,170,5.134764705882353,4.634017094017094,⭐ Core Product
AIRLINE BAG VINTAGE JET SET RED,2427.52,552,226,4.707136563876652,4.39768115942029,⭐ Core Product
AIRLINE BAG VINTAGE JET SET WHITE,1133.2,253,123,4.68576,4.479051383399209,💎 Premium Product
AIRLINE BAG VINTAGE TOKYO 78,5072.32,1095,395,5.169673366834171,4.632255707762557,⭐ Core Product
AIRLINE BAG VINTAGE WORLD CHAMPION ,1289.49,282,150,4.90251655629139,4.572659574468085,💎 Premium Product
"AIRLINE LOUNGE,METAL SIGN",1408.07,711,291,2.007216494845361,1.980407876230661,⭐ Core Product
ALARM CLOCK BAKELIKE CHOCOLATE,8153.6,1980,428,4.783640552995392,4.117979797979798,⭐ Core Product
ALARM CLOCK BAKELIKE GREEN,27155.28,6419,980,4.54201213346815,4.230453341642,⭐ Core Product
ALARM CLOCK BAKELIKE IVORY,11453.4,2885,570,4.418076923076923,3.9699826689774698,⭐ Core Product
ALARM CLOCK BAKELIKE ORANGE,9068.95,2323,445,4.514446902654867,3.9039819199311236,⭐ Core Product
ALARM CLOCK BAKELIKE PINK,20672.15,5356,783,4.579835651074589,3.8596247199402542,⭐ Core Product
ALARM CLOCK BAKELIKE RED ,30644.87,7800,1051,4.396880301602262,3.928829487179487,⭐ Core Product
ALPHABET HEARTS STICKER SHEET,350.08,397,59,1.0294915254237287,0.8818136020151133,📦 Volume Driver
ALPHABET STENCIL CRAFT,3057.27,2697,186,1.3571505376344086,1.1335817575083427,⭐ Core Product
ALUMINIUM HEART,74.7,30,6,2.49,2.49,⚠️ Rationalization Candidate
ALUMINIUM STAMPED HEART,1892.2300000000002,779,130,2.589848484848485,2.4290500641848527,⭐ Core Product
AMAZON,0.0,3,3,0.0,0.0,⚠️ Rationalization Candidate
AMBER 3 BEAD DROP EARRINGS,23.2,8,8,2.9,2.9,⚠️ Rationalization Candidate
AMBER BERTIE GLASS BEAD BAG CHARM,21.05,11,10,1.9419999999999997,1.9136363636363638,⚠️ Rationalization Candidate
AMBER BERTIE MOBILE PHONE CHARM,6.58,2,1,3.29,3.29,⚠️ Rationalization Candidate
AMBER CHUNKY BEAD BRACELET W STRAP,117.73,13,9,9.103333333333332,9.056153846153846,⚠️ Rationalization Candidate
AMBER CHUNKY GLASS+BEAD NECKLACE,95.25,8,8,11.90625,11.90625,⚠️ Rationalization Candidate
AMBER CRYSTAL DROP EARRINGS,8.76,3,3,2.92,2.92,⚠️ Rationalization Candidate
AMBER DIAMANTE EXPANDABLE RING,131.03,31,13,4.202307692307692,4.226774193548387,⚠️ Rationalization Candidate
AMBER DROP EARRINGS W LONG BEADS,117.24000000000001,40,23,2.9213043478260867,2.931,⚠️ Rationalization Candidate
AMBER FINE BEAD NECKLACE W TASSEL,35.31,6,5,5.872,5.885000000000001,⚠️ Rationalization Candidate
AMBER GLASS TASSLE BAG CHARM,33.440000000000005,14,7,2.0157142857142856,2.388571428571429,⚠️ Rationalization Candidate
AMBER GLASS/SHELL/PEARL NECKLACE,64.04,7,7,9.14857142857143,9.14857142857143,⚠️ Rationalization Candidate
AMBER GLASS/SILVER BRACELET,227.89,25,16,9.098125,9.115599999999999,⚠️ Rationalization Candidate
AMETHYST 3 BEAD DROP EARRINGS,14.5,5,5,2.9,2.9,⚠️ Rationalization Candidate
AMETHYST CHUNKY BEAD BRACELET W STR,297.94,33,21,9.054285714285713,9.02848484848485,⚠️ Rationalization Candidate
AMETHYST DIAMANTE EXPANDABLE RING,97.02,23,12,4.19,4.218260869565217,⚠️ Rationalization Candidate
AMETHYST DROP EARRINGS W LONG BEADS,61.08,21,17,2.9105882352941173,2.9085714285714284,⚠️ Rationalization Candidate
AMETHYST GLASS/SHELL/PEARL NECKLACE,137.63,15,14,9.177142857142858,9.175333333333333,⚠️ Rationalization Candidate
AMETHYST HOOP EARRING FLORAL LEAF,32.16,11,9,2.9233333333333333,2.9236363636363634,⚠️ Rationalization Candidate
ANGEL DECORATION 3 BUTTONS ,1636.67,3745,162,0.5443373493975904,0.4370280373831776,⭐ Core Product
ANGEL DECORATION PAINTED ZINC ,574.5400000000001,912,77,0.7082051282051283,0.6299780701754387,📦 Volume Driver
ANGEL DECORATION STARS ON DRESS,1109.05,2593,131,0.5472058823529412,0.4277092171230235,⭐ Core Product
ANGEL DECORATION WITH LACE PADDED,180.2,212,11,0.85,0.85,⚠️ Rationalization Candidate
ANIMAL STICKERS,367.29,1749,46,0.21,0.21000000000000002,📦 Volume Driver
ANIMALS AND NATURE WALL ART,923.97,267,17,3.6958823529411764,3.460561797752809,💎 Premium Product
ANT COPPER LIME BOUDICCA BRACELET,412.74,83,50,4.986000000000001,4.972771084337349,⚠️ Rationalization Candidate
ANT COPPER PINK BOUDICCA BRACELET,318.89000000000004,64,34,4.997941176470588,4.982656250000001,⚠️ Rationalization Candidate
ANT COPPER RED BOUDICCA BRACELET,119.91000000000001,24,21,5.002857142857143,4.996250000000001,⚠️ Rationalization Candidate
ANT COPPER TURQ BOUDICCA BRACELET,377.88,76,37,4.984594594594594,4.972105263157895,⚠️ Rationalization Candidate
ANT SILVER FUSCHIA BOUDICCA RING,41.300000000000004,14,7,2.95,2.95,⚠️ Rationalization Candidate
ANT SILVER LIME GREEN BOUDICCA RING,79.65,27,10,2.95,2.95,⚠️ Rationalization Candidate
ANT SILVER PURPLE BOUDICCA RING,29.500000000000004,10,5,2.95,2.95,⚠️ Rationalization Candidate
ANT SILVER TURQUOISE BOUDICCA RING,17.700000000000003,6,1,2.95,2.9500000000000006,⚠️ Rationalization Candidate
ANT WHITE WIRE HEART SPIRAL,1519.63,339,104,5.688076923076922,4.4826843657817115,💎 Premium Product
ANTIQUE ALL GLASS CANDLESTICK,2614.05,1169,199,2.3111940298507463,2.236142001710864,⭐ Core Product
ANTIQUE CREAM CUTLERY CUPBOARD,530.19,50,36,11.344722222222224,10.603800000000001,⚠️ Rationalization Candidate
ANTIQUE CREAM CUTLERY SHELF ,254.98000000000002,29,19,8.946315789473683,8.79241379310345,⚠️ Rationalization Candidate
ANTIQUE GLASS DRESSING TABLE POT,5561.3,1798,267,3.781310861423221,3.0930478309232483,⭐ Core Product
ANTIQUE GLASS HEART DECORATION ,707.23,327,36,2.474736842105263,2.162782874617737,💎 Premium Product
ANTIQUE GLASS PEDESTAL BOWL,4203.89,1027,220,4.729107142857143,4.093369036027264,⭐ Core Product
ANTIQUE GLASS PLACE SETTING,152.5,122,8,1.25,1.25,⚠️ Rationalization Candidate
ANTIQUE HEART SHELF UNIT,4145.47,275,74,17.8127027027027,15.074436363636364,💎 Premium Product
ANTIQUE IVORY WIRE BOWL SMALL,251.45000000000002,99,21,2.7252380952380952,2.53989898989899,⚠️ Rationalization Candidate
ANTIQUE MID BLUE FLOWER EARRINGS,21.15,5,3,4.216666666666667,4.2299999999999995,⚠️ Rationalization Candidate
ANTIQUE OLIVE GREEN FLOWER EARRINGS,29.73,7,5,4.246,4.247142857142857,⚠️ Rationalization Candidate
ANTIQUE OPAL WHITE FLOWER EARRINGS,21.130000000000003,5,5,4.226000000000001,4.226000000000001,⚠️ Rationalization Candidate
ANTIQUE RASPBERRY FLOWER EARRINGS,20.950000000000003,5,4,4.175000000000001,4.19,⚠️ Rationalization Candidate
ANTIQUE SILVER BAUBLE LAMP  ,3583.23,376,78,10.834999999999999,9.529867021276596,⭐ Core Product
ANTIQUE SILVER BOOK MARK WITH BEADS,14.11,17,3,0.83,0.83,⚠️ Rationalization Candidate
ANTIQUE SILVER T-LIGHT GLASS,19381.62,14664,689,1.5028468208092487,1.3217144026186578,⭐ Core Product
ANTIQUE SILVER TEA GLASS ENGRAVED,10229.77,8652,347,1.471534090909091,1.1823589921405455,⭐ Core Product
ANTIQUE SILVER TEA GLASS ETCHED,6461.76,4545,216,1.6190909090909091,1.4217293729372937,⭐ Core Product
ANTIQUE TALL SWIRLGLASS TRINKET POT,3560.74,870,203,4.955615763546798,4.092804597701149,⭐ Core Product
APOTHECARY MEASURING JAR,826.28,67,22,12.759545454545453,12.332537313432836,💎 Premium Product
APPLE BATH SPONGE,1911.17,1336,229,1.8230172413793104,1.4305164670658683,⭐ Core Product
APRON APPLE DELIGHT,1446.79,285,80,5.82925,5.076456140350877,💎 Premium Product
APRON MODERN VINTAGE COTTON,1139.86,492,90,2.9795555555555553,2.3167886178861785,⭐ Core Product
AQUA BERTIE GLASS BEAD BAG CHARM,48.06,30,12,2.0741666666666667,1.602,⚠️ Rationalization Candidate
AREA PATROLLED METAL SIGN,8858.79,4365,437,2.3959453302961276,2.0295051546391756,⭐ Core Product
ARMY CAMO BOOKCOVER TAPE,7.14,17,4,0.42,0.42,⚠️ Rationalization Candidate
"ART LIGHTS,FUNK MONKEY",1037.54,370,62,3.553809523809524,2.804162162162162,⭐ Core Product
ASS COL CIRCLE MOBILE ,173.15999999999997,474,6,0.4114285714285714,0.36531645569620247,📦 Volume Driver
ASS COL LARGE SAND FROG P'WEIGHT,28.35,27,7,1.05,1.05,⚠️ Rationalization Candidate
ASS COL SMALL SAND GECKO P'WEIGHT,11.34,27,9,0.42,0.42,⚠️ Rationalization Candidate
ASS COLOUR GLOWING TIARAS,215.21,281,25,0.8719230769230768,0.7658718861209964,⚠️ Rationalization Candidate
ASS DES PHONE SPONGE CRAFT STICKER,153.09,509,14,0.465,0.3007662082514735,📦 Volume Driver
ASS FLORAL PRINT MULTI SCREWDRIVER,1254.1200000000001,2734,163,0.5077976190476191,0.4587125091441112,⭐ Core Product
ASS FLORAL PRINT SPIRIT LEVEL ,110.86,100,37,1.4994999999999998,1.1086,⚠️ Rationalization Candidate
ASSORTED BOTTLE TOP  MAGNETS ,1406.42,3152,184,1.1675135135135135,0.4461992385786802,⭐ Core Product
ASSORTED CAKES FRIDGE MAGNETS,35.75,55,8,0.65,0.65,⚠️ Rationalization Candidate
ASSORTED CHEESE FRIDGE MAGNETS,180.71,223,18,0.9811111111111112,0.8103587443946189,⚠️ Rationalization Candidate
ASSORTED CIRCULAR MOBILE,154.77,693,33,0.4285294117647059,0.22333333333333336,📦 Volume Driver
ASSORTED COLOUR BIRD ORNAMENT,58927.62,36362,1455,1.7225745257452574,1.6205824762114296,⭐ Core Product
ASSORTED COLOUR LIZARD SUCTION HOOK,393.0,994,55,0.4160655737704918,0.3953722334004024,📦 Volume Driver
ASSORTED COLOUR METAL CAT ,138.75,111,25,1.25,1.25,⚠️ Rationalization Candidate
ASSORTED COLOUR MINI CASES,12550.57,1762,383,8.065298701298701,7.122911464245176,⭐ Core Product
ASSORTED COLOUR SILK GLASSES CASE,6.300000000000001,3,1,2.1,2.1,⚠️ Rationalization Candidate
ASSORTED COLOUR SUCTION CUP HOOK,37.24,196,13,0.19,0.19,⚠️ Rationalization Candidate
ASSORTED COLOUR T-LIGHT HOLDER,2297.03,3619,120,0.8163636363636364,0.6347140093948606,⭐ Core Product
ASSORTED COLOURED CIRCLE MOBILE ,26.88,64,7,0.42,0.42,⚠️ Rationalization Candidate
ASSORTED COLOURS SILK FAN,18569.84,23826,518,1.0677649325626204,0.7793939393939394,⭐ Core Product
ASSORTED CREEPY CRAWLIES,1107.07,2621,99,0.46950495049504953,0.42238458603586415,⭐ Core Product
ASSORTED EASTER DECORATIONS  BELLS,729.57,569,27,3.9481481481481477,1.2821968365553604,⭐ Core Product
ASSORTED EASTER GIFT TAGS,965.8599999999999,1145,61,1.338360655737705,0.8435458515283842,⭐ Core Product
ASSORTED FARMYARD ANIMALS IN BUCKET,74.58,90,9,1.0866666666666667,0.8286666666666667,⚠️ Rationalization Candidate
"ASSORTED FLOWER COLOUR ""LEIS""",4934.87,10315,111,0.8927927927927929,0.47841686863790595,⭐ Core Product
ASSORTED INCENSE PACK,760.3199999999999,4032,27,0.20259259259259257,0.18857142857142856,⭐ Core Product
ASSORTED LAQUERED INCENSE HOLDERS,455.9800000000001,2545,24,0.3025,0.1791669941060904,📦 Volume Driver
ASSORTED MINI MADRAS NOTEBOOK,481.95,976,28,0.8446428571428571,0.4938012295081967,📦 Volume Driver
ASSORTED MONKEY SUCTION CUP HOOK,246.18,617,45,0.41625,0.39899513776337114,📦 Volume Driver
ASSORTED SANSKRIT MINI NOTEBOOK,136.25,109,6,1.25,1.25,⚠️ Rationalization Candidate
ASSORTED SHAPES PHOTO CLIP SILVER ,238.60999999999999,469,12,0.635625,0.5087633262260127,📦 Volume Driver
ASSORTED TUTTI FRUTTI  FOB NOTEBOOK,633.8299999999999,650,78,1.138452380952381,0.9751230769230768,📦 Volume Driver
ASSORTED TUTTI FRUTTI BRACELET,692.85,2550,132,0.5017985611510791,0.2717058823529412,⭐ Core Product
ASSORTED TUTTI FRUTTI HEART BOX,268.75,215,32,1.25,1.25,⚠️ Rationalization Candidate
ASSORTED TUTTI FRUTTI KEYRING BALL,451.59,1153,49,1.0971428571428572,0.3916652211621856,📦 Volume Driver
ASSORTED TUTTI FRUTTI LARGE PURSE,224.70000000000002,107,25,2.1,2.1,⚠️ Rationalization Candidate
ASSORTED TUTTI FRUTTI MIRROR,743.31,550,60,1.8401666666666665,1.3514727272727272,⭐ Core Product
ASSORTED TUTTI FRUTTI NOTEBOOK,547.76,247,40,2.56675,2.217651821862348,⚠️ Rationalization Candidate
ASSORTED TUTTI FRUTTI PEN,830.7299999999999,2471,101,0.4958252427184466,0.3361918251719951,⭐ Core Product
ASSORTED TUTTI FRUTTI SMALL PURSE,982.79,729,66,1.878939393939394,1.3481344307270233,⭐ Core Product
ASSTD COL BUTTERFLY/CRYSTAL W/CHIME,218.87,459,13,1.3415384615384613,0.4768409586056645,📦 Volume Driver
ASSTD DESIGN 3D PAPER STICKERS,389.38,13702,32,0.5414705882352941,0.028417749233688512,📦 Volume Driver
ASSTD DESIGN BUBBLE GUM RING,3.5700000000000003,17,4,0.21,0.21000000000000002,⚠️ Rationalization Candidate
ASSTD DESIGN RACING CAR PEN,2389.44,1615,113,1.89,1.479529411764706,⭐ Core Product
ASSTD FRUIT+FLOWERS FRIDGE MAGNETS,637.5600000000001,2412,65,0.2896923076923077,0.2643283582089552,⭐ Core Product
ASSTD MULTICOLOUR CIRCLES MUG,840.0799999999999,1579,82,1.6330952380952382,0.5320329322355921,⭐ Core Product
ASSTD RASTA KEY-CHAINS,3.7800000000000002,9,3,0.42,0.42000000000000004,⚠️ Rationalization Candidate
Adjustment,0.0,48,2,0.0,0.0,⚠️ Rationalization Candidate
Amazon,0.0,12,7,0.0,0.0,⚠️ Rationalization Candidate
Amazon Adjustment,0.0,1,1,0.0,0.0,⚠️ Rationalization Candidate
BABUSHKA LIGHTS STRING OF 10,3633.17,517,153,8.304117647058824,7.027408123791103,⭐ Core Product
BABY BOOM RIBBONS ,477.34,378,88,1.2898901098901099,1.2628042328042328,📦 Volume Driver
BABY MOUSE RED GINGHAM DRESS,310.25,73,21,4.25,4.25,⚠️ Rationalization Candidate
BAG 125g SWIRLY MARBLES,3528.89,9390,294,0.495738255033557,0.3758136315228967,⭐ Core Product
BAG 250g SWIRLY MARBLES,4039.2799999999997,5144,248,1.0033734939759036,0.7852410575427682,⭐ Core Product
BAG 500g SWIRLY MARBLES,1462.1699999999998,1459,141,1.8397902097902097,1.0021727210418094,⭐ Core Product
BAG OF SILVER STONES,89.52999999999999,130,13,0.6746153846153846,0.6886923076923076,⚠️ Rationalization Candidate
BAKING MOULD CHOCOLATE CUP CAKES,30.599999999999998,12,2,2.55,2.55,⚠️ Rationalization Candidate
BAKING MOULD CHOCOLATE CUPCAKES,2502.04,948,157,2.928509316770186,2.639282700421941,⭐ Core Product
BAKING MOULD CUPCAKE CHOCOLATE,30.599999999999998,12,1,2.55,2.55,⚠️ Rationalization Candidate
BAKING MOULD EASTER EGG MILK CHOC,2585.92,940,122,3.48869918699187,2.7509787234042555,⭐ Core Product
BAKING MOULD EASTER EGG WHITE CHOC,1707.47,589,78,3.2253846153846157,2.89893039049236,⭐ Core Product
BAKING MOULD HEART MILK CHOCOLATE,2846.8,1108,189,3.073350785340314,2.5693140794223828,⭐ Core Product
BAKING MOULD HEART WHITE CHOCOLATE,1963.3,813,129,2.8299999999999996,2.414883148831488,⭐ Core Product
BAKING MOULD ROSE MILK CHOCOLATE,2066.82,690,65,3.8047692307692307,2.995391304347826,⭐ Core Product
BAKING MOULD ROSE WHITE CHOCOLATE,895.97,279,50,4.326153846153846,3.211362007168459,💎 Premium Product
BAKING MOULD TOFFEE CUP  CHOCOLATE,15.299999999999999,6,1,2.55,2.55,⚠️ Rationalization Candidate
BAKING MOULD TOFFEE CUP CHOCOLATE,1985.5800000000002,878,71,2.7107042253521123,2.261480637813212,⭐ Core Product
BAKING SET 9 PIECE RETROSPOT ,24185.27,4937,934,5.353144989339019,4.898778610492202,⭐ Core Product
BAKING SET SPACEBOY DESIGN,10745.050000000001,2210,465,5.457072649572649,4.862013574660634,⭐ Core Product
BALLOON ART MAKE YOUR OWN FLOWERS,1034.9,1009,98,1.7488,1.0256689791873144,⭐ Core Product
BALLOON PUMP WITH 10 BALLOONS,1570.41,793,124,2.126451612903226,1.9803404791929382,⭐ Core Product
BALLOON WATER BOMB PACK OF 35,2375.04,6010,154,0.4556050955414013,0.39518136439267887,⭐ Core Product
BALLOONS  WRITING SET ,2410.43,1337,346,2.2488218390804597,1.802864622288706,⭐ Core Product
BANK ACCOUNT  GREETING  CARD ,132.44,318,38,0.47526315789473683,0.41647798742138364,⚠️ Rationalization Candidate
BANQUET BIRTHDAY  CARD  ,712.08,1644,160,0.57325,0.4331386861313869,⭐ Core Product
BAROQUE BUTTERFLY EARRINGS BLACK,7.5,2,2,3.75,3.75,⚠️ Rationalization Candidate
BAROQUE BUTTERFLY EARRINGS CRYSTAL,14.96,4,4,3.74,3.74,⚠️ Rationalization Candidate
BAROQUE BUTTERFLY EARRINGS MONTANA,3.73,1,1,3.73,3.73,⚠️ Rationalization Candidate
BAROQUE BUTTERFLY EARRINGS PINK,11.19,3,3,3.73,3.73,⚠️ Rationalization Candidate
BAROQUE BUTTERFLY EARRINGS RED,3.73,1,1,3.73,3.73,⚠️ Rationalization Candidate
BASKET OF FLOWERS SEWING KIT,644.2099999999999,812,63,1.04,0.7933620689655172,⭐ Core Product
BASKET OF TOADSTOOLS,1767.15,1430,130,1.5737404580152672,1.2357692307692307,⭐ Core Product
BATH BUILDING BLOCK WORD,5006.26,809,270,6.620036900369003,6.188207663782448,⭐ Core Product
BATHROOM HOOK,157.5,146,27,1.5964285714285713,1.0787671232876712,⚠️ Rationalization Candidate
BATHROOM METAL SIGN,3473.21,5881,631,0.8306466876971609,0.5905815337527631,⭐ Core Product
BATHROOM METAL SIGN ,613.14,438,73,1.7678082191780824,1.39986301369863,📦 Volume Driver
BATHROOM SCALES FOOTPRINTS IN SAND,172.05,51,20,3.6700000000000004,3.373529411764706,⚠️ Rationalization Candidate
BATHROOM SCALES RUBBER DUCKS,146.85,43,21,3.673809523809524,3.415116279069767,⚠️ Rationalization Candidate
"BATHROOM SCALES, TROPICAL BEACH",67.5,18,12,3.75,3.75,⚠️ Rationalization Candidate
BATHROOM SET LOVE HEART DESIGN,237.98000000000002,82,14,3.1242857142857146,2.9021951219512196,⚠️ Rationalization Candidate
BEACH HUT DESIGN BLACKBOARD,203.07,41,15,6.171333333333333,4.952926829268293,⚠️ Rationalization Candidate
BEACH HUT KEY CABINET,177.33,34,21,5.938571428571429,5.215588235294118,⚠️ Rationalization Candidate
BEACH HUT MIRROR,66.39,49,8,2.9525,1.3548979591836734,⚠️ Rationalization Candidate
BEACH HUT SHELF W 3 DRAWERS,504.43,81,31,7.804193548387097,6.227530864197531,⚠️ Rationalization Candidate
BEADED CHANDELIER T-LIGHT HOLDER,1420.97,695,38,4.771578947368421,2.0445611510791366,⭐ Core Product
BEADED CRYSTAL HEART BLUE  LARGE,437.22,482,46,1.077659574468085,0.9070954356846473,📦 Volume Driver
BEADED CRYSTAL HEART BLUE ON STICK,178.85,193,50,0.8714,0.9266839378238342,⚠️ Rationalization Candidate
BEADED CRYSTAL HEART BLUE SMALL,107.31,80,15,1.7373333333333332,1.341375,⚠️ Rationalization Candidate
BEADED CRYSTAL HEART GREEN LARGE,760.4300000000001,834,62,1.382741935483871,0.9117865707434053,⭐ Core Product
BEADED CRYSTAL HEART GREEN ON STICK,521.11,623,172,0.8377906976744186,0.8364526484751204,📦 Volume Driver
BEADED CRYSTAL HEART GREEN SMALL,168.59,119,31,1.9122580645161291,1.4167226890756304,⚠️ Rationalization Candidate
BEADED CRYSTAL HEART PINK LARGE,569.29,565,62,1.5017460317460318,1.0075929203539822,📦 Volume Driver
BEADED CRYSTAL HEART PINK ON STICK,725.26,850,206,0.8429126213592232,0.8532470588235294,⭐ Core Product
BEADED CRYSTAL HEART PINK SMALL,342.74,207,65,1.9433846153846153,1.6557487922705314,⚠️ Rationalization Candidate
BEADED LOVE HEART JEWELLERY SET,8.5,10,1,0.85,0.85,⚠️ Rationalization Candidate
BEADED PEARL HEART WHITE LARGE,127.04999999999998,77,10,1.65,1.6499999999999997,⚠️ Rationalization Candidate
BEADED PEARL HEART WHITE ON STICK,901.48,996,119,0.9148739495798318,0.9051004016064257,⭐ Core Product
BELL HEART ANTIQUE GOLD,24.96,12,1,2.08,2.08,⚠️ Rationalization Candidate
BELL HEART DECORATION,387.0,252,9,1.6277777777777775,1.5357142857142858,⚠️ Rationalization Candidate
BELLE JARDINIERE CUSHION COVER,3257.08,748,210,4.915592417061611,4.354385026737968,⭐ Core Product
BEST DAD CANDLE LETTERS,26.349999999999998,31,8,0.85,0.85,⚠️ Rationalization Candidate
BEWARE OF THE CAT METAL SIGN ,6935.7,4154,449,2.156901098901099,1.669643716899374,⭐ Core Product
BICYCLE PUNCTURE REPAIR KIT ,3881.91,1863,116,2.2640650406504066,2.0836876006441223,⭐ Core Product
BICYCLE SAFTEY WALL ART,2371.94,458,39,5.782307692307692,5.178908296943232,⭐ Core Product
BIG DOUGHNUT FRIDGE MAGNETS,2334.94,1726,198,3.95715,1.3528041714947856,⭐ Core Product
BIG POLKADOT MUG,2.34,6,1,0.39,0.38999999999999996,⚠️ Rationalization Candidate
BILI NUT AND WOOD NECKLACE,59.89,50,7,2.412857142857143,1.1978,⚠️ Rationalization Candidate
BINGO SET,6659.54,1691,380,4.699868421052631,3.938225901833235,⭐ Core Product
BIRD BOX CHRISTMAS TREE DECORATION,22.06,24,6,1.087142857142857,0.9191666666666666,⚠️ Rationalization Candidate
BIRD DECORATION GREEN POLKADOT,747.81,820,139,1.1363309352517985,0.9119634146341463,⭐ Core Product
BIRD DECORATION RED RETROSPOT,860.93,893,132,1.2836363636363637,0.964087346024636,⭐ Core Product
BIRD HOUSE HOT WATER BOTTLE,4912.14,1172,279,4.051458333333333,4.191245733788397,⭐ Core Product
BIRD ON BRANCH CANVAS SCREEN,21.45,11,1,1.95,1.95,⚠️ Rationalization Candidate
BIRDCAGE DECORATION TEALIGHT HOLDER,761.57,643,67,1.236231884057971,1.1844012441679628,⭐ Core Product
BIRDHOUSE DECORATION MAGIC GARDEN,889.49,712,137,1.529136690647482,1.2492837078651686,⭐ Core Product
BIRDHOUSE GARDEN MARKER ,2210.62,1537,140,1.7830000000000001,1.4382693558880937,⭐ Core Product
BIRDS MOBILE VINTAGE DESIGN,1147.27,189,73,6.261232876712329,6.07021164021164,💎 Premium Product
BIRTHDAY BANNER TAPE,30.0,24,1,1.25,1.25,⚠️ Rationalization Candidate
BIRTHDAY BANQUET GIFT WRAP,393.5,975,32,0.4175,0.4035897435897436,📦 Volume Driver
"BIRTHDAY CARD, RETRO SPOT",1104.81,2608,270,0.4670740740740741,0.42362346625766867,⭐ Core Product
BIRTHDAY PARTY CORDON BARRIER TAPE,617.11,478,97,1.3616326530612244,1.2910251046025105,📦 Volume Driver
BISCUIT TIN 50'S CHRISTMAS,6681.25,2194,309,3.2880906148867313,3.045237010027347,⭐ Core Product
BISCUIT TIN VINTAGE CHRISTMAS,5079.78,1938,278,3.3670967741935485,2.621145510835913,⭐ Core Product
BISCUIT TIN VINTAGE GREEN,2904.52,452,128,7.15640625,6.425929203539823,⭐ Core Product
BISCUIT TIN VINTAGE LEAF,64.56,24,3,2.7566666666666664,2.69,⚠️ Rationalization Candidate
BISCUIT TIN VINTAGE RED,3823.21,590,163,7.175582822085889,6.480016949152542,⭐ Core Product
BISCUITS SMALL BOWL LIGHT BLUE,631.8399999999999,1255,173,0.7160115606936416,0.5034581673306773,📦 Volume Driver
BLACK 3 BEAD DROP EARRINGS,40.96,14,9,2.9122222222222223,2.9257142857142857,⚠️ Rationalization Candidate
BLACK AND WHITE CAT BOWL,2684.6499999999996,1363,49,2.037755102040816,1.969662509170946,⭐ Core Product
BLACK AND WHITE DOG BOWL,2602.18,1196,52,2.634807692307693,2.175735785953177,⭐ Core Product
BLACK BAROQUE CARRIAGE CLOCK,432.78999999999996,51,35,8.475142857142856,8.486078431372547,⚠️ Rationalization Candidate
BLACK BAROQUE WALL CLOCK ,783.68,84,36,12.721666666666668,9.32952380952381,💎 Premium Product
BLACK BIRD GARDEN DESIGN MUG,62.239999999999995,106,16,1.366470588235294,0.5871698113207546,⚠️ Rationalization Candidate
BLACK CANDELABRA T-LIGHT HOLDER,1106.88,941,89,1.4657777777777776,1.1762805526036133,⭐ Core Product
BLACK CHAMPAGNE GLASS,626.55,1529,35,0.498,0.40977763243950294,📦 Volume Driver
BLACK CHERRY LIGHTS,54.0,8,1,6.75,6.75,⚠️ Rationalization Candidate
BLACK CHRISTMAS FLOCK DROPLET ,30.0,24,1,1.25,1.25,⚠️ Rationalization Candidate
BLACK CHRISTMAS TREE 120CM,551.13,217,27,3.4596296296296294,2.539769585253456,⚠️ Rationalization Candidate
BLACK CHRISTMAS TREE 60CM,460.64,558,25,1.9308,0.8255197132616487,📦 Volume Driver
BLACK CHUNKY BEAD BRACELET W STRAP,199.67,22,18,9.10388888888889,9.075909090909091,⚠️ Rationalization Candidate
BLACK CRYSTAL DROP EARRINGS,35.27,12,7,2.9314285714285715,2.939166666666667,⚠️ Rationalization Candidate
BLACK DIAMANTE EXPANDABLE RING,110.09,26,10,4.2090000000000005,4.234230769230769,⚠️ Rationalization Candidate
BLACK DIAMOND CLUSTER EARRINGS,8.82,3,3,2.94,2.94,⚠️ Rationalization Candidate
BLACK DIAMOND CLUSTER NECKLACE,37.239999999999995,4,3,9.43,9.309999999999999,⚠️ Rationalization Candidate
BLACK DINER WALL CLOCK,625.6899999999999,66,44,9.790227272727272,9.480151515151514,⚠️ Rationalization Candidate
BLACK DROP CRYSTAL NECKLACE,45.35000000000001,13,3,5.283333333333333,3.488461538461539,⚠️ Rationalization Candidate
BLACK DROP EARRINGS W LONG BEADS,29.05,10,10,2.9050000000000002,2.9050000000000002,⚠️ Rationalization Candidate
BLACK EAR MUFF HEADPHONES,312.7,47,28,7.693793103448276,6.653191489361702,⚠️ Rationalization Candidate
BLACK ENAMEL FLOWER RING,252.9,86,23,2.9347826086956523,2.9406976744186046,⚠️ Rationalization Candidate
BLACK ENCHANTED FOREST PLACEMAT,1266.91,698,71,2.313521126760563,1.815057306590258,⭐ Core Product
BLACK FEATHER CHRISTMAS DECORATION,18.240000000000002,96,7,0.19,0.19000000000000003,⚠️ Rationalization Candidate
BLACK FINE BEAD NECKLACE W TASSEL,35.44,6,6,5.906666666666666,5.906666666666666,⚠️ Rationalization Candidate
BLACK FLOWER CANDLE PLATE,5.949999999999999,7,2,0.85,0.8499999999999999,⚠️ Rationalization Candidate
BLACK GEMSTONE BRACELET,29.98,4,4,7.495,7.495,⚠️ Rationalization Candidate
BLACK GEMSTONE NECKLACE 45CM,63.480000000000004,5,5,12.696000000000002,12.696000000000002,⚠️ Rationalization Candidate
BLACK GLASS BRACELET W HEART CHARMS,174.73000000000002,35,27,4.994074074074074,4.992285714285715,⚠️ Rationalization Candidate
BLACK GLASS/SHELL/PEARL NECKLACE,9.15,1,1,9.15,9.15,⚠️ Rationalization Candidate
BLACK GRAND BAROQUE PHOTO FRAME,109.94,50,8,4.0275,2.1988,⚠️ Rationalization Candidate
BLACK HEART CARD HOLDER,12483.220000000001,4870,189,4.3502645502645505,2.5632895277207393,⭐ Core Product
BLACK KITCHEN SCALES,4401.86,523,203,8.988472906403942,8.416558317399616,⭐ Core Product
BLACK LOVE BIRD CANDLE,356.06,329,62,1.4383870967741934,1.0822492401215806,⚠️ Rationalization Candidate
BLACK LOVE BIRD T-LIGHT HOLDER,332.14,186,29,2.971724137931034,1.7856989247311827,⚠️ Rationalization Candidate
BLACK MEDIUM GLASS CAKE STAND,37.11,17,8,1.9,2.1829411764705884,⚠️ Rationalization Candidate
BLACK MINI TAPE MEASURE ,625.8,624,113,1.1095575221238938,1.0028846153846154,📦 Volume Driver
BLACK ORANGE SQUEEZER,57.96,138,21,0.42000000000000004,0.42,⚠️ Rationalization Candidate
BLACK PHOTO ALBUM ,7.5,15,3,0.5,0.5,⚠️ Rationalization Candidate
BLACK PIRATE TREASURE CHEST,856.39,526,143,2.382013888888889,1.6281178707224335,⭐ Core Product
BLACK RECORD COVER FRAME,40633.38,11651,375,4.215585106382979,3.4875444167882583,⭐ Core Product
BLACK SIL'T SQU CANDLE PLATE ,33.6,16,2,2.1,2.1,⚠️ Rationalization Candidate
BLACK SILOUETTE CANDLE PLATE,116.44999999999999,137,20,0.85,0.8499999999999999,⚠️ Rationalization Candidate
BLACK SMALL GLASS CAKE STAND,54.99,61,12,1.17,0.9014754098360656,⚠️ Rationalization Candidate
BLACK SQUARE TABLE CLOCK,305.2,116,30,3.4323333333333332,2.6310344827586207,⚠️ Rationalization Candidate
BLACK STITCHED WALL CLOCK,748.36,709,42,2.3628571428571425,1.0555148095909732,⭐ Core Product
BLACK SWEETHEART BRACELET,392.83,93,47,4.204893617021276,4.223978494623656,⚠️ Rationalization Candidate
BLACK TEA TOWEL CLASSIC DESIGN,747.3,825,128,1.076846153846154,0.9058181818181817,⭐ Core Product
"BLACK TEA,COFFEE,SUGAR JARS",783.3499999999999,453,47,1.9734042553191489,1.72924944812362,⭐ Core Product
BLACK VINT ART DEC CRYSTAL BRACELET,13.5,2,2,6.75,6.75,⚠️ Rationalization Candidate
BLACK VINT ART DEC CRYSTAL NECKLACE,76.32,9,6,8.47,8.479999999999999,⚠️ Rationalization Candidate
BLACK VINTAGE  CRYSTAL EARRINGS,45.0,12,7,3.75,3.75,⚠️ Rationalization Candidate
BLACK VINTAGE EARRINGS,149.41000000000003,36,31,4.1574193548387095,4.150277777777778,⚠️ Rationalization Candidate
BLACK WINE GLASS,697.62,1666,19,0.642,0.4187394957983193,⭐ Core Product
BLACK+WHITE NECKLACE W TASSEL,127.24,17,9,9.182222222222222,7.484705882352941,⚠️ Rationalization Candidate
BLACK/BLUE POLKADOT UMBRELLA,6904.040000000001,1181,292,6.776917808219179,5.845927180355631,⭐ Core Product
BLACK/WHITE GLASS/SILVER BRACELET,100.08999999999999,11,7,9.184285714285712,9.099090909090908,⚠️ Rationalization Candidate
BLACKCHRISTMAS TREE 30CM,1.25,1,1,1.25,1.25,⚠️ Rationalization Candidate
BLING KEY RING STAND,6.25,6,3,1.0833333333333333,1.0416666666666667,⚠️ Rationalization Candidate
BLOND DOLL DOORSTOP,141.75,109,14,1.6428571428571428,1.3004587155963303,⚠️ Rationalization Candidate
BLOSSOM  IMAGES NOTEBOOK SET,682.97,512,36,1.9597222222222221,1.33392578125,⭐ Core Product
BLOSSOM IMAGES GIFT WRAP SET,739.99,786,133,1.0780451127819548,0.9414631043256998,⭐ Core Product
BLOSSOM IMAGES SCRAP BOOK SET,4.95,1,1,4.95,4.95,⚠️ Rationalization Candidate
BLUE  DIAMANTE PEN IN GIFT BOX,488.13,129,54,4.301481481481481,3.783953488372093,⚠️ Rationalization Candidate
BLUE  TILE HOOK,282.78999999999996,99,27,3.573928571428571,2.856464646464646,⚠️ Rationalization Candidate
BLUE  VOILE LAMPSHADE,234.5,86,9,2.905555555555556,2.7267441860465116,⚠️ Rationalization Candidate
BLUE & WHITE BREAKFAST TRAY,346.3,94,38,4.016315789473684,3.6840425531914893,⚠️ Rationalization Candidate
BLUE 3 PIECE POLKADOT CUTLERY SET,4504.5,1220,108,4.162685185185185,3.6922131147540984,⭐ Core Product
BLUE BIRDHOUSE DECORATION,292.03,421,62,1.0741935483870966,0.6936579572446555,📦 Volume Driver
BLUE BLOSSOM HAIR CLIP,81.96000000000001,70,12,1.755,1.170857142857143,⚠️ Rationalization Candidate
BLUE BREAKFAST CUP AND SAUCER ,11.8,4,3,2.9500000000000006,2.95,⚠️ Rationalization Candidate
BLUE BUNNY EASTER EGG BASKET,230.24999999999997,157,3,1.5833333333333333,1.4665605095541399,⚠️ Rationalization Candidate
BLUE CALCULATOR RULER,829.74,654,113,1.5937068965517243,1.2687155963302752,⭐ Core Product
BLUE CAT BISCUIT BARREL PINK HEART,148.32,66,17,2.975882352941176,2.247272727272727,⚠️ Rationalization Candidate
BLUE CHARLIE+LOLA PERSONAL DOORSIGN,583.23,1041,111,0.8838938053097345,0.5602593659942363,📦 Volume Driver
BLUE CHECK BAG W HANDLE 34X20CM,14.11,17,5,0.8299999999999998,0.83,⚠️ Rationalization Candidate
BLUE CHENILLE SHAGGY CUSHION COVER ,43.15,43,12,1.0333333333333334,1.0034883720930232,⚠️ Rationalization Candidate
BLUE CIRCLES DESIGN MONKEY DOLL,175.73,66,28,2.806206896551724,2.6625757575757576,⚠️ Rationalization Candidate
BLUE CIRCLES DESIGN TEDDY,154.95,56,25,3.0359999999999996,2.7669642857142853,⚠️ Rationalization Candidate
BLUE CLIMBING HYDRANGA ART FLOWER,52.5,38,3,2.0833333333333335,1.381578947368421,⚠️ Rationalization Candidate
BLUE COAT RACK PARIS FASHION,2261.21,467,154,5.506387096774193,4.841991434689508,⭐ Core Product
BLUE CRUSOE CHECK LAMPSHADE,3.78,9,3,0.42,0.42,⚠️ Rationalization Candidate
BLUE CRYSTAL BOOT PHONE CHARM,1.66,1,1,1.66,1.66,⚠️ Rationalization Candidate
BLUE CUSHION COVER WITH FLOWER,381.78000000000003,58,29,6.534827586206896,6.5824137931034485,⚠️ Rationalization Candidate
BLUE DAISY MOBILE,138.76,172,12,0.7999999999999999,0.8067441860465115,⚠️ Rationalization Candidate
BLUE DELPHINIUM ARTIFICIAL FLOWER,188.37000000000003,99,6,2.23,1.902727272727273,⚠️ Rationalization Candidate
BLUE DINER WALL CLOCK,8189.29,954,365,9.043780821917808,8.58416142557652,⭐ Core Product
BLUE DISCO HANDBAG,64.81,31,11,2.346363636363636,2.0906451612903227,⚠️ Rationalization Candidate
BLUE DRAGONFLY HELICOPTER,524.5500000000001,65,45,8.051739130434783,8.07,⚠️ Rationalization Candidate
BLUE DRAWER KNOB ACRYLIC EDWARDIAN,2576.03,1890,195,1.675846153846154,1.3629788359788362,⭐ Core Product
BLUE DROP EARRINGS W BEAD CLUSTER,3.32,1,1,3.32,3.32,⚠️ Rationalization Candidate
BLUE EASTER EGG HUNT START POST,23.86,10,6,2.6766666666666663,2.386,⚠️ Rationalization Candidate
BLUE EGG  SPOON,322.18,1857,106,0.25075471698113205,0.1734948842218632,📦 Volume Driver
BLUE FELT EASTER EGG BASKET,610.4499999999999,365,71,1.73986301369863,1.6724657534246574,📦 Volume Driver
BLUE FELT HANGING HEART W FLOWER,26.11,16,2,1.645,1.631875,⚠️ Rationalization Candidate
BLUE FELT HANGING HEART WITH FLOWER,50.57,75,30,0.7040000000000001,0.6742666666666667,⚠️ Rationalization Candidate
BLUE FLOCK CUSHION COVER ,20.0,8,3,2.9166666666666665,2.5,⚠️ Rationalization Candidate
BLUE FLOCK GLASS CANDLEHOLDER,259.96,644,10,0.634,0.4036645962732919,📦 Volume Driver
BLUE FLOWER DES PURSE,43.66,44,6,0.9700000000000001,0.9922727272727272,⚠️ Rationalization Candidate
BLUE FLY SWAT,156.63,179,66,0.9283333333333333,0.8750279329608939,⚠️ Rationalization Candidate
BLUE GEISHA GIRL ,146.07999999999998,44,25,3.4415999999999998,3.32,⚠️ Rationalization Candidate
BLUE GIANT GARDEN THERMOMETER,2757.4700000000003,449,182,6.510491803278689,6.141358574610246,⭐ Core Product
BLUE GINGHAM ROSE CUSHION COVER,11.9,2,1,5.95,5.95,⚠️ Rationalization Candidate
BLUE GLASS CHUNKY CHARM BRACELET,80.55,9,6,8.95,8.95,⚠️ Rationalization Candidate
BLUE GLASS GEMS IN BAG,553.8299999999999,588,57,1.37,0.9418877551020407,📦 Volume Driver
BLUE GREEN EMBROIDERY COSMETIC BAG,97.13,35,22,3.2627272727272727,2.775142857142857,⚠️ Rationalization Candidate
BLUE HANGING GINGHAM EASTER HEN,13.44,32,5,0.42000000000000004,0.42,⚠️ Rationalization Candidate
BLUE HAPPY BIRTHDAY BUNTING,10491.75,1990,390,5.864717948717949,5.272236180904523,⭐ Core Product
BLUE HARMONICA IN BOX ,10339.81,7876,603,1.4315409836065573,1.3128250380904012,⭐ Core Product
BLUE HEART COMPACT MIRROR,217.5,128,16,3.59375,1.69921875,⚠️ Rationalization Candidate
BLUE HOLE PUNCH,16.25,13,7,1.25,1.25,⚠️ Rationalization Candidate
BLUE JUICY FRUIT PHOTO FRAME,264.06,93,39,3.178205128205128,2.8393548387096774,⚠️ Rationalization Candidate
BLUE KNITTED EGG COSY,85.61,155,28,0.7000000000000001,0.5523225806451613,⚠️ Rationalization Candidate
BLUE KNITTED HEN ,257.21999999999997,220,50,1.0595999999999999,1.169181818181818,⚠️ Rationalization Candidate
BLUE LEAVES AND BEADS PHONE CHARM,3.76,2,2,1.88,1.88,⚠️ Rationalization Candidate
BLUE MONTE CARLO HANDBAG,46.8,24,1,1.95,1.95,⚠️ Rationalization Candidate
BLUE MURANO TWIST BRACELET,164.12,39,15,4.201333333333333,4.208205128205129,⚠️ Rationalization Candidate
BLUE MURANO TWIST NECKLACE,119.89,12,11,9.994545454545454,9.990833333333333,⚠️ Rationalization Candidate
BLUE NETTING STORAGE HANGER,15.6,8,6,1.95,1.95,⚠️ Rationalization Candidate
BLUE NEW BAROQUE CANDLESTICK CANDLE,536.41,449,35,2.384857142857143,1.1946770601336303,📦 Volume Driver
BLUE NEW BAROQUE FLOCK CANDLESTICK,4.65,1,1,4.65,4.65,⚠️ Rationalization Candidate
BLUE ORGANDY ROUND LAMPSHADE W BEA,10.2,12,4,0.85,0.85,⚠️ Rationalization Candidate
BLUE OWL SOFT TOY,1536.88,512,115,3.312735042735043,3.00171875,⭐ Core Product
BLUE PADDED SOFT MOBILE,4.25,1,1,4.25,4.25,⚠️ Rationalization Candidate
BLUE PAINTED KASHMIRI CHAIR,149.85000000000002,3,1,49.95,49.95000000000001,⚠️ Rationalization Candidate
BLUE PAISLEY JOURNAL ,656.06,250,79,2.8722784810126583,2.62424,💎 Premium Product
BLUE PAISLEY NOTEBOOK,92.39999999999999,56,23,1.6499999999999997,1.65,⚠️ Rationalization Candidate
BLUE PAISLEY POCKET BOOK,271.16999999999996,306,62,0.9903225806451613,0.8861764705882351,⚠️ Rationalization Candidate
BLUE PAISLEY SKETCHBOOK,505.97,120,63,4.461746031746031,4.2164166666666665,⚠️ Rationalization Candidate
BLUE PAISLEY TISSUE BOX,321.40000000000003,670,91,0.5719780219780219,0.4797014925373135,📦 Volume Driver
BLUE PAPER PARASOL ,946.83,321,60,3.506666666666667,2.9496261682242992,💎 Premium Product
BLUE PARTY BAGS ,2822.32,1480,118,2.182372881355932,1.9069729729729732,⭐ Core Product
BLUE PATCH PURSE PINK HEART,383.02,242,41,1.685609756097561,1.5827272727272728,⚠️ Rationalization Candidate
BLUE POLKADOT BEAKER ,1139.06,2838,90,0.5415555555555556,0.4013601127554616,⭐ Core Product
BLUE POLKADOT BOWL,3983.12,3120,322,1.5869753086419751,1.2766410256410257,⭐ Core Product
BLUE POLKADOT COFFEE MUG,869.6099999999999,2054,71,0.7973239436619718,0.4233739045764362,⭐ Core Product
BLUE POLKADOT CUP,3110.2599999999998,3570,325,1.113211009174312,0.8712212885154061,⭐ Core Product
BLUE POLKADOT EGG CUP ,550.43,1075,65,1.0604615384615383,0.5120279069767442,📦 Volume Driver
BLUE POLKADOT GARDEN PARASOL,1668.49,200,89,9.208988764044944,8.34245,💎 Premium Product
BLUE POLKADOT KIDS BAG,688.3,286,74,3.4390666666666667,2.4066433566433565,💎 Premium Product
BLUE POLKADOT LUGGAGE TAG ,346.86,269,80,1.5365,1.289442379182156,⚠️ Rationalization Candidate
BLUE POLKADOT PASSPORT COVER,466.99,313,97,2.5085567010309275,1.4919808306709266,⚠️ Rationalization Candidate
BLUE POLKADOT PLATE ,3789.3199999999997,2282,196,2.0589847715736043,1.6605258545135844,⭐ Core Product
BLUE POLKADOT PUDDING BOWL,38.67,29,7,1.45875,1.333448275862069,⚠️ Rationalization Candidate
BLUE POLKADOT PURSE ,141.15,44,33,3.397878787878788,3.2079545454545455,⚠️ Rationalization Candidate
BLUE POLKADOT WASHING UP GLOVES,920.45,407,148,2.41722972972973,2.2615479115479116,⭐ Core Product
BLUE POLKADOT WRAP,2809.34,6927,217,0.41695852534562206,0.405563736105096,⭐ Core Product
BLUE POT PLANT CANDLE ,1060.9,299,68,5.06,3.548160535117057,💎 Premium Product
BLUE PUDDING SPOON,151.19,1052,82,0.24349397590361446,0.14371673003802282,📦 Volume Driver
BLUE REFECTORY CLOCK ,1777.46,173,82,11.226951219512195,10.274335260115608,💎 Premium Product
BLUE RETRO KITCHEN WALL CLOCK,301.88,36,18,8.621111111111112,8.385555555555555,⚠️ Rationalization Candidate
BLUE ROSE FABRIC MIRROR,709.7,597,90,1.4886666666666666,1.1887772194304858,⭐ Core Product
BLUE ROSE PATCH PURSE PINK BUTTERFL,52.8,32,8,1.65,1.65,⚠️ Rationalization Candidate
BLUE ROUND COMPACT MIRROR,150.93,96,18,2.325,1.5721875,⚠️ Rationalization Candidate
BLUE SAVANNAH PICNIC HAMPER FOR 2,2393.5899999999997,256,124,9.261209677419354,9.349960937499999,💎 Premium Product
BLUE SCANDINAVIAN PAISLEY WRAP,409.5,975,39,0.42,0.42,📦 Volume Driver
BLUE SCOTTIE DOG W FLOWER PATTERN,424.08,177,49,2.396734693877551,2.3959322033898305,⚠️ Rationalization Candidate
BLUE SHARK HELICOPTER,15.9,2,2,7.95,7.95,⚠️ Rationalization Candidate
BLUE SPOT CERAMIC DRAWER KNOB,6083.99,4330,375,1.704946808510638,1.4050785219399538,⭐ Core Product
BLUE SQUARE COMPACT MIRROR,63.75,51,8,1.25,1.25,⚠️ Rationalization Candidate
BLUE STONES ON WIRE FOR CANDLE,29.59,352,17,0.10294117647058823,0.0840625,📦 Volume Driver
BLUE STRIPE CERAMIC DRAWER KNOB,7091.15,5252,425,1.5951612903225805,1.3501808834729625,⭐ Core Product
BLUE STRIPES SHOULDER BAG,7.469999999999999,9,3,0.83,0.8299999999999998,⚠️ Rationalization Candidate
BLUE SWEETHEART BRACELET,211.43,50,26,4.22,4.2286,⚠️ Rationalization Candidate
BLUE TABLE RUN FLOWER,56.25,45,11,1.25,1.25,⚠️ Rationalization Candidate
BLUE TEA TOWEL CLASSIC DESIGN,565.86,478,53,1.2656603773584905,1.1838075313807532,📦 Volume Driver
BLUE TEATIME PRINT BOWL ,12.5,10,2,1.25,1.25,⚠️ Rationalization Candidate
BLUE TILED TRAY,54.0,8,4,6.75,6.75,⚠️ Rationalization Candidate
BLUE TRAVEL FIRST AID KIT,67.50999999999999,41,14,1.64,1.6465853658536582,⚠️ Rationalization Candidate
BLUE TV TRAY TABLE ,518.61,127,39,6.107435897435898,4.0835433070866145,⚠️ Rationalization Candidate
BLUE VICTORIAN FABRIC OVAL BOX,388.57,925,100,0.6903,0.42007567567567566,📦 Volume Driver
BLUE VINTAGE SPOT BEAKER,4747.62,5048,222,1.03009009009009,0.9404952456418383,⭐ Core Product
BLUE WHITE PLASTIC RINGS LAMPSHADE,11.899999999999999,14,5,0.85,0.8499999999999999,⚠️ Rationalization Candidate
BLUE WIRE SPIRAL CANDLE HOLDER,82.57,12,6,7.411666666666666,6.8808333333333325,⚠️ Rationalization Candidate
BLUE/CREAM STRIPE CUSHION COVER ,771.15,623,99,1.2481,1.2378009630818618,⭐ Core Product
BLUE/GREEN SHELL NECKLACE W PENDANT,11.46,2,2,5.73,5.73,⚠️ Rationalization Candidate
BLUE/NAT SHELL NECKLACE W PENDANT,5.95,1,1,5.95,5.95,⚠️ Rationalization Candidate
BLUE/YELLOW CERAMIC CANDLE HOLDER,6.6,4,1,1.65,1.65,⚠️ Rationalization Candidate
BLUE/YELLOW FLOWER DESIGN BIG MUG,16.77,31,12,0.65,0.5409677419354838,⚠️ Rationalization Candidate
BOHEMIAN COLLAGE STATIONERY SET,1080.82,635,211,2.004245283018868,1.7020787401574802,⭐ Core Product
BOOM BOX SPEAKER BOYS,1281.2,296,101,4.858349514563107,4.328378378378378,💎 Premium Product
BOOM BOX SPEAKER GIRLS,1160.58,562,90,4.37054347826087,2.0650889679715303,⭐ Core Product
BOOZE & WOMEN GREETING CARD ,214.19,504,58,0.5127586206896552,0.4249801587301587,📦 Volume Driver
BOTANICAL GARDENS WALL CLOCK ,5843.92,262,83,24.791807228915662,22.305038167938932,💎 Premium Product
BOTANICAL LAVENDER BIRTHDAY CARD,225.59,504,80,0.518875,0.44759920634920636,📦 Volume Driver
BOTANICAL LAVENDER GIFT WRAP ,199.5,475,19,0.42,0.42,📦 Volume Driver
BOTANICAL LILY GIFT WRAP,105.0,250,7,0.42,0.42,⚠️ Rationalization Candidate
BOTANICAL LILY GREETING CARD,181.98,427,60,0.4485,0.42618266978922714,📦 Volume Driver
BOTANICAL ROSE GIFT WRAP,304.5,725,28,0.42,0.42,📦 Volume Driver
BOTANICAL ROSE GREETING CARD,141.95,337,22,0.43863636363636366,0.42121661721068243,⚠️ Rationalization Candidate
BOTTLE BAG RETROSPOT ,2171.53,1330,207,2.423816425120773,1.632729323308271,⭐ Core Product
BOUDOIR SQUARE TISSUE BOX,1001.5500000000001,1992,172,0.9610112359550562,0.5027861445783133,⭐ Core Product
BOX OF 24 COCKTAIL PARASOLS,4327.38,7910,587,0.6727731092436974,0.5470771175726928,⭐ Core Product
BOX OF 6 ASSORTED COLOUR TEASPOONS,2389.52,559,211,4.638388625592417,4.274633273703041,⭐ Core Product
BOX OF 6 CHRISTMAS CAKE DECORATIONS,7356.18,1875,220,4.660950226244344,3.923296,⭐ Core Product
BOX OF 6 MINI 50'S CRACKERS,9219.53,3720,403,2.651167883211679,2.4783682795698927,⭐ Core Product
BOX OF 6 MINI VINTAGE CRACKERS,9162.41,3809,376,2.7416492146596863,2.4054633762142292,⭐ Core Product
BOX OF 9 PEBBLE CANDLES,986.23,485,103,2.4765384615384614,2.0334639175257734,⭐ Core Product
BOX OF VINTAGE ALPHABET BLOCKS,13931.31,1342,267,12.382434456928838,10.381005961251862,⭐ Core Product
BOX OF VINTAGE JIGSAW BLOCKS ,5236.31,938,236,6.182542372881356,5.582420042643924,⭐ Core Product
BOX/12 CHICK & EGG IN BASKET,223.10999999999999,123,41,1.9158536585365853,1.81390243902439,⚠️ Rationalization Candidate
BOXED GLASS ASHTRAY,9.94,4,4,2.485,2.485,⚠️ Rationalization Candidate
BOYS ALPHABET IRON ON PATCHES,546.04,1975,99,0.38494949494949493,0.2764759493670886,📦 Volume Driver
BOYS PARTY BAG,150.54999999999998,47,11,3.1045454545454545,3.2031914893617017,⚠️ Rationalization Candidate
BOYS VINTAGE TIN SEASIDE BUCKET,3872.92,1425,244,3.385204918032787,2.717838596491228,⭐ Core Product
BREAD BIN DINER STYLE IVORY,14329.539999999999,901,375,17.415146666666665,15.904039955604883,⭐ Core Product
BREAD BIN DINER STYLE MINT,4967.929999999999,319,128,16.9328125,15.573448275862066,💎 Premium Product
BREAD BIN DINER STYLE PINK,5208.45,323,128,18.21203125,16.125232198142413,💎 Premium Product
BREAD BIN DINER STYLE RED ,10676.619999999999,665,278,17.699460431654675,16.05506766917293,⭐ Core Product
"BREAD BIN, DINER STYLE, IVORY",59.8,4,1,14.95,14.95,⚠️ Rationalization Candidate
"BREAD BIN, DINER STYLE, MINT",59.8,4,1,14.95,14.95,⚠️ Rationalization Candidate
BRIGHT BLUES RIBBONS ,699.91,549,109,1.3167567567567566,1.2748816029143897,⭐ Core Product
BROCADE RING PURSE ,6025.95,23020,239,0.363402489626556,0.26177019982623806,⭐ Core Product
BROCANTE COAT RACK,2025.96,220,60,12.059666666666665,9.20890909090909,💎 Premium Product
BROCANTE SHELF WITH HOOKS,1781.82,162,76,11.533157894736842,10.998888888888889,💎 Premium Product
BROWN  PIRATE TREASURE CHEST ,993.5,414,146,3.196938775510204,2.3997584541062804,⭐ Core Product
BROWN CHECK CAT DOORSTOP ,1421.11,290,138,5.448623188405797,4.900379310344827,💎 Premium Product
BROWN KUKUI COCONUT SEED NECKLACE,91.7,77,11,2.3363636363636364,1.190909090909091,⚠️ Rationalization Candidate
BROWN VINTAGE VICTORIAN EARRINGS,5.8,2,2,2.9,2.9,⚠️ Rationalization Candidate
BUBBLEGUM RING ASSORTED,4997.28,12050,245,0.47804878048780486,0.4147120331950207,⭐ Core Product
BUFFALO BILL TREASURE BOOK BOX,4079.28,1922,175,2.730571428571429,2.1224141519250783,⭐ Core Product
BUFFALO BILL WALL ART ,852.72,248,16,3.6925,3.4383870967741936,💎 Premium Product
BULL DOG BOTTLE OPENER,4764.5,874,264,6.4533082706766915,5.451372997711671,⭐ Core Product
BULL DOG BOTTLE TOP WALL CLOCK,1733.57,201,82,9.421463414634145,8.624726368159203,💎 Premium Product
BUNDLE OF 3 ALPHABET EXERCISE BOOKS,6114.24,3516,345,1.7743304843304841,1.738976109215017,⭐ Core Product
BUNDLE OF 3 RETRO EXERCISE BOOKS,98.99999999999999,60,5,1.65,1.6499999999999997,⚠️ Rationalization Candidate
BUNDLE OF 3 RETRO NOTE BOOKS,3529.8899999999994,2141,276,1.8762411347517731,1.6487108827650627,⭐ Core Product
BUNDLE OF 3 SCHOOL EXERCISE BOOKS  ,2761.8999999999996,1702,202,1.7966009852216749,1.6227379553466508,⭐ Core Product
BUNNY DECORATION MAGIC GARDEN,591.4399999999999,668,113,1.0199137931034483,0.8853892215568862,📦 Volume Driver
BUNNY EGG BOX,228.75,183,26,1.25,1.25,⚠️ Rationalization Candidate
BUNNY EGG GARLAND,269.17,528,78,0.6543037974683544,0.5097916666666666,📦 Volume Driver
BUNNY WOODEN PAINTED WITH BIRD ,777.78,1000,147,0.9306802721088435,0.77778,⭐ Core Product
BUNNY WOODEN PAINTED WITH FLOWER ,432.46,568,101,0.9327184466019417,0.7613732394366197,📦 Volume Driver
"BUNTING , SPOTTY ",634.7,146,7,4.721428571428572,4.347260273972603,⚠️ Rationalization Candidate
BUTTERFLIES STICKERS,568.26,628,110,1.1387272727272726,0.9048726114649681,📦 Volume Driver
BUTTERFLY CROCHET FOOD COVER,572.23,148,66,4.010606060606061,3.866418918918919,⚠️ Rationalization Candidate
BUTTERFLY CUSHION COVER,30.0,8,2,3.75,3.75,⚠️ Rationalization Candidate
BUTTERFLY HAIR BAND,95.41999999999999,38,21,2.4961904761904763,2.511052631578947,⚠️ Rationalization Candidate
BUTTON BOX ,3378.5,1876,250,1.9483399209486165,1.80090618336887,⭐ Core Product
BUTTONS AND STRIPES NOTEBOOK ,48.75,13,7,3.75,3.75,⚠️ Rationalization Candidate
Bank Charges,165.001,12,11,13.750083333333334,13.750083333333334,⚠️ Rationalization Candidate
CABIN BAG VINTAGE PAISLEY,2010.12,99,34,22.510882352941177,20.304242424242425,💎 Premium Product
CABIN BAG VINTAGE RETROSPOT,4674.62,247,68,22.484117647058824,18.925587044534414,💎 Premium Product
CACTI T-LIGHT CANDLES,2278.9,5321,143,0.9854545454545454,0.42828415711332457,⭐ Core Product
CAKE PLATE LOVEBIRD PINK,1821.6100000000001,441,78,5.30493670886076,4.130634920634921,⭐ Core Product
CAKE PLATE LOVEBIRD WHITE,3880.2,1057,222,5.441216216216216,3.6709555345316933,⭐ Core Product
CAKE SHOP  STICKER SHEET,48.449999999999996,57,8,0.85,0.85,⚠️ Rationalization Candidate
CAKE STAND 3 TIER MAGIC GARDEN,3624.5999999999995,308,88,12.525,11.768181818181816,💎 Premium Product
CAKE STAND LACE WHITE,4.25,1,1,4.25,4.25,⚠️ Rationalization Candidate
CAKE STAND LOVEBIRD 2 TIER PINK,1104.54,131,51,10.617450980392157,8.431603053435115,💎 Premium Product
CAKE STAND LOVEBIRD 2 TIER WHITE,1849.25,231,86,10.015581395348836,8.005411255411255,💎 Premium Product
CAKE STAND VICTORIAN FILIGREE LARGE,471.86,56,35,8.427142857142856,8.42607142857143,⚠️ Rationalization Candidate
CAKE STAND VICTORIAN FILIGREE MED,1916.01,322,129,5.957364341085271,5.950341614906832,💎 Premium Product
CAKE STAND VICTORIAN FILIGREE SMALL,1420.58,372,122,4.323770491803279,3.8187634408602147,⭐ Core Product
CAKE STAND WHITE TWO TIER LACE,2471.39,343,101,8.513465346534653,7.205218658892128,💎 Premium Product
CAKES AND BOWS GIFT  TAPE,413.76,1166,93,0.761505376344086,0.3548542024013722,📦 Volume Driver
CAKES AND RABBITS DESIGN FLANNEL ,134.48999999999998,119,50,1.2856,1.1301680672268906,⚠️ Rationalization Candidate
"CAKESTAND, 3 TIER, LOVEHEART",19.9,2,1,9.95,9.95,⚠️ Rationalization Candidate
CALENDAR FAMILY FAVOURITES,550.6,193,59,3.033728813559322,2.8528497409326428,⚠️ Rationalization Candidate
CALENDAR IN SEASON DESIGN,1502.2900000000002,581,110,2.78990990990991,2.5856970740103273,⭐ Core Product
CALENDAR PAPER CUT DESIGN,5467.26,1834,271,3.353065693430657,2.9810577971646675,⭐ Core Product
CAMOUFLAGE DESIGN TEDDY,3448.05,1631,36,2.4124999999999996,2.1140711220110364,⭐ Core Product
CAMOUFLAGE DOG COLLAR,12.72,1,1,12.72,12.72,⚠️ Rationalization Candidate
CAMOUFLAGE EAR MUFF HEADPHONES,368.08,53,27,7.535185185185185,6.9449056603773585,⚠️ Rationalization Candidate
CAMOUFLAGE LED TORCH,4594.43,2726,168,2.109345238095238,1.6854108584005871,⭐ Core Product
CAMPHOR WOOD PORTOBELLO MUSHROOM,246.82999999999998,178,50,1.8538,1.3866853932584269,⚠️ Rationalization Candidate
CANDLE HOLDER SILVER MADELINE,325.15999999999997,196,20,1.886,1.6589795918367345,⚠️ Rationalization Candidate
CANDLE PLATE LACE WHITE,416.59999999999997,193,56,2.6326785714285714,2.1585492227979275,⚠️ Rationalization Candidate
CANDLEHOLDER PINK HANGING HEART,6438.79,2251,398,3.1557178217821784,2.8604131497112393,⭐ Core Product
CANDY HEART HANGING DECORATION,690.52,1318,62,0.7807936507936507,0.5239150227617603,⭐ Core Product
CANDY SHOP  STICKER SHEET,179.45999999999998,195,33,1.102857142857143,0.9203076923076922,⚠️ Rationalization Candidate
CANDY SPOT BUNNY,38.35,13,5,2.95,2.95,⚠️ Rationalization Candidate
CANDY SPOT CUSHION COVER,1129.99,339,125,3.48024,3.3333038348082598,💎 Premium Product
CANDY SPOT EGG WARMER HARE,475.18,708,88,0.8860674157303371,0.6711581920903955,📦 Volume Driver
CANDY SPOT EGG WARMER RABBIT,242.13,640,90,0.6907777777777777,0.378328125,📦 Volume Driver
CANDY SPOT HAND BAG,534.83,259,51,2.3871153846153845,2.064980694980695,⚠️ Rationalization Candidate
CANDY SPOT HEART DECORATION,122.08,146,50,0.8331999999999999,0.8361643835616438,⚠️ Rationalization Candidate
CANDY SPOT TEA COSY,40.05,27,2,2.3,1.4833333333333332,⚠️ Rationalization Candidate
CANNABIS LEAF BEAD CURTAIN,30.599999999999998,36,2,0.85,0.85,⚠️ Rationalization Candidate
CANNISTER VINTAGE LEAF DESIGN,23.4,12,2,1.95,1.95,⚠️ Rationalization Candidate
CAPIZ CHANDELIER,29.95,1,1,29.95,29.95,⚠️ Rationalization Candidate
CARAVAN SQUARE TISSUE BOX,800.59,1440,153,0.9591139240506329,0.5559652777777778,⭐ Core Product
CARD BILLBOARD FONT,2256.56,5290,443,0.5251015801354402,0.4265708884688091,⭐ Core Product
CARD BIRTHDAY COWBOY,1415.73,3487,225,0.5433333333333333,0.40600229423573275,⭐ Core Product
CARD CAT AND TREE ,717.23,1633,168,0.5764285714285714,0.439210042865891,⭐ Core Product
CARD CHRISTMAS VILLAGE,1550.4,3633,244,0.46090163934426226,0.4267547481420314,⭐ Core Product
CARD CIRCUS PARADE,1360.91,3201,288,0.5248611111111111,0.42515151515151517,⭐ Core Product
CARD DOG AND BALL ,535.78,1229,131,0.5551908396946565,0.43594792514239217,📦 Volume Driver
CARD DOLLY GIRL ,1822.2,4435,312,0.5486261980830671,0.41086809470124014,⭐ Core Product
CARD GINGHAM ROSE ,1096.09,2693,163,0.47944785276073615,0.4070144819903453,⭐ Core Product
CARD HOLDER GINGHAM HEART,2141.32,684,175,3.5053977272727277,3.1305847953216377,⭐ Core Product
CARD HOLDER LOVE BIRD LARGE ,1460.5,232,84,6.810714285714286,6.295258620689655,💎 Premium Product
CARD HOLDER LOVE BIRD SMALL,1355.24,332,72,4.643611111111111,4.082048192771085,💎 Premium Product
CARD I LOVE LONDON ,1437.36,3441,217,0.5413761467889908,0.4177157802964254,⭐ Core Product
CARD MOTORBIKE SANTA,1691.76,3987,266,0.4599253731343283,0.4243190368698269,⭐ Core Product
CARD PARTY GAMES ,888.47,2129,235,0.4929361702127659,0.4173179896665101,⭐ Core Product
CARD PSYCHEDELIC APPLES,1118.84,2628,268,0.4901492537313432,0.425738203957382,⭐ Core Product
CARD SUKI BIRTHDAY,1114.81,2639,290,0.48220689655172416,0.4224365289882531,⭐ Core Product
CARD WEDDING DAY,645.64,1543,130,0.5171538461538462,0.41843162670123135,⭐ Core Product
CARDHOLDER GINGHAM CHRISTMAS TREE,1509.41,413,86,4.486511627906976,3.6547457627118645,⭐ Core Product
CARDHOLDER GINGHAM STAR,1212.82,379,79,3.6482716049382713,3.200052770448549,⭐ Core Product
CARDHOLDER HOLLY WREATH METAL,3021.12,658,135,5.085037037037037,4.591367781155015,⭐ Core Product
CARNIVAL BRACELET,558.03,44,26,12.656538461538462,12.6825,⚠️ Rationalization Candidate
CAROUSEL DESIGN WASHBAG,199.84,108,50,1.9125999999999999,1.8503703703703704,⚠️ Rationalization Candidate
CAROUSEL PONIES BABY BIB,14.37,33,12,0.5853846153846154,0.4354545454545454,⚠️ Rationalization Candidate
CARRIAGE,7051.0,142,141,49.87943262411348,49.65492957746479,💎 Premium Product
CARROT CHARLIE+LOLA COASTER SET,773.3,471,126,2.3733858267716537,1.6418259023354564,⭐ Core Product
CARTOON  PENCIL SHARPENERS,283.31,3821,64,0.26984375,0.07414551164616592,📦 Volume Driver
CAST IRON HOOK GARDEN FORK,1421.83,523,23,3.5356521739130433,2.718604206500956,⭐ Core Product
CAST IRON HOOK GARDEN TROWEL,1018.19,386,25,3.5335999999999994,2.63779792746114,⭐ Core Product
CAT AND BIRD WALL ART,323.64,270,4,2.005,1.1986666666666665,⚠️ Rationalization Candidate
CAT BOWL VINTAGE CREAM,1655.96,472,116,3.6286206896551727,3.5083898305084746,⭐ Core Product
CAT WITH SUNGLASSES BLANK CARD,0.95,5,1,0.19,0.19,⚠️ Rationalization Candidate
CD WALL TIDY BLUE OFFICE,40.379999999999995,103,8,0.71375,0.39203883495145625,⚠️ Rationalization Candidate
CD WALL TIDY RED FLOWERS,61.05,163,8,0.55125,0.3745398773006135,⚠️ Rationalization Candidate
CERAMIC BIRDHOUSE CRESTED TIT SMALL,253.53000000000003,79,22,3.7117391304347827,3.2092405063291145,⚠️ Rationalization Candidate
CERAMIC BOWL WITH LOVE HEART DESIGN,677.86,619,74,1.580126582278481,1.0950888529886915,⭐ Core Product
CERAMIC BOWL WITH STRAWBERRY DESIGN,1367.45,583,120,3.6615447154471545,2.345540308747856,⭐ Core Product
CERAMIC CAKE BOWL + HANGING CAKES,2117.54,714,134,3.6647058823529415,2.9657422969187675,⭐ Core Product
CERAMIC CAKE DESIGN SPOTTED MUG,2206.63,1451,187,1.7963157894736843,1.520764989662302,⭐ Core Product
CERAMIC CAKE DESIGN SPOTTED PLATE,1313.28,820,115,2.1011304347826085,1.601560975609756,⭐ Core Product
CERAMIC CAKE STAND + HANGING CAKES,5117.29,563,154,9.906493506493506,9.089325044404973,⭐ Core Product
CERAMIC CHERRY CAKE MONEY BANK,2986.97,2215,277,2.1207581227436827,1.3485191873589164,⭐ Core Product
CERAMIC HEART FAIRY CAKE MONEY BANK,4709.74,2355,352,2.2651404494382024,1.9998895966029724,⭐ Core Product
CERAMIC LOVE HEART MONEY BANK,466.18,733,46,1.3745652173913043,0.6359890859481583,📦 Volume Driver
CERAMIC PIRATE CHEST MONEY BANK,1320.6999999999998,852,144,1.908611111111111,1.5501173708920186,⭐ Core Product
CERAMIC PLATE STRAWBERRY DESIGN,667.92,584,61,1.41327868852459,1.1436986301369862,⭐ Core Product
CERAMIC STRAWBERRY CAKE MONEY BANK,5684.17,4162,392,2.044126582278481,1.3657304180682364,⭐ Core Product
CERAMIC STRAWBERRY DESIGN MUG,2081.54,1780,173,1.6124293785310733,1.1694044943820225,⭐ Core Product
CERAMIC STRAWBERRY MONEY BOX,2515.52,981,116,3.26,2.5642405708460756,⭐ Core Product
CERAMIC STRAWBERRY TRINKET TRAY,350.46999999999997,137,69,2.590869565217391,2.558175182481752,⚠️ Rationalization Candidate
CHALKBOARD KITCHEN ORGANISER,366.73,11,8,37.61,33.33909090909091,⚠️ Rationalization Candidate
CHAMBRE HOOK,184.67999999999998,132,25,1.7564,1.399090909090909,⚠️ Rationalization Candidate
CHAMPAGNE TRAY BLANK CARD,1.52,8,2,0.19,0.19,⚠️ Rationalization Candidate
CHARLIE & LOLA WASTEPAPER BIN BLUE,852.04,667,86,1.5657954545454544,1.2774212893553223,⭐ Core Product
CHARLIE & LOLA WASTEPAPER BIN FLORA,1323.37,996,118,1.8833613445378152,1.3286847389558232,⭐ Core Product
CHARLIE + LOLA BISCUITS TINS,1653.97,553,118,5.551864406779661,2.990904159132007,⭐ Core Product
CHARLIE + LOLA RED HOT WATER BOTTLE,2421.59,936,255,3.1212451361867704,2.5871688034188036,⭐ Core Product
CHARLIE AND LOLA CHARLOTTE BAG,162.20999999999998,65,27,3.4099999999999997,2.495538461538461,⚠️ Rationalization Candidate
CHARLIE AND LOLA FIGURES TINS,3587.19,1523,214,4.046558139534883,2.3553447143795143,⭐ Core Product
CHARLIE AND LOLA TABLE TINS,1230.78,538,84,4.0373809523809525,2.287695167286245,⭐ Core Product
CHARLIE LOLA BLUE HOT WATER BOTTLE ,1452.3500000000001,304,143,4.687123287671233,4.777467105263159,💎 Premium Product
CHARLIE+LOLA MY ROOM DOOR SIGN,249.48999999999998,403,84,0.8260465116279069,0.6190818858560794,📦 Volume Driver
CHARLIE+LOLA PINK HOT WATER BOTTLE,3384.98,1003,313,3.4974203821656054,3.374855433698903,⭐ Core Product
CHARLIE+LOLA RED HOT WATER BOTTLE ,1976.54,431,165,4.596385542168675,4.585939675174014,⭐ Core Product
"CHARLIE+LOLA""EXTREMELY BUSY"" SIGN",428.0,683,105,1.2516981132075473,0.6266471449487555,📦 Volume Driver
CHARLOTTE BAG ALPHABET  DESIGN,320.5,400,22,0.838181818181818,0.80125,📦 Volume Driver
CHARLOTTE BAG APPLES DESIGN,7741.94,7976,583,1.1219453924914675,0.9706544633901705,⭐ Core Product
CHARLOTTE BAG DOLLY GIRL DESIGN,4214.95,5194,415,0.9770883054892601,0.8115036580670003,⭐ Core Product
CHARLOTTE BAG PINK POLKADOT,11417.74,9718,743,1.248784676354029,1.174906359333196,⭐ Core Product
CHARLOTTE BAG SUKI DESIGN,29254.149999999998,18124,882,1.2166067415730337,1.6141111233723238,⭐ Core Product
CHARLOTTE BAG VINTAGE ALPHABET ,5405.88,5457,445,1.164375,0.9906322155030236,⭐ Core Product
CHERRY BLOSSOM  DECORATIVE FLASK,1565.71,377,126,4.856771653543307,4.153076923076923,⭐ Core Product
CHERRY BLOSSOM CANVAS ART PICTURE,97.95,41,6,3.9499999999999997,2.3890243902439026,⚠️ Rationalization Candidate
CHERRY BLOSSOM DECORATIVE FLASK,774.7,192,69,4.5343478260869565,4.034895833333334,💎 Premium Product
CHERRY BLOSSOM LUGGAGE TAG,95.17999999999999,73,33,1.4815151515151515,1.303835616438356,⚠️ Rationalization Candidate
CHERRY BLOSSOM PASSPORT COVER,243.53,194,71,1.8074647887323942,1.2553092783505155,⚠️ Rationalization Candidate
CHERRY BLOSSOM PURSE,49.69,20,16,2.490625,2.4844999999999997,⚠️ Rationalization Candidate
CHERRY BLOSSOM TABLE CLOCK ,29.599999999999998,8,4,3.6999999999999997,3.6999999999999997,⚠️ Rationalization Candidate
CHERRY CROCHET FOOD COVER,1004.39,264,104,3.990096153846154,3.804507575757576,💎 Premium Product
CHERUB HEART DECORATION GOLD,649.02,738,71,1.0394366197183098,0.8794308943089431,⭐ Core Product
CHERUB HEART DECORATION SILVER ,1176.1699999999998,1355,88,1.0939772727272727,0.8680221402214021,⭐ Core Product
CHEST 7 DRAWER MA CAMPAGNE,895.38,36,26,25.533846153846152,24.871666666666666,💎 Premium Product
CHEST NATURAL WOOD 20 DRAWERS,2745.0,24,13,118.07692307692308,114.375,💎 Premium Product
CHEST OF DRAWERS GINGHAM HEART ,2851.3599999999997,163,91,18.919890109890108,17.493006134969324,💎 Premium Product
CHICK GREY HOT WATER BOTTLE,8495.42,1872,402,5.175158150851581,4.53815170940171,⭐ Core Product
CHILDREN'S APRON DOLLY GIRL ,4326.43,2070,314,2.4350949367088606,2.0900628019323673,⭐ Core Product
CHILDREN'S CIRCUS PARADE MUG,2136.0099999999998,1255,144,2.033379310344827,1.7019999999999997,⭐ Core Product
CHILDREN'S SPACEBOY MUG,3028.0399999999995,1771,227,1.9899561403508772,1.7097910784867303,⭐ Core Product
CHILDRENS APRON APPLES DESIGN,5150.92,2414,365,2.5617983651226157,2.1337696768848384,⭐ Core Product
CHILDRENS APRON SPACEBOY DESIGN,7508.58,3752,552,2.4167207207207206,2.0012206823027716,⭐ Core Product
CHILDRENS CUTLERY CIRCUS PARADE,4097.22,1014,158,4.346962025316456,4.040650887573965,⭐ Core Product
CHILDRENS CUTLERY DOLLY GIRL ,6753.71,1667,291,4.270341296928327,4.051415716856629,⭐ Core Product
CHILDRENS CUTLERY POLKADOT BLUE,12366.97,2847,289,5.268088737201365,4.343860203723217,⭐ Core Product
CHILDRENS CUTLERY POLKADOT GREEN ,7701.71,1829,246,5.505934959349593,4.210885729907053,⭐ Core Product
CHILDRENS CUTLERY POLKADOT PINK,16865.97,3951,423,5.1186915887850475,4.268785117691724,⭐ Core Product
CHILDRENS CUTLERY RETROSPOT RED ,12604.23,2907,317,5.2348916408668735,4.335820433436532,⭐ Core Product
CHILDRENS CUTLERY SPACEBOY ,8517.67,2077,360,4.469945054945056,4.100948483389504,⭐ Core Product
CHILDRENS DOLLY GIRL MUG,2729.6899999999996,1598,204,2.044390243902439,1.7081914893617018,⭐ Core Product
CHILDRENS GARDEN GLOVES BLUE,883.1999999999999,648,85,1.5416279069767442,1.362962962962963,⭐ Core Product
CHILDRENS GARDEN GLOVES PINK,648.97,492,75,1.7486666666666668,1.3190447154471545,⭐ Core Product
CHILDRENS SPACEBOY MUG,39.599999999999994,24,2,1.65,1.6499999999999997,⚠️ Rationalization Candidate
CHILDRENS TOY COOKING UTENSIL SET,1633.81,746,168,2.5796470588235296,2.190093833780161,⭐ Core Product
CHILDS BREAKFAST SET CIRCUS PARADE,5009.56,596,198,8.882713567839197,8.40530201342282,⭐ Core Product
CHILDS BREAKFAST SET DOLLY GIRL ,6412.33,681,194,10.368102564102564,9.41604992657856,⭐ Core Product
CHILDS BREAKFAST SET SPACEBOY ,7161.3,763,222,10.312946428571427,9.385714285714286,⭐ Core Product
CHILDS GARDEN BRUSH BLUE,783.5400000000001,365,83,2.603734939759036,2.1466849315068495,⭐ Core Product
CHILDS GARDEN BRUSH PINK,906.7500000000001,413,90,2.542888888888889,2.1955205811138017,⭐ Core Product
CHILDS GARDEN FORK BLUE ,772.59,931,129,0.890381679389313,0.8298496240601504,⭐ Core Product
CHILDS GARDEN FORK PINK,750.81,865,136,0.9414705882352941,0.8679884393063583,⭐ Core Product
CHILDS GARDEN RAKE BLUE,494.89000000000004,207,63,2.6921538461538463,2.3907729468599035,⚠️ Rationalization Candidate
CHILDS GARDEN RAKE PINK,447.63000000000005,199,69,2.5105797101449276,2.2493969849246236,⚠️ Rationalization Candidate
CHILDS GARDEN SPADE BLUE,704.45,308,104,2.4073076923076924,2.287175324675325,💎 Premium Product
CHILDS GARDEN SPADE PINK,608.95,272,87,2.5193103448275864,2.2387867647058823,⚠️ Rationalization Candidate
CHILDS GARDEN TROWEL BLUE ,622.0999999999999,722,116,0.8815254237288135,0.8616343490304708,📦 Volume Driver
CHILDS GARDEN TROWEL PINK,525.51,610,105,0.9087735849056604,0.8614918032786885,📦 Volume Driver
CHILLI LIGHTS,54096.36,10305,663,6.764970149253731,5.2495254730713246,⭐ Core Product
CHINESE DRAGON PAPER LANTERNS,2136.34,5556,97,2.2792783505154635,0.3845104391648668,⭐ Core Product
CHOC TRUFFLE GOLD TRINKET POT ,638.6199999999999,408,70,2.072535211267606,1.5652450980392154,⭐ Core Product
CHOCOLATE 1 WICK MORRIS BOX CANDLE,589.9,362,50,2.3409999999999997,1.6295580110497236,📦 Volume Driver
CHOCOLATE 3 WICK MORRIS BOX CANDLE,1062.57,620,71,3.3797183098591552,1.7138225806451612,⭐ Core Product
CHOCOLATE BOX RIBBONS ,2275.61,1721,309,1.5672727272727272,1.3222603137710633,⭐ Core Product
CHOCOLATE CALCULATOR,1790.1,954,198,2.34964824120603,1.8764150943396225,⭐ Core Product
CHOCOLATE HOT WATER BOTTLE,32826.58,6018,858,6.068247422680412,5.45473246925889,⭐ Core Product
CHOCOLATE THIS WAY METAL SIGN,7752.22,3771,468,2.534714587737844,2.055746486343145,⭐ Core Product
CHRISTMAS CARD SCREEN PRINT ,304.5,1238,64,0.29765625,0.24596122778675283,📦 Volume Driver
CHRISTMAS CARD SINGING ANGEL,168.33,399,39,0.4330769230769231,0.42187969924812035,📦 Volume Driver
CHRISTMAS CARD STACK OF PRESENTS,196.44,816,36,0.2602777777777778,0.24073529411764705,📦 Volume Driver
CHRISTMAS CRAFT HEART STOCKING ,63.0,30,1,2.1,2.1,⚠️ Rationalization Candidate
CHRISTMAS CRAFT LITTLE FRIENDS,9662.28,4073,544,2.5802712477396024,2.3722759636631476,⭐ Core Product
CHRISTMAS CRAFT TREE TOP ANGEL,6463.790000000001,2791,457,2.6021551724137932,2.3159405231099965,⭐ Core Product
CHRISTMAS CRAFT WHITE FAIRY ,4946.19,3247,377,1.7504663212435232,1.5233107483831227,⭐ Core Product
CHRISTMAS DECOUPAGE CANDLE,821.98,1845,76,0.7696153846153846,0.4455176151761518,⭐ Core Product
"CHRISTMAS GARLAND STARS,TREES",637.83,180,48,3.535625,3.5435000000000003,💎 Premium Product
CHRISTMAS GINGHAM HEART,605.8,649,54,1.1770370370370369,0.9334360554699537,📦 Volume Driver
CHRISTMAS GINGHAM STAR,2085.64,2263,198,1.12425,0.9216261599646487,⭐ Core Product
CHRISTMAS GINGHAM TREE,1905.7699999999998,2006,196,1.1763959390862944,0.9500348953140577,⭐ Core Product
CHRISTMAS HANGING HEART WITH BELL,307.59999999999997,231,26,1.6842307692307692,1.3316017316017315,⚠️ Rationalization Candidate
CHRISTMAS HANGING SNOWFLAKE,430.86,490,48,1.2252083333333335,0.8793061224489797,📦 Volume Driver
CHRISTMAS HANGING STAR WITH BELL,2981.8399999999997,5840,252,0.744638783269962,0.5105890410958903,⭐ Core Product
CHRISTMAS HANGING TREE WITH BELL,1117.92,1964,117,0.9476859504132231,0.5692057026476579,⭐ Core Product
CHRISTMAS LIGHTS 10 REINDEER,13795.92,1670,311,9.962893890675241,8.26102994011976,⭐ Core Product
CHRISTMAS LIGHTS 10 SANTAS ,4460.54,608,152,8.33764705882353,7.3364144736842105,⭐ Core Product
CHRISTMAS LIGHTS 10 VINTAGE BAUBLES,6755.47,1355,209,6.264258373205742,4.985586715867159,⭐ Core Product
CHRISTMAS METAL POSTCARD WITH BELLS,1843.64,3375,111,1.318859649122807,0.5462637037037037,⭐ Core Product
CHRISTMAS METAL TAGS ASSORTED ,3008.92,2991,172,2.2110857142857143,1.0059913072550986,⭐ Core Product
CHRISTMAS MUSICAL ZINC HEART ,67.89999999999999,58,10,1.252,1.1706896551724137,⚠️ Rationalization Candidate
CHRISTMAS MUSICAL ZINC STAR,967.7599999999999,1953,123,0.6486290322580645,0.4955248335893497,⭐ Core Product
CHRISTMAS MUSICAL ZINC TREE,446.2,990,95,0.6635416666666666,0.4507070707070707,📦 Volume Driver
CHRISTMAS PUDDING TRINKET POT ,3462.25,6741,242,1.062063492063492,0.5136107402462543,⭐ Core Product
CHRISTMAS RETROSPOT ANGEL WOOD,2219.83,2479,200,1.0747029702970297,0.8954538120209762,⭐ Core Product
CHRISTMAS RETROSPOT HEART WOOD,137.59,139,27,1.3128571428571427,0.9898561151079137,⚠️ Rationalization Candidate
CHRISTMAS RETROSPOT STAR WOOD,1543.2299999999998,1698,193,1.070969387755102,0.9088515901060069,⭐ Core Product
CHRISTMAS RETROSPOT TREE WOOD,1235.3799999999999,1387,171,1.078125,0.8906849315068492,⭐ Core Product
CHRISTMAS STAR WISH LIST CHALKBOARD,4110.42,3476,262,1.299132075471698,1.1825143843498274,⭐ Core Product
CHRISTMAS TABLE CANDLE SILVER SPIKE,13.28,16,1,0.83,0.83,⚠️ Rationalization Candidate
CHRISTMAS TABLE SILVER CANDLE SPIKE,1483.61,1715,103,1.055904761904762,0.8650787172011661,⭐ Core Product
CHRISTMAS TOILET ROLL,5078.76,3719,248,1.6951538461538462,1.365625168055929,⭐ Core Product
CHRISTMAS TREE DECORATION WITH BELL,530.26,1251,125,0.42296,0.42386890487609913,📦 Volume Driver
CHRISTMAS TREE HANGING GOLD,718.53,799,75,1.0467532467532468,0.8992866082603254,⭐ Core Product
CHRISTMAS TREE HANGING SILVER ,750.1899999999999,801,88,1.089438202247191,0.9365667915106116,⭐ Core Product
CHRISTMAS TREE HEART DECORATION,919.14,2122,180,0.4531868131868132,0.43314797360980206,⭐ Core Product
CHRISTMAS TREE PAINTED ZINC ,683.3100000000001,2468,83,0.43829545454545454,0.2768679092382496,⭐ Core Product
CHRISTMAS TREE STAR DECORATION,1016.02,2353,198,0.4511111111111111,0.4317977050573736,⭐ Core Product
CHRISTMAS TREE T-LIGHT HOLDER,47.849999999999994,33,7,1.45,1.4499999999999997,⚠️ Rationalization Candidate
CHRYSANTHEMUM  JOURNAL,267.13,102,40,2.7685,2.6189215686274507,⚠️ Rationalization Candidate
CHRYSANTHEMUM NOTEBOOK,282.48999999999995,169,80,1.7029999999999998,1.6715384615384612,⚠️ Rationalization Candidate
CHRYSANTHEMUM POCKET BOOK ,54.4,64,20,0.85,0.85,⚠️ Rationalization Candidate
CHRYSANTHEMUM SKETCHBOOK ,416.05,102,59,4.255762711864407,4.078921568627451,⚠️ Rationalization Candidate
CHUNKY CRACKED GLAZE NECKLACE IVORY,43.510000000000005,4,4,10.877500000000001,10.877500000000001,⚠️ Rationalization Candidate
CHUNKY SILVER NECKLACE PASTEL FLOWE,324.01,32,23,10.19391304347826,10.1253125,⚠️ Rationalization Candidate
CINAMMON & ORANGE WREATH,672.88,104,34,6.652222222222222,6.47,💎 Premium Product
CINAMMON SET OF 9 T-LIGHTS,782.5,871,154,1.0847133757961782,0.8983926521239954,⭐ Core Product
CINDERELLA CHANDELIER ,3717.56,221,23,45.48739130434783,16.821538461538463,💎 Premium Product
CINNAMON SCENTED VOTIVE CANDLE,333.2,1288,39,0.2776923076923077,0.25869565217391305,📦 Volume Driver
CIRCUS PARADE BABY GIFT SET,4879.599999999999,315,111,16.296576576576577,15.490793650793648,💎 Premium Product
CIRCUS PARADE CHILDRENS EGG CUP ,1389.01,1066,143,1.5139583333333333,1.3030112570356474,⭐ Core Product
CIRCUS PARADE LUNCH BOX ,7199.57,3680,397,2.6084119106699752,1.9564048913043477,⭐ Core Product
CITRONELLA CANDLE FLOWERPOT,1817.74,786,157,2.5079874213836475,2.31264631043257,⭐ Core Product
CITRONELLA CANDLE GARDEN POT,3010.65,1651,225,1.8948458149779734,1.8235311932162326,⭐ Core Product
CITRUS GARLAND FELT FLOWERS ,117.0,60,14,1.95,1.95,⚠️ Rationalization Candidate
CLAM SHELL LARGE,18.75,5,4,3.75,3.75,⚠️ Rationalization Candidate
CLAM SHELL SMALL ,446.02000000000004,219,46,2.722391304347826,2.0366210045662103,⚠️ Rationalization Candidate
CLASSIC BICYCLE CLIPS ,2372.68,1640,99,1.657941176470588,1.4467560975609755,⭐ Core Product
CLASSIC CAFE SUGAR DISPENSER,4311.35,3075,325,1.7985757575757575,1.4020650406504067,⭐ Core Product
CLASSIC CHROME BICYCLE BELL ,3578.62,2498,193,1.6264141414141413,1.4325940752602082,⭐ Core Product
CLASSIC CROME BICYCLE BELL ,77.4,60,2,1.35,1.29,⚠️ Rationalization Candidate
CLASSIC DIAMANTE EARRINGS JET,40.900000000000006,14,9,2.9055555555555554,2.9214285714285717,⚠️ Rationalization Candidate
CLASSIC DIAMANTE NECKLACE JET,22.48,3,2,7.49,7.493333333333333,⚠️ Rationalization Candidate
CLASSIC FRENCH STYLE BASKET BROWN,1296.6100000000001,304,74,4.584533333333334,4.265164473684211,💎 Premium Product
CLASSIC FRENCH STYLE BASKET GREEN ,1497.72,344,76,5.041052631578947,4.353837209302326,💎 Premium Product
CLASSIC FRENCH STYLE BASKET NATURAL,2213.42,522,106,4.930754716981132,4.240268199233717,⭐ Core Product
CLASSIC GLASS COOKIE JAR,6183.39,1443,301,4.737715231788079,4.285093555093555,⭐ Core Product
CLASSIC GLASS SWEET JAR,479.45000000000005,119,14,4.092857142857143,4.028991596638656,⚠️ Rationalization Candidate
CLASSIC METAL BIRDCAGE PLANT HOLDER,11300.02,975,290,13.383676975945017,11.589764102564104,⭐ Core Product
CLASSIC SUGAR DISPENSER,247.32,216,12,1.1975,1.145,⚠️ Rationalization Candidate
CLASSIC WHITE FRAME,168.16000000000003,56,16,3.1350000000000002,3.002857142857143,⚠️ Rationalization Candidate
CLASSICAL ROSE CANDLESTAND,162.20000000000002,194,12,1.5075,0.8360824742268043,⚠️ Rationalization Candidate
CLASSICAL ROSE SMALL VASE,247.04,142,13,2.813846153846154,1.7397183098591549,⚠️ Rationalization Candidate
CLASSICAL ROSE TABLE LAMP,55.7,6,2,11.95,9.283333333333333,⚠️ Rationalization Candidate
CLEAR ACRYLIC FACETED BANGLE,61.56,41,7,2.1514285714285717,1.5014634146341463,⚠️ Rationalization Candidate
CLEAR CRYSTAL STAR PHONE CHARM,28.569999999999997,52,10,1.1889999999999998,0.5494230769230769,⚠️ Rationalization Candidate
CLEAR DRAWER KNOB ACRYLIC EDWARDIAN,8930.44,6539,441,1.5675615212527965,1.3657195289799664,⭐ Core Product
CLEAR LOVE BIRD T-LIGHT HOLDER,264.46999999999997,92,26,3.1765384615384615,2.8746739130434777,⚠️ Rationalization Candidate
CLEAR MILKSHAKE GLASS,75.60000000000001,36,5,2.1,2.1,⚠️ Rationalization Candidate
CLEAR STATIONERY BOX SET ,69.89999999999999,84,17,0.8335294117647059,0.8321428571428571,⚠️ Rationalization Candidate
CLOCK MAGNET MUM'S KITCHEN,930.48,324,53,3.5243396226415094,2.871851851851852,💎 Premium Product
CLOTHES PEGS RETROSPOT PACK 24 ,13325.869999999999,8676,772,1.8339870967741934,1.5359462886122637,⭐ Core Product
COCKLE SHELL DISH,629.8000000000001,340,68,2.994264705882353,1.8523529411764708,⚠️ Rationalization Candidate
COCKTAIL SWORDS 50 PIECES,759.5699999999999,935,95,1.014421052631579,0.8123743315508021,⭐ Core Product
COFFEE MUG APPLES DESIGN,6338.25,2816,261,2.7623664122137406,2.2507990056818183,⭐ Core Product
COFFEE MUG BLUE PAISLEY DESIGN,1352.88,761,61,3.118360655737705,1.7777660972404732,⭐ Core Product
COFFEE MUG CAT + BIRD DESIGN,4980.83,2208,255,3.149019607843137,2.255810688405797,⭐ Core Product
COFFEE MUG DOG + BALL DESIGN,3409.21,1529,197,3.1042639593908627,2.229699149771092,⭐ Core Product
COFFEE MUG PEARS  DESIGN,5134.29,2329,212,2.7265727699530515,2.2045040790038644,⭐ Core Product
COFFEE MUG PINK PAISLEY DESIGN,1604.58,693,51,3.0107843137254897,2.3154112554112554,⭐ Core Product
COFFEE SCENT PILLAR CANDLE,335.78999999999996,324,61,1.1914516129032255,1.0363888888888888,⚠️ Rationalization Candidate
COLOUR GLASS T-LIGHT HOLDER HANGING,10487.050000000001,16401,621,0.7275401929260451,0.6394152795561246,⭐ Core Product
COLOUR GLASS. STAR T-LIGHT HOLDER,17069.7,5736,264,3.93203007518797,2.9758891213389123,⭐ Core Product
COLOURED GLASS STAR T-LIGHT HOLDER,3580.96,1012,52,4.481132075471698,3.538498023715415,⭐ Core Product
COLOURFUL FLOWER FRUIT BOWL,52.2,17,12,2.2875,3.070588235294118,⚠️ Rationalization Candidate
COLOURING PENCILS BROWN TUBE,3744.49,5085,331,1.0133512064343164,0.7363795476892822,⭐ Core Product
COLUMBIAN  CUBE CANDLE ,58.62,105,11,0.9872727272727272,0.5582857142857143,⚠️ Rationalization Candidate
COLUMBIAN CANDLE RECTANGLE,299.90999999999997,181,29,1.688,1.6569613259668508,⚠️ Rationalization Candidate
COLUMBIAN CANDLE ROUND,285.39,412,51,0.83328125,0.6926941747572816,📦 Volume Driver
COLUMBIAN CANDLE ROUND ,210.61,169,30,1.284516129032258,1.2462130177514794,⚠️ Rationalization Candidate
COLUMBIAN CUBE CANDLE,54.599999999999994,28,12,1.95,1.9499999999999997,⚠️ Rationalization Candidate
CONDIMENT TRAY 4 BOWLS AND 4 SPOONS,399.02,37,26,11.486666666666666,10.784324324324324,⚠️ Rationalization Candidate
CONGRATULATIONS BUNTING,70.85000000000001,13,3,5.45,5.450000000000001,⚠️ Rationalization Candidate
COOK WITH WINE METAL SIGN ,20874.440000000002,10324,723,2.3886126373626375,2.0219333591631155,⭐ Core Product
COOKING SET RETROSPOT,671.53,69,28,10.612857142857141,9.73231884057971,💎 Premium Product
COPPER AND BRASS BAG CHARM,24.810000000000002,4,2,7.455,6.202500000000001,⚠️ Rationalization Candidate
COPPER/OLIVE GREEN FLOWER NECKLACE,129.85,21,14,6.1899999999999995,6.183333333333333,⚠️ Rationalization Candidate
CORDIAL GLASS JUG,288.88,34,16,8.742941176470588,8.496470588235294,⚠️ Rationalization Candidate
CORDIAL JUG,49.5,6,2,8.25,8.25,⚠️ Rationalization Candidate
CORONA MEXICAN TRAY,719.69,172,38,5.865263157894737,4.184244186046512,💎 Premium Product
COSMETIC BAG VINTAGE ROSE PAISLEY,897.74,417,100,2.6088,2.152853717026379,⭐ Core Product
COSY HOUR CIGAR BOX MATCHES ,1996.1399999999999,1374,146,1.2598692810457515,1.4527947598253275,⭐ Core Product
COSY HOUR GIANT TUBE MATCHES,475.65,195,26,2.5344827586206895,2.439230769230769,⚠️ Rationalization Candidate
COSY SLIPPER SHOES LARGE GREEN,480.1700000000001,147,40,3.8230000000000004,3.2664625850340143,⚠️ Rationalization Candidate
COSY SLIPPER SHOES SMALL  RED ,144.58,46,21,3.3360869565217395,3.14304347826087,⚠️ Rationalization Candidate
COSY SLIPPER SHOES SMALL GREEN,703.08,254,111,2.763153153153153,2.768031496062992,💎 Premium Product
COTE D'AZURE NECKLACE,29.790000000000003,6,5,4.968000000000001,4.965000000000001,⚠️ Rationalization Candidate
COTTON APRON PANTRY DESIGN,2917.4300000000003,633,164,5.315301204819277,4.6088941548183255,⭐ Core Product
COUNTRY COTTAGE  DOORSTOP GREEN,8.47,1,1,8.47,8.47,⚠️ Rationalization Candidate
COWBOYS AND INDIANS BIRTHDAY CARD ,1572.28,3741,274,0.5317883211678832,0.4202833466987436,⭐ Core Product
CRACKED GLAZE EARRINGS BROWN,12.53,5,5,2.506,2.506,⚠️ Rationalization Candidate
CRACKED GLAZE EARRINGS IVORY,9.99,4,4,2.4975,2.4975,⚠️ Rationalization Candidate
CRACKED GLAZE EARRINGS RED,22.58,9,9,2.5088888888888885,2.5088888888888885,⚠️ Rationalization Candidate
CRACKED GLAZE NECKLACE BROWN,14.14,2,2,7.07,7.07,⚠️ Rationalization Candidate
CRACKED GLAZE NECKLACE IVORY,55.72,8,4,6.98,6.965,⚠️ Rationalization Candidate
CRACKED GLAZE NECKLACE RED,70.16,10,7,7.0442857142857145,7.016,⚠️ Rationalization Candidate
CRAZY DAISY HEART DECORATION,468.39,464,149,1.0885906040268456,1.0094612068965516,📦 Volume Driver
CREAM AND PINK FLOWERS PONY ,41.25,11,5,3.75,3.75,⚠️ Rationalization Candidate
CREAM BUNNY EASTER EGG BASKET,41.24999999999999,25,3,1.6499999999999997,1.6499999999999997,⚠️ Rationalization Candidate
CREAM CLIMBING HYDRANGA ART FLOWER,60.0,32,4,2.5,1.875,⚠️ Rationalization Candidate
CREAM CUPID HEARTS COAT HANGER,7653.17,2015,284,4.311608391608392,3.7980992555831268,⭐ Core Product
CREAM DELPHINIUM ARTIFICIAL FLOWER,180.58,70,8,2.68,2.579714285714286,⚠️ Rationalization Candidate
CREAM FELT EASTER EGG BASKET,1568.9299999999998,974,114,1.7577391304347825,1.6108110882956876,⭐ Core Product
CREAM HANGING HEART T-LIGHT HOLDER,178.51000000000002,61,9,3.536666666666667,2.926393442622951,⚠️ Rationalization Candidate
CREAM HEART CARD HOLDER,23435.82,8284,524,4.4527186311787075,2.8290463544181557,⭐ Core Product
CREAM SLICE FLANNEL CHOCOLATE SPOT ,702.51,237,53,3.8114814814814815,2.9641772151898733,💎 Premium Product
CREAM SLICE FLANNEL PINK SPOT ,2492.71,901,97,3.8324489795918364,2.766603773584906,⭐ Core Product
CREAM SWEETHEART EGG HOLDER,3708.52,767,161,5.392760736196319,4.83509778357236,⭐ Core Product
CREAM SWEETHEART LETTER RACK,976.25,216,31,6.481290322580644,4.519675925925926,💎 Premium Product
CREAM SWEETHEART MINI CHEST,22594.2,1784,519,14.308129770992366,12.664910313901347,⭐ Core Product
CREAM SWEETHEART WALL CABINET,126.64999999999999,7,5,18.55,18.09285714285714,⚠️ Rationalization Candidate
CREAM WALL PLANTER HEART SHAPED,2582.75,433,158,6.442974683544304,5.964780600461894,⭐ Core Product
CROCHET BEAR RED/BLUE  KEYRING,36.3,22,4,1.65,1.65,⚠️ Rationalization Candidate
CROCHET DOG KEYRING,21.449999999999996,13,2,1.65,1.6499999999999997,⚠️ Rationalization Candidate
CROCHET LILAC/RED BEAR KEYRING,1.65,1,1,1.65,1.65,⚠️ Rationalization Candidate
CROCHET ROSE DES CLOTHES HANGER,14.750000000000002,5,1,2.95,2.95,⚠️ Rationalization Candidate
CROCHET ROSE PURSE WITH SUEDE BACK,241.24000000000004,76,22,3.5954545454545457,3.17421052631579,⚠️ Rationalization Candidate
CROCHET WHITE RABBIT KEYRING ,69.38,38,7,2.5585714285714287,1.8257894736842104,⚠️ Rationalization Candidate
CRYSTAL CHANDELIER T-LIGHT HOLDER,18.75,3,1,6.25,6.25,⚠️ Rationalization Candidate
CRYSTAL CZECH CROSS PHONE CHARM,23.47,25,9,1.4699999999999998,0.9388,⚠️ Rationalization Candidate
CRYSTAL DIAMANTE EXPANDABLE RING,148.63,35,11,4.239090909090909,4.246571428571428,⚠️ Rationalization Candidate
CRYSTAL DIAMANTE STAR BROOCH,224.73000000000002,45,31,4.990967741935484,4.994000000000001,⚠️ Rationalization Candidate
CRYSTAL FROG PHONE CHARM,77.78999999999999,102,28,1.5003571428571427,0.7626470588235293,⚠️ Rationalization Candidate
CRYSTAL HOOP EARRING FLORAL LEAF,64.58,22,15,2.9320000000000004,2.9354545454545455,⚠️ Rationalization Candidate
CRYSTAL PAIR HEART HAIR SLIDES,112.26,30,16,3.73875,3.742,⚠️ Rationalization Candidate
CRYSTAL SEA HORSE PHONE CHARM,61.459999999999994,107,25,1.4872,0.5743925233644859,⚠️ Rationalization Candidate
CRYSTAL STILETTO PHONE CHARM,36.76,34,10,1.48,1.0811764705882352,⚠️ Rationalization Candidate
CRYSTAL STUD EARRINGS ASSORTED COL ,232.56,612,15,0.38,0.38,📦 Volume Driver
CRYSTAL STUD EARRINGS CLEAR DISPLAY,123.12,324,7,0.38,0.38,⚠️ Rationalization Candidate
CUBIC MUG FLOCK BLUE ON BROWN,78.09,131,21,1.572857142857143,0.5961068702290077,⚠️ Rationalization Candidate
CUBIC MUG FLOCK PINK ON BROWN,142.23,163,32,2.233636363636364,0.8725766871165643,⚠️ Rationalization Candidate
CUBIC MUG PINK POLKADOT,349.35,494,47,2.7468749999999997,0.7071862348178138,📦 Volume Driver
CUPBOARD 3 DRAWER MA CAMPAGNE,2786.0299999999997,171,112,17.674464285714286,16.292573099415204,💎 Premium Product
CUPCAKE LACE PAPER SET 6,4488.63,2367,186,2.093191489361702,1.8963371356147023,⭐ Core Product
CUPID DESIGN SCENTED CANDLES,509.07,225,43,2.9211627906976743,2.2625333333333333,⚠️ Rationalization Candidate
CUPID SCENTED CANDLE IN GLASS,18.15,11,4,1.65,1.65,⚠️ Rationalization Candidate
CURIO CABINET LINEN AND LACE ,290.1,36,18,8.027777777777779,8.058333333333334,⚠️ Rationalization Candidate
CURIOUS  IMAGES NOTEBOOK SET,270.72,182,11,2.997272727272727,1.4874725274725276,⚠️ Rationalization Candidate
CURIOUS IMAGES GIFT WRAP SET,718.5400000000001,683,140,1.1924113475177305,1.0520351390922402,⭐ Core Product
CURIOUS IMAGES SCRAP BOOK SET,14.850000000000001,3,1,4.95,4.95,⚠️ Rationalization Candidate
CUSHION COVER PINK UNION JACK,764.63,123,47,7.620212765957446,6.216504065040651,💎 Premium Product
CUT GLASS HEXAGON T-LIGHT HOLDER,1142.31,649,20,2.261,1.7601078582434513,⭐ Core Product
CUT GLASS T-LIGHT HOLDER OCTAGON,541.39,249,27,2.51448275862069,2.1742570281124496,⚠️ Rationalization Candidate
CUTE BIRD CEATURE SCREEN,8.58,22,2,0.39,0.39,⚠️ Rationalization Candidate
CUTE CATS TAPE,383.11,1102,79,0.6788607594936709,0.3476497277676951,📦 Volume Driver
CUTE RABBIT CEATURE SCREEN ,4.29,11,2,0.39,0.39,⚠️ Rationalization Candidate
DAIRY MAID  PUDDING BOWL,18.75,5,2,3.75,3.75,⚠️ Rationalization Candidate
DAIRY MAID LARGE MILK JUG,1879.18,370,155,5.459615384615385,5.078864864864865,⭐ Core Product
DAIRY MAID STRIPE MUG,1720.3000000000002,1906,82,1.101219512195122,0.9025708289611754,⭐ Core Product
DAIRY MAID TOASTRACK,769.57,777,104,1.614952380952381,0.9904375804375805,⭐ Core Product
DAIRY MAID TRADITIONAL TEAPOT ,1557.57,215,111,7.704774774774775,7.244511627906976,💎 Premium Product
DAISIES  HONEYCOMB GARLAND ,868.4399999999999,499,85,1.9561176470588233,1.7403607214428856,⭐ Core Product
DAISY FOLKART HEART DECORATION,120.0,96,16,1.25,1.25,⚠️ Rationalization Candidate
DAISY GARDEN MARKER,1658.57,1139,98,1.7758163265306122,1.456163301141352,⭐ Core Product
DAISY HAIR BAND,140.32999999999998,85,37,1.652162162162162,1.6509411764705881,⚠️ Rationalization Candidate
DAISY HAIR COMB,47.839999999999996,19,11,2.502727272727273,2.517894736842105,⚠️ Rationalization Candidate
DAISY JOURNAL ,217.55999999999997,80,34,2.7467647058823528,2.7194999999999996,⚠️ Rationalization Candidate
DAISY NOTEBOOK ,233.54,134,63,1.7179687499999998,1.7428358208955224,⚠️ Rationalization Candidate
DAISY SKETCHBOOK ,205.04,73,27,3.9829629629629633,2.808767123287671,⚠️ Rationalization Candidate
DANISH ROSE BEDSIDE CABINET,519.35,13,10,39.95,39.95,⚠️ Rationalization Candidate
DANISH ROSE DECORATIVE PLATE,710.64,951,55,1.4351785714285714,0.7472555205047319,⭐ Core Product
DANISH ROSE DELUXE COASTER,407.15,935,40,0.614390243902439,0.4354545454545454,📦 Volume Driver
DANISH ROSE FOLDING CHAIR,890.4000000000001,112,25,7.95,7.950000000000001,💎 Premium Product
DANISH ROSE PHOTO FRAME,1460.81,1423,99,1.3489898989898987,1.0265706254392128,⭐ Core Product
DANISH ROSE ROUND SEWING BOX,951.79,811,62,2.2196774193548388,1.173600493218249,⭐ Core Product
DANISH ROSE TRINKET TRAYS,483.05,259,31,3.877741935483871,1.8650579150579152,⚠️ Rationalization Candidate
DANISH ROSE UMBRELLA STAND,31.9,2,2,15.95,15.95,⚠️ Rationalization Candidate
DARK BIRD HOUSE TREE DECORATION,589.55,1483,142,0.6625174825174824,0.3975387727579231,📦 Volume Driver
DECORATION  BUTTERFLY  MAGIC GARDEN,730.9499999999999,819,147,1.0487837837837837,0.8924908424908424,⭐ Core Product
DECORATION  PINK CHICK MAGIC GARDEN,525.09,593,109,1.0403603603603602,0.8854806070826308,📦 Volume Driver
"DECORATION , WOBBLY CHICKEN, METAL ",397.71999999999997,234,35,1.9820000000000002,1.6996581196581195,⚠️ Rationalization Candidate
"DECORATION , WOBBLY RABBIT , METAL ",518.03,293,48,2.13125,1.7680204778156996,⚠️ Rationalization Candidate
"DECORATION HEN ON NEST, HANGING",74.42999999999999,42,6,2.505,1.772142857142857,⚠️ Rationalization Candidate
DECORATION SITTING BUNNY,349.54,1480,83,0.422,0.23617567567567568,📦 Volume Driver
DECORATION WHITE CHICK MAGIC GARDEN,812.86,928,145,1.007364864864865,0.875926724137931,⭐ Core Product
DECORATION WOBBLY CHICKEN,319.14,560,45,1.181111111111111,0.5698928571428571,📦 Volume Driver
DECORATION WOBBLY RABBIT METAL ,504.46,830,67,1.225820895522388,0.6077831325301205,📦 Volume Driver
DECORATIVE CATS BATHROOM BOTTLE,1152.4,1095,186,1.9209625668449197,1.052420091324201,⭐ Core Product
DECORATIVE FLORE BATHROOM BOTTLE,716.86,515,139,1.8763309352517985,1.3919611650485437,⭐ Core Product
DECORATIVE HANGING SHELVING UNIT,359.70000000000005,6,5,59.95,59.95000000000001,⚠️ Rationalization Candidate
DECORATIVE PLANT POT WITH FRIEZE,584.37,73,28,8.479285714285714,8.005068493150684,⚠️ Rationalization Candidate
DECORATIVE ROSE BATHROOM BOTTLE,1154.17,1170,163,1.7692073170731706,0.9864700854700855,⭐ Core Product
DECORATIVE VINTAGE COFFEE  BOX,277.0,52,22,6.240909090909091,5.326923076923077,⚠️ Rationalization Candidate
DECORATIVE WICKER HEART LARGE,3038.1899999999996,1767,233,1.7691199999999998,1.7194057724957552,⭐ Core Product
DECORATIVE WICKER HEART MEDIUM,2286.97,1794,216,1.3630044843049327,1.274788182831661,⭐ Core Product
DECORATIVE WICKER HEART SMALL,1062.28,1596,109,0.781578947368421,0.6655889724310777,⭐ Core Product
"DECOUPAGE,GREETING CARD,",158.63,357,32,0.5371874999999999,0.44434173669467786,📦 Volume Driver
DECROTIVEVINTAGE COFFEE GRINDER BOX,71.08,12,6,6.896666666666666,5.923333333333333,⚠️ Rationalization Candidate
DELUXE SEWING KIT ,9893.0,1411,328,7.752151515151516,7.0113394755492555,⭐ Core Product
DENIM PATCH PURSE PINK BUTTERFLY,357.28999999999996,216,61,1.670327868852459,1.6541203703703702,⚠️ Rationalization Candidate
DIAMANTE BOW BROOCH BLACK COLOUR,58.03,9,5,6.438,6.447777777777778,⚠️ Rationalization Candidate
DIAMANTE BOW BROOCH GREEN COLOUR,193.2,30,18,6.483333333333333,6.4399999999999995,⚠️ Rationalization Candidate
DIAMANTE BOW BROOCH RED COLOUR,158.75,25,10,6.35,6.35,⚠️ Rationalization Candidate
DIAMANTE HAIR GRIP PACK/2 BLACK DIA,26.52,16,10,1.6619999999999997,1.6575,⚠️ Rationalization Candidate
DIAMANTE HAIR GRIP PACK/2 CRYSTAL,74.53,45,27,1.6588888888888889,1.6562222222222223,⚠️ Rationalization Candidate
DIAMANTE HAIR GRIP PACK/2 LT ROSE,34.69,21,14,1.6528571428571428,1.6519047619047618,⚠️ Rationalization Candidate
DIAMANTE HAIR GRIP PACK/2 MONTANA,24.79,15,10,1.654,1.6526666666666665,⚠️ Rationalization Candidate
DIAMANTE HAIR GRIP PACK/2 PERIDOT,41.449999999999996,25,19,1.6605263157894736,1.658,⚠️ Rationalization Candidate
DIAMANTE HAIR GRIP PACK/2 RUBY,41.37,25,15,1.6553333333333333,1.6547999999999998,⚠️ Rationalization Candidate
"DIAMANTE HEART SHAPED WALL MIRROR, ",3328.2,415,146,11.87312925170068,8.019759036144578,⭐ Core Product
DIAMANTE NECKLACE,23.32,3,2,7.91,7.773333333333333,⚠️ Rationalization Candidate
DIAMANTE NECKLACE BLACK ,30.12,4,3,7.54,7.53,⚠️ Rationalization Candidate
DIAMANTE NECKLACE GREEN,29.98,4,3,7.493333333333333,7.495,⚠️ Rationalization Candidate
DIAMANTE NECKLACE PURPLE,52.5,7,4,7.5,7.5,⚠️ Rationalization Candidate
DIAMANTE RING ASSORTED IN BOX.,1311.3600000000001,1008,22,1.3472727272727274,1.300952380952381,⭐ Core Product
DIAMOND LAS VEGAS NECKLACE 45CM,70.97,12,8,5.91375,5.914166666666667,⚠️ Rationalization Candidate
DINOSAUR HEIGHT CHART STICKER SET,568.98,182,46,3.5830434782608696,3.1262637362637364,⚠️ Rationalization Candidate
DINOSAUR KEYRINGS ASSORTED,1460.74,6765,177,0.26303370786516855,0.21592609016999262,⭐ Core Product
DINOSAUR LUNCH BOX WITH CUTLERY,3127.38,1282,214,3.0209302325581397,2.4394539781591265,⭐ Core Product
DINOSAUR PARTY BAG + STICKER SET,1160.7099999999998,707,101,1.7907843137254902,1.6417397454031115,⭐ Core Product
DINOSAURS  WRITING SET ,1723.6899999999998,941,287,2.1594791666666664,1.8317640807651432,⭐ Core Product
DISCO BALL CHRISTMAS DECORATION,1501.4,12883,215,0.16444954128440367,0.11654117829698052,⭐ Core Product
DISCO BALL ROTATOR BATTERY OPERATED,1055.25,249,105,4.245238095238095,4.2379518072289155,💎 Premium Product
DO NOT TOUCH MY STUFF DOOR HANGER ,680.55,1196,127,1.0219847328244274,0.5690217391304347,⭐ Core Product
DOCTOR'S BAG SOFT TOY,1765.3999999999999,184,72,10.123333333333333,9.594565217391304,💎 Premium Product
DOG AND BALL WALL ART,425.87999999999994,252,4,2.26,1.6899999999999997,⚠️ Rationalization Candidate
DOG BOWL CHASING BALL DESIGN,5381.5199999999995,1366,131,4.129848484848485,3.9396193265007318,⭐ Core Product
DOG BOWL VINTAGE CREAM,1757.8799999999999,390,125,4.6368,4.507384615384615,⭐ Core Product
DOG LICENCE WALL ART,2081.64,408,29,5.745172413793104,5.102058823529411,⭐ Core Product
DOG TOY WITH PINK CROCHET SKIRT,709.71,187,90,3.844,3.79524064171123,💎 Premium Product
DOGGY RUBBER,40.32,192,29,0.21,0.21,⚠️ Rationalization Candidate
DOILEY BISCUIT TIN,327.6,120,13,2.8592307692307695,2.73,⚠️ Rationalization Candidate
DOILEY STORAGE TIN,3004.46,1094,122,3.103008130081301,2.746307129798903,⭐ Core Product
DOILY THANK YOU CARD,313.24,741,57,0.5042105263157894,0.42272604588394064,📦 Volume Driver
DOLLCRAFT BOY JEAN-PAUL ,373.9,82,12,4.883333333333334,4.559756097560975,⚠️ Rationalization Candidate
DOLLCRAFT GIRL AMELIE,178.2,36,8,4.95,4.949999999999999,⚠️ Rationalization Candidate
DOLLCRAFT GIRL AMELIE KIT,294.7,66,8,4.8500000000000005,4.465151515151515,⚠️ Rationalization Candidate
DOLLCRAFT GIRL NICOLE,336.6,68,12,4.95,4.95,⚠️ Rationalization Candidate
DOLLY CABINET 2 DRAWERS ,412.5,33,19,12.5,12.5,⚠️ Rationalization Candidate
DOLLY CABINET 3 DRAWERS ,762.4499999999999,51,30,14.95,14.95,💎 Premium Product
DOLLY GIRL BABY GIFT SET,6719.61,433,133,16.12609022556391,15.518729792147806,⭐ Core Product
DOLLY GIRL CHILDRENS BOWL,2013.7,1622,191,1.5367708333333334,1.2414919852034525,⭐ Core Product
DOLLY GIRL CHILDRENS CUP,2059.03,1634,195,1.5237244897959183,1.2601162790697675,⭐ Core Product
DOLLY GIRL CHILDRENS EGG CUP,1252.61,950,135,1.4786029411764705,1.318536842105263,⭐ Core Product
DOLLY GIRL LUNCH BOX,21609.789999999997,11780,850,2.3315268065268064,1.8344473684210525,⭐ Core Product
DOLLY GIRL MINI BACKPACK,2992.3900000000003,739,161,4.392682926829269,4.049242219215156,⭐ Core Product
DOLLY GIRL MINI RUCKSACK,33.2,8,2,4.15,4.15,⚠️ Rationalization Candidate
DOLLY GIRL WALL ART,1055.94,318,11,3.6090909090909093,3.320566037735849,💎 Premium Product
DOLLY HONEYCOMB GARLAND,485.46,474,25,1.7524000000000002,1.0241772151898734,📦 Volume Driver
DOLLY MIXTURE CHILDREN'S UMBRELLA,922.67,267,77,3.8718181818181816,3.455692883895131,💎 Premium Product
DOLPHIN WINDMILL,2.12,1,1,2.12,2.12,⚠️ Rationalization Candidate
DONKEY TAIL GAME ,189.54000000000002,54,4,3.66,3.5100000000000002,⚠️ Rationalization Candidate
DOOR HANGER  MUM + DADS ROOM,330.71999999999997,205,66,1.8424242424242423,1.6132682926829267,⚠️ Rationalization Candidate
DOORKNOB CERAMIC IVORY,52.199999999999996,36,1,1.45,1.45,⚠️ Rationalization Candidate
DOORKNOB CRACKED GLAZE BLUE,238.49999999999997,162,3,1.5833333333333333,1.472222222222222,⚠️ Rationalization Candidate
DOORKNOB CRACKED GLAZE GREEN,19.799999999999997,12,2,1.65,1.6499999999999997,⚠️ Rationalization Candidate
DOORKNOB CRACKED GLAZE IVORY,258.29999999999995,174,5,1.6099999999999999,1.4844827586206895,⚠️ Rationalization Candidate
DOORKNOB CRACKED GLAZE PINK,19.799999999999997,12,2,1.65,1.6499999999999997,⚠️ Rationalization Candidate
DOORMAT 3 SMILEY CATS,7708.48,1173,234,9.572382978723406,6.571594202898551,⭐ Core Product
DOORMAT AIRMAIL ,6034.9,803,223,9.680313901345292,7.51544209215442,⭐ Core Product
DOORMAT BLACK FLOCK ,10253.61,1814,195,8.510205128205127,5.652486218302095,⭐ Core Product
DOORMAT CHRISTMAS VILLAGE,3354.22,590,52,11.319807692307693,5.6851186440677965,⭐ Core Product
DOORMAT ENGLISH ROSE ,14300.15,2044,411,8.555985401459855,6.996159491193738,⭐ Core Product
DOORMAT FAIRY CAKE,23872.91,3615,365,10.12136612021858,6.60384785615491,⭐ Core Product
DOORMAT FANCY FONT HOME SWEET HOME,21593.74,3245,502,9.514820717131473,6.6544653312788915,⭐ Core Product
DOORMAT FRIENDSHIP ,451.10999999999996,27,17,16.712352941176473,16.707777777777775,⚠️ Rationalization Candidate
DOORMAT HEARTS,22114.42,3418,593,9.232424242424242,6.469988297249853,⭐ Core Product
DOORMAT HOME SWEET HOME BLUE ,9943.7,1621,286,8.314250871080139,6.134299814929056,⭐ Core Product
DOORMAT I LOVE LONDON,2678.96,364,102,9.895098039215686,7.35978021978022,⭐ Core Product
DOORMAT KEEP CALM AND COME IN,38133.64,5487,728,8.776284153005465,6.949815928558411,⭐ Core Product
DOORMAT MERRY CHRISTMAS RED ,5176.25,676,147,10.129121621621621,7.657174556213017,⭐ Core Product
DOORMAT MULTICOLOUR STRIPE,9080.68,1491,201,9.6681592039801,6.0903286384976525,⭐ Core Product
DOORMAT NEIGHBOURHOOD WITCH ,2038.39,282,98,9.783877551020408,7.2283333333333335,💎 Premium Product
DOORMAT NEW ENGLAND,24108.39,3807,600,8.464717607973423,6.332647754137116,⭐ Core Product
DOORMAT PEACE ON EARTH BLUE,3519.6600000000003,705,32,9.140625,4.992425531914894,⭐ Core Product
DOORMAT RED RETROSPOT,28049.54,4089,697,8.940702005730659,6.859755441428223,⭐ Core Product
DOORMAT RESPECTABLE HOUSE,5754.03,792,182,9.761703296703296,7.2651893939393934,⭐ Core Product
DOORMAT SPOTTY HOME SWEET HOME,13572.06,1752,480,9.204553014553015,7.746609589041095,⭐ Core Product
DOORMAT TOPIARY,6009.84,904,205,8.774320388349514,6.648053097345133,⭐ Core Product
DOORMAT UNION FLAG,25534.15,3751,616,8.891294498381876,6.807291388962944,⭐ Core Product
DOORMAT UNION JACK GUNS AND ROSES,7580.82,1228,206,9.168653846153846,6.173306188925081,⭐ Core Product
DOORMAT VINTAGE LEAF,4122.2,564,142,9.177535211267607,7.30886524822695,⭐ Core Product
DOORMAT VINTAGE LEAVES DESIGN ,2881.18,430,91,7.847912087912087,6.700418604651162,⭐ Core Product
DOORMAT WELCOME PUPPIES,12107.02,2064,287,8.819268292682928,5.865804263565892,⭐ Core Product
DOORMAT WELCOME SUNRISE,2678.77,371,120,9.365499999999999,7.220404312668464,⭐ Core Product
DOORMAT WELCOME TO OUR HOME,11539.06,1527,448,9.491026785714284,7.556686313032089,⭐ Core Product
DOORSTOP FOOTBALL DESIGN,539.9,152,67,4.666716417910448,3.5519736842105263,⚠️ Rationalization Candidate
DOORSTOP RACING CAR DESIGN,269.71,123,38,3.216578947368421,2.192764227642276,⚠️ Rationalization Candidate
DOORSTOP RETROSPOT HEART,6525.88,1594,296,4.5645945945945945,4.094027603513174,⭐ Core Product
DOTCOM POSTAGE,206248.77,708,708,291.3118220338983,291.3118220338983,⭐ Core Product
DOTCOMGIFTSHOP TEA TOWEL,23.089999999999996,13,2,2.4699999999999998,1.776153846153846,⚠️ Rationalization Candidate
DOUBLE CERAMIC PARLOUR HOOK,91.30000000000001,22,5,4.15,4.15,⚠️ Rationalization Candidate
DOUGHNUT LIP GLOSS ,13695.77,10395,344,1.345436046511628,1.3175343915343916,⭐ Core Product
DOVE DECORATION PAINTED ZINC ,754.0300000000001,2381,79,0.6304878048780488,0.31668626627467455,⭐ Core Product
DRAGONS BLOOD INCENSE,104.44,423,39,0.3507692307692308,0.24690307328605202,📦 Volume Driver
DRAWER KNOB CERAMIC BLACK,1448.6699999999998,979,88,1.6273333333333335,1.4797446373850867,⭐ Core Product
DRAWER KNOB CERAMIC IVORY,3147.79,2155,190,1.646020942408377,1.460691415313225,⭐ Core Product
DRAWER KNOB CERAMIC RED,1058.8999999999999,714,74,1.814864864864865,1.4830532212885152,⭐ Core Product
DRAWER KNOB CRACKLE GLAZE BLUE,2138.6299999999997,1207,134,1.9329629629629628,1.7718558409279201,⭐ Core Product
DRAWER KNOB CRACKLE GLAZE GREEN,2284.12,1340,154,1.8390909090909089,1.7045671641791045,⭐ Core Product
DRAWER KNOB CRACKLE GLAZE IVORY,3595.3799999999997,2154,194,1.7784848484848483,1.6691643454038996,⭐ Core Product
DRAWER KNOB CRACKLE GLAZE PINK,2132.4999999999995,1266,153,1.8296078431372549,1.6844391785150075,⭐ Core Product
DRAWER KNOB VINTAGE GLASS BALL,760.8000000000001,350,54,2.269814814814815,2.173714285714286,⭐ Core Product
DRAWER KNOB VINTAGE GLASS HEXAGON,627.95,295,30,2.216666666666667,2.1286440677966105,⚠️ Rationalization Candidate
DRAWER KNOB VINTAGE GLASS STAR,1198.96,556,62,2.3271875,2.156402877697842,⭐ Core Product
DROP DIAMANTE EARRINGS BLACK DIAMON,41.010000000000005,14,7,2.922857142857143,2.9292857142857147,⚠️ Rationalization Candidate
DROP DIAMANTE EARRINGS CRYSTAL,76.23,26,14,2.9235714285714285,2.931923076923077,⚠️ Rationalization Candidate
DROP DIAMANTE EARRINGS GREEN,41.080000000000005,14,9,2.9255555555555555,2.9342857142857146,⚠️ Rationalization Candidate
DROP DIAMANTE EARRINGS PURPLE,73.53,25,14,2.934285714285714,2.9412000000000003,⚠️ Rationalization Candidate
DROP EARRINGS W FLOWER & LEAF,22.58,9,7,2.5171428571428573,2.5088888888888885,⚠️ Rationalization Candidate
DUSTY PINK CHRISTMAS TREE 30CM,1.25,1,1,1.25,1.25,⚠️ Rationalization Candidate
DUSTY PINK CHRISTMAS TREE 60CM,26.550000000000004,9,2,2.95,2.9500000000000006,⚠️ Rationalization Candidate
Dad's Cab Electronic Meter,16.94,2,2,8.47,8.47,⚠️ Rationalization Candidate
Dotcomgiftshop Gift Voucher £10.00,74.97,9,8,8.33,8.33,⚠️ Rationalization Candidate
Dotcomgiftshop Gift Voucher £100.00,83.33,1,1,83.33,83.33,⚠️ Rationalization Candidate
Dotcomgiftshop Gift Voucher £20.00,167.05,10,9,16.708888888888893,16.705000000000002,⚠️ Rationalization Candidate
Dotcomgiftshop Gift Voucher £30.00,175.53,7,7,25.075714285714287,25.075714285714287,⚠️ Rationalization Candidate
Dotcomgiftshop Gift Voucher £40.00,100.69999999999999,3,3,33.56666666666666,33.56666666666666,⚠️ Rationalization Candidate
Dotcomgiftshop Gift Voucher £50.00,167.56,4,4,41.89,41.89,⚠️ Rationalization Candidate
Dr. Jam's Arouzer Stress Ball,8.34,2,2,4.17,4.17,⚠️ Rationalization Candidate
EASTER BUNNY GARLAND OF FLOWERS,273.64,567,79,0.631625,0.4826102292768959,📦 Volume Driver
EASTER BUNNY HANGING GARLAND,133.23,68,23,3.0243478260869567,1.9592647058823527,⚠️ Rationalization Candidate
EASTER BUNNY WITH BASKET ON BACK,72.63,108,20,0.7271428571428571,0.6725,⚠️ Rationalization Candidate
EASTER BUNNY WREATH,138.6,28,10,4.95,4.95,⚠️ Rationalization Candidate
EASTER CRAFT 4 CHICKS ,3917.45,1933,186,2.255079365079365,2.02661665804449,⭐ Core Product
EASTER CRAFT IVY WREATH WITH CHICK,1.95,1,1,1.95,1.95,⚠️ Rationalization Candidate
EASTER DECORATION EGG BUNNY ,673.17,836,83,1.094470588235294,0.8052272727272727,⭐ Core Product
EASTER DECORATION HANGING BUNNY,595.85,1887,92,0.5661616161616162,0.31576576576576576,📦 Volume Driver
EASTER DECORATION NATURAL CHICK,363.55,536,64,0.7798571428571429,0.6782649253731343,📦 Volume Driver
EASTER DECORATION SITTING BUNNY,452.79999999999995,529,75,1.0614285714285714,0.8559546313799621,📦 Volume Driver
EASTER TIN BUCKET,946.93,408,41,2.684878048780488,2.320906862745098,⭐ Core Product
EASTER TIN BUNNY BOUQUET,2003.07,1203,158,1.9235,1.6650623441396508,⭐ Core Product
EASTER TIN CHICKS IN GARDEN,522.93,305,50,2.0107999999999997,1.7145245901639343,⚠️ Rationalization Candidate
EASTER TIN CHICKS PINK DAISY,1017.7699999999999,589,107,1.9718691588785044,1.7279626485568758,⭐ Core Product
EASTER TIN KEEPSAKE,1860.7799999999997,1126,136,1.9434306569343065,1.652557726465364,⭐ Core Product
EASTER TREE YELLOW BIRDS,929.44,131,63,8.020793650793651,7.0949618320610695,💎 Premium Product
EAU DE NIL LOVE BIRD CANDLE,452.86,429,46,1.218913043478261,1.0556177156177156,📦 Volume Driver
EAU DE NILE HEART SHAPE PHOTO FRAME,555.1199999999999,329,38,2.337105263157895,1.6872948328267474,⚠️ Rationalization Candidate
EAU DE NILE JEWELLED PHOTOFRAME,525.0,298,22,2.092,1.761744966442953,⚠️ Rationalization Candidate
EAU DE NILE JEWELLED T-LIGHT HOLDER,70.27,79,11,0.9918181818181818,0.8894936708860759,⚠️ Rationalization Candidate
ECONOMY HOLIDAY PURSE,41.53,30,17,1.7123529411764706,1.3843333333333334,⚠️ Rationalization Candidate
ECONOMY LUGGAGE TAG,246.84,158,62,1.63984375,1.5622784810126582,⚠️ Rationalization Candidate
EDWARDIAN DROP EARRINGS JET BLACK,90.2,24,20,3.7600000000000002,3.7583333333333333,⚠️ Rationalization Candidate
EDWARDIAN HEART PHOTO FRAME,709.5400000000001,160,44,5.090909090909091,4.4346250000000005,💎 Premium Product
EDWARDIAN PARASOL BLACK,16915.72,2931,383,7.411148825065275,5.771313544865234,⭐ Core Product
EDWARDIAN PARASOL NATURAL,23737.97,4077,540,7.8068265682656826,5.822411086583272,⭐ Core Product
EDWARDIAN PARASOL PINK,4767.400000000001,809,170,7.292470588235294,5.892954264524104,⭐ Core Product
EDWARDIAN PARASOL RED,10021.42,1710,326,7.003669724770643,5.860479532163743,⭐ Core Product
EDWARDIAN PHOTO FRAME,556.21,88,32,6.4440625,6.3205681818181825,⚠️ Rationalization Candidate
EGG CUP HENRIETTA HEN CREAM ,787.52,630,48,1.7454166666666666,1.250031746031746,⭐ Core Product
EGG CUP HENRIETTA HEN PINK,291.58,211,37,1.823157894736842,1.3818957345971563,⚠️ Rationalization Candidate
EGG CUP MILKMAID HEIDI,1156.93,881,83,1.769759036144578,1.313200908059024,⭐ Core Product
EGG CUP MILKMAID HELGA ,586.31,410,63,1.8453968253968254,1.4300243902439023,📦 Volume Driver
EGG CUP MILKMAID INGRID,841.31,644,76,1.7567105263157894,1.3063819875776397,⭐ Core Product
EGG CUP NATURAL CHICKEN,621.49,932,125,1.0416666666666667,0.6668347639484978,📦 Volume Driver
EGG FRYING PAN BLUE ,400.84000000000003,173,76,2.511578947368421,2.3169942196531794,⚠️ Rationalization Candidate
EGG FRYING PAN IVORY ,790.7800000000001,377,96,2.3288659793814435,2.097559681697613,⭐ Core Product
EGG FRYING PAN MINT ,388.75,180,69,2.287971014492754,2.1597222222222223,⚠️ Rationalization Candidate
EGG FRYING PAN PINK ,519.25,225,85,2.604418604651163,2.307777777777778,⚠️ Rationalization Candidate
EGG FRYING PAN RED ,915.4000000000001,431,109,2.3390825688073393,2.123897911832947,⭐ Core Product
EIGHT PIECE CREEPY CRAWLIE SET,7.5,6,3,1.25,1.25,⚠️ Rationalization Candidate
EIGHT PIECE DINOSAUR SET,185.18,125,35,1.6913513513513514,1.48144,⚠️ Rationalization Candidate
EIGHT PIECE SNAKE  SET,435.79,330,84,1.4801176470588235,1.3205757575757577,⚠️ Rationalization Candidate
ELEPHANT BIRTHDAY CARD ,474.78,1110,95,0.5482105263157895,0.4277297297297297,📦 Volume Driver
ELEPHANT CARNIVAL POUFFE,1299.83,63,47,21.961489361702128,20.63222222222222,💎 Premium Product
ELEPHANT CLIP W SUCTION CUP,6.72,16,4,0.42,0.42,⚠️ Rationalization Candidate
"ELEPHANT, BIRTHDAY CARD, ",945.46,2210,167,0.5207185628742514,0.42780995475113126,⭐ Core Product
ELVIS WALLHANGING / CURTAIN,69.84,52,8,1.5525,1.343076923076923,⚠️ Rationalization Candidate
EMBOSSED GLASS TEALIGHT HOLDER,3273.5,2546,211,1.5488151658767773,1.2857423409269442,⭐ Core Product
EMBOSSED HEART TRINKET BOX,547.27,246,48,2.623125,2.2246747967479674,⚠️ Rationalization Candidate
EMBROIDERED RIBBON REEL CLAIRE,792.31,224,24,4.484583333333333,3.537098214285714,💎 Premium Product
EMBROIDERED RIBBON REEL DAISY ,1164.98,579,71,2.3925,2.012055267702936,⭐ Core Product
EMBROIDERED RIBBON REEL EMILY ,1252.01,571,98,2.3309090909090906,2.192661996497373,⭐ Core Product
EMBROIDERED RIBBON REEL RACHEL ,980.41,361,44,3.0959090909090907,2.7158171745152355,⭐ Core Product
EMBROIDERED RIBBON REEL REBECCA ,996.38,334,63,3.4480952380952385,2.9831736526946107,💎 Premium Product
EMBROIDERED RIBBON REEL ROSIE,975.24,500,57,2.3164912280701753,1.95048,⭐ Core Product
EMBROIDERED RIBBON REEL RUBY ,600.55,167,32,3.9675,3.5961077844311373,⚠️ Rationalization Candidate
EMBROIDERED RIBBON REEL SALLY ,977.39,478,74,2.349189189189189,2.0447489539748953,⭐ Core Product
EMBROIDERED RIBBON REEL SOPHIE  ,1058.6,296,42,3.848181818181818,3.576351351351351,💎 Premium Product
EMBROIDERED RIBBON REEL SUSIE ,1114.26,566,70,2.306,1.9686572438162544,⭐ Core Product
EMERGENCY FIRST AID TIN ,1572.27,1088,245,1.9077551020408163,1.4451011029411764,⭐ Core Product
EMPIRE BIRTHDAY CARD,538.72,1206,146,0.5998639455782312,0.44669983416252074,📦 Volume Driver
EMPIRE DESIGN ROSETTE,3606.4199999999996,4244,28,1.227857142857143,0.8497690857681431,⭐ Core Product
EMPIRE GIFT WRAP,1373.5,3375,106,0.41792452830188676,0.40696296296296297,⭐ Core Product
EMPIRE TISSUE BOX,1030.1000000000001,1983,167,0.958502994011976,0.5194654563792235,⭐ Core Product
EMPIRE UNION JACK TV DINNER TRAY,2839.21,881,126,6.858015873015873,3.2227128263337117,⭐ Core Product
ENAMEL BLUE RIM BISCUIT BIN,530.49,103,44,5.912272727272727,5.1503883495145635,⚠️ Rationalization Candidate
ENAMEL BLUE RIM COFFEE CONTAINER,174.09,152,26,1.6965384615384616,1.1453289473684212,⚠️ Rationalization Candidate
ENAMEL BLUE RIM TEA CONTAINER,9.18,8,3,1.6766666666666667,1.1475,⚠️ Rationalization Candidate
ENAMEL BOWL PANTRY,30.0,24,2,1.25,1.25,⚠️ Rationalization Candidate
ENAMEL BREAD BIN CREAM,12358.33,873,454,15.894339207048457,14.156162657502863,⭐ Core Product
ENAMEL COLANDER CREAM,2346.1200000000003,461,167,5.685688622754491,5.089197396963124,⭐ Core Product
ENAMEL DINNER PLATE PANTRY,19.799999999999997,12,1,1.65,1.6499999999999997,⚠️ Rationalization Candidate
ENAMEL FIRE BUCKET CREAM,1854.76,253,116,8.068103448275862,7.3310671936758895,💎 Premium Product
ENAMEL FLOWER JUG CREAM,12647.26,2109,509,6.52853515625,5.996804172593646,⭐ Core Product
ENAMEL JUG PANTRY,30.0,8,2,3.75,3.75,⚠️ Rationalization Candidate
ENAMEL MEASURING JUG CREAM,5507.18,1262,376,4.848253968253968,4.3638510301109354,⭐ Core Product
ENAMEL MUG PANTRY,15.0,12,1,1.25,1.25,⚠️ Rationalization Candidate
ENAMEL PINK COFFEE CONTAINER,640.0899999999999,633,75,1.6557894736842105,1.0112006319115323,⭐ Core Product
ENAMEL PINK TEA CONTAINER,525.39,429,71,2.205277777777778,1.2246853146853147,📦 Volume Driver
ENAMEL WASH BOWL CREAM,2855.21,745,210,4.856777251184834,3.832496644295302,⭐ Core Product
ENAMEL WATERING CAN CREAM,3241.34,624,199,5.6481,5.194455128205129,⭐ Core Product
ENCHANTED BIRD COATHANGER 5 HOOK,3974.32,833,241,5.533209876543211,4.77109243697479,⭐ Core Product
ENCHANTED BIRD PLANT CAGE,640.72,186,48,4.039791666666667,3.444731182795699,💎 Premium Product
ENGLISH ROSE GARDEN SECATEURS,2048.66,2018,212,1.5555555555555556,1.015193260654113,⭐ Core Product
ENGLISH ROSE HOT WATER BOTTLE,7292.45,1605,375,5.359421052631578,4.543582554517134,⭐ Core Product
ENGLISH ROSE METAL WASTE BIN,59.0,20,11,2.95,2.95,⚠️ Rationalization Candidate
ENGLISH ROSE NOTEBOOK A6 SIZE,186.56,399,21,0.6776190476190477,0.4675689223057644,📦 Volume Driver
ENGLISH ROSE NOTEBOOK A7 SIZE,1420.96,3152,345,0.540458452722063,0.4508121827411168,⭐ Core Product
ENGLISH ROSE SCENTED HANGING FLOWER,665.2,548,114,1.8998260869565216,1.2138686131386862,⭐ Core Product
ENGLISH ROSE SCENTED HANGING HEART,17.0,4,2,4.25,4.25,⚠️ Rationalization Candidate
ENGLISH ROSE SMALL SCENTED FLOWER,197.43,213,45,1.1552173913043478,0.9269014084507042,⚠️ Rationalization Candidate
ENGLISH ROSE SPIRIT LEVEL ,964.38,978,118,1.7283898305084744,0.9860736196319019,⭐ Core Product
ENVELOPE 50 BLOSSOM IMAGES,600.29,1077,158,0.6770440251572326,0.557372330547818,📦 Volume Driver
ENVELOPE 50 CURIOUS IMAGES,26.17,49,10,0.6154545454545454,0.5340816326530613,⚠️ Rationalization Candidate
ENVELOPE 50 ROMANTIC IMAGES,13.58,16,8,0.8477777777777777,0.84875,⚠️ Rationalization Candidate
ESSENTIAL BALM 3.5g TIN IN ENVELOPE,395.61,5884,30,0.27483870967741936,0.06723487423521414,📦 Volume Driver
ETCHED GLASS COASTER,825.49,1618,71,0.8383561643835616,0.5101915945611867,⭐ Core Product
ETCHED GLASS STAR TREE DECORATION,1.25,1,1,1.25,1.25,⚠️ Rationalization Candidate
EUCALYPTUS & PINECONE  WREATH,1511.2600000000002,378,77,5.135454545454546,3.9980423280423287,⭐ Core Product
FAIRY CAKE BIRTHDAY CANDLE SET,1622.24,440,92,4.016630434782608,3.686909090909091,⭐ Core Product
FAIRY CAKE DESIGN UMBRELLA,1832.42,454,134,5.066865671641791,4.036167400881057,⭐ Core Product
FAIRY CAKE FLANNEL ASSORTED COLOUR,18056.280000000002,10241,262,2.3184790874524714,1.763136412459721,⭐ Core Product
FAIRY CAKE NOTEBOOK A5 SIZE,54.04,55,12,1.3225,0.9825454545454545,⚠️ Rationalization Candidate
FAIRY CAKES NOTEBOOK A6 SIZE,850.2,1348,156,0.8970700636942676,0.6307121661721069,⭐ Core Product
FAIRY CAKES NOTEBOOK A7 SIZE,892.19,2107,179,0.5567777777777778,0.42344091124822025,⭐ Core Product
FAIRY DREAMS INCENSE ,313.31,1264,101,0.3538613861386139,0.24787183544303798,📦 Volume Driver
FAIRY SOAP SOAP HOLDER,478.83,266,76,2.053421052631579,1.8001127819548872,⚠️ Rationalization Candidate
FAIRY TALE COTTAGE NIGHT LIGHT,1979.34,976,115,2.5624137931034485,2.0280122950819672,⭐ Core Product
FAIRY TALE COTTAGE NIGHTLIGHT,3626.45,2093,94,2.392736842105263,1.7326564739608217,⭐ Core Product
FAMILY ALBUM WHITE PICTURE FRAME,10345.76,1197,372,10.152849462365591,8.643074352548037,⭐ Core Product
FAMILY PHOTO FRAME CORNICE,8258.59,867,260,10.96038314176245,9.525478662053057,⭐ Core Product
FAN BLACK FRAME ,41.47,143,12,0.29,0.29,⚠️ Rationalization Candidate
"FANCY FONT BIRTHDAY CARD, ",2085.89,4922,323,0.509969040247678,0.42378911011783826,⭐ Core Product
FANCY FONTS BIRTHDAY WRAP,3409.0,8550,230,0.4182608695652174,0.3987134502923977,⭐ Core Product
FANNY'S REST STOPMETAL SIGN,1217.73,508,141,2.8935664335664337,2.3971062992125987,⭐ Core Product
FAUX FUR CHOCOLATE THROW,1474.74,87,49,18.740408163265304,16.951034482758622,💎 Premium Product
FAWN AND MUSHROOM GREETING CARD,62.06,128,19,0.6605263157894736,0.48484375,⚠️ Rationalization Candidate
FAWN BLUE HOT WATER BOTTLE,11443.87,3308,490,4.0975249500998006,3.4594528415961308,⭐ Core Product
FBA,0.0,160,1,0.0,0.0,⚠️ Rationalization Candidate
"FEATHER PEN,COAL BLACK",1406.56,2688,175,0.7219886363636363,0.5232738095238095,⭐ Core Product
"FEATHER PEN,HOT PINK",2000.06,3842,239,0.6593305439330543,0.520577824049974,⭐ Core Product
"FEATHER PEN,LIGHT PINK",1069.1399999999999,2059,149,0.6530666666666666,0.5192520641087907,⭐ Core Product
FELT EGG COSY BLUE RABBIT ,577.4399999999999,552,104,1.2758878504672895,1.046086956521739,📦 Volume Driver
FELT EGG COSY CHICKEN,950.4599999999999,1023,137,1.1047887323943661,0.929090909090909,⭐ Core Product
FELT EGG COSY LADYBIRD ,195.97,326,51,1.0479245283018868,0.6011349693251534,⚠️ Rationalization Candidate
FELT EGG COSY WHITE RABBIT ,544.7099999999999,579,107,1.1352727272727272,0.9407772020725387,📦 Volume Driver
FELT FARM ANIMAL CHICKEN,387.9,286,50,1.6088235294117645,1.3562937062937062,⚠️ Rationalization Candidate
FELT FARM ANIMAL HEN,332.84,481,44,1.0475555555555556,0.6919750519750519,📦 Volume Driver
FELT FARM ANIMAL RABBIT,743.89,912,77,1.325194805194805,0.8156688596491228,⭐ Core Product
FELT FARM ANIMAL SHEEP,280.42,373,42,1.0997727272727273,0.7517962466487936,📦 Volume Driver
FELT FARM ANIMAL WHITE BUNNY ,736.98,1561,96,1.0378571428571428,0.4721204356181935,⭐ Core Product
FELT TOADSTOOL  SMALL,602.63,629,77,1.185844155844156,0.9580763116057234,📦 Volume Driver
FELT TOADSTOOL LARGE,836.8000000000001,657,61,1.6237704918032787,1.273668188736682,⭐ Core Product
FELTCRAFT 6 FLOWER FRIENDS,12357.08,6070,547,2.455298372513562,2.0357627677100494,⭐ Core Product
FELTCRAFT BOY JEAN-PAUL KIT,1884.76,366,127,5.303149606299213,5.149617486338798,⭐ Core Product
FELTCRAFT BUTTERFLY HEARTS,8621.14,6226,481,1.6384444444444444,1.3846996466431094,⭐ Core Product
FELTCRAFT CHRISTMAS FAIRY,7890.25,1915,321,4.549082568807339,4.12023498694517,⭐ Core Product
FELTCRAFT CUSHION BUTTERFLY,10110.83,2759,348,4.278142857142857,3.664671982602392,⭐ Core Product
FELTCRAFT CUSHION OWL,12413.89,3373,470,4.162959830866807,3.6803705899792467,⭐ Core Product
FELTCRAFT CUSHION RABBIT,11204.97,3086,386,4.297686375321336,3.630904082955282,⭐ Core Product
FELTCRAFT DOLL EMILY,3953.4800000000005,1340,267,3.327977528089888,2.9503582089552243,⭐ Core Product
FELTCRAFT DOLL MARIA,564.9200000000001,196,48,3.0626530612244904,2.882244897959184,⚠️ Rationalization Candidate
FELTCRAFT DOLL MOLLY,12001.59,4509,331,3.2667267267267266,2.6616966067864274,⭐ Core Product
FELTCRAFT DOLL ROSIE,5007.35,1701,301,3.38049504950495,2.9437683715461493,⭐ Core Product
FELTCRAFT GIRL AMELIE KIT,5059.14,1007,275,5.402599277978339,5.023972194637538,⭐ Core Product
FELTCRAFT GIRL NICOLE KIT,3422.4,668,182,5.279782608695652,5.123353293413174,⭐ Core Product
FELTCRAFT HAIRBAND PINK AND BLUE,774.55,856,161,1.0627777777777776,0.9048481308411215,⭐ Core Product
FELTCRAFT HAIRBAND PINK AND PURPLE,789.78,873,150,1.0496078431372549,0.9046735395189003,⭐ Core Product
FELTCRAFT HAIRBAND RED AND BLUE,830.52,918,161,1.0437037037037036,0.9047058823529411,⭐ Core Product
FELTCRAFT HAIRBANDS PINK AND WHITE ,872.67,933,148,1.1069127516778523,0.9353376205787781,⭐ Core Product
FELTCRAFT PRINCESS CHARLOTTE DOLL,9216.16,2362,449,4.118048245614035,3.9018458933107536,⭐ Core Product
FELTCRAFT PRINCESS LOLA DOLL,7491.83,2001,413,4.061346153846154,3.7440429785107447,⭐ Core Product
FELTCRAFT PRINCESS OLIVIA DOLL,5801.47,1563,290,4.235924657534247,3.7117530390275113,⭐ Core Product
FENG SHUI PILLAR CANDLE,630.23,3317,65,0.19,0.19,📦 Volume Driver
FILIGREE DIAMANTE CHAIN,12.48,1,1,12.48,12.48,⚠️ Rationalization Candidate
FILIGREE DIAMANTE EARRINGS,55.02,13,9,4.224444444444445,4.2323076923076925,⚠️ Rationalization Candidate
FILIGREE HEART BIRD WHITE ,1960.0,1492,125,1.7907142857142857,1.3136729222520107,⭐ Core Product
FILIGREE HEART BUTTERFLY WHITE ,2070.06,1642,117,1.5737606837606837,1.260694275274056,⭐ Core Product
FILIGREE HEART DAISY WHITE,1596.67,1247,98,1.5736363636363635,1.2804089815557338,⭐ Core Product
FILIGRIS HEART WITH BUTTERFLY,4848.13,3903,212,1.4722374429223746,1.2421547527542915,⭐ Core Product
FINE SILVER NECKLACE W PASTEL FLOWE,95.35000000000001,17,7,7.192857142857143,5.608823529411765,⚠️ Rationalization Candidate
FINE WICKER HEART ,3301.73,2642,237,1.5268487394957984,1.2497085541256623,⭐ Core Product
FIRE POLISHED GLASS BRACELET BLACK,22.48,6,6,3.7466666666666666,3.7466666666666666,⚠️ Rationalization Candidate
FIRE POLISHED GLASS BRACELET GREEN,78.69,21,9,3.743333333333333,3.747142857142857,⚠️ Rationalization Candidate
FIRE POLISHED GLASS BRACELET MONTAN,41.31,11,6,3.76,3.755454545454546,⚠️ Rationalization Candidate
FIRE POLISHED GLASS BRACELET RED,29.96,8,3,3.736666666666667,3.745,⚠️ Rationalization Candidate
FIRE POLISHED GLASS NECKL BRONZE,17.85,3,3,5.95,5.95,⚠️ Rationalization Candidate
FIRE POLISHED GLASS NECKL GOLD,5.95,1,1,5.95,5.95,⚠️ Rationalization Candidate
FIRE POLISHED GLASS NECKL GREEN,35.160000000000004,6,6,5.86,5.86,⚠️ Rationalization Candidate
FIRST AID TIN,3722.23,1161,166,3.5810119047619047,3.2060551248923344,⭐ Core Product
FIRST CLASS HOLIDAY PURSE ,90.42,31,20,2.879,2.9167741935483873,⚠️ Rationalization Candidate
FIRST CLASS LUGGAGE TAG ,193.59,152,49,1.385,1.2736184210526316,⚠️ Rationalization Candidate
FIRST CLASS PASSPORT COVER ,194.94,93,43,2.251860465116279,2.0961290322580646,⚠️ Rationalization Candidate
FIVE CATS HANGING DECORATION,879.6700000000001,286,89,3.65561797752809,3.075769230769231,💎 Premium Product
FIVE HEART HANGING DECORATION,1541.6200000000001,462,142,3.984685314685315,3.336839826839827,⭐ Core Product
FLAG OF ST GEORGE ,37.95,23,7,1.65,1.6500000000000001,⚠️ Rationalization Candidate
FLAG OF ST GEORGE CAR FLAG,12.16,27,2,0.625,0.45037037037037037,⚠️ Rationalization Candidate
FLAG OF ST GEORGE CHAIR,185.3,38,8,5.525,4.876315789473685,⚠️ Rationalization Candidate
FLAMES SUNGLASSES PINK LENSES,95.1,52,8,2.145,1.8288461538461538,⚠️ Rationalization Candidate
FLOOR CUSHION ELEPHANT CARNIVAL,718.14,69,35,12.1,10.407826086956522,💎 Premium Product
FLOOR LAMP SHADE WOOD BASE,312.7,33,13,10.543076923076923,9.475757575757575,⚠️ Rationalization Candidate
FLORAL BATHROOM SET,75.0,20,11,3.75,3.75,⚠️ Rationalization Candidate
FLORAL BLUE MONSTER,21.25,5,4,4.25,4.25,⚠️ Rationalization Candidate
FLORAL FOLK STATIONERY SET,3355.84,1937,425,2.024824355971897,1.7324935467217346,⭐ Core Product
FLORAL PINK MONSTER,187.54,43,16,5.078235294117647,4.361395348837209,⚠️ Rationalization Candidate
FLORAL SOFT CAR TOY,230.81,54,30,4.7219999999999995,4.274259259259259,⚠️ Rationalization Candidate
FLOWER BLUE CLOCK WITH SUCKER,33.64,116,8,0.29,0.29,⚠️ Rationalization Candidate
FLOWER BURST SILVER RING CRYSTAL,48.71,13,9,3.7455555555555557,3.746923076923077,⚠️ Rationalization Candidate
FLOWER FAIRY 5 DRAWER LINERS,150.45,59,20,2.55,2.55,⚠️ Rationalization Candidate
FLOWER FAIRY 5 SUMMER DRAW LINERS,15.299999999999999,6,1,2.55,2.55,⚠️ Rationalization Candidate
FLOWER FAIRY INCENSE BOUQUET,32.349999999999994,61,5,0.9039999999999999,0.530327868852459,⚠️ Rationalization Candidate
"FLOWER FAIRY,5 SUMMER B'DRAW LINERS",267.75,105,25,2.55,2.55,⚠️ Rationalization Candidate
FLOWER GARLAND NECKLACE RED,47.7,6,4,7.95,7.95,⚠️ Rationalization Candidate
"FLOWER GLASS GARLAND NECKL.36""BLACK",95.35000000000001,12,5,7.94,7.945833333333334,⚠️ Rationalization Candidate
"FLOWER GLASS GARLAND NECKL.36""BLUE",71.4,9,5,7.92,7.933333333333334,⚠️ Rationalization Candidate
"FLOWER GLASS GARLAND NECKL.36""GREEN",31.8,4,2,7.95,7.95,⚠️ Rationalization Candidate
"FLOWER GLASS GARLD NECKL36""AMETHYST",110.95,14,11,7.922727272727273,7.925,⚠️ Rationalization Candidate
"FLOWER GLASS GARLD NECKL36""TURQUOIS",64.08,8,5,8.046000000000001,8.01,⚠️ Rationalization Candidate
FLOWER PURPLE CLOCK W/SUCKER,4.25,5,3,0.85,0.85,⚠️ Rationalization Candidate
FLOWER PURPLE CLOCK WITH SUCKER,4.35,15,3,0.29,0.29,⚠️ Rationalization Candidate
FLOWER SHOP DESIGN MUG,1.65,1,1,1.65,1.65,⚠️ Rationalization Candidate
FLOWER VINE RAFFIA FOOD COVER,1470.32,381,140,4.109357142857142,3.859107611548556,⭐ Core Product
FLOWERS  STICKERS,245.35999999999999,257,61,1.159344262295082,0.9547081712062256,⚠️ Rationalization Candidate
FLOWERS CHANDELIER T-LIGHT HOLDER,2879.37,960,38,6.182564102564102,2.99934375,⭐ Core Product
FLOWERS HANDBAG blue and orange,61.25,49,3,1.25,1.25,⚠️ Rationalization Candidate
FLOWERS TILE COASTER,327.79999999999995,968,39,0.5441025641025641,0.33863636363636357,📦 Volume Driver
FLOWERS TILE HOOK,80.16000000000001,59,13,1.907142857142857,1.3586440677966103,⚠️ Rationalization Candidate
FLUTED ANTIQUE CANDLE HOLDER,2622.93,2785,206,1.1530582524271844,0.9418061041292639,⭐ Core Product
FLYING PIG WATERING CAN,466.95000000000005,193,47,3.2604166666666665,2.419430051813472,⚠️ Rationalization Candidate
FOLDING BUTTERFLY MIRROR HOT PINK ,1495.24,1867,152,1.0685620915032679,0.800878414568827,⭐ Core Product
FOLDING BUTTERFLY MIRROR IVORY ,742.92,794,133,1.2622222222222224,0.9356675062972292,⭐ Core Product
FOLDING BUTTERFLY MIRROR RED  ,985.88,1262,99,0.9833333333333333,0.7812044374009509,⭐ Core Product
FOLDING CAMPING SCISSOR W/KNIF & S,3.5999999999999996,30,3,0.12,0.11999999999999998,⚠️ Rationalization Candidate
FOLDING MIRROR HOT PINK ,118.91999999999999,156,5,0.808,0.7623076923076922,⚠️ Rationalization Candidate
FOLDING MIRROR IVORY ,14.939999999999998,18,2,0.83,0.8299999999999998,⚠️ Rationalization Candidate
FOLDING MIRROR RED  ,14.939999999999998,18,2,0.83,0.8299999999999998,⚠️ Rationalization Candidate
FOLDING SHOE TIDY,8.850000000000001,3,2,2.95,2.9500000000000006,⚠️ Rationalization Candidate
FOLDING UMBRELLA BLACKBLUE POLKADOT,763.6600000000001,160,74,4.881351351351352,4.772875000000001,💎 Premium Product
FOLDING UMBRELLA CHOCOLATE POLKADOT,607.23,133,59,4.667118644067797,4.565639097744361,⚠️ Rationalization Candidate
FOLDING UMBRELLA CREAM POLKADOT,863.11,190,64,4.31640625,4.542684210526316,💎 Premium Product
FOLDING UMBRELLA PINKWHITE POLKADOT,501.98,107,45,4.822666666666667,4.691401869158879,⚠️ Rationalization Candidate
FOLDING UMBRELLA RED/WHITE POLKADOT,1616.81,346,120,4.997333333333334,4.6728612716763,💎 Premium Product
FOLDING UMBRELLA WHITE/RED POLKADOT,513.02,104,36,5.247777777777778,4.932884615384615,⚠️ Rationalization Candidate
"FOLK ART GREETING CARD,pack/12",64.9,22,9,2.95,2.95,⚠️ Rationalization Candidate
FOLK ART METAL HEART T-LIGHT HOLDER,82.1,163,19,0.43631578947368416,0.503680981595092,⚠️ Rationalization Candidate
FOLK ART METAL STAR T-LIGHT HOLDER,252.33,485,67,0.7286567164179104,0.5202680412371135,📦 Volume Driver
FOLK FELT HANGING MULTICOL GARLAND,570.86,204,61,3.2162295081967214,2.7983333333333333,⚠️ Rationalization Candidate
FOLKART CHRISTMAS TREE T-LIGHT HOLD,10.260000000000002,27,2,0.38,0.38000000000000006,⚠️ Rationalization Candidate
FOLKART CLIP ON STARS,404.08,783,100,0.8463366336633662,0.516066411238825,📦 Volume Driver
FOLKART HEART NAPKIN RINGS,551.13,366,69,2.3904347826086956,1.5058196721311474,📦 Volume Driver
FOLKART STAR CHRISTMAS DECORATIONS,1633.6699999999998,3581,131,0.588358208955224,0.45620497067858135,⭐ Core Product
FOLKART ZINC HEART CHRISTMAS DEC,2629.81,2986,244,1.1341129032258064,0.8807133288680509,⭐ Core Product
FOLKART ZINC STAR CHRISTMAS DEC,10.2,12,3,0.85,0.85,⚠️ Rationalization Candidate
FOOD CONTAINER SET 3 LOVE HEART ,3936.5899999999997,2031,291,2.8124324324324323,1.9382520925652387,⭐ Core Product
"FOOD COVER WITH BEADS , SET 2 SIZES",11.25,3,1,3.75,3.75,⚠️ Rationalization Candidate
FOOD COVER WITH BEADS SET 2 ,3761.63,1009,145,4.374758620689655,3.7280773042616455,⭐ Core Product
FOOD/DRINK SPONGE STICKERS,256.2,1220,35,0.21,0.21,📦 Volume Driver
FOOT STOOL HOME SWEET HOME ,5097.65,489,217,11.573870967741934,10.424642126789365,⭐ Core Product
FORKED CACTUS CANDLE,319.66,100,34,3.7341176470588238,3.1966,⚠️ Rationalization Candidate
FOUND,0.0,8,1,0.0,0.0,⚠️ Rationalization Candidate
FOUR HOOK  WHITE LOVEBIRDS,3700.94,1609,399,2.8394306930693074,2.3001491609695464,⭐ Core Product
FOUR RABBIT EASTER DECORATIONS,104.84,72,15,1.992,1.4561111111111111,⚠️ Rationalization Candidate
FRAPPUCINO SCARF KNITTING KIT,502.74,343,73,1.9437333333333333,1.4657142857142857,⚠️ Rationalization Candidate
FREESTYLE CANVAS ART PICTURE,39.65,41,18,1.2444444444444445,0.9670731707317073,⚠️ Rationalization Candidate
FRENCH BATHROOM SIGN BLUE METAL,2511.22,1476,219,2.0876923076923077,1.7013685636856368,⭐ Core Product
FRENCH BLUE METAL DOOR SIGN 0,780.8,603,104,1.4737500000000001,1.2948590381426202,⭐ Core Product
FRENCH BLUE METAL DOOR SIGN 1,1578.39,1181,207,1.5641626794258374,1.3364860287891618,⭐ Core Product
FRENCH BLUE METAL DOOR SIGN 2,1389.07,1018,193,1.6830927835051546,1.36450884086444,⭐ Core Product
FRENCH BLUE METAL DOOR SIGN 3,1151.56,864,167,1.6010778443113771,1.332824074074074,⭐ Core Product
FRENCH BLUE METAL DOOR SIGN 4,1023.03,761,159,1.6485534591194968,1.3443232588699079,⭐ Core Product
FRENCH BLUE METAL DOOR SIGN 5,1157.79,854,159,1.5903105590062112,1.3557259953161591,⭐ Core Product
FRENCH BLUE METAL DOOR SIGN 6,973.15,728,131,1.6054477611940299,1.3367445054945055,⭐ Core Product
FRENCH BLUE METAL DOOR SIGN 7,896.75,689,119,1.5154166666666666,1.3015239477503628,⭐ Core Product
FRENCH BLUE METAL DOOR SIGN 8,871.49,663,127,1.545859375,1.3144645550527903,⭐ Core Product
FRENCH BLUE METAL DOOR SIGN 9,726.07,539,103,1.622857142857143,1.3470686456400742,⭐ Core Product
FRENCH BLUE METAL DOOR SIGN No,1308.38,1019,165,1.8125454545454545,1.2839842983316978,⭐ Core Product
FRENCH CARRIAGE LANTERN,925.35,137,58,7.039152542372881,6.754379562043796,💎 Premium Product
FRENCH CHATEAU LARGE FRUIT BOWL ,19.5,10,4,1.95,1.95,⚠️ Rationalization Candidate
FRENCH CHATEAU LARGE PLATTER ,160.5,70,18,2.95,2.2928571428571427,⚠️ Rationalization Candidate
FRENCH CHATEAU OVAL PLATTER,29.25,15,6,1.95,1.95,⚠️ Rationalization Candidate
FRENCH CHATEAU SMALL FRUITBOWL,51.599999999999994,24,8,2.025,2.15,⚠️ Rationalization Candidate
FRENCH ENAMEL CANDLEHOLDER,3649.4900000000002,1693,317,2.6198136645962733,2.15563496751329,⭐ Core Product
FRENCH ENAMEL POT W LID,1430.63,587,115,3.4877586206896556,2.4371890971039183,⭐ Core Product
FRENCH ENAMEL UTENSIL HOLDER,183.71,45,16,5.15125,4.0824444444444445,⚠️ Rationalization Candidate
FRENCH ENAMEL WATER BASIN,1273.11,411,128,4.116821705426357,3.097591240875912,⭐ Core Product
FRENCH FLORAL CUSHION COVER ,774.79,674,83,1.831888888888889,1.149540059347181,⭐ Core Product
FRENCH GARDEN SIGN BLUE METAL,1016.08,791,131,1.490530303030303,1.284551201011378,⭐ Core Product
FRENCH KITCHEN SIGN BLUE METAL,1555.16,1240,164,1.5539156626506023,1.2541612903225807,⭐ Core Product
FRENCH LATTICE CUSHION COVER ,527.25,452,63,1.9052307692307693,1.1664823008849559,📦 Volume Driver
FRENCH LAUNDRY SIGN BLUE METAL,1608.6999999999998,962,144,2.1616666666666666,1.672245322245322,⭐ Core Product
FRENCH LAVENDER SCENT HEART,1055.59,1069,106,1.510462962962963,0.9874555659494855,⭐ Core Product
FRENCH PAISLEY CUSHION COVER,141.1,170,17,0.83,0.83,⚠️ Rationalization Candidate
FRENCH PAISLEY CUSHION COVER ,840.4399999999999,575,105,2.385047619047619,1.4616347826086955,⭐ Core Product
FRENCH STYLE EMBOSSED HEART CABINET,571.43,26,22,22.25590909090909,21.97807692307692,⚠️ Rationalization Candidate
FRENCH STYLE STORAGE JAR BONBONS,695.06,2338,74,0.3154666666666667,0.2972882805816937,⭐ Core Product
FRENCH STYLE STORAGE JAR CAFE ,819.4599999999999,1982,70,0.3409859154929577,0.41345105953582234,⭐ Core Product
FRENCH STYLE STORAGE JAR JAM,114.85,317,30,0.3516129032258064,0.36230283911671923,⚠️ Rationalization Candidate
FRENCH TOILET SIGN BLUE METAL,1692.72,1346,187,1.5178421052631579,1.257592867756315,⭐ Core Product
FRENCH WC SIGN BLUE METAL,2516.75,1882,301,1.6347194719471947,1.3372741764080764,⭐ Core Product
FRESHWATER PEARL BRACELET GOLD,7.6499999999999995,3,2,2.55,2.55,⚠️ Rationalization Candidate
FRESHWATER PEARL BRACELET IVORY,12.7,5,5,2.54,2.54,⚠️ Rationalization Candidate
FRIDGE MAGNETS LA VIE EN ROSE,1154.6,1295,87,1.3801149425287356,0.8915830115830116,⭐ Core Product
FRIDGE MAGNETS LES ENFANTS ASSORTED,1130.77,1366,81,0.9837037037037036,0.8277964860907759,⭐ Core Product
FRIDGE MAGNETS US DINER ASSORTED,1422.8999999999999,1587,102,1.7672549019607842,0.8965973534971644,⭐ Core Product
FROG CANDLE,83.78,64,19,1.376,1.3090625,⚠️ Rationalization Candidate
FROG KING WATERING CAN,26.55,9,2,2.95,2.95,⚠️ Rationalization Candidate
FROG SOCK PUPPET,44.25000000000001,15,8,2.95,2.9500000000000006,⚠️ Rationalization Candidate
FROSTED WHITE BASE ,119.64,239,23,0.8221739130434783,0.5005857740585774,⚠️ Rationalization Candidate
FRUIT SALAD BAG CHARM,145.52,64,45,2.4153333333333333,2.27375,⚠️ Rationalization Candidate
FRUIT TREE AND BIRDS WALL PLAQUE,340.58,40,24,8.713333333333333,8.5145,⚠️ Rationalization Candidate
FRYING PAN BLUE POLKADOT,716.8,194,88,4.2506818181818184,3.694845360824742,💎 Premium Product
FRYING PAN PINK POLKADOT,1809.48,398,140,5.907163120567375,4.54643216080402,⭐ Core Product
FRYING PAN RED POLKADOT ,4.25,1,1,4.25,4.25,⚠️ Rationalization Candidate
FRYING PAN RED RETROSPOT,1922.34,466,166,5.3020481927710845,4.12519313304721,⭐ Core Product
FRYING PAN UNION FLAG,5833.59,1333,208,6.180480769230769,4.376286571642911,⭐ Core Product
FULL ENGLISH BREAKFAST PLATE,6921.15,1641,297,5.4802,4.21764168190128,⭐ Core Product
FUNKY DIVA PEN,7363.86,8547,233,1.107905982905983,0.8615724815724816,⭐ Core Product
FUNKY FLOWER PICNIC BAG FOR 4,33.9,2,2,16.95,16.95,⚠️ Rationalization Candidate
FUNKY MONKEY CUSHION COVER,317.16999999999996,232,46,2.807608695652174,1.367112068965517,⚠️ Rationalization Candidate
FUNKY MONKEY GIFT BAG MEDIUM,173.12,371,41,0.6314634146341463,0.46663072776280323,📦 Volume Driver
FUNKY MONKEY MUG,1.25,1,1,1.25,1.25,⚠️ Rationalization Candidate
FUNKY WASHING UP GLOVES ASSORTED,2041.5200000000002,971,198,2.3687192118226603,2.10249227600412,⭐ Core Product
FUSCHIA FLOWER PURSE WITH BEADS,145.17,159,14,0.9714285714285714,0.9130188679245282,⚠️ Rationalization Candidate
FUSCHIA RETRO BAR STOOL,523.3000000000001,14,5,39.15,37.37857142857143,⚠️ Rationalization Candidate
FUSCHIA TABLE RUN FLOWER ,38.75,27,5,1.75,1.4351851851851851,⚠️ Rationalization Candidate
FUSCHIA VOILE POINTY SHOE DEC,50.31,97,15,0.702,0.5186597938144331,⚠️ Rationalization Candidate
Found,0.0,376,8,0.0,0.0,📦 Volume Driver
Found by jackie,0.0,1,1,0.0,0.0,⚠️ Rationalization Candidate
Found in w/hse,0.0,50,1,0.0,0.0,⚠️ Rationalization Candidate
GAOLERS KEYS DECORATIVE GARDEN ,3475.73,935,214,3.968046511627907,3.7173582887700536,⭐ Core Product
GARAGE KEY FOB,565.8100000000001,778,148,0.9021476510067113,0.7272622107969152,📦 Volume Driver
GARDEN METAL SIGN ,203.20999999999998,114,29,2.1710344827586208,1.7825438596491225,⚠️ Rationalization Candidate
GARDEN PATH JOURNAL,621.1899999999999,247,65,2.752153846153846,2.5149392712550607,⚠️ Rationalization Candidate
GARDEN PATH NOTEBOOK ,24.75,15,8,1.65,1.65,⚠️ Rationalization Candidate
GARDEN PATH POCKET BOOK,58.65,69,21,0.85,0.85,⚠️ Rationalization Candidate
GARDEN PATH SKETCHBOOK,493.57,122,57,4.450862068965517,4.045655737704918,⚠️ Rationalization Candidate
GARDENERS KNEELING PAD,3.36,1,1,3.36,3.36,⚠️ Rationalization Candidate
GARDENERS KNEELING PAD CUP OF TEA ,11785.99,6809,758,1.9087597911227152,1.7309428697312381,⭐ Core Product
GARDENERS KNEELING PAD KEEP CALM ,16327.349999999999,8807,913,1.9439673913043478,1.8539059838764618,⭐ Core Product
GARDENIA 1 WICK MORRIS BOXED CANDLE,730.93,213,61,3.9792307692307687,3.4315962441314554,💎 Premium Product
GARDENIA 3 WICK MORRIS BOXED CANDLE,799.24,278,83,3.8951162790697675,2.8749640287769784,💎 Premium Product
GARLAND WITH HEARTS AND BELLS,1746.27,393,100,5.1794,4.443435114503817,⭐ Core Product
GARLAND WITH STARS AND BELLS,2280.4700000000003,549,112,4.661504424778761,4.153861566484518,⭐ Core Product
GARLAND WOODEN HAPPY EASTER,2609.43,1952,239,1.610539419087137,1.3367981557377049,⭐ Core Product
"GARLAND, MAGIC GARDEN 1.8M",23.4,12,1,1.95,1.95,⚠️ Rationalization Candidate
"GARLAND, VINTAGE BELLS",265.88,92,10,2.89,2.89,⚠️ Rationalization Candidate
GEMSTONE CHANDELIER T-LIGHT HOLDER,347.70000000000005,78,7,4.835714285714286,4.457692307692308,⚠️ Rationalization Candidate
GENTLEMAN SHIRT REPAIR KIT ,1837.4699999999998,2166,170,1.1379411764705882,0.8483240997229916,⭐ Core Product
GEORGIAN TRINKET BOX,1706.5,143,61,12.411475409836067,11.933566433566433,💎 Premium Product
GIANT 50'S CHRISTMAS CRACKER,7053.57,2661,333,2.805680473372781,2.6507215332581735,⭐ Core Product
GIANT MEDINA STAMPED METAL BOWL ,19.9,2,2,9.95,9.95,⚠️ Rationalization Candidate
GIFT BAG BIRTHDAY,575.4200000000001,940,77,0.6137179487179487,0.6121489361702128,📦 Volume Driver
GIFT BAG LARGE 50'S CHRISTMAS,30.0,24,2,1.25,1.25,⚠️ Rationalization Candidate
GIFT BAG LARGE SPOT ,120.0,96,6,1.25,1.25,⚠️ Rationalization Candidate
GIFT BAG LARGE VINTAGE CHRISTMAS,185.0,148,9,1.25,1.25,⚠️ Rationalization Candidate
GIFT BAG PSYCHEDELIC APPLES,722.6700000000001,1171,139,0.7051079136690648,0.6171391972672929,⭐ Core Product
GIN & TONIC DIET GREETING CARD ,1389.22,3299,246,0.510609756097561,0.4211033646559564,⭐ Core Product
GIN + TONIC DIET METAL SIGN,25792.47,11709,759,2.7445669291338586,2.202790161414297,⭐ Core Product
GIN AND TONIC DIET METAL SIGN,1237.5,498,50,3.1483999999999996,2.4849397590361444,⭐ Core Product
GIN AND TONIC MUG,4141.179999999999,2974,295,2.014203389830508,1.3924613315400132,⭐ Core Product
GINGERBREAD MAN COOKIE CUTTER,9202.15,7440,670,1.4521260997067449,1.2368481182795699,⭐ Core Product
GINGHAM BABUSHKA DOORSTOP,402.74,210,42,2.394285714285714,1.9178095238095239,⚠️ Rationalization Candidate
GINGHAM HEART  DOORSTOP RED,2961.83,785,241,4.917489711934157,3.773031847133758,⭐ Core Product
GINGHAM HEART DECORATION,5114.41,6139,413,1.0084761904761905,0.8331014823261117,⭐ Core Product
GINGHAM OVEN GLOVE RED HEART ,26.490000000000002,5,3,5.04,5.298,⚠️ Rationalization Candidate
GINGHAM RECIPE BOOK BOX,2509.62,462,135,6.186740740740741,5.432077922077922,⭐ Core Product
GINGHAM ROSE WRAP,768.18,1829,73,0.42,0.42,⭐ Core Product
GIRAFFE WOODEN RULER,7604.889999999999,3887,274,2.273655913978495,1.956493439670697,⭐ Core Product
GIRLS ALPHABET IRON ON PATCHES ,2678.33,12442,147,0.3868027210884354,0.21526523067031023,⭐ Core Product
GIRLS PARTY BAG,144.43,47,13,3.1330769230769233,3.0729787234042556,⚠️ Rationalization Candidate
GIRLS VINTAGE TIN SEASIDE BUCKET,3507.17,1330,231,3.261293103448276,2.63696992481203,⭐ Core Product
GIRLY PINK TOOL SET,24.75,5,1,4.95,4.95,⚠️ Rationalization Candidate
GLAMOROUS  MUG,1454.98,1292,142,1.6714685314685316,1.1261455108359133,⭐ Core Product
GLASS  BEURRE DISH,3709.78,878,212,5.628215962441314,4.225261958997723,⭐ Core Product
GLASS  SONGBIRD STORAGE JAR,2065.14,169,73,13.034794520547944,12.219763313609466,💎 Premium Product
GLASS AND BEADS BRACELET IVORY,33.69,9,4,3.735,3.743333333333333,⚠️ Rationalization Candidate
GLASS AND PAINTED BEADS BRACELET OL,48.77,13,8,3.7525,3.7515384615384617,⚠️ Rationalization Candidate
GLASS AND PAINTED BEADS BRACELET TO,56.15,15,10,3.7399999999999998,3.743333333333333,⚠️ Rationalization Candidate
GLASS APOTHECARY BOTTLE ELIXIR,3419.5800000000004,856,209,4.863838862559241,3.9948364485981314,⭐ Core Product
GLASS APOTHECARY BOTTLE PERFUME,4197.110000000001,1071,246,4.62991935483871,3.9188702147525682,⭐ Core Product
GLASS APOTHECARY BOTTLE TONIC,3674.1600000000003,924,223,4.672946428571429,3.9763636363636365,⭐ Core Product
GLASS BEAD HOOP EARRINGS AMETHYST,28.4,9,6,3.2583333333333333,3.1555555555555554,⚠️ Rationalization Candidate
GLASS BEAD HOOP EARRINGS BLACK,17.66,6,3,2.936666666666667,2.9433333333333334,⚠️ Rationalization Candidate
GLASS BEAD HOOP EARRINGS GREEN,14.5,5,5,2.9,2.9,⚠️ Rationalization Candidate
GLASS BEAD HOOP EARRINGS MONTANA,8.76,3,3,2.92,2.92,⚠️ Rationalization Candidate
GLASS BEAD HOOP NECKLACE AMETHYST,25.5,3,3,8.5,8.5,⚠️ Rationalization Candidate
GLASS BEAD HOOP NECKLACE BLACK,17.0,2,1,8.5,8.5,⚠️ Rationalization Candidate
GLASS BEAD HOOP NECKLACE GREEN,33.82,4,3,8.44,8.455,⚠️ Rationalization Candidate
GLASS BEAD HOOP NECKLACE MONTANA,25.32,3,3,8.44,8.44,⚠️ Rationalization Candidate
GLASS BELL JAR LARGE,17.0,2,1,8.5,8.5,⚠️ Rationalization Candidate
GLASS BELL JAR SMALL,15.8,4,1,3.95,3.95,⚠️ Rationalization Candidate
GLASS BON BON JAR,4215.78,2354,225,2.380175438596491,1.7909005947323704,⭐ Core Product
GLASS BONNE JAM JAR,500.82000000000005,120,27,4.441851851851852,4.173500000000001,⚠️ Rationalization Candidate
GLASS CAKE COVER AND PLATE,29.9,2,1,14.95,14.95,⚠️ Rationalization Candidate
GLASS CHALICE BLUE SMALL ,421.78,694,49,1.318,0.6077521613832852,📦 Volume Driver
GLASS CHALICE GREEN  LARGE ,364.22,197,19,2.941,1.848832487309645,⚠️ Rationalization Candidate
GLASS CHALICE GREEN  SMALL ,175.78,161,19,1.9857894736842103,1.0918012422360248,⚠️ Rationalization Candidate
GLASS CLOCHE LARGE,2934.53,350,57,10.711929824561404,8.384371428571429,⭐ Core Product
GLASS CLOCHE SMALL,3131.02,806,143,4.870743243243243,3.8846401985111663,⭐ Core Product
GLASS HEART T-LIGHT HOLDER ,2893.77,3321,214,1.149158878504673,0.8713550135501354,⭐ Core Product
GLASS JAR DAISY FRESH COTTON WOOL,2592.33,731,270,4.437158671586716,3.546279069767442,⭐ Core Product
GLASS JAR DIGESTIVE BISCUITS,2001.32,621,168,4.072840236686391,3.2227375201288244,⭐ Core Product
GLASS JAR ENGLISH CONFECTIONERY,3192.82,1013,217,3.883532110091743,3.151846001974334,⭐ Core Product
GLASS JAR KINGS CHOICE,605.7700000000001,188,85,3.4850588235294118,3.2221808510638303,⚠️ Rationalization Candidate
GLASS JAR MARMALADE ,1380.8,483,84,3.659651162790698,2.85879917184265,⭐ Core Product
GLASS JAR PEACOCK BATH SALTS,1329.44,414,137,3.984744525547445,3.2112077294685992,⭐ Core Product
GLASS SONGBIRD STORAGE JAR,126.7,11,3,12.049999999999999,11.518181818181818,⚠️ Rationalization Candidate
GLASS SPHERE CANDLE STAND MEDIUM,684.08,111,34,6.655142857142858,6.162882882882883,💎 Premium Product
GLASS STAR FROSTED T-LIGHT HOLDER,2514.4300000000003,517,131,5.356641221374046,4.8635009671179885,⭐ Core Product
GLASS TWIST BON BON JAR,575.25,74,24,8.714583333333332,7.773648648648648,⚠️ Rationalization Candidate
GLITTER BUTTERFLY CLIPS,3074.7799999999997,1128,241,3.1662903225806454,2.725868794326241,⭐ Core Product
GLITTER CHRISTMAS HEART ,231.82,268,21,0.9162499999999999,0.865,⚠️ Rationalization Candidate
GLITTER CHRISTMAS STAR ,1066.65,2470,124,0.544812030075188,0.4318421052631579,⭐ Core Product
GLITTER CHRISTMAS TREE,410.91,906,58,0.5645901639344262,0.45354304635761594,📦 Volume Driver
GLITTER CHRISTMAS TREE WITH BELLS,719.3,698,97,1.324059405940594,1.0305157593123209,⭐ Core Product
GLITTER HANGING BUTTERFLY STRING,2722.9500000000003,1314,194,2.452060301507538,2.072260273972603,⭐ Core Product
GLITTER HEART DECORATION,1088.5900000000001,2469,142,0.5535064935064935,0.44090319967598224,⭐ Core Product
GLITTER HEART GARLAND WITH BELLS ,1368.47,329,90,5.040869565217391,4.159483282674772,💎 Premium Product
GLITTER SNOW PEAR TREE DECORATION,28.999999999999996,20,3,1.45,1.4499999999999997,⚠️ Rationalization Candidate
GLITTER STAR GARLAND WITH BELLS ,1037.05,251,62,5.067142857142858,4.131673306772909,💎 Premium Product
GLOW IN DARK DOLPHINS,28.98,138,31,0.21,0.21,⚠️ Rationalization Candidate
GOLD APERITIF GLASS,34.32,88,2,0.39,0.39,⚠️ Rationalization Candidate
GOLD COSMETIC BAG PINK STAR,4.2,2,2,2.1,2.1,⚠️ Rationalization Candidate
GOLD COSMETICS BAG WITH BUTTERFLY,2.1,1,1,2.1,2.1,⚠️ Rationalization Candidate
GOLD DIAMANTE STAR BROOCH,59.800000000000004,12,9,4.9944444444444445,4.983333333333333,⚠️ Rationalization Candidate
GOLD EAR MUFF HEADPHONES,212.26,35,25,6.073200000000001,6.064571428571428,⚠️ Rationalization Candidate
GOLD FABRIC MIRROR,86.76,180,29,0.716,0.48200000000000004,⚠️ Rationalization Candidate
GOLD FISHING GNOME,546.6,68,36,10.019166666666667,8.038235294117648,⚠️ Rationalization Candidate
GOLD FLOWER CUSHION COVER ,15.6,8,2,1.95,1.95,⚠️ Rationalization Candidate
GOLD M PEARL  ORBIT NECKLACE,152.84,15,13,10.226153846153846,10.189333333333334,⚠️ Rationalization Candidate
GOLD M.O.P ORBIT BRACELET,96.52000000000001,18,18,5.362222222222223,5.362222222222223,⚠️ Rationalization Candidate
GOLD M.O.P ORBIT DROP EARRINGS,92.28,22,17,4.19,4.194545454545454,⚠️ Rationalization Candidate
GOLD M.O.P. ORBIT NECKLACE,5.9,2,2,2.95,2.95,⚠️ Rationalization Candidate
GOLD MINI TAPE MEASURE ,956.36,1234,205,0.845873786407767,0.7750081037277148,⭐ Core Product
GOLD MUG BONE CHINA TREE OF LIFE,969.64,770,74,2.222,1.2592727272727273,⭐ Core Product
GOLD PHOTO FRAME,466.53000000000003,216,39,2.737948717948718,2.1598611111111112,⚠️ Rationalization Candidate
GOLD PRINT PAPER BAG,3.6100000000000003,19,2,0.19,0.19000000000000003,⚠️ Rationalization Candidate
GOLD SCROLL GLASS T-LIGHT HOLDER,137.22000000000003,80,5,1.8150000000000002,1.7152500000000004,⚠️ Rationalization Candidate
GOLD STANDING GNOME,398.02,106,28,5.6049999999999995,3.7549056603773585,⚠️ Rationalization Candidate
GOLD TEDDY BEAR,42.7,15,5,5.54,2.8466666666666667,⚠️ Rationalization Candidate
GOLD WASHBAG,54.57,27,10,2.026,2.0211111111111113,⚠️ Rationalization Candidate
GOLD WINE GOBLET,129.56,164,8,0.79,0.79,⚠️ Rationalization Candidate
GOLD/AMBER DROP EARRINGS W LEAF,38.18,13,7,2.924285714285714,2.936923076923077,⚠️ Rationalization Candidate
GOLD/M.O.P PENDANT ORBIT NECKLACE,184.66,22,19,8.39578947368421,8.393636363636363,⚠️ Rationalization Candidate
GOLDIE LOOKING MIRROR,84.15,17,6,4.95,4.95,⚠️ Rationalization Candidate
GRAND CHOCOLATECANDLE,8196.0,5958,292,1.5990443686006826,1.3756294058408862,⭐ Core Product
GRASS HOPPER WOODEN WALL CLOCK ,374.12,272,34,2.9629411764705886,1.3754411764705883,⚠️ Rationalization Candidate
GREEN  DIAMANTE PEN IN GIFT BOX,178.89,76,33,2.7533333333333334,2.353815789473684,⚠️ Rationalization Candidate
GREEN 3 PIECE POLKADOT CUTLERY SET,3110.9100000000003,850,79,4.340506329113924,3.659894117647059,⭐ Core Product
GREEN BIRDHOUSE DECORATION,307.94,437,59,1.0454237288135593,0.7046681922196796,📦 Volume Driver
GREEN BITTY LIGHT CHAIN,383.25,194,60,2.819166666666667,1.9755154639175259,⚠️ Rationalization Candidate
GREEN CAT FLORAL CUSHION COVER ,345.17,73,54,4.981111111111112,4.728356164383562,⚠️ Rationalization Candidate
GREEN CHRISTMAS TREE CARD HOLDER,3245.68,1266,192,3.9398969072164944,2.563728278041074,⭐ Core Product
GREEN CHRISTMAS TREE STRING 20LIGHT,191.1,42,11,4.886363636363637,4.55,⚠️ Rationalization Candidate
GREEN CRYSTAL DROP EARRINGS,5.8,2,2,2.9,2.9,⚠️ Rationalization Candidate
GREEN DRAWER KNOB ACRYLIC EDWARDIAN,2739.4,2075,191,1.5244102564102564,1.3201927710843373,⭐ Core Product
GREEN DROP EARRINGS W BEAD CLUSTER,40.03,12,8,3.3325,3.3358333333333334,⚠️ Rationalization Candidate
GREEN EASTER EGG HUNT START POST,56.779999999999994,28,11,2.148181818181818,2.0278571428571426,⚠️ Rationalization Candidate
GREEN ENAMEL FLOWER HAIR TIE,58.71,20,14,2.932857142857143,2.9355,⚠️ Rationalization Candidate
GREEN ENAMEL FLOWER RING,225.84,77,31,2.9203225806451614,2.932987012987013,⚠️ Rationalization Candidate
GREEN ENAMEL+GLASS HAIR COMB,355.64,184,54,2.074,1.9328260869565217,⚠️ Rationalization Candidate
GREEN FERN JOURNAL ,438.57,176,55,2.647272727272727,2.491875,⚠️ Rationalization Candidate
GREEN FERN NOTEBOOK,141.23999999999998,86,44,1.6406666666666667,1.6423255813953486,⚠️ Rationalization Candidate
GREEN FERN POCKET BOOK,53.55,63,22,0.85,0.85,⚠️ Rationalization Candidate
GREEN FERN SKETCHBOOK ,420.08,106,56,4.153214285714286,3.963018867924528,⚠️ Rationalization Candidate
GREEN GEISHA GIRL ,146.05,46,28,3.1614285714285715,3.1750000000000003,⚠️ Rationalization Candidate
GREEN GIANT GARDEN THERMOMETER,2704.71,430,148,6.6860135135135135,6.290023255813954,⭐ Core Product
GREEN GLASS TASSLE BAG CHARM,79.76,35,16,2.130625,2.278857142857143,⚠️ Rationalization Candidate
GREEN GOOSE FEATHER CHRISTMAS TREE ,672.09,187,45,5.107777777777778,3.594064171122995,💎 Premium Product
GREEN GOOSE FEATHER TREE 60CM,349.17,167,42,2.4969767441860466,2.0908383233532937,⚠️ Rationalization Candidate
GREEN HEART COMPACT MIRROR,315.81,218,33,2.417058823529412,1.4486697247706422,⚠️ Rationalization Candidate
GREEN HEART OF GLASS BRACELET,83.29,14,6,5.948333333333333,5.949285714285715,⚠️ Rationalization Candidate
GREEN JUICY FRUIT PHOTO FRAME,261.89,94,39,2.9928205128205128,2.786063829787234,⚠️ Rationalization Candidate
GREEN LEAVES AND BEADS PHONE CHARM,4.97,2,2,2.485,2.485,⚠️ Rationalization Candidate
GREEN METAL BOX ARMY SUPPLIES,3906.25,467,135,9.44148148148148,8.36456102783726,⭐ Core Product
GREEN METAL BOX TOP SECRET,132.0,16,4,8.25,8.25,⚠️ Rationalization Candidate
GREEN METAL SWINGING BUNNY,278.16999999999996,319,42,0.9799999999999999,0.8720062695924764,⚠️ Rationalization Candidate
GREEN MURANO TWIST BRACELET,215.20000000000002,51,22,4.202272727272727,4.219607843137255,⚠️ Rationalization Candidate
GREEN MURANO TWIST NECKLACE,109.53999999999999,11,8,9.96125,9.958181818181817,⚠️ Rationalization Candidate
GREEN PAIR HEART HAIR SLIDES,86.11,23,14,3.744285714285714,3.743913043478261,⚠️ Rationalization Candidate
GREEN PENDANT SHELL NECKLACE,5.09,1,1,5.09,5.09,⚠️ Rationalization Candidate
GREEN PENDANT TRIPLE SHELL NECKLACE,63.11,12,10,5.321,5.259166666666666,⚠️ Rationalization Candidate
GREEN PEONY CUSHION COVER,88.35000000000001,19,6,4.65,4.65,⚠️ Rationalization Candidate
GREEN POLKADOT BOWL,2016.23,1563,205,1.5633009708737866,1.2899744081893794,⭐ Core Product
GREEN POLKADOT PLATE ,1787.1999999999998,1075,128,2.006124031007752,1.6625116279069765,⭐ Core Product
GREEN POP ART MAO CUSHION COVER ,2.2800000000000002,12,2,0.19,0.19000000000000003,⚠️ Rationalization Candidate
GREEN REGENCY TEACUP AND SAUCER,22755.5,7280,1015,3.8278710937500002,3.1257554945054946,⭐ Core Product
GREEN ROSE WASHBAG,1132.85,323,160,3.4332098765432097,3.507275541795665,💎 Premium Product
GREEN ROUND COMPACT MIRROR,210.56,144,21,2.32,1.4622222222222223,⚠️ Rationalization Candidate
GREEN SQUARE COMPACT MIRROR,203.51,131,20,2.5524999999999998,1.5535114503816794,⚠️ Rationalization Candidate
GREEN STONE/CRYSTAL EARRINGS,40.95,14,13,2.9223076923076925,2.9250000000000003,⚠️ Rationalization Candidate
GREEN SWEETHEART BRACELET,423.41,103,44,4.187727272727273,4.110776699029127,⚠️ Rationalization Candidate
GREEN VINTAGE EARRINGS ,158.08,39,28,4.115357142857143,4.053333333333334,⚠️ Rationalization Candidate
GREEN VINTAGE SPOT BEAKER,4444.2300000000005,4625,185,1.0418817204301074,0.9609145945945947,⭐ Core Product
GREEN WIRE STANDING CANDLE HOLDER,157.34,38,18,4.368333333333333,4.140526315789474,⚠️ Rationalization Candidate
GREEN WITH METAL BAG CHARM,14.850000000000001,3,1,4.95,4.95,⚠️ Rationalization Candidate
GREEN/BLUE CERAMIC CANDLE HOLDER,13.2,8,1,1.65,1.65,⚠️ Rationalization Candidate
GREEN/BLUE FLOWER DESIGN BIG MUG,13.65,23,8,0.78,0.5934782608695652,⚠️ Rationalization Candidate
"GREETING CARD, OVERCROWDED POOL.",74.7,270,53,0.4033962264150943,0.27666666666666667,⚠️ Rationalization Candidate
"GREETING CARD, STICKY GORDON",70.78,245,53,0.43150943396226416,0.28889795918367345,⚠️ Rationalization Candidate
"GREETING CARD, TWO SISTERS.",53.88,127,40,0.5189999999999999,0.42425196850393704,⚠️ Rationalization Candidate
"GREETING CARD,SQUARE, DOUGHNUTS",80.46,174,27,0.6629629629629629,0.46241379310344827,⚠️ Rationalization Candidate
GREY ACRYLIC FACETED BANGLE,57.55,34,10,2.415,1.6926470588235294,⚠️ Rationalization Candidate
GREY FLORAL FELTCRAFT SHOULDER BAG,1027.94,265,83,4.115301204819277,3.8790188679245285,💎 Premium Product
GREY HEART HOT WATER BOTTLE,12763.08,3220,561,4.404398625429553,3.9636894409937886,⭐ Core Product
GROOVY CACTUS INFLATABLE,119.08999999999999,303,22,0.41090909090909095,0.393036303630363,⚠️ Rationalization Candidate
GROW A FLYTRAP OR SUNFLOWER IN TIN,17927.45,16244,305,1.4859344262295082,1.103635188377247,⭐ Core Product
GROW YOUR OWN BASIL IN ENAMEL MUG,2292.9100000000003,1047,219,2.5595475113122172,2.1899808978032476,⭐ Core Product
GROW YOUR OWN FLOWERS SET OF 3,1241.3,296,78,6.787179487179487,4.1935810810810805,💎 Premium Product
GROW YOUR OWN HERBS SET OF 3,1391.74,164,90,8.745333333333333,8.486219512195122,💎 Premium Product
GROW YOUR OWN PLANT IN A CAN ,1106.62,839,58,1.7612068965517242,1.318974970202622,⭐ Core Product
GUMBALL COAT RACK,18798.670000000002,7926,681,2.8794049346879533,2.3717726469846077,⭐ Core Product
GUMBALL MAGAZINE RACK,5191.01,621,232,9.835818965517243,8.359114331723028,⭐ Core Product
GUMBALL MONOCHROME COAT RACK,895.72,620,109,2.0745454545454542,1.4447096774193549,⭐ Core Product
GYMKHANA TREASURE BOOK BOX,3815.5299999999997,1715,200,2.7494581280788175,2.224798833819242,⭐ Core Product
GYMKHANNA TREASURE BOOK BOX,261.84000000000003,120,14,2.189285714285714,2.1820000000000004,⚠️ Rationalization Candidate
HAIRCLIPS FORTIES FABRIC ASSORTED,572.26,1322,61,0.5670491803278689,0.43287443267776093,📦 Volume Driver
HALL CABINET WITH 3 DRAWERS,2603.5299999999997,76,5,56.508,34.25697368421052,💎 Premium Product
HAND OPEN SHAPE DECO.WHITE,270.02000000000004,92,5,3.0840000000000005,2.9350000000000005,⚠️ Rationalization Candidate
HAND OPEN SHAPE GOLD,677.34,198,30,3.6971875,3.420909090909091,💎 Premium Product
HAND OVER THE CHOCOLATE   SIGN ,15928.730000000001,8246,677,2.3584683357879235,1.9316917293233085,⭐ Core Product
HAND PAINTED HANGING EASTER EGG,9.24,22,3,0.42,0.42,⚠️ Rationalization Candidate
HAND TOWEL PALE BLUE W FLOWERS,453.39,223,29,3.9479310344827585,2.0331390134529146,⚠️ Rationalization Candidate
HAND TOWEL PINK FLOWER AND DAISY,372.33,217,23,3.890869565217391,1.7158064516129032,⚠️ Rationalization Candidate
HAND WARMER BABUSHKA DESIGN,7105.33,4941,368,2.229490616621984,1.438034810767051,⭐ Core Product
HAND WARMER BIRD DESIGN,14061.890000000001,6433,554,2.401336898395722,2.1858992693921966,⭐ Core Product
HAND WARMER OWL DESIGN,17786.13,8439,654,2.359009009009009,2.107611091361536,⭐ Core Product
HAND WARMER RED LOVE HEART,8855.51,3986,397,2.2266262135922332,2.2216532865027596,⭐ Core Product
HAND WARMER RED POLKA DOT,225.00000000000003,120,18,1.8638888888888892,1.8750000000000002,⚠️ Rationalization Candidate
HAND WARMER RED RETROSPOT,8757.830000000002,4348,374,2.2287401574803147,2.014220331186753,⭐ Core Product
HAND WARMER SCOTTY DOG DESIGN,14366.52,6611,548,2.3365124555160146,2.1731235819089396,⭐ Core Product
HAND WARMER UNION JACK,10023.720000000001,4851,479,2.1974036511156188,2.066320346320347,⭐ Core Product
HANGING  BUTTERFLY T-LIGHT HOLDER,1636.36,1328,73,2.409054054054054,1.2321987951807227,⭐ Core Product
HANGING BAUBLE T-LIGHT HOLDER LARGE,108.71000000000001,33,15,3.707333333333333,3.2942424242424244,⚠️ Rationalization Candidate
HANGING BAUBLE T-LIGHT HOLDER SMALL,609.02,268,26,3.0580769230769227,2.272462686567164,⚠️ Rationalization Candidate
HANGING BUTTERFLY  EGG,7.6499999999999995,9,3,0.85,0.85,⚠️ Rationalization Candidate
HANGING CHICK  YELLOW DECORATION,1604.51,1136,112,1.5945689655172415,1.4124207746478874,⭐ Core Product
HANGING CHICK CREAM DECORATION,1906.02,1289,120,1.6335245901639344,1.4786811481768813,⭐ Core Product
HANGING CHICK GREEN DECORATION,1335.87,903,122,1.7224,1.4793687707641194,⭐ Core Product
HANGING CLEAR MINI BOTTLE,1051.14,1734,41,0.7871428571428571,0.6061937716262976,⭐ Core Product
HANGING ENGRAVED METAL HEART,1236.66,294,78,4.351951219512196,4.2063265306122455,💎 Premium Product
HANGING FAIRY CAKE DECORATION,1484.3,820,72,2.546081081081081,1.8101219512195121,⭐ Core Product
HANGING GLASS ETCHED TEALIGHT,198.57,127,11,1.7690909090909093,1.563543307086614,⚠️ Rationalization Candidate
HANGING HEART BASKET,23.1,11,3,2.1,2.1,⚠️ Rationalization Candidate
HANGING HEART BONHEUR,535.35,606,69,1.0450666666666666,0.8834158415841584,📦 Volume Driver
HANGING HEART JAR T-LIGHT HOLDER,16453.78,12493,728,1.4836289222373806,1.317039942367726,⭐ Core Product
HANGING HEART MIRROR DECORATION ,1708.0700000000002,2341,289,0.8917940199335549,0.729632635625801,⭐ Core Product
HANGING HEART WITH BELL,2374.7999999999997,4619,219,0.9162995594713657,0.5141372591470015,⭐ Core Product
HANGING HEART ZINC T-LIGHT HOLDER,8146.799999999999,9117,603,1.244759535655058,0.8935834155972359,⭐ Core Product
HANGING HEN ON NEST DECORATION,1418.82,828,114,2.0156410256410253,1.713550724637681,⭐ Core Product
HANGING JAM JAR T-LIGHT HOLDER,8560.84,10792,348,0.9102578796561605,0.7932579688658266,⭐ Core Product
HANGING JAM JAR T-LIGHT HOLDERS,2298.0499999999997,2813,92,1.0443478260869565,0.8169392108069675,⭐ Core Product
HANGING MEDINA LANTERN SMALL,259.67,81,28,3.4785714285714286,3.2058024691358025,⚠️ Rationalization Candidate
HANGING METAL CHICKEN DECORATION,193.52,148,34,1.4934285714285713,1.3075675675675675,⚠️ Rationalization Candidate
HANGING METAL HEART LANTERN,5485.629999999999,3406,352,1.9377401129943503,1.6105783910745741,⭐ Core Product
HANGING METAL RABBIT DECORATION,616.95,474,58,1.6053225806451612,1.3015822784810127,📦 Volume Driver
HANGING METAL STAR LANTERN,3141.5399999999995,2053,198,1.87605,1.5302191914271794,⭐ Core Product
HANGING MINI COLOURED BOTTLES,2237.08,3442,76,2.638026315789473,0.6499360836722835,⭐ Core Product
HANGING PHOTO CLIP ROPE LADDER,1274.1699999999998,746,86,2.4241860465116276,1.7080026809651472,⭐ Core Product
HANGING QUILTED PATCHWORK APPLES,1108.58,1258,89,1.5002247191011233,0.8812241653418124,⭐ Core Product
HANGING RIDGE GLASS T-LIGHT HOLDER,60.84,36,2,1.69,1.6900000000000002,⚠️ Rationalization Candidate
HANGING SPRING FLOWER EGG LARGE,822.89,947,73,1.02986301369863,0.8689440337909187,⭐ Core Product
HANGING SPRING FLOWER EGG SMALL,489.17,1197,72,0.6436111111111111,0.40866332497911445,📦 Volume Driver
HANGING WOOD AND FELT BUTTERFLY ,408.99,895,127,0.5677272727272727,0.45697206703910614,📦 Volume Driver
HANGING WOOD AND FELT FLOWER,325.35999999999996,2050,104,0.3334285714285714,0.1587121951219512,📦 Volume Driver
HANGING WOOD AND FELT HEART,313.13,672,106,0.5484821428571428,0.4659672619047619,📦 Volume Driver
HAPPY BIRTHDAY CARD STRIPEY TEDDY,2.47,13,2,0.19,0.19,⚠️ Rationalization Candidate
HAPPY BIRTHDAY CARD TEDDY/CAKE,0.95,5,1,0.19,0.19,⚠️ Rationalization Candidate
HAPPY EASTER HANGING DECORATION,942.1999999999999,243,53,4.418,3.8773662551440324,💎 Premium Product
HAPPY STENCIL CRAFT,3348.1800000000003,2823,281,1.3495070422535211,1.186036131774708,⭐ Core Product
HARDMAN MUG 3 ASSORTED,32.03,64,13,0.9338461538461539,0.50046875,⚠️ Rationalization Candidate
HAWAIIAN GRASS SKIRT ,380.36,324,28,1.4353571428571428,1.1739506172839507,⚠️ Rationalization Candidate
HAYNES CAMPER SHOULDER BAG,16.63,1,1,16.63,16.63,⚠️ Rationalization Candidate
HEADS AND TAILS SPORTING FUN,2348.94,1975,209,1.4097641509433962,1.1893367088607596,⭐ Core Product
HEART BEADED TRELLIS DECORATION,528.1700000000001,249,42,2.2197727272727272,2.1211646586345383,⚠️ Rationalization Candidate
HEART BUTTONS JEWELLERY BOX,356.11,68,30,5.318666666666667,5.236911764705883,⚠️ Rationalization Candidate
HEART CALCULATOR,1540.59,1179,131,1.6459558823529412,1.3066921119592874,⭐ Core Product
HEART DECORATION PAINTED ZINC ,1668.89,2380,225,0.9153478260869565,0.7012142857142858,⭐ Core Product
HEART DECORATION RUSTIC HANGING ,1645.75,5083,340,0.5981792717086835,0.32377532952980526,⭐ Core Product
HEART DECORATION WITH PEARLS ,2113.1299999999997,2196,256,1.1691570881226052,0.9622632058287794,⭐ Core Product
HEART FILIGREE DOVE  SMALL,6805.08,5457,299,1.453355048859935,1.2470368334249589,⭐ Core Product
HEART FILIGREE DOVE LARGE,4613.969999999999,2789,250,1.9075984251968503,1.6543456435998563,⭐ Core Product
HEART GARLAND RUSTIC PADDED,841.24,266,91,3.2001075268817205,3.1625563909774437,💎 Premium Product
HEART IVORY TRELLIS LARGE,5247.719999999999,3140,318,1.8795412844036699,1.6712484076433118,⭐ Core Product
HEART IVORY TRELLIS SMALL,5459.91,4164,378,1.746631853785901,1.3112175792507204,⭐ Core Product
HEART MINI PORTRAIT FRAME,1021.76,518,87,2.07183908045977,1.9725096525096526,⭐ Core Product
HEART MIRROR ANTIQUE WHITE,2354.8,358,76,7.724415584415584,6.5776536312849165,⭐ Core Product
HEART OF WICKER LARGE,30098.11,9888,926,3.28153681963714,3.043902710355987,⭐ Core Product
HEART OF WICKER SMALL,32094.6,17963,1201,1.959712879409352,1.7867060067917384,⭐ Core Product
HEART SHAPE WIRELESS DOORBELL,795.83,444,49,2.0834615384615387,1.79240990990991,⭐ Core Product
HEART SHAPED HOLLY WREATH,3999.5000000000005,950,172,4.576279069767442,4.210000000000001,⭐ Core Product
HEART SHAPED MIRROR,8.45,5,2,1.69,1.69,⚠️ Rationalization Candidate
HEART STRING MEMO HOLDER HANGING,1042.78,875,122,1.7872580645161291,1.1917485714285714,⭐ Core Product
HEART T-LIGHT HOLDER,144.52,146,10,1.541,0.9898630136986302,⚠️ Rationalization Candidate
HEART T-LIGHT HOLDER ,111.77,74,15,1.7293749999999999,1.5104054054054052,⚠️ Rationalization Candidate
HEART T-LIGHT HOLDER WILLIE WINKIE,1649.0499999999997,969,112,1.8786725663716815,1.7018059855521153,⭐ Core Product
HEART TRELLIS TRIPLE T-LIGHT HOLDER,395.11,129,30,3.8125806451612902,3.062868217054264,⚠️ Rationalization Candidate
HEART TRELLISTRIPLE T-LIGHT HOLDER,152.24,56,5,2.81,2.718571428571429,⚠️ Rationalization Candidate
HEART WOODEN CHRISTMAS DECORATION,2199.5899999999997,2333,222,1.113125,0.9428161165880838,⭐ Core Product
HEART WREATH DECORATION WITH BELL,2845.89,2284,185,1.4963157894736843,1.2460113835376532,⭐ Core Product
HEARTS  STICKERS,737.8399999999999,835,119,1.0332773109243696,0.8836407185628742,⭐ Core Product
HEARTS GIFT TAPE,385.47,1176,94,0.5863157894736841,0.32778061224489796,📦 Volume Driver
HEARTS WRAPPING TAPE ,3.25,5,3,0.65,0.65,⚠️ Rationalization Candidate
HEAVENS SCENT FRAGRANCE OILS ASSTD,20.88,72,1,0.29,0.29,⚠️ Rationalization Candidate
HELLO SAILOR BATHROOM SET,52.5,14,9,3.75,3.75,⚠️ Rationalization Candidate
HELLO SAILOR BLUE SOAP HOLDER,344.34000000000003,180,53,2.3567924528301885,1.9130000000000003,⚠️ Rationalization Candidate
HEN HOUSE DECORATION,1597.0699999999997,927,131,2.036212121212121,1.7228371089536134,⭐ Core Product
HEN HOUSE W CHICK IN NEST,0.42,1,1,0.42,0.42,⚠️ Rationalization Candidate
HEN HOUSE W CHICK STANDING,118.21,283,24,0.5554166666666667,0.41770318021201414,⚠️ Rationalization Candidate
HEN HOUSE W FAMILY IN BARN & NEST,36.21,51,10,0.829,0.71,⚠️ Rationalization Candidate
HEN HOUSE WITH CHICK STANDING,5.88,14,3,0.42,0.42,⚠️ Rationalization Candidate
HEN PARTY CORDON BARRIER TAPE,241.38,197,40,1.3907500000000002,1.2252791878172589,⚠️ Rationalization Candidate
HENRIETTA HEN MUG ,534.66,306,42,2.2404761904761905,1.7472549019607841,⚠️ Rationalization Candidate
HERB MARKER BASIL,2153.34,3423,242,0.8603278688524589,0.629079754601227,⭐ Core Product
HERB MARKER CHIVES ,1180.8700000000001,1716,209,0.8432380952380953,0.6881526806526808,⭐ Core Product
HERB MARKER MINT,1221.8600000000001,1753,240,0.8413168724279835,0.6970108385624644,⭐ Core Product
HERB MARKER PARSLEY,1275.3500000000001,1869,238,0.8506224066390041,0.6823702514713751,⭐ Core Product
HERB MARKER ROSEMARY,1340.22,1937,240,0.8511618257261411,0.6919050077439339,⭐ Core Product
HERB MARKER THYME,1314.21,1905,237,0.8502066115702479,0.6898740157480315,⭐ Core Product
HI TEC ALPINE HAND WARMER,956.36,841,107,2.124351851851852,1.1371700356718193,⭐ Core Product
HILDA CANDY SPOT RABBIT,109.23,25,16,4.660588235294118,4.3692,⚠️ Rationalization Candidate
HIPPY CHIC DECORATIVE PARASOL,896.01,169,27,8.337407407407408,5.301834319526627,💎 Premium Product
HOLIDAY FUN LUDO,4194.89,1165,220,4.380863636363636,3.600763948497854,⭐ Core Product
HOLLY TOP CHRISTMAS STOCKING,17.0,20,7,0.85,0.85,⚠️ Rationalization Candidate
HOME BUILDING BLOCK WORD,16923.47,2759,777,6.629308578745198,6.133914461761508,⭐ Core Product
HOME GARLAND PAINTED ZINC ,1111.58,997,128,1.840078125,1.1149247743229689,⭐ Core Product
HOME SMALL WOOD LETTERS,1403.94,243,125,6.5088372093023255,5.777530864197531,💎 Premium Product
HOME SWEEET HOME 3 PEG HANGER ,93.75,25,4,3.75,3.75,⚠️ Rationalization Candidate
HOME SWEET HOME 2 DRAWER CABINET,1311.48,252,70,5.985492957746479,5.204285714285715,💎 Premium Product
HOME SWEET HOME 3 PEG HANGER ,1053.53,271,64,4.49640625,3.887564575645756,💎 Premium Product
HOME SWEET HOME BLACKBOARD,4561.76,1011,169,6.0208875739644965,4.512126607319486,⭐ Core Product
HOME SWEET HOME BOTTLE ,1043.72,473,86,2.6725581395348836,2.206596194503171,⭐ Core Product
HOME SWEET HOME CUSHION COVER ,3207.91,801,229,4.481428571428571,4.004881398252184,⭐ Core Product
HOME SWEET HOME HANGING HEART,1745.55,1914,225,1.1070085470085471,0.9119905956112853,⭐ Core Product
HOME SWEET HOME HOOK,412.17999999999995,328,47,1.4517021276595745,1.2566463414634146,⚠️ Rationalization Candidate
HOME SWEET HOME KEY HOLDER,2422.6600000000003,456,111,7.10990990990991,5.312850877192983,⭐ Core Product
HOME SWEET HOME METAL SIGN ,5155.9800000000005,1766,282,3.292605633802817,2.919580973952435,⭐ Core Product
HOME SWEET HOME MUG,6932.78,5411,349,1.7194857142857145,1.2812382184439106,⭐ Core Product
HOMEMADE JAM SCENTED CANDLES,18771.149999999998,12520,646,1.7925077399380807,1.4992931309904152,⭐ Core Product
"HOOK, 1 HANGER ,MAGIC GARDEN",1070.0,1262,98,1.1806060606060607,0.8478605388272583,⭐ Core Product
HORSE & PONY WALL ART,797.3100000000001,256,17,3.594705882352941,3.1144921875000002,💎 Premium Product
HOT BATHS METAL SIGN,16946.260000000002,7258,609,2.955829307568438,2.3348387985670986,⭐ Core Product
HOT BATHS SOAP HOLDER,859.0,494,114,1.8581739130434782,1.7388663967611335,⭐ Core Product
HOT STUFF HOT WATER BOTTLE,2008.38,594,89,4.198539325842697,3.381111111111111,⭐ Core Product
HOT WATER BOTTLE BABUSHKA ,5620.7300000000005,1165,177,5.569945945945946,4.824660944206009,⭐ Core Product
HOT WATER BOTTLE BABUSHKA LARGE,37.2,8,1,4.65,4.65,⚠️ Rationalization Candidate
HOT WATER BOTTLE I AM SO POORLY,17892.96,3441,657,5.887280966767372,5.199930252833479,⭐ Core Product
HOT WATER BOTTLE KEEP CALM,28718.800000000003,5816,782,5.271557788944723,4.9378954607978,⭐ Core Product
HOT WATER BOTTLE SEX BOMB,1982.0500000000002,450,102,5.005242718446602,4.404555555555556,⭐ Core Product
HOT WATER BOTTLE TEA AND SYMPATHY,32973.44,5741,643,5.016707882534776,5.743501132206933,⭐ Core Product
HOUSE SHAPE PENCIL SHARPENER,407.71999999999997,3048,100,0.5172,0.13376640419947505,📦 Volume Driver
HOUSE WRECKING METAL SIGN ,105.0,50,23,2.1,2.1,⚠️ Rationalization Candidate
HYACINTH BULB T-LIGHT CANDLES,569.68,1314,43,0.6895652173913043,0.4335464231354642,📦 Volume Driver
Had been put aside.,0.0,54,1,0.0,0.0,⚠️ Rationalization Candidate
High Resolution Image,27.0,4,3,8.5,6.75,⚠️ Rationalization Candidate
I CAN ONLY PLEASE ONE PERSON MUG,1851.46,1407,163,1.5759393939393938,1.3158919687277897,⭐ Core Product
I LOVE LONDON BABY GIFT SET,4082.5199999999995,263,103,15.988252427184465,15.522889733840302,💎 Premium Product
I LOVE LONDON BEAKER,1077.3,860,97,1.5569387755102042,1.252674418604651,⭐ Core Product
I LOVE LONDON WALL ART,59.400000000000006,12,2,4.95,4.95,⚠️ Rationalization Candidate
I'M ON HOLIDAY METAL SIGN,5027.18,2371,367,2.3004347826086957,2.1202783635596796,⭐ Core Product
ICE CREAM BUBBLES,2161.24,2668,101,0.8659803921568627,0.8100599700149924,⭐ Core Product
ICE CREAM DESIGN GARDEN PARASOL,1429.82,240,72,9.33361111111111,5.957583333333333,💎 Premium Product
ICE CREAM PEN LIP GLOSS ,8553.34,6831,257,1.4267315175097277,1.2521358512662861,⭐ Core Product
ICE CREAM SUNDAE LIP GLOSS,9935.76,8076,277,1.35028880866426,1.2302823179791977,⭐ Core Product
ICON MUG REVOLUTIONARY,284.49,703,81,0.4107228915662651,0.40467994310099575,📦 Volume Driver
ICON PLACEMAT POP ART ELVIS,134.37,832,33,0.7481818181818181,0.16150240384615386,📦 Volume Driver
IF YOU CAN'T STAND THE HEAT MUG,1834.3,1618,116,1.6102586206896552,1.1336835599505561,⭐ Core Product
ILLUSTRATED CAT BOWL ,3822.1199999999994,1413,123,3.063064516129032,2.7049681528662415,⭐ Core Product
INCENSE BAZAAR PEACH,2.52,6,1,0.42,0.42,⚠️ Rationalization Candidate
INFLATABLE POLITICAL GLOBE ,759.89,860,71,1.086619718309859,0.8835930232558139,⭐ Core Product
IVORY CAFE HANGING LAMP ,1380.42,116,45,12.867111111111111,11.900172413793104,💎 Premium Product
IVORY CHANDELIER T-LIGHT HOLDER,1395.18,657,38,5.62125,2.1235616438356164,⭐ Core Product
IVORY DINER WALL CLOCK,11911.65,1445,415,8.85322966507177,8.243356401384084,⭐ Core Product
IVORY EMBROIDERED QUILT ,2038.0900000000001,54,31,38.972903225806455,37.74240740740741,💎 Premium Product
IVORY ENCHANTED FOREST PLACEMAT,1021.35,513,91,2.371868131868132,1.99093567251462,⭐ Core Product
IVORY GIANT GARDEN THERMOMETER,3656.8500000000004,594,195,6.2895408163265305,6.156313131313132,⭐ Core Product
IVORY GOLD METAL BAG CHARM,34.77,5,3,8.290000000000001,6.954000000000001,⚠️ Rationalization Candidate
IVORY HANGING DECORATION  BIRD,964.2299999999999,1113,128,0.9474626865671641,0.8663342318059298,⭐ Core Product
IVORY HANGING DECORATION  EGG,285.64,709,51,0.5614545454545454,0.40287729196050776,📦 Volume Driver
IVORY HANGING DECORATION  HEART,3442.45,3883,317,1.1086196319018404,0.8865439093484418,⭐ Core Product
IVORY KITCHEN SCALES,16378.710000000001,1910,715,9.39645251396648,8.575240837696336,⭐ Core Product
IVORY KNITTED MUG COSY ,1296.23,668,109,2.583693693693694,1.9404640718562876,⭐ Core Product
IVORY LOVE BIRD CANDLE,813.02,812,88,1.3231460674157303,1.001256157635468,⭐ Core Product
IVORY PANTRY HANGING LAMP ,25.0,2,1,12.5,12.5,⚠️ Rationalization Candidate
IVORY PAPER CUP CAKE CASES ,744.35,1087,124,0.9225396825396827,0.6847746090156394,⭐ Core Product
IVORY PENDANT TRIPLE SHELL NECKLACE,44.86,9,5,5.0120000000000005,4.984444444444445,⚠️ Rationalization Candidate
IVORY PILLAR CANDLE GOLD FLOCK,421.13000000000005,144,30,3.036666666666667,2.9245138888888893,⚠️ Rationalization Candidate
IVORY PILLAR CANDLE SILVER FLOCK,916.9900000000001,451,76,2.8266233766233766,2.033237250554324,⭐ Core Product
IVORY REFECTORY CLOCK,2094.24,213,86,10.776511627906977,9.832112676056337,💎 Premium Product
IVORY RETRO KITCHEN WALL CLOCK,675.91,77,33,9.915454545454546,8.778051948051948,💎 Premium Product
IVORY SCULPTED RND CANDLE ,37.4,44,7,0.85,0.85,⚠️ Rationalization Candidate
IVORY SHELL HEART EARRINGS,25.07,10,9,2.502222222222222,2.507,⚠️ Rationalization Candidate
IVORY SHELL HEART NECKLACE,103.13,21,8,5.855,4.910952380952381,⚠️ Rationalization Candidate
IVORY STRING CURTAIN WITH POLE ,440.62,170,28,4.99,2.5918823529411763,⚠️ Rationalization Candidate
IVORY SWEETHEART SOAP DISH,390.75000000000006,148,49,2.9436734693877553,2.640202702702703,⚠️ Rationalization Candidate
IVORY SWEETHEART WIRE LETTER RACK ,2080.65,554,159,3.9519374999999997,3.7556859205776174,⭐ Core Product
IVORY WICKER HEART LARGE,3542.7099999999996,2059,287,1.7616891891891888,1.720597377367654,⭐ Core Product
IVORY WICKER HEART MEDIUM,2695.45,2089,233,1.3329218106995884,1.290306366682623,⭐ Core Product
IVORY WICKER HEART SMALL,1491.75,2271,130,0.7883823529411764,0.6568692206076618,⭐ Core Product
IVORY WIRE KITCHEN ORGANISER,1220.8200000000002,121,40,11.11675,10.089421487603307,💎 Premium Product
IVORY WIRE SWEETHEART LETTER TRAY,511.89,135,49,4.034081632653061,3.7917777777777775,⚠️ Rationalization Candidate
IVY HEART WREATH,155.6,18,11,8.610000000000001,8.644444444444444,⚠️ Rationalization Candidate
JADE CRYSTAL+GLASS BRACELET,29.93,6,6,4.988333333333333,4.988333333333333,⚠️ Rationalization Candidate
JADE DROP EARRINGS W FILIGREE,209.10000000000002,42,25,4.9956,4.9785714285714295,⚠️ Rationalization Candidate
JADE GREEN ENAMEL HAIR COMB,28.02,14,10,2.022,2.0014285714285713,⚠️ Rationalization Candidate
JAM CLOCK MAGNET,936.89,327,68,3.360294117647059,2.8651070336391435,💎 Premium Product
JAM JAR WITH BLUE LID,17.28,24,1,0.72,0.7200000000000001,⚠️ Rationalization Candidate
JAM JAR WITH GREEN LID,2760.71,3266,306,1.0840259740259741,0.8452878138395591,⭐ Core Product
JAM JAR WITH PINK LID,3288.11,3896,342,1.058187134502924,0.8439707392197126,⭐ Core Product
JAM MAKING SET PRINTED,25637.78,16396,1162,1.9049140893470793,1.5636606489387654,⭐ Core Product
JAM MAKING SET WITH JARS,37082.13,8706,1133,5.073192239858907,4.259376292212267,⭐ Core Product
JARDIN ETCHED GLASS BUTTER DISH,7.25,1,1,7.25,7.25,⚠️ Rationalization Candidate
JARDIN ETCHED GLASS CHEESE DISH,575.45,219,40,3.889024390243902,2.627625570776256,⚠️ Rationalization Candidate
JARDIN ETCHED GLASS FRUITBOWL,619.94,120,39,5.7587179487179485,5.166166666666667,⚠️ Rationalization Candidate
JARDIN ETCHED GLASS LARGE BELL JAR,163.75,37,13,5.303846153846154,4.425675675675675,⚠️ Rationalization Candidate
JARDIN ETCHED GLASS SMALL BELL JAR,171.11,45,9,4.418,3.8024444444444447,⚠️ Rationalization Candidate
JASMINE VOTIVE CANDLE,90.33999999999999,338,12,0.27666666666666667,0.26727810650887573,⚠️ Rationalization Candidate
JAZZ HEARTS ADDRESS BOOK,726.8900000000001,3191,225,0.3208407079646018,0.22779379504857414,⭐ Core Product
JAZZ HEARTS PURSE NOTEBOOK,1944.6299999999999,4425,277,0.5452577319587628,0.439464406779661,⭐ Core Product
JET BLACK LAS VEGAS BRACELET ROUND,37.62,10,8,3.765,3.7619999999999996,⚠️ Rationalization Candidate
JET BLACK LAS VEGAS NECKLACE 45CM,53.260000000000005,9,6,5.903333333333333,5.917777777777778,⚠️ Rationalization Candidate
JIGSAW RABBIT AND BIRDHOUSE,607.14,596,105,1.2927777777777778,1.0186912751677852,📦 Volume Driver
JIGSAW TOADSTOOLS 3 PIECE,604.4599999999999,690,83,1.0685542168674698,0.8760289855072463,📦 Volume Driver
JIGSAW TREE WITH BIRDHOUSE,1027.72,998,144,1.2261904761904763,1.0297795591182366,⭐ Core Product
JIGSAW TREE WITH WATERING CAN,480.62999999999994,1047,101,0.792135922330097,0.4590544412607449,📦 Volume Driver
JINGLE BELL HEART ANTIQUE GOLD,1670.0800000000002,777,102,2.395631067961165,2.1493951093951096,⭐ Core Product
JINGLE BELL HEART ANTIQUE SILVER,7038.400000000001,3564,210,2.2615962441314554,1.9748597081930417,⭐ Core Product
JINGLE BELL HEART DECORATION,6459.159999999999,3820,356,1.8494550408719346,1.6908795811518322,⭐ Core Product
JINGLE BELLS TREE DECORATION,415.77,203,76,2.046493506493506,2.048128078817734,⚠️ Rationalization Candidate
JOY LARGE WOOD LETTERS,236.17,39,16,9.0825,6.055641025641025,⚠️ Rationalization Candidate
JOY WOODEN BLOCK LETTERS,895.26,230,89,5.188426966292135,3.892434782608696,💎 Premium Product
JUMBO  BAG BAROQUE BLACK WHITE,28047.74,13900,933,2.605185577942736,2.0178230215827337,⭐ Core Product
JUMBO BAG 50'S CHRISTMAS ,23772.07,10285,716,2.4177423822714683,2.311333981526495,⭐ Core Product
JUMBO BAG ALPHABET,27850.83,13366,906,2.3900109769484086,2.0837071674397727,⭐ Core Product
JUMBO BAG APPLES,30450.690000000002,14908,978,2.5699290060851925,2.0425737858867725,⭐ Core Product
JUMBO BAG CHARLIE AND LOLA TOYS,4851.73,1932,300,3.2029,2.5112474120082813,⭐ Core Product
JUMBO BAG DOILEY PATTERNS,17268.69,8893,514,2.2405222437137335,1.94182952884291,⭐ Core Product
JUMBO BAG DOLLY GIRL DESIGN,7051.2,3419,450,2.5757427937915747,2.062357414448669,⭐ Core Product
JUMBO BAG OWLS,23001.06,11429,657,2.7772809667673717,2.0125172806019775,⭐ Core Product
JUMBO BAG PAISLEY PARK,11581.83,5020,338,2.256289855072464,2.3071374501992032,⭐ Core Product
JUMBO BAG PEARS,14188.960000000001,7067,595,2.4302508361204014,2.0077769916513373,⭐ Core Product
JUMBO BAG PINK POLKADOT,42401.01,21448,1218,2.598733766233766,1.9769213912719135,⭐ Core Product
JUMBO BAG PINK VINTAGE PAISLEY,23179.06,11006,865,2.678348623853211,2.106038524441214,⭐ Core Product
JUMBO BAG RED RETROSPOT,94159.81,48375,2092,2.48266571969697,1.9464560206718347,⭐ Core Product
JUMBO BAG SCANDINAVIAN BLUE PAISLEY,17239.69,8411,662,2.683268072289157,2.0496599690880988,⭐ Core Product
JUMBO BAG SCANDINAVIAN PAISLEY,3904.72,2057,144,2.760689655172414,1.8982596013612056,⭐ Core Product
JUMBO BAG SPACEBOY DESIGN,17071.59,8679,688,2.6475648414985593,1.9669996543380575,⭐ Core Product
JUMBO BAG STRAWBERRY,32727.65,17286,825,2.4057177322074788,1.8933038296887656,⭐ Core Product
JUMBO BAG TOYS ,11014.62,5008,523,3.120761904761905,2.1994049520766774,⭐ Core Product
JUMBO BAG VINTAGE CHRISTMAS ,13972.710000000001,6078,476,2.417366255144033,2.298899308983218,⭐ Core Product
JUMBO BAG VINTAGE DOILEY ,272.57,144,7,2.3314285714285714,1.8928472222222221,⚠️ Rationalization Candidate
JUMBO BAG VINTAGE DOILY ,24489.08,11448,711,2.300598885793872,2.139157931516422,⭐ Core Product
JUMBO BAG VINTAGE LEAF,21810.43,10941,879,2.2962302483069976,1.993458550406727,⭐ Core Product
JUMBO BAG WOODLAND ANIMALS,22092.42,9773,863,2.9266168009205984,2.260556635628773,⭐ Core Product
JUMBO SHOPPER VINTAGE RED PAISLEY,28577.1,12574,1175,2.689254237288136,2.272713535867663,⭐ Core Product
JUMBO STORAGE BAG SKULLS,14006.2,6438,705,2.7869887955182073,2.1755514134824483,⭐ Core Product
JUMBO STORAGE BAG SUKI,30764.01,13651,1184,2.746616415410385,2.25360852684785,⭐ Core Product
JUNGLE POPSICLES ICE LOLLY HOLDERS,197.49,139,29,1.8079310344827586,1.420791366906475,⚠️ Rationalization Candidate
JUNGLE POPSICLES ICE LOLLY MOULDS,1338.8700000000001,960,153,1.6098064516129034,1.3946562500000002,⭐ Core Product
John Lewis,0.0,200,1,0.0,0.0,⚠️ Rationalization Candidate
KEEP CALM BIRTHDAY WRAP,21.0,50,2,0.42,0.42,⚠️ Rationalization Candidate
KEEP CALM WALL ART ,2015.97,269,20,7.9465,7.4943122676579925,💎 Premium Product
KEEP OUT BOYS DOOR HANGER ,229.92,143,43,1.7833333333333334,1.6078321678321676,⚠️ Rationalization Candidate
KEEP OUT GIRLS DOOR HANGER ,3.36,1,1,3.36,3.36,⚠️ Rationalization Candidate
KENSINGTON COFFEE SET,751.17,57,34,13.468235294117648,13.178421052631577,💎 Premium Product
KEY CABINET MA CAMPAGNE,2176.3199999999997,206,108,11.311666666666666,10.564660194174756,💎 Premium Product
"KEY FOB , BACK DOOR ",1277.89,1829,309,0.8906012658227849,0.6986823400765446,⭐ Core Product
"KEY FOB , FRONT  DOOR ",1262.3700000000001,1962,210,0.8843661971830986,0.6434097859327218,⭐ Core Product
"KEY FOB , GARAGE DESIGN",1192.16,1903,132,0.8430597014925373,0.626463478717814,⭐ Core Product
"KEY FOB , SHED",2197.17,3229,373,0.9496791443850268,0.6804490554351192,⭐ Core Product
KEY RING BASEBALL BOOT ASSORTED ,2038.33,1626,98,1.3861764705882351,1.2535854858548585,⭐ Core Product
KEY RING BASEBALL BOOT UNION JACK,2217.87,1821,112,1.4955263157894738,1.2179406919275122,⭐ Core Product
KIDS CUTLERY DOLLY GIRL ,149.4,36,8,4.15,4.15,⚠️ Rationalization Candidate
KIDS CUTLERY SPACEBOY ,149.4,36,8,4.15,4.15,⚠️ Rationalization Candidate
KIDS RAIN MAC BLUE,1029.24,1293,85,0.9096511627906977,0.7960092807424594,⭐ Core Product
KIDS RAIN MAC PINK,803.65,925,92,0.9420430107526881,0.8688108108108108,⭐ Core Product
KINGS CHOICE BISCUIT TIN,2175.04,482,184,5.217934782608696,4.51253112033195,⭐ Core Product
KINGS CHOICE GIANT TUBE MATCHES,1721.85,743,67,2.5029850746268654,2.31742934051144,⭐ Core Product
KINGS CHOICE MUG,2429.38,2055,148,1.8340268456375837,1.1821800486618006,⭐ Core Product
KINGS CHOICE TEA CADDY ,2551.2200000000003,698,255,4.32796875,3.6550429799426936,⭐ Core Product
KITCHEN FLOWER POTS WALL PLAQUE,619.59,116,83,5.3020481927710845,5.341293103448276,⚠️ Rationalization Candidate
KITCHEN METAL SIGN,1217.8500000000001,2058,305,0.7530944625407167,0.5917638483965015,⭐ Core Product
KITTENS DESIGN FLANNEL,310.19,337,100,1.1922772277227722,0.9204451038575667,⚠️ Rationalization Candidate
KITTY PENCIL ERASERS,320.09,1438,136,0.30455882352941177,0.22259388038942973,📦 Volume Driver
KNEELING MAT HOUSEWORK  DESIGN,2181.4199999999996,1536,230,1.8876394849785407,1.4201953124999998,⭐ Core Product
KNICKERBOCKERGLORY MAGNET ASSORTED ,1904.77,2221,135,1.472074074074074,0.8576181900045025,⭐ Core Product
KNITTED RABBIT DOLL ,42.9,26,2,1.65,1.65,⚠️ Rationalization Candidate
KNITTED UNION FLAG HOT WATER BOTTLE,16148.04,3319,459,5.203712446351931,4.865332931605906,⭐ Core Product
LA JARDIN BOTANIQUE CUSHION COVER,375.53,87,28,5.007142857142857,4.3164367816091955,⚠️ Rationalization Candidate
LA PALMIERA TILE COASTER,276.53,709,34,0.8079999999999999,0.39002820874471084,📦 Volume Driver
LA PALMIERA TILE HOOK,51.86,47,14,1.5635714285714286,1.103404255319149,⚠️ Rationalization Candidate
LA PALMIERA WALL THERMOMETER,38.25,15,10,2.55,2.55,⚠️ Rationalization Candidate
LADIES & GENTLEMEN METAL SIGN,9383.43,4037,478,3.0745511482254697,2.3243571959375773,⭐ Core Product
LADLE LOVE HEART PINK,24.98,39,13,0.7507692307692307,0.6405128205128205,⚠️ Rationalization Candidate
LADLE LOVE HEART RED ,17.82,24,9,0.8022222222222222,0.7425,⚠️ Rationalization Candidate
LADS ONLY TISSUE BOX,1605.96,1643,143,1.1489333333333334,0.9774558734023129,⭐ Core Product
LADYBIRD + BEE RAFFIA FOOD COVER,476.41,123,37,4.1597297297297295,3.8732520325203255,⚠️ Rationalization Candidate
LANDMARK FRAME BAKER STREET ,3930.27,350,32,13.181875,11.229342857142857,⭐ Core Product
LANDMARK FRAME CAMDEN TOWN ,6444.65,568,68,13.30220588235294,11.346214788732393,⭐ Core Product
LANDMARK FRAME COVENT GARDEN ,4937.01,436,53,12.61811320754717,11.323417431192661,⭐ Core Product
LANDMARK FRAME LONDON BRIDGE ,4703.87,415,52,13.125384615384615,11.334626506024096,⭐ Core Product
LANDMARK FRAME NOTTING HILL ,4780.57,421,50,12.897450980392156,11.355273159144893,⭐ Core Product
LANDMARK FRAME OXFORD STREET,4805.53,422,57,13.047017543859647,11.387511848341232,⭐ Core Product
LANTERN CREAM GAZEBO ,6360.99,1272,299,5.675478547854786,5.000778301886792,⭐ Core Product
LARGE  TALL CAMPHOR WOOD TOADSTOOL ,192.81,33,17,6.459411764705883,5.842727272727273,⚠️ Rationalization Candidate
LARGE ANTIQUE WHITE PHOTO FRAME,3757.78,523,135,8.100962962962964,7.185047801147228,⭐ Core Product
LARGE APOTHECARY MEASURING JAR ,612.1600000000001,51,21,12.900476190476192,12.003137254901963,⚠️ Rationalization Candidate
LARGE BLACK DIAMANTE HAIRSLIDE,6.6,4,1,1.65,1.65,⚠️ Rationalization Candidate
LARGE BLUE PROVENCAL CERAMIC BALL,113.05000000000001,49,11,2.653636363636364,2.3071428571428574,⚠️ Rationalization Candidate
LARGE BONNE JAM JAR  T-LIGHT HOLDER,667.8500000000001,255,11,3.0081818181818183,2.619019607843138,💎 Premium Product
LARGE CAKE STAND  HANGING STRAWBERY,4218.0599999999995,582,146,10.28958904109589,7.247525773195876,⭐ Core Product
LARGE CAKE STAND HANGING HEARTS,1111.05,231,34,5.28,4.809740259740259,💎 Premium Product
LARGE CAKE TOWEL CHOCOLATE SPOTS,2661.67,925,104,5.374259259259259,2.8774810810810814,⭐ Core Product
LARGE CAKE TOWEL PINK SPOTS,3815.7,1105,134,6.258814814814814,3.4531221719457013,⭐ Core Product
"LARGE CAKE TOWEL, CHOCOLATE SPOTS",101.53,11,8,10.16,9.23,⚠️ Rationalization Candidate
LARGE CAMPHOR WOOD FIELD MUSHROOM ,312.77,41,27,8.400357142857143,7.628536585365853,⚠️ Rationalization Candidate
LARGE CERAMIC TOP STORAGE JAR,5141.0599999999995,3114,280,1.9777738515901062,1.650950545921644,⭐ Core Product
LARGE CHINESE STYLE SCISSOR,1053.45,1273,65,0.8460000000000001,0.8275333857030637,⭐ Core Product
LARGE CIRCULAR MIRROR MOBILE,6812.98,7102,205,1.6756937799043061,0.9593044212897774,⭐ Core Product
LARGE CRYSTAL DIAMANTE HAIRSLIDE,48.209999999999994,29,15,1.6553333333333333,1.6624137931034482,⚠️ Rationalization Candidate
LARGE DECO JEWELLERY STAND,3302.44,263,95,12.99621052631579,12.55680608365019,💎 Premium Product
LARGE HANGING IVORY & RED WOOD BIRD,663.4300000000001,977,95,0.8388421052631578,0.6790481064483113,⭐ Core Product
LARGE HEART FLOWERS HOOK   ,4.92,2,1,2.46,2.46,⚠️ Rationalization Candidate
LARGE HEART MEASURING SPOONS,3720.66,1976,373,2.3564285714285713,1.882925101214575,⭐ Core Product
LARGE IVORY HEART WALL ORGANISER,5525.4,782,155,9.162451612903226,7.065728900255754,⭐ Core Product
LARGE JEWELLERY STAND,125.0,10,4,12.5,12.5,⚠️ Rationalization Candidate
LARGE MEDINA STAMPED METAL BOWL ,930.96,182,55,5.496545454545455,5.115164835164835,💎 Premium Product
LARGE MINT DIAMANTE HAIRSLIDE,51.51,31,16,1.6624999999999999,1.6616129032258065,⚠️ Rationalization Candidate
LARGE PARLOUR FRAME,122.85,27,2,4.725,4.55,⚠️ Rationalization Candidate
LARGE PARLOUR PICTURE FRAME,427.03000000000003,85,29,5.135862068965517,5.023882352941177,⚠️ Rationalization Candidate
LARGE PINK GLASS SUNDAE DISH,1157.8,1013,81,1.610731707317073,1.1429417571569596,⭐ Core Product
LARGE POPCORN HOLDER ,1870.9099999999999,1025,86,2.2325581395348837,1.8252780487804876,⭐ Core Product
LARGE PURPLE BABUSHKA NOTEBOOK  ,1110.25,1195,178,1.4949720670391062,0.9290794979079497,⭐ Core Product
LARGE RED BABUSHKA NOTEBOOK ,1167.74,1096,163,1.5376073619631903,1.0654562043795621,⭐ Core Product
LARGE RED RETROSPOT WINDMILL,3877.09,1963,140,2.531,1.97508405501783,⭐ Core Product
LARGE ROUND CUTGLASS CANDLESTICK,27.14,2,1,13.57,13.57,⚠️ Rationalization Candidate
LARGE ROUND WICKER PLATTER ,1167.58,194,91,6.092795698924731,6.018453608247422,💎 Premium Product
LARGE SKULL WINDMILL,207.51000000000002,90,24,2.6954166666666666,2.3056666666666668,⚠️ Rationalization Candidate
LARGE STRIPES CHOCOLATE GIFT BAG,708.75,567,49,1.25,1.25,⭐ Core Product
LARGE TAHITI BEACH BAG,17.82,2,2,8.91,8.91,⚠️ Rationalization Candidate
LARGE TORTILLA DESIGN RED BOWL,154.67999999999998,78,22,2.7563636363636363,1.9830769230769227,⚠️ Rationalization Candidate
LARGE WHITE HEART OF WICKER,8878.210000000001,3069,562,3.1351398601398603,2.892867383512545,⭐ Core Product
LARGE WHITE HONEYCOMB PAPER BELL  ,1451.82,562,95,3.066421052631579,2.583309608540925,⭐ Core Product
LARGE WHITE/PINK ROSE ART FLOWER,639.36,360,22,1.9245454545454548,1.776,⭐ Core Product
LARGE YELLOW BABUSHKA NOTEBOOK ,656.52,599,123,1.4316260162601626,1.0960267111853088,⭐ Core Product
LARGE ZINC GLASS CANDLEHOLDER,116.06,34,11,3.7609090909090908,3.413529411764706,⚠️ Rationalization Candidate
LARGE ZINC HEART WALL ORGANISER,6431.110000000001,1065,38,7.9068421052631574,6.038600938967137,⭐ Core Product
LASER CUT MULTI STRAND NECKLACE,11.95,1,1,11.95,11.95,⚠️ Rationalization Candidate
LAUNDRY 15C METAL SIGN,4542.889999999999,2918,351,1.7629745042492915,1.5568505825908154,⭐ Core Product
LAUREL HEART ANTIQUE GOLD,630.73,525,44,1.446888888888889,1.2013904761904761,📦 Volume Driver
LAUREL HEART ANTIQUE SILVER,1613.82,1309,97,1.5415151515151517,1.2328647822765468,⭐ Core Product
LAUREL STAR ANTIQUE GOLD,483.03,379,40,1.57225,1.274485488126649,📦 Volume Driver
LAUREL STAR ANTIQUE SILVER ,568.6,430,61,1.52765625,1.322325581395349,📦 Volume Driver
LAVENDER INCENSE 40 CONES IN TIN,107.44999999999999,109,10,1.17,0.9857798165137613,⚠️ Rationalization Candidate
LAVENDER INCENSE IN TIN,98.91,171,25,0.7976000000000001,0.578421052631579,⚠️ Rationalization Candidate
LAVENDER SCENT CAKE CANDLE,165.6,624,17,0.28058823529411764,0.2653846153846154,📦 Volume Driver
LAVENDER SCENTED FABRIC HEART,1778.08,1341,138,1.9399280575539566,1.3259358687546607,⭐ Core Product
LAVENDER TOILETTE BOTTLE,1166.0,557,79,2.562025316455696,2.0933572710951527,⭐ Core Product
LAZER CUT NECKLACE W PASTEL BEADS,421.75,57,5,8.61,7.399122807017544,⚠️ Rationalization Candidate
LE GRAND TRAY CHIC SET,1924.92,152,79,12.815443037974683,12.663947368421054,💎 Premium Product
LE JARDIN BOTANIQUE CUSHION COVER,2345.0,559,166,4.7814035087719295,4.194991055456172,⭐ Core Product
LEAVES MAGNETIC  SHOPPING LIST,34.8,24,2,1.45,1.45,⚠️ Rationalization Candidate
LED TEA LIGHTS,1826.76,634,65,3.2733333333333334,2.8813249211356466,⭐ Core Product
LETS GO SHOPPING COTTON TOTE BAG,585.34,252,78,2.5892307692307694,2.322777777777778,⚠️ Rationalization Candidate
"LETTER ""A"" BLING KEY RING",111.66,130,56,0.9039285714285714,0.8589230769230769,⚠️ Rationalization Candidate
"LETTER ""B"" BLING KEY RING",24.77,37,22,0.8281818181818181,0.6694594594594594,⚠️ Rationalization Candidate
"LETTER ""C"" BLING KEY RING",72.77,91,33,0.8336363636363636,0.7996703296703296,⚠️ Rationalization Candidate
"LETTER ""D"" BLING KEY RING",49.9,68,32,0.865625,0.7338235294117647,⚠️ Rationalization Candidate
"LETTER ""E"" BLING KEY RING",53.199999999999996,72,30,0.8506666666666667,0.7388888888888888,⚠️ Rationalization Candidate
"LETTER ""F"" BLING KEY RING",15.429999999999998,27,15,0.7606666666666667,0.5714814814814814,⚠️ Rationalization Candidate
"LETTER ""G"" BLING KEY RING",40.199999999999996,60,30,0.8353333333333333,0.6699999999999999,⚠️ Rationalization Candidate
"LETTER ""H"" BLING KEY RING",36.76,48,30,0.8546666666666667,0.7658333333333333,⚠️ Rationalization Candidate
"LETTER ""I"" BLING KEY RING",29.619999999999997,38,13,0.7838461538461539,0.7794736842105262,⚠️ Rationalization Candidate
"LETTER ""J"" BLING KEY RING",57.21,71,41,0.8602439024390243,0.805774647887324,⚠️ Rationalization Candidate
"LETTER ""K"" BLING KEY RING",60.699999999999996,78,38,0.8915789473684211,0.7782051282051281,⚠️ Rationalization Candidate
"LETTER ""L"" BLING KEY RING",65.03999999999999,94,37,0.8386486486486486,0.6919148936170212,⚠️ Rationalization Candidate
"LETTER ""M"" BLING KEY RING",49.82,60,28,0.8742857142857143,0.8303333333333334,⚠️ Rationalization Candidate
"LETTER ""N"" BLING KEY RING",29.23,41,24,0.8416666666666667,0.7129268292682926,⚠️ Rationalization Candidate
"LETTER ""O"" BLING KEY RING",6.819999999999999,16,5,0.726,0.42624999999999996,⚠️ Rationalization Candidate
"LETTER ""P"" BLING KEY RING",20.229999999999997,39,16,0.8125,0.5187179487179486,⚠️ Rationalization Candidate
"LETTER ""R"" BLING KEY RING",28.009999999999998,41,25,0.8251999999999999,0.683170731707317,⚠️ Rationalization Candidate
"LETTER ""S"" BLING KEY RING",71.0,94,41,0.8251219512195122,0.7553191489361702,⚠️ Rationalization Candidate
"LETTER ""T"" BLING KEY RING",13.459999999999999,24,11,0.7827272727272727,0.5608333333333333,⚠️ Rationalization Candidate
"LETTER ""U"" BLING KEY RING",3.4799999999999995,12,1,0.29,0.29,⚠️ Rationalization Candidate
"LETTER ""V"" BLING KEY RING",15.979999999999999,26,14,0.8542857142857142,0.6146153846153846,⚠️ Rationalization Candidate
"LETTER ""W"" BLING KEY RING",6.819999999999999,16,5,0.726,0.42624999999999996,⚠️ Rationalization Candidate
"LETTER ""Y"" BLING KEY RING",22.839999999999996,66,8,0.7525,0.346060606060606,⚠️ Rationalization Candidate
"LETTER ""Z"" BLING KEY RING",11.84,22,10,0.7819999999999999,0.5381818181818182,⚠️ Rationalization Candidate
LETTER HOLDER HOME SWEET HOME,2204.11,625,134,4.374,3.5265760000000004,⭐ Core Product
LETTER SHAPE PENCIL SHARPENER,234.0,3333,45,0.15244444444444444,0.0702070207020702,📦 Volume Driver
LIGHT DECORATION BATTERY OPERATED,4.2,2,1,2.1,2.1,⚠️ Rationalization Candidate
LIGHT GARLAND BUTTERFILES PINK,5044.34,1346,132,4.1853731343283584,3.747652303120357,⭐ Core Product
LIGHT PINK FLOCK GLASS CANDLEHOLDER,13.680000000000003,36,3,0.38000000000000006,0.3800000000000001,⚠️ Rationalization Candidate
LIGHT TOPAZ TEAL/AQUA COL NECKLACE,15.16,3,3,5.053333333333334,5.053333333333334,⚠️ Rationalization Candidate
LIGHTHOUSE PRINTED METAL SIGN,29.700000000000003,6,3,4.95,4.95,⚠️ Rationalization Candidate
LILAC DIAMANTE PEN IN GIFT BOX,454.99,141,63,4.154603174603174,3.2268794326241137,⚠️ Rationalization Candidate
LILAC FEATHERS CURTAIN,9.48,12,1,0.79,0.79,⚠️ Rationalization Candidate
LILAC GAUZE BUTTERFLY LAMPSHADE,10.08,24,6,0.42,0.42,⚠️ Rationalization Candidate
LILAC VOTIVE CANDLE,15.120000000000001,72,3,0.21,0.21000000000000002,⚠️ Rationalization Candidate
LILY BROOCH AMETHYST COLOUR,74.25,15,8,4.95,4.95,⚠️ Rationalization Candidate
LILY BROOCH OLIVE COLOUR,99.60000000000001,20,15,4.99,4.98,⚠️ Rationalization Candidate
LILY BROOCH WHITE/SILVER COLOUR,4.95,1,1,4.95,4.95,⚠️ Rationalization Candidate
LIPSTICK PEN BABY PINK,611.3,1333,126,0.5912499999999999,0.45858964741185293,📦 Volume Driver
LIPSTICK PEN FUSCHIA,1347.1,2597,213,0.6121395348837209,0.5187139006546014,⭐ Core Product
LIPSTICK PEN RED,1673.1,3338,272,0.6032490974729242,0.5012282804074296,⭐ Core Product
LITTLE GREEN MONSTER SOFT TOY,48.449999999999996,19,11,2.55,2.55,⚠️ Rationalization Candidate
LITTLE PINK MONSTER SOFT TOY,43.349999999999994,17,8,2.55,2.55,⚠️ Rationalization Candidate
LOCAL CAFE MUG,1057.71,676,116,2.180769230769231,1.5646597633136095,⭐ Core Product
LOLITA  DESIGN  COTTON TOTE BAG,409.72,176,50,2.574,2.3279545454545456,⚠️ Rationalization Candidate
LONDON BUS COFFEE MUG,10140.6,4334,317,2.730219435736677,2.339778495616059,⭐ Core Product
LONG SILVER NECKLACE PASTEL FLOWER,101.73,8,6,12.705,12.71625,⚠️ Rationalization Candidate
LOVE BUILDING BLOCK WORD,12435.86,2011,629,6.695205047318613,6.183918448533069,⭐ Core Product
LOVE GARLAND PAINTED ZINC ,827.6299999999999,453,78,2.4683333333333333,1.826997792494481,⭐ Core Product
LOVE HEART NAPKIN BOX ,826.95,171,66,5.413235294117648,4.835964912280702,💎 Premium Product
LOVE HEART POCKET WARMER,1863.98,2702,120,1.7202459016393443,0.6898519615099926,⭐ Core Product
LOVE HEART SOCK HANGER,679.28,378,84,2.3049999999999997,1.797037037037037,⭐ Core Product
LOVE HEART TRINKET POT,1044.81,2239,135,0.6829496402877698,0.46664135774899507,⭐ Core Product
LOVE HOT WATER BOTTLE,13334.320000000002,2359,476,6.205617283950618,5.652530733361594,⭐ Core Product
LOVE LARGE WOOD LETTERS ,1505.96,106,69,15.432028985507246,14.207169811320755,💎 Premium Product
LOVE POTION MASALA INCENSE,47.25,225,8,0.21,0.21,⚠️ Rationalization Candidate
LOVE SEAT ANTIQUE WHITE METAL,6210.0,58,41,114.02439024390245,107.06896551724138,💎 Premium Product
LOVEBIRD HANGING DECORATION WHITE ,4033.7299999999996,4133,544,1.1821157323688969,0.975981127510283,⭐ Core Product
LOVELY BONBON STICKER SHEET,307.44,345,58,1.0569491525423729,0.8911304347826087,⚠️ Rationalization Candidate
LUNCH BAG  BLACK SKULL.,22346.96,12195,1273,2.1077863182167564,1.8324690446904468,⭐ Core Product
LUNCH BAG ALPHABET DESIGN,13325.55,7830,740,1.9909656084656082,1.7018582375478926,⭐ Core Product
LUNCH BAG APPLE DESIGN,20852.579999999998,12147,1036,2.0589553656220323,1.7166856013830574,⭐ Core Product
LUNCH BAG CARS BLUE,21699.48,11786,1150,2.063580034423408,1.8411233667062616,⭐ Core Product
LUNCH BAG DOILEY PATTERN ,10502.19,6551,492,1.7325754527162975,1.6031430315982294,⭐ Core Product
LUNCH BAG DOLLY GIRL DESIGN,11060.88,6706,682,1.9342608695652173,1.649400536832687,⭐ Core Product
LUNCH BAG PAISLEY PARK  ,5497.33,3385,325,1.8020481927710843,1.62402658788774,⭐ Core Product
LUNCH BAG PINK POLKADOT,17388.99,10487,1090,2.031925522252498,1.6581472299036903,⭐ Core Product
LUNCH BAG RED RETROSPOT,35572.36,19232,1564,2.131853257432005,1.8496443427620632,⭐ Core Product
LUNCH BAG RED SPOTTY,290.0,200,1,1.45,1.45,⚠️ Rationalization Candidate
LUNCH BAG RED VINTAGE DOILY,2525.04,1576,132,1.8662406015037591,1.6021827411167513,⭐ Core Product
LUNCH BAG SPACEBOY DESIGN ,18031.31,10427,1157,2.0130927835051544,1.7292903040184138,⭐ Core Product
LUNCH BAG SUKI  DESIGN ,3786.91,2217,200,2.4341666666666666,1.708123590437528,⭐ Core Product
LUNCH BAG SUKI DESIGN ,18699.43,10302,1085,2.1170534904805076,1.8151261890894972,⭐ Core Product
LUNCH BAG VINTAGE DOILEY ,119.63,71,5,2.146,1.6849295774647888,⚠️ Rationalization Candidate
LUNCH BAG VINTAGE DOILY ,10797.0,6548,601,1.8969934640522876,1.6489004276114845,⭐ Core Product
LUNCH BAG VINTAGE LEAF DESIGN,10441.91,6308,668,1.9362038404726736,1.6553440076093848,⭐ Core Product
LUNCH BAG WOODLAND,18283.78,9910,1018,2.179728419010669,1.8449828456104944,⭐ Core Product
LUNCH BOX I LOVE LONDON,20781.649999999998,11504,707,2.3154016620498616,1.8064716620305978,⭐ Core Product
LUNCH BOX WITH CUTLERY FAIRY CAKES ,153.0,61,25,2.448,2.5081967213114753,⚠️ Rationalization Candidate
LUNCH BOX WITH CUTLERY RETROSPOT ,7860.969999999999,3088,482,3.321921487603306,2.545650906735751,⭐ Core Product
LUSH GREENS RIBBONS,72.42,56,15,1.4113333333333336,1.2932142857142856,⚠️ Rationalization Candidate
Lighthouse Trading zero invc incorr,0.0,192,1,0.0,0.0,⚠️ Rationalization Candidate
M/COLOUR POM-POM CURTAIN,8.5,2,1,4.25,4.25,⚠️ Rationalization Candidate
MA CAMPAGNE CUTLERY BOX,2661.7999999999997,168,101,16.81356435643564,15.844047619047618,💎 Premium Product
MADRAS NOTEBOOK LARGE ,374.96000000000004,271,16,2.263125,1.3836162361623618,⚠️ Rationalization Candidate
MADRAS NOTEBOOK MEDIUM,705.16,913,73,0.8541333333333334,0.772354874041621,⭐ Core Product
MAGAZINE RACK GEBRA ASSORTED ,256.5,198,18,1.3333333333333333,1.2954545454545454,⚠️ Rationalization Candidate
MAGIC DRAWING SLATE BAKE A CAKE ,644.39,1782,88,0.45761363636363633,0.36161054994388325,⭐ Core Product
MAGIC DRAWING SLATE BUNNIES ,669.75,1763,134,0.483955223880597,0.3798922291548497,⭐ Core Product
MAGIC DRAWING SLATE CIRCUS PARADE  ,1412.41,3382,200,0.48830845771144277,0.41762566528681255,⭐ Core Product
MAGIC DRAWING SLATE DINOSAUR,844.0,1929,171,0.49179190751445084,0.43753240020736134,⭐ Core Product
MAGIC DRAWING SLATE DOLLY GIRL ,1516.46,3628,233,0.5002978723404256,0.4179878721058434,⭐ Core Product
MAGIC DRAWING SLATE GO TO THE FAIR ,349.03,851,70,0.46014285714285713,0.41014101057579316,📦 Volume Driver
MAGIC DRAWING SLATE LEAP FROG ,366.75,1072,73,0.4473333333333333,0.34211753731343286,📦 Volume Driver
MAGIC DRAWING SLATE PURDEY,1803.95,4752,156,0.44031847133757956,0.37961910774410773,⭐ Core Product
MAGIC DRAWING SLATE SPACEBOY ,1871.12,4496,261,0.5057142857142857,0.41617437722419925,⭐ Core Product
MAGIC GARDEN FELT GARLAND ,939.3699999999999,419,89,2.825056179775281,2.2419331742243434,⭐ Core Product
MAGIC SHEEP WOOL GROWING FROM PAPER,1283.99,1265,115,1.2425862068965516,1.0150118577075098,⭐ Core Product
MAGIC TREE -PAPER FLOWERS,848.6999999999999,918,105,1.0551428571428572,0.9245098039215686,⭐ Core Product
MAGNETS PACK OF 4 CHILDHOOD MEMORY,1347.08,1152,98,1.326734693877551,1.1693402777777777,⭐ Core Product
MAGNETS PACK OF 4 HOME SWEET HOME,729.09,1393,150,0.6709868421052632,0.5233955491744436,⭐ Core Product
MAGNETS PACK OF 4 RETRO PHOTO,630.37,1226,128,0.748828125,0.514168026101142,📦 Volume Driver
MAGNETS PACK OF 4 SWALLOWS,1589.12,2575,248,0.7711111111111111,0.6171339805825242,⭐ Core Product
MAGNETS PACK OF 4 VINTAGE COLLAGE,1033.16,1719,151,0.6847368421052632,0.6010238510762071,⭐ Core Product
MAGNETS PACK OF 4 VINTAGE LABELS ,689.28,1322,125,0.89488,0.5213918305597579,⭐ Core Product
MAKE YOUR OWN FLOWERPOWER CARD KIT,2408.54,930,206,3.649323671497585,2.589827956989247,⭐ Core Product
MAKE YOUR OWN MONSOON CARD KIT,2084.8500000000004,867,172,3.1233333333333335,2.404671280276817,⭐ Core Product
MAKE YOUR OWN PLAYTIME CARD KIT,1323.5700000000002,639,101,3.0383168316831686,2.0713145539906104,⭐ Core Product
MAN FLU METAL SIGN,2490.13,1160,180,2.5055555555555555,2.1466637931034485,⭐ Core Product
MARIE ANTOIENETT TRINKET BOX GOLD,12.5,1,1,12.5,12.5,⚠️ Rationalization Candidate
MARIE ANTOINETTE TRINKET BOX GOLD,1192.6,314,18,10.428947368421053,3.798089171974522,💎 Premium Product
MARIE ANTOINETTE TRINKET BOX SILVER,1273.76,334,30,13.725333333333333,3.8136526946107785,💎 Premium Product
MAXWELL 2 TONE BLUE 60 PAGE PHOTO A,7.85,7,2,1.225,1.1214285714285714,⚠️ Rationalization Candidate
MEASURING TAPE BABUSHKA BLUE,1185.79,442,78,2.7555696202531643,2.682782805429864,⭐ Core Product
MEASURING TAPE BABUSHKA PINK,1760.3100000000002,722,144,2.3233561643835614,2.4381024930747923,⭐ Core Product
MEASURING TAPE BABUSHKA RED,757.0200000000001,266,41,3.0623809523809524,2.8459398496240604,💎 Premium Product
MEDINA STAMPED METAL STOOL,1351.64,35,20,39.8695,38.61828571428572,💎 Premium Product
MEDIUM CERAMIC TOP STORAGE JAR,81700.92000000001,78033,247,1.46848,1.047004728768598,⭐ Core Product
MEDIUM CHINESE STYLE SCISSOR,289.98,662,24,0.48833333333333334,0.43803625377643507,📦 Volume Driver
MEDIUM MEDINA STAMPED METAL BOWL ,948.7000000000002,310,58,3.3927586206896554,3.060322580645162,💎 Premium Product
MEDIUM PARLOUR FRAME ,84.1,22,2,3.95,3.8227272727272723,⚠️ Rationalization Candidate
MEDIUM PARLOUR PICTURE FRAME ,550.0,136,34,4.126470588235295,4.044117647058823,⚠️ Rationalization Candidate
MEDIUM PINK BUDDHA HEAD ,182.50000000000003,54,21,3.913809523809524,3.37962962962963,⚠️ Rationalization Candidate
MEDIUM WHITE/PINK ROSE ART FLOWER,174.31,127,11,1.5372727272727273,1.3725196850393702,⚠️ Rationalization Candidate
MEMO BOARD COTTAGE DESIGN,7084.42,1457,311,5.665495207667732,4.862333562113933,⭐ Core Product
MEMO BOARD RETROSPOT  DESIGN,14193.35,2960,459,6.295599128540305,4.795050675675676,⭐ Core Product
METAL 4 HOOK HANGER FRENCH CHATEAU,7767.8,2444,493,3.8380321285140564,3.1783142389525367,⭐ Core Product
METAL BASE FOR CANDLES,4.62,11,2,0.42,0.42,⚠️ Rationalization Candidate
METAL DECORATION NAUGHTY CHILDREN ,1603.29,1599,136,1.6767605633802816,1.0026829268292683,⭐ Core Product
METAL HERB GERDEN CONTAINER,139.68,24,5,6.078,5.82,⚠️ Rationalization Candidate
METAL MERRY CHRISTMAS WREATH,1216.22,636,90,2.208021978021978,1.9122955974842768,⭐ Core Product
METAL RABBIT LADDER EASTER ,62.9,74,16,0.85,0.85,⚠️ Rationalization Candidate
METAL SIGN CUPCAKE SINGLE HOOK,534.24,696,111,1.369099099099099,0.7675862068965518,📦 Volume Driver
METAL SIGN DROP YOUR PANTS,3444.4300000000003,1275,206,3.3344711538461542,2.701513725490196,⭐ Core Product
METAL SIGN EMPIRE TEA,2020.91,1549,228,2.34704347826087,1.3046546158812138,⭐ Core Product
METAL SIGN HER DINNER IS SERVED ,3896.4500000000003,1320,95,2.9212631578947374,2.951856060606061,⭐ Core Product
METAL SIGN HIS DINNER IS SERVED,620.42,575,148,1.4704729729729729,1.078991304347826,📦 Volume Driver
METAL SIGN NEIGHBOURHOOD WITCH ,1931.8500000000001,911,147,2.5650675675675676,2.120581778265642,⭐ Core Product
METAL SIGN TAKE IT OR LEAVE IT ,11095.94,3774,412,3.3484375,2.9401006889242183,⭐ Core Product
"METAL SIGN,CUPCAKE SINGLE HOOK",1060.8,1201,145,1.5088461538461537,0.8832639467110741,⭐ Core Product
METAL TUBE CHIME ON BAMBOO,529.21,490,15,1.8033333333333335,1.0800204081632654,📦 Volume Driver
METALIC LEAVES BAG CHARMS,205.06,83,36,2.4691666666666667,2.470602409638554,⚠️ Rationalization Candidate
MIDNIGHT BLUE COPPER FLOWER NECKLAC,67.83,11,7,6.170000000000001,6.166363636363636,⚠️ Rationalization Candidate
MIDNIGHT BLUE CRYSTAL DROP EARRINGS,17.509999999999998,6,6,2.918333333333333,2.918333333333333,⚠️ Rationalization Candidate
MIDNIGHT BLUE DROP CRYSTAL NECKLACE,53.760000000000005,11,5,7.212000000000001,4.887272727272728,⚠️ Rationalization Candidate
MIDNIGHT BLUE GLASS/SILVER BRACELET,167.3,18,15,9.322,9.294444444444444,⚠️ Rationalization Candidate
MIDNIGHT BLUE PAIR HEART HAIR SLIDE,119.84,32,24,3.7441666666666666,3.745,⚠️ Rationalization Candidate
MIDNIGHT BLUE VINTAGE EARRINGS,195.32,52,32,3.759375,3.756153846153846,⚠️ Rationalization Candidate
MIDNIGHT GLAMOUR SCARF KNITTING KIT,501.44,324,85,1.9223529411764706,1.5476543209876543,⚠️ Rationalization Candidate
MILK BOTTLE WITH GLASS STOPPER ,223.46,30,17,7.830000000000001,7.448666666666667,⚠️ Rationalization Candidate
MILK MAIDS MUG ,393.59,219,33,2.2335294117647058,1.797214611872146,⚠️ Rationalization Candidate
MILK PAN BLUE POLKADOT,669.54,197,79,3.7055,3.3986802030456853,💎 Premium Product
MILK PAN PINK POLKADOT,319.35,66,38,5.54,4.838636363636364,⚠️ Rationalization Candidate
MILK PAN RED RETROSPOT,1483.13,404,146,4.453835616438356,3.671113861386139,⭐ Core Product
MINI  ZINC GARDEN DECORATIONS ,330.54999999999995,829,33,0.8269696969696969,0.3987334137515078,📦 Volume Driver
MINI CAKE STAND  HANGING STRAWBERY,2083.19,1380,220,2.076888888888889,1.5095579710144928,⭐ Core Product
MINI CAKE STAND T-LIGHT HOLDER,931.02,1872,142,0.6406293706293706,0.4973397435897436,⭐ Core Product
MINI CAKE STAND WITH HANGING CAKES,1976.09,1354,183,1.7795212765957447,1.4594460856720826,⭐ Core Product
MINI FUNKY DESIGN TAPES,993.99,1295,91,0.8597849462365591,0.7675598455598456,⭐ Core Product
MINI HIGHLIGHTER PENS,100.79999999999998,840,4,0.12,0.11999999999999998,📦 Volume Driver
MINI JIGSAW BAKE A CAKE ,530.8,1453,55,0.502,0.3653131452167928,📦 Volume Driver
MINI JIGSAW BUNNIES,435.67,1142,75,0.5626666666666666,0.3814973730297723,📦 Volume Driver
MINI JIGSAW CIRCUS PARADE ,960.86,2519,91,0.5225,0.38144501786423185,⭐ Core Product
MINI JIGSAW DINOSAUR ,338.23,809,101,0.6317647058823529,0.4180840543881335,📦 Volume Driver
MINI JIGSAW DOLLY GIRL,1129.32,2918,136,0.56,0.38701850582590813,⭐ Core Product
MINI JIGSAW GO TO THE FAIR,164.42000000000002,402,40,0.55875,0.40900497512437817,📦 Volume Driver
MINI JIGSAW LEAP FROG,201.95,503,35,0.5651428571428571,0.40149105367793236,📦 Volume Driver
MINI JIGSAW PURDEY,799.9799999999999,2103,86,0.5354651162790698,0.38039942938659055,⭐ Core Product
MINI JIGSAW SPACEBOY,1714.9199999999998,4518,175,0.5311363636363636,0.37957503320053115,⭐ Core Product
MINI LADLE LOVE HEART PINK,297.4,528,166,0.6704216867469879,0.5632575757575757,📦 Volume Driver
MINI LADLE LOVE HEART RED ,401.18,865,153,0.6414285714285715,0.4637919075144509,📦 Volume Driver
MINI LIGHTS WOODLAND MUSHROOMS,6719.14,1799,215,4.408538812785388,3.7349305169538636,⭐ Core Product
MINI PAINT SET VINTAGE ,16937.82,26633,380,0.7850263157894737,0.6359711635940375,⭐ Core Product
MINI PAINTED GARDEN DECORATION ,740.15,2451,79,0.5020253164556961,0.3019787841697266,⭐ Core Product
MINI PLAYING CARDS BUFFALO BILL ,1155.67,2882,119,0.4734645669291338,0.40099583622484386,⭐ Core Product
MINI PLAYING CARDS DOLLY GIRL ,1163.45,2627,120,0.4665625,0.4428816140083746,⭐ Core Product
MINI PLAYING CARDS FUN FAIR ,451.46000000000004,1062,65,0.4865151515151515,0.4251035781544256,📦 Volume Driver
MINI PLAYING CARDS GYMKHANA,1118.8,2521,120,0.4972,0.4437921459738199,⭐ Core Product
MINI PLAYING CARDS SPACEBOY ,1129.1200000000001,2723,146,0.46264900662251657,0.41466030113845026,⭐ Core Product
MINI WOODEN HAPPY BIRTHDAY GARLAND,3131.24,1811,224,2.377920353982301,1.7290115958034233,⭐ Core Product
MINIATURE ANTIQUE ROSE HOOK IVORY,1775.5099999999998,2091,243,0.9144,0.849120038259206,⭐ Core Product
MINITURE ANTIQUE ROSE HOOK IVORY,40.8,48,4,0.85,0.85,⚠️ Rationalization Candidate
MINT DINER CLOCK,17.0,2,1,8.5,8.5,⚠️ Rationalization Candidate
MINT DINER WALL CLOCK,3159.41,371,162,8.835555555555555,8.515929919137466,⭐ Core Product
MINT GREEN ROSE TOWEL,754.07,196,86,3.64,3.8472959183673474,💎 Premium Product
MINT KITCHEN SCALES,7521.89,859,362,9.404475138121548,8.756565774155996,⭐ Core Product
MIRROR CORNICE,1515.68,94,62,16.29064516129032,16.124255319148936,💎 Premium Product
MIRROR LOVE BIRD T-LIGHT HOLDER,255.0,144,12,4.041538461538462,1.7708333333333333,⚠️ Rationalization Candidate
MIRROR MOSAIC CANDLE PLATE,343.71,288,59,1.58,1.1934375,⚠️ Rationalization Candidate
MIRROR MOSAIC GOBLET CANDLE HOLDER,847.82,574,33,3.9760606060606065,1.4770383275261325,⭐ Core Product
MIRROR MOSAIC HURRICANE LAMP ,898.38,349,47,5.131914893617021,2.5741547277936965,⭐ Core Product
MIRROR MOSAIC T-LIGHT HOLDER ,831.84,1622,31,2.0570967741935484,0.5128483353884093,⭐ Core Product
MIRROR MOSAIC T-LIGHT HOLDER ROUND,908.24,1248,26,2.12,0.7277564102564102,⭐ Core Product
MIRROR MOSAIC VOTIVE HOLDER,2053.17,1438,69,2.2659420289855072,1.4277955493741308,⭐ Core Product
MIRRORED DISCO BALL ,3435.05,649,134,5.797388059701492,5.292835130970724,⭐ Core Product
MIRRORED DOVE WALL DECORATION,276.72,116,24,2.6748000000000003,2.3855172413793104,⚠️ Rationalization Candidate
MIRRORED WALL ART FOXY,100.66000000000001,16,9,5.775555555555556,6.291250000000001,⚠️ Rationalization Candidate
MIRRORED WALL ART GENTS,199.48999999999998,171,43,2.19953488372093,1.1666081871345029,⚠️ Rationalization Candidate
MIRRORED WALL ART LADIES,143.28,163,33,1.2448484848484849,0.8790184049079754,⚠️ Rationalization Candidate
MIRRORED WALL ART PHOTO FRAMES,470.16999999999996,89,46,5.890851063829787,5.282808988764044,⚠️ Rationalization Candidate
MIRRORED WALL ART POPPIES,319.71,287,38,1.6355263157894737,1.11397212543554,⚠️ Rationalization Candidate
MIRRORED WALL ART SKULLS,463.79,304,46,2.366739130434783,1.525625,⚠️ Rationalization Candidate
MIRRORED WALL ART SNOWFLAKES,389.04,512,47,0.8572340425531915,0.75984375,📦 Volume Driver
MIRRORED WALL ART SPLODGES,161.49,101,16,2.515,1.598910891089109,⚠️ Rationalization Candidate
MIRRORED WALL ART STARS,447.09000000000003,363,52,1.972962962962963,1.2316528925619836,📦 Volume Driver
MIRRORED WALL ART TABLE LAMP,107.75,75,33,1.9772727272727273,1.4366666666666668,⚠️ Rationalization Candidate
MISELTOE HEART WREATH ,312.8,80,5,4.07,3.91,⚠️ Rationalization Candidate
MISELTOE HEART WREATH CREAM,996.0000000000001,240,1,4.15,4.15,💎 Premium Product
MISELTOE HEART WREATH WHITE,304.5,78,4,4.050000000000001,3.9038461538461537,⚠️ Rationalization Candidate
MISTLETOE HEART WREATH CREAM,2535.48,624,110,4.21018018018018,4.06326923076923,⭐ Core Product
MISTLETOE HEART WREATH GREEN,3676.1800000000003,882,179,4.532011173184357,4.168004535147393,⭐ Core Product
MIXED NUTS LIGHT GREEN BOWL,296.45,568,68,0.8294117647058823,0.521919014084507,📦 Volume Driver
MOBILE VINTAGE HEARTS ,1146.3500000000001,249,93,5.08505376344086,4.603815261044177,💎 Premium Product
MOCK LOBSTER FRIDGE MAGNET,164.17,296,45,1.0622222222222222,0.5546283783783783,⚠️ Rationalization Candidate
MODERN FLORAL STATIONERY SET,2870.0,1672,366,1.9954200542005418,1.7165071770334928,⭐ Core Product
MODERN VINTAGE COTTON SHOPPING BAG,29.7,22,8,1.67,1.3499999999999999,⚠️ Rationalization Candidate
MONEY BOX BISCUITS DESIGN,299.72,228,57,1.5082456140350877,1.314561403508772,⚠️ Rationalization Candidate
MONEY BOX CONFECTIONERY DESIGN,162.44,145,29,1.496551724137931,1.1202758620689655,⚠️ Rationalization Candidate
MONEY BOX FIRST ADE DESIGN,62.5,50,13,1.25,1.25,⚠️ Rationalization Candidate
MONEY BOX FIRST AID DESIGN,36.78,44,11,1.3136363636363635,0.8359090909090909,⚠️ Rationalization Candidate
MONEY BOX HOUSEKEEPING DESIGN,247.42000000000002,237,58,1.4191379310344827,1.0439662447257385,⚠️ Rationalization Candidate
MONEY BOX KINGS CHOICE DESIGN,403.46,346,84,1.5136904761904764,1.1660693641618496,⚠️ Rationalization Candidate
MONEY BOX POCKET MONEY DESIGN,415.36,372,70,1.431857142857143,1.1165591397849464,📦 Volume Driver
MONSTERS STENCIL CRAFT,1763.3700000000001,1413,211,1.366824644549763,1.2479617834394905,⭐ Core Product
MONTANA DIAMOND CLUSTER EARRINGS,24.119999999999997,9,4,2.8425,2.6799999999999997,⚠️ Rationalization Candidate
MONTANA DIAMOND CLUSTER NECKLACE,37.66,4,3,9.363333333333333,9.415,⚠️ Rationalization Candidate
MOODY BOY  DOOR HANGER ,601.79,1126,124,1.0303225806451612,0.534449378330373,📦 Volume Driver
MOODY GIRL DOOR HANGER ,781.87,1469,170,0.9722285714285716,0.5322464261402314,⭐ Core Product
MOP PENDANT SHELL NECKLACE,49.64,10,4,4.985,4.964,⚠️ Rationalization Candidate
MORE BUTTER METAL SIGN ,821.61,760,160,1.401625,1.0810657894736841,⭐ Core Product
MOROCCAN BEATEN METAL DISH,160.09,15,6,11.756666666666666,10.672666666666666,⚠️ Rationalization Candidate
MOROCCAN BEATEN METAL DISH LARGE,165.74,12,8,14.3425,13.811666666666667,⚠️ Rationalization Candidate
MOROCCAN BEATEN METAL MIRROR,268.1,19,13,16.092307692307692,14.110526315789475,⚠️ Rationalization Candidate
MOROCCAN TEA GLASS,3357.34,4162,125,1.01512,0.8066650648726574,⭐ Core Product
MOTHER'S KITCHEN SPOON REST ,967.17,226,84,4.879411764705883,4.279513274336283,💎 Premium Product
MOTORING TISSUE BOX,822.13,1830,160,0.6054938271604938,0.4492513661202186,⭐ Core Product
MOUSE TOY WITH PINK T-SHIRT,1482.43,389,165,3.863053892215569,3.8108740359897175,⭐ Core Product
MOUSEY LONG LEGS SOFT TOY,266.03,97,41,3.0048780487804874,2.7425773195876286,⚠️ Rationalization Candidate
MR ROBOT SOFT TOY,697.7,216,44,5.847727272727273,3.2300925925925927,💎 Premium Product
MRS ROBOT SOFT TOY,428.85,143,28,4.807142857142857,2.998951048951049,⚠️ Rationalization Candidate
"MUG , DOTCOMGIFTSHOP.COM ",4.17,5,5,0.834,0.834,⚠️ Rationalization Candidate
MULTI COLOUR SILVER T-LIGHT HOLDER,8744.43,10545,347,0.9520170454545455,0.82924893314367,⭐ Core Product
MULTI HEARTS  STICKERS,204.69,237,42,0.927142857142857,0.8636708860759493,⚠️ Rationalization Candidate
MULTICOLOUR  CONFETTI IN TUBE,382.9599999999999,284,27,1.6192592592592592,1.3484507042253517,⚠️ Rationalization Candidate
MULTICOLOUR 3D BALLS GARLAND,677.1899999999999,253,68,2.811971830985915,2.676640316205533,💎 Premium Product
MULTICOLOUR EASTER RABBIT ,39.0,20,4,1.95,1.95,⚠️ Rationalization Candidate
MULTICOLOUR HONEYCOMB FAN,886.24,1224,89,1.396629213483146,0.7240522875816994,⭐ Core Product
MULTICOLOUR HONEYCOMB PAPER GARLAND,1531.1399999999999,1119,75,1.9658666666666667,1.3683109919571044,⭐ Core Product
MULTICOLOUR POLKADOT PLATE,30.43,29,3,2.776666666666667,1.0493103448275862,⚠️ Rationalization Candidate
MULTICOLOUR RABBIT EGG WARMER,292.07,319,70,0.973,0.9155799373040752,⚠️ Rationalization Candidate
MULTICOLOUR SPRING FLOWER MUG,1695.86,2544,135,2.6641176470588235,0.6666116352201258,⭐ Core Product
MUM'S KITCHEN CLOCK,621.09,122,49,5.939387755102041,5.0909016393442625,⚠️ Rationalization Candidate
MUMMY MOUSE RED GINGHAM RIBBON,5.45,1,1,5.45,5.45,⚠️ Rationalization Candidate
MURANO STYLE GLASS BRACELET BLACK,66.7,18,11,3.7318181818181815,3.7055555555555557,⚠️ Rationalization Candidate
MURANO STYLE GLASS BRACELET GOLD,54.42,15,10,3.6689999999999996,3.628,⚠️ Rationalization Candidate
MURANO STYLE GLASS BRACELET RED,54.290000000000006,14,5,3.908,3.877857142857143,⚠️ Rationalization Candidate
MUSICAL ZINC HEART DECORATION ,1179.59,2763,176,0.6557777777777777,0.4269236337314513,⭐ Core Product
Manual,77752.82,6991,295,229.41572755417957,11.12184522958089,⭐ Core Product
Marked as 23343,0.0,400,1,0.0,0.0,📦 Volume Driver
N0 SINGING METAL SIGN,2639.42,1225,49,2.673673469387755,2.1546285714285713,⭐ Core Product
NAMASTE SWAGAT INCENSE,632.34,2391,47,0.29411764705882354,0.2644667503136763,📦 Volume Driver
NATURAL HANGING QUILTED HEARTS ,1171.23,1449,72,1.363918918918919,0.8083022774327122,⭐ Core Product
NATURAL SLATE CHALKBOARD LARGE ,9534.67,1727,476,6.674088050314466,5.520943833236827,⭐ Core Product
NATURAL SLATE HEART CHALKBOARD ,27991.61,9119,1249,3.59003187250996,3.0695920605329534,⭐ Core Product
NATURAL SLATE RECTANGLE CHALKBOARD,5573.679999999999,3195,415,2.071558752997602,1.7445007824726133,⭐ Core Product
NECKLACE+BRACELET PINK BUTTERFLY,73.95,29,10,2.55,2.5500000000000003,⚠️ Rationalization Candidate
NECKLACE+BRACELET SET BLUE BLOSSOM,112.21,45,26,2.4815384615384612,2.4935555555555555,⚠️ Rationalization Candidate
NECKLACE+BRACELET SET BLUE HIBISCUS,76.38,27,16,2.8637499999999996,2.828888888888889,⚠️ Rationalization Candidate
NECKLACE+BRACELET SET FRUIT SALAD ,35.699999999999996,14,13,2.55,2.55,⚠️ Rationalization Candidate
NECKLACE+BRACELET SET PINK DAISY,2.55,1,1,2.55,2.55,⚠️ Rationalization Candidate
NEW BAROQUE B'FLY NECKLACE CRYSTAL,42.13,5,4,8.4075,8.426,⚠️ Rationalization Candidate
NEW BAROQUE B'FLY NECKLACE GREEN,33.81,4,3,8.436666666666667,8.4525,⚠️ Rationalization Candidate
NEW BAROQUE B'FLY NECKLACE MONTANA,16.810000000000002,2,2,8.405000000000001,8.405000000000001,⚠️ Rationalization Candidate
NEW BAROQUE B'FLY NECKLACE PINK,16.82,2,2,8.41,8.41,⚠️ Rationalization Candidate
NEW BAROQUE B'FLY NECKLACE RED,67.28,8,6,8.38,8.41,⚠️ Rationalization Candidate
NEW BAROQUE BLACK BOXES,38.25,3,3,12.75,12.75,⚠️ Rationalization Candidate
NEW BAROQUE BLACK PHOTO ALBUM,146.21,27,14,7.307857142857143,5.4151851851851855,⚠️ Rationalization Candidate
NEW BAROQUE JEWELLERY BOX ,446.89,53,25,9.4516,8.43188679245283,⚠️ Rationalization Candidate
NEW BAROQUE LARGE NECKLACE BLK/WHIT,134.16,16,14,8.381428571428572,8.385,⚠️ Rationalization Candidate
NEW BAROQUE SMALL NECKLACE BLACK,42.14,5,4,8.41,8.428,⚠️ Rationalization Candidate
NEW ENGLAND MUG W GIFT BOX,5.1,2,2,2.55,2.55,⚠️ Rationalization Candidate
NEWSPAPER STAND,316.95000000000005,27,5,19.874000000000002,11.73888888888889,⚠️ Rationalization Candidate
NINJA RABBIT BLACK,239.24,187,58,1.5422413793103449,1.2793582887700534,⚠️ Rationalization Candidate
NINJA RABBIT PINK,187.79,167,42,1.1130232558139534,1.124491017964072,⚠️ Rationalization Candidate
NO JUNK MAIL METAL SIGN,1313.79,1940,266,1.1986764705882353,0.6772113402061856,⭐ Core Product
NO SINGING METAL SIGN,10193.76,4788,496,2.53742,2.1290225563909777,⭐ Core Product
NOEL GARLAND PAINTED ZINC ,787.2099999999999,1398,128,0.766328125,0.5630972818311873,⭐ Core Product
NOEL WOODEN BLOCK LETTERS ,2159.7000000000003,352,133,6.868805970149254,6.135511363636365,⭐ Core Product
NOVELTY BISCUITS CAKE STAND 3 TIER,3939.87,385,165,11.292349397590362,10.233428571428572,⭐ Core Product
NUMBER TILE COTTAGE GARDEN 0 ,144.65,63,20,3.04,2.2960317460317463,⚠️ Rationalization Candidate
NUMBER TILE COTTAGE GARDEN 1,246.14,96,44,3.1904545454545454,2.5639583333333333,⚠️ Rationalization Candidate
NUMBER TILE COTTAGE GARDEN 2,240.29,93,39,3.2600000000000002,2.583763440860215,⚠️ Rationalization Candidate
NUMBER TILE COTTAGE GARDEN 3 ,163.35,67,25,3.258,2.4380597014925374,⚠️ Rationalization Candidate
NUMBER TILE COTTAGE GARDEN 4,177.46,72,30,3.1853333333333333,2.4647222222222225,⚠️ Rationalization Candidate
NUMBER TILE COTTAGE GARDEN 5,145.5,60,26,3.0461538461538464,2.425,⚠️ Rationalization Candidate
NUMBER TILE COTTAGE GARDEN 6,150.81,65,21,2.944545454545455,2.320153846153846,⚠️ Rationalization Candidate
NUMBER TILE COTTAGE GARDEN 7,149.09,63,25,2.9124,2.3665079365079364,⚠️ Rationalization Candidate
NUMBER TILE COTTAGE GARDEN 8,138.81,61,20,2.943,2.2755737704918033,⚠️ Rationalization Candidate
NUMBER TILE COTTAGE GARDEN 9,138.10999999999999,63,19,2.638421052631579,2.192222222222222,⚠️ Rationalization Candidate
NUMBER TILE COTTAGE GARDEN No,204.19,75,33,3.453333333333333,2.7225333333333332,⚠️ Rationalization Candidate
NUMBER TILE VINTAGE FONT 0,102.46,70,16,2.8674999999999997,1.4637142857142855,⚠️ Rationalization Candidate
NUMBER TILE VINTAGE FONT 1,196.69,97,32,3.299375,2.0277319587628866,⚠️ Rationalization Candidate
NUMBER TILE VINTAGE FONT 2,197.56,102,34,3.2152941176470584,1.9368627450980391,⚠️ Rationalization Candidate
NUMBER TILE VINTAGE FONT 3,213.7,108,42,3.0280952380952377,1.9787037037037036,⚠️ Rationalization Candidate
NUMBER TILE VINTAGE FONT 4,191.48,100,32,3.294375,1.9147999999999998,⚠️ Rationalization Candidate
NUMBER TILE VINTAGE FONT 5,194.04999999999998,99,36,3.086666666666667,1.96010101010101,⚠️ Rationalization Candidate
NUMBER TILE VINTAGE FONT 6 ,172.78,96,28,3.097142857142857,1.7997916666666667,⚠️ Rationalization Candidate
NUMBER TILE VINTAGE FONT 7,146.43,87,25,2.8827999999999996,1.6831034482758622,⚠️ Rationalization Candidate
NUMBER TILE VINTAGE FONT 8,126.78,78,23,2.967391304347826,1.6253846153846154,⚠️ Rationalization Candidate
NUMBER TILE VINTAGE FONT 9 ,124.97999999999999,76,21,3.1642857142857146,1.644473684210526,⚠️ Rationalization Candidate
NUMBER TILE VINTAGE FONT No ,263.8,169,33,3.626969696969697,1.5609467455621302,⚠️ Rationalization Candidate
NURSE'S BAG SOFT TOY,634.53,70,29,9.226896551724137,9.064714285714285,⚠️ Rationalization Candidate
"NURSERY A,B,C PAINTED LETTERS",932.4,198,73,6.4089041095890416,4.709090909090909,💎 Premium Product
Next Day Carriage,1200.0,79,79,15.189873417721518,15.189873417721518,💎 Premium Product
OCEAN SCENT CANDLE IN JEWELLED BOX,1993.48,1028,82,4.176585365853659,1.939182879377432,⭐ Core Product
OCEAN SCENT CANDLE JEWELLED DRAWER,8.47,1,1,8.47,8.47,⚠️ Rationalization Candidate
OCEAN STRIPE HAMMOCK ,15.9,2,1,7.95,7.95,⚠️ Rationalization Candidate
OFFICE MUG WARMER BLACK+SILVER ,3403.76,1132,142,4.082222222222223,3.006855123674912,⭐ Core Product
OFFICE MUG WARMER CHOC+BLUE,1759.1200000000001,570,133,3.962148148148148,3.0861754385964915,⭐ Core Product
OFFICE MUG WARMER PINK,1564.8300000000002,565,65,3.51179104477612,2.769610619469027,⭐ Core Product
OFFICE MUG WARMER POLKADOT,1950.4900000000002,645,131,3.6210526315789475,3.0240155038759693,⭐ Core Product
OLD DOC RUSSEL METAL SIGN,29.400000000000002,14,3,2.1,2.1,⚠️ Rationalization Candidate
OLD ROSE COMBO BEAD NECKLACE,157.5,54,45,2.912,2.9166666666666665,⚠️ Rationalization Candidate
OOH LA LA DOGS COLLAR,15.79,1,1,15.79,15.79,⚠️ Rationalization Candidate
OPEN CLOSED METAL SIGN,7923.93,1638,388,5.524447300771209,4.8375641025641025,⭐ Core Product
OPIUM SCENTED VOTIVE CANDLE,203.27999999999997,840,18,0.2633333333333333,0.24199999999999997,📦 Volume Driver
OPULENT VELVET SET/3 CANDLES,8.42,2,1,4.21,4.21,⚠️ Rationalization Candidate
ORANGE FELT VASE + FLOWERS,1.25,1,1,1.25,1.25,⚠️ Rationalization Candidate
ORANGE FLOWER MUG ,9.06,10,2,0.8200000000000001,0.906,⚠️ Rationalization Candidate
ORANGE PENDANT TRIPLE SHELL NECKLAC,24.75,5,2,4.95,4.95,⚠️ Rationalization Candidate
ORANGE SCENTED SET/9 T-LIGHTS,511.04999999999995,600,87,1.035909090909091,0.8517499999999999,📦 Volume Driver
ORANGE TV TRAY TABLE ,1165.9099999999999,504,43,3.9976744186046513,2.3133134920634917,⭐ Core Product
ORANGE VOTIVE CANDLE,257.03999999999996,1032,25,0.2708,0.24906976744186043,📦 Volume Driver
ORANGE/FUSCHIA STONES NECKLACE,4.98,1,1,4.98,4.98,⚠️ Rationalization Candidate
ORANGE/WHT/FUSCHIA STONES NECKLACE,39.660000000000004,8,2,4.965,4.9575000000000005,⚠️ Rationalization Candidate
ORGANISER WOOD ANTIQUE WHITE ,1205.3,144,77,8.378571428571428,8.370138888888889,💎 Premium Product
ORIENTAL RED CUSHION COVER ,60.45,13,4,4.65,4.65,⚠️ Rationalization Candidate
ORIGAMI JASMINE INCENSE/CANDLE SET,595.85,525,85,1.8828235294117646,1.134952380952381,📦 Volume Driver
ORIGAMI LAVENDER INCENSE/CANDL SET ,481.79999999999995,420,85,1.7676470588235293,1.147142857142857,📦 Volume Driver
ORIGAMI OPIUM INCENSE/CANDLE SET ,62.64,44,10,2.3169999999999997,1.4236363636363636,⚠️ Rationalization Candidate
ORIGAMI ROSE INCENSE IN TUBE,267.82,535,13,1.2453846153846153,0.5005981308411215,📦 Volume Driver
ORIGAMI ROSE INCENSE/CANDLE SET ,547.24,461,97,1.8228865979381443,1.1870715835140997,📦 Volume Driver
ORIGAMI SANDLEWOOD INCENSE+FLOWER,66.36000000000001,81,7,1.5728571428571427,0.8192592592592595,⚠️ Rationalization Candidate
ORIGAMI SANDLEWOOD INCENSE/CAND SET,530.6,448,94,1.7973404255319148,1.184375,📦 Volume Driver
ORIGAMI VANILLA INCENSE CONES,71.19,155,8,0.9512499999999999,0.45929032258064517,⚠️ Rationalization Candidate
ORIGAMI VANILLA INCENSE/CANDLE SET ,375.93,323,65,1.9546969696969696,1.1638699690402476,⚠️ Rationalization Candidate
OVAL  MINI PORTRAIT FRAME,615.98,316,47,1.9883673469387753,1.9493037974683545,⚠️ Rationalization Candidate
OVEN MITT APPLES DESIGN,2013.1,1350,211,1.8147641509433963,1.4911851851851852,⭐ Core Product
OVERNIGHT BAG VINTAGE ROSE PAISLEY,2704.35,405,178,7.358076923076922,6.677407407407407,⭐ Core Product
OWL DOORSTOP,4051.79,707,258,6.558918918918919,5.730961810466761,⭐ Core Product
OYSTER TRINKET BOX,120.41,53,19,3.8560000000000003,2.2718867924528303,⚠️ Rationalization Candidate
PACK 20 DOLLY PEGS,174.5,242,4,0.7525,0.7210743801652892,⚠️ Rationalization Candidate
PACK 20 ENGLISH ROSE PAPER NAPKINS,508.36999999999995,554,80,1.1018518518518519,0.9176353790613717,📦 Volume Driver
PACK 3 BOXES BIRD PANETTONE ,451.84,204,31,3.4170967741935483,2.2149019607843137,⚠️ Rationalization Candidate
PACK 3 BOXES BIRD PANNETONE ,4188.94,2168,187,2.5172727272727276,1.9321678966789666,⭐ Core Product
PACK 3 BOXES CHRISTMAS PANETTONE,248.48,76,24,3.3125,3.269473684210526,⚠️ Rationalization Candidate
PACK 3 BOXES CHRISTMAS PANNETONE,3359.8199999999997,1649,161,2.749156626506024,2.03748938750758,⭐ Core Product
PACK 3 FIRE ENGINE/CAR PATCHES,118.4,85,19,1.7621052631578946,1.3929411764705883,⚠️ Rationalization Candidate
PACK 3 IRON ON DOG PATCHES,355.84,294,65,1.2592307692307692,1.2103401360544217,⚠️ Rationalization Candidate
PACK 4 FLOWER/BUTTERFLY PATCHES,1.25,1,1,1.25,1.25,⚠️ Rationalization Candidate
PACK 6 HEART/ICE-CREAM PATCHES,560.62,467,98,1.3740816326530612,1.2004710920770878,📦 Volume Driver
PACK OF 12 50'S CHRISTMAS TISSUES,1840.08,3997,176,0.46322404371584697,0.46036527395546656,⭐ Core Product
PACK OF 12 BLUE PAISLEY TISSUES ,777.67,2301,155,0.44819354838709674,0.33797044763146455,⭐ Core Product
PACK OF 12 CHRISTMAS FUN CARDS,283.79,106,37,2.632162162162162,2.6772641509433965,⚠️ Rationalization Candidate
PACK OF 12 CIRCUS PARADE TISSUES ,660.15,2073,102,0.4941176470588235,0.31845151953690304,⭐ Core Product
PACK OF 12 COLOURED PENCILS,3183.6299999999997,3947,219,0.9124886877828055,0.8065948821890042,⭐ Core Product
PACK OF 12 DOILEY TISSUES,28.08,72,2,0.39,0.38999999999999996,⚠️ Rationalization Candidate
PACK OF 12 DOLLY GIRL TISSUES,592.4499999999999,1351,133,0.5607462686567164,0.4385270170244263,📦 Volume Driver
PACK OF 12 HEARTS DESIGN TISSUES ,2729.5099999999998,8775,427,0.4177389277389277,0.3110552706552706,⭐ Core Product
PACK OF 12 LONDON TISSUES ,7975.98,26323,513,0.44740458015267176,0.30300421684458456,⭐ Core Product
PACK OF 12 PAISLEY PARK TISSUES ,839.8399999999999,1840,136,0.5168115942028985,0.45643478260869563,⭐ Core Product
PACK OF 12 PINK PAISLEY TISSUES ,1112.6,3458,212,0.4711214953271028,0.3217466743782533,⭐ Core Product
PACK OF 12 PINK POLKADOT TISSUES,1197.73,4067,189,0.4273298429319371,0.29449963117777234,⭐ Core Product
PACK OF 12 RED APPLE TISSUES,465.36,1220,76,0.5376623376623376,0.3814426229508197,📦 Volume Driver
PACK OF 12 RED RETROSPOT TISSUES ,2121.18,6685,297,0.40671140939597317,0.31730441286462224,⭐ Core Product
PACK OF 12 SKULL TISSUES,1582.1499999999999,5271,232,0.44693617021276594,0.30016125972301266,⭐ Core Product
PACK OF 12 SPACEBOY TISSUES,1024.2199999999998,3032,219,0.45162162162162156,0.3378034300791556,⭐ Core Product
PACK OF 12 STICKY BUNNIES,751.28,991,167,1.0253254437869823,0.7581029263370332,⭐ Core Product
PACK OF 12 SUKI TISSUES ,2215.6099999999997,7173,359,0.4738251366120218,0.30888191830475387,⭐ Core Product
PACK OF 12 TRADITIONAL CRAYONS,4072.13,9719,443,0.5406053811659193,0.4189865212470419,⭐ Core Product
PACK OF 12 VINTAGE CHRISTMAS TISSUE,1384.9099999999999,3039,155,0.5079245283018868,0.455712405396512,⭐ Core Product
PACK OF 12 VINTAGE DOILY TISSUES,955.42,2272,119,0.48677685950413224,0.42051936619718305,⭐ Core Product
PACK OF 12 VINTAGE LEAF TISSUES ,562.88,1496,80,0.4760493827160494,0.37625668449197863,📦 Volume Driver
PACK OF 12 WOODLAND TISSUES ,1651.3,5468,271,0.48146520146520144,0.30199341623994147,⭐ Core Product
PACK OF 20 NAPKINS PANTRY DESIGN,5670.0,6573,670,0.9899710982658959,0.8626198083067093,⭐ Core Product
PACK OF 20 NAPKINS RED APPLES,3569.58,4380,375,0.9678851174934725,0.814972602739726,⭐ Core Product
PACK OF 20 SKULL PAPER NAPKINS,2233.1,2409,335,1.1530088495575221,0.9269821502698214,⭐ Core Product
PACK OF 20 SPACEBOY NAPKINS,1222.61,1538,145,1.0078231292517008,0.7949349804941481,⭐ Core Product
PACK OF 6 BIRDY GIFT TAGS,7547.89,6222,395,1.4720343137254903,1.213097074895532,⭐ Core Product
PACK OF 6 COCKTAIL PARASOL STRAWS,1000.4399999999999,2501,111,0.5528448275862069,0.40001599360255896,⭐ Core Product
PACK OF 6 HANDBAG GIFT BOXES,1570.3999999999999,573,111,3.28875,2.7406631762652705,⭐ Core Product
PACK OF 6 LARGE FRUIT STRAWS ,1401.7,2282,151,0.7791390728476821,0.6142418930762489,⭐ Core Product
PACK OF 6 PANETTONE GIFT BOXES,548.63,233,18,3.1944444444444446,2.3546351931330474,⚠️ Rationalization Candidate
PACK OF 6 PANNETONE GIFT BOXES,5398.33,2097,178,3.0986592178770946,2.5743109203624224,⭐ Core Product
PACK OF 6 SANDCASTLE FLAGS ASSORTED,2172.2,2523,224,1.091578947368421,0.8609591755846214,⭐ Core Product
PACK OF 6 SKULL PAPER CUPS,1346.65,2113,171,0.7704545454545454,0.6373166114529106,⭐ Core Product
PACK OF 6 SKULL PAPER PLATES,1862.75,2321,193,1.0186153846153847,0.8025635501938819,⭐ Core Product
PACK OF 6 SMALL FRUIT STRAWS,682.39,1685,100,0.46819047619047616,0.40497922848664686,⭐ Core Product
PACK OF 6 SWEETIE GIFT BOXES,2649.35,1061,102,3.129326923076923,2.4970311027332706,⭐ Core Product
PACK OF 60 DINOSAUR CAKE CASES,6102.51,12312,601,0.6264715447154472,0.49565545808966865,⭐ Core Product
PACK OF 60 MUSHROOM CAKE CASES,2869.9,5199,393,0.8403266331658291,0.5520100019234468,⭐ Core Product
PACK OF 60 PINK PAISLEY CAKE CASES,12226.32,24820,869,0.7446931818181819,0.49259951651893635,⭐ Core Product
PACK OF 60 SPACEBOY CAKE CASES,4563.24,8420,520,0.7674003795066414,0.5419524940617577,⭐ Core Product
PACK OF 72 RETROSPOT CAKE CASES,21246.45,36396,1320,0.7612056213017753,0.5837578305308276,⭐ Core Product
PACK OF 72 SKULL CAKE CASES,8414.59,15169,663,0.797123695976155,0.5547227899004549,⭐ Core Product
PACK OF SIX LED TEA LIGHTS,5008.26,1752,203,3.2622815533980583,2.858595890410959,⭐ Core Product
PACK/12 BLUE FOLKART CARDS,64.9,22,18,2.95,2.95,⚠️ Rationalization Candidate
PACK/12 XMAS FUN CARD,100.30000000000001,34,11,2.95,2.95,⚠️ Rationalization Candidate
PACKING CHARGE,105.0,14,14,7.5,7.5,⚠️ Rationalization Candidate
PADS TO MATCH ALL CUSHIONS,0.003,4,4,0.00075,0.00075,⚠️ Rationalization Candidate
PAINT YOUR OWN CANVAS SET,3986.64,2461,220,1.9142342342342342,1.6199268590004063,⭐ Core Product
PAINT YOUR OWN EGGS IN CRATE,299.36,164,5,2.022,1.8253658536585367,⚠️ Rationalization Candidate
PAINTED HEART WREATH WITH BELL,15.0,12,1,1.25,1.25,⚠️ Rationalization Candidate
PAINTED LIGHTBULB RAINBOW DESIGN,98.11999999999999,152,51,0.7815686274509804,0.6455263157894736,⚠️ Rationalization Candidate
PAINTED LIGHTBULB STAR+ MOON,103.22999999999999,180,53,0.7132075471698113,0.5734999999999999,⚠️ Rationalization Candidate
PAINTED METAL HEART WITH HOLLY BELL,854.3499999999999,1372,97,0.9436538461538462,0.622704081632653,⭐ Core Product
PAINTED METAL PEARS ASSORTED,7793.139999999999,4687,370,1.8063031914893617,1.6627138894815445,⭐ Core Product
PAINTED METAL STAR WITH HOLLY BELLS,1102.4199999999998,1916,117,0.7734166666666666,0.575375782881002,⭐ Core Product
PAINTED PINK RABBIT ,485.15999999999997,572,136,0.8598561151079136,0.8481818181818181,📦 Volume Driver
PAINTED SEA SHELL METAL WINDCHIME,85.31,93,8,1.53,0.9173118279569893,⚠️ Rationalization Candidate
PAINTED YELLOW WOODEN DAISY,516.79,612,117,0.8565833333333333,0.8444281045751634,📦 Volume Driver
PAIR BUTTERFLY HAIR CLIPS,120.34,32,17,3.7676470588235293,3.760625,⚠️ Rationalization Candidate
PAIR OF ENAMEL BUTTERFLY HAIRCLIP,96.86,29,18,3.337222222222222,3.34,⚠️ Rationalization Candidate
PAIR OF PINK FLOWER CLUSTER SLIDE,132.7,53,37,2.4975675675675673,2.50377358490566,⚠️ Rationalization Candidate
PAIR PADDED HANGERS PINK CHECK,376.27000000000004,112,43,3.3988372093023256,3.3595535714285716,⚠️ Rationalization Candidate
PAISLEY PARK CARD,165.07999999999998,376,41,0.5885365853658536,0.4390425531914893,📦 Volume Driver
PAISLEY PATTERN  STICKERS,111.86,125,32,1.0071875,0.89488,⚠️ Rationalization Candidate
PALE PINK/AMETHYST STONE NECKLACE,29.849999999999998,3,2,9.95,9.95,⚠️ Rationalization Candidate
PANDA AND BUNNIES STICKER SHEET,355.83,408,81,0.9703703703703703,0.8721323529411764,📦 Volume Driver
PANTRY 3 HOOK ROLLING PIN HANGER,876.9,219,66,4.536969696969697,4.004109589041096,💎 Premium Product
PANTRY APPLE CORER,704.13,471,105,1.8700925925925926,1.494968152866242,⭐ Core Product
PANTRY CHOPPING BOARD,5868.5,1154,57,6.361754385964912,5.085355285961872,⭐ Core Product
PANTRY HOOK BALLOON WHISK ,477.89,213,47,2.777872340425532,2.2436150234741783,⚠️ Rationalization Candidate
PANTRY HOOK SPATULA,349.2,160,33,2.5148484848484847,2.1825,⚠️ Rationalization Candidate
PANTRY HOOK TEA STRAINER ,351.37,164,32,2.33625,2.1425,⚠️ Rationalization Candidate
PANTRY KITCHEN THERMOMETER ,154.52,112,31,1.562258064516129,1.3796428571428572,⚠️ Rationalization Candidate
PANTRY MAGNETIC  SHOPPING LIST,5062.599999999999,3342,475,1.7995876288659793,1.5148414123279472,⭐ Core Product
PANTRY PASTRY BRUSH,1543.77,1154,212,1.6372169811320754,1.3377556325823223,⭐ Core Product
PANTRY ROLLING PIN,9564.98,2464,238,4.3442436974789915,3.8818912337662335,⭐ Core Product
PANTRY SCRUBBING BRUSH,3910.0099999999998,2363,291,1.9236734693877549,1.6546804909013964,⭐ Core Product
PANTRY WASHING UP BRUSH,6391.82,4090,381,1.8184334203655352,1.5627921760391197,⭐ Core Product
PAPER BUNTING COLOURED LACE,5661.05,1893,238,3.5898333333333334,2.990517696777602,⭐ Core Product
PAPER BUNTING PAISLEY PARK,679.07,249,31,3.186129032258065,2.7271887550200806,💎 Premium Product
PAPER BUNTING RETROSPOT,22785.06,7586,799,3.775093399750934,3.0035670972844715,⭐ Core Product
PAPER BUNTING VINTAGE PAISLEY,4457.43,1447,273,3.489890909090909,3.0804630269523154,⭐ Core Product
PAPER BUNTING VINTAGE PARTY,1215.53,427,47,3.2351063829787234,2.8466744730679157,⭐ Core Product
PAPER BUNTING WHITE LACE,11872.58,4082,326,3.396042296072508,2.9085203331700145,⭐ Core Product
PAPER CHAIN KIT 50'S CHRISTMAS ,64875.590000000004,19329,1160,3.362331081081081,3.356386258989084,⭐ Core Product
PAPER CHAIN KIT EMPIRE,15099.37,5181,436,3.2728442437923255,2.9143736730360934,⭐ Core Product
PAPER CHAIN KIT LONDON,1358.0900000000001,463,94,3.2443157894736845,2.9332397408207345,⭐ Core Product
PAPER CHAIN KIT RETROSPOT,14051.640000000001,4616,610,3.7658756137479545,3.0441161178509533,⭐ Core Product
PAPER CHAIN KIT SKULLS ,1566.99,548,97,3.175714285714286,2.859470802919708,⭐ Core Product
PAPER CHAIN KIT VINTAGE CHRISTMAS,32843.840000000004,10594,820,3.3676774969915764,3.1002303190485185,⭐ Core Product
"PAPER CRAFT , LITTLE BIRDIE",168469.6,80995,1,2.08,2.08,⭐ Core Product
PAPER LANTERN 5 POINT SEQUIN STAR,287.5,50,21,5.75,5.75,⚠️ Rationalization Candidate
PAPER LANTERN 5 POINT STAR MOON ,456.48,108,20,4.564,4.226666666666667,⚠️ Rationalization Candidate
PAPER LANTERN 5 POINT STAR MOON 30,41.5,10,5,4.15,4.15,⚠️ Rationalization Candidate
PAPER LANTERN 5 POINT STUDDED STAR,46.0,8,4,5.75,5.75,⚠️ Rationalization Candidate
PAPER LANTERN 6 POINT SNOW STAR,107.9,26,6,4.15,4.15,⚠️ Rationalization Candidate
PAPER LANTERN 7 POINT SNOW STAR,711.51,103,28,7.361428571428571,6.9078640776699025,💎 Premium Product
PAPER LANTERN 9 POINT DELUXE STAR,2111.4900000000002,349,36,6.809444444444445,6.050114613180517,⭐ Core Product
PAPER LANTERN 9 POINT HOLLY STAR 23,74.7,18,5,4.15,4.15,⚠️ Rationalization Candidate
PAPER LANTERN 9 POINT HOLLY STAR 40,37.5,6,3,6.25,6.25,⚠️ Rationalization Candidate
PAPER LANTERN 9 POINT HOLLY STAR L,506.01,75,20,7.492,6.7467999999999995,⚠️ Rationalization Candidate
PAPER LANTERN 9 POINT HOLLY STAR S,348.59000000000003,83,20,4.347142857142858,4.199879518072289,⚠️ Rationalization Candidate
PAPER LANTERN 9 POINT SNOW STAR,1139.5800000000002,258,52,4.750769230769231,4.416976744186047,💎 Premium Product
PAPER LANTERN 9 POINT SNOW STAR ,1325.03,241,37,6.332564102564103,5.49804979253112,💎 Premium Product
PAPER POCKET TRAVELING FAN ,840.0200000000001,6591,138,0.3739855072463768,0.12744955241996664,⭐ Core Product
PAPERWEIGHT CHILDHOOD MEMORIES,440.34,266,36,2.7905555555555552,1.6554135338345863,⚠️ Rationalization Candidate
PAPERWEIGHT HOME SWEET HOME,245.57999999999998,158,29,2.8731034482758617,1.5543037974683542,⚠️ Rationalization Candidate
PAPERWEIGHT KINGS CHOICE ,230.67999999999998,168,23,2.640869565217391,1.373095238095238,⚠️ Rationalization Candidate
PAPERWEIGHT SAVE THE PLANET,641.55,338,45,2.582888888888889,1.898076923076923,💎 Premium Product
PAPERWEIGHT VINTAGE COLLAGE,736.88,510,71,2.9073239436619716,1.4448627450980391,⭐ Core Product
PAPERWEIGHT VINTAGE PAISLEY,220.04,152,33,3.3184848484848484,1.4476315789473684,⚠️ Rationalization Candidate
PARISIENNE CURIO CABINET,4507.08,546,241,9.16721991701245,8.254725274725274,⭐ Core Product
PARISIENNE JEWELLERY DRAWER ,6102.18,813,258,8.39046511627907,7.505756457564576,⭐ Core Product
PARISIENNE KEY CABINET ,4147.18,700,255,6.66234375,5.924542857142858,⭐ Core Product
PARISIENNE SEWING BOX,3839.2400000000002,312,138,13.468920863309354,12.30525641025641,💎 Premium Product
PARLOUR CERAMIC WALL HOOK,1869.0000000000002,450,75,4.255066666666667,4.153333333333334,⭐ Core Product
PARTY BUNTING,99445.23,18287,1686,5.794517647058823,5.438028654235249,⭐ Core Product
PARTY CHARMS 50 PIECES,1726.09,2251,133,1.0386029411764706,0.7668103065304309,⭐ Core Product
PARTY CONE CHRISTMAS DECORATION ,2664.6299999999997,2277,110,1.7685840707964602,1.1702371541501975,⭐ Core Product
PARTY CONES CANDY ASSORTED,2127.53,1762,76,1.395921052631579,1.2074517593643588,⭐ Core Product
PARTY CONES CANDY DECORATION,621.96,454,67,2.337910447761194,1.3699559471365639,📦 Volume Driver
PARTY CONES CANDY TREE DECORATION,604.4599999999999,734,33,1.289090909090909,0.8235149863760217,📦 Volume Driver
PARTY CONES CARNIVAL ASSORTED,504.88,404,22,2.227826086956522,1.2497029702970297,📦 Volume Driver
PARTY FOOD SHOPPER BAG,469.63,400,73,1.3158108108108109,1.174075,📦 Volume Driver
PARTY INVITES BALLOON GIRL,359.28999999999996,405,71,0.946619718309859,0.8871358024691357,📦 Volume Driver
PARTY INVITES DINOSAURS,528.2299999999999,611,94,0.9231914893617021,0.864533551554828,📦 Volume Driver
PARTY INVITES FOOTBALL,451.7,488,83,1.0548192771084337,0.9256147540983606,📦 Volume Driver
PARTY INVITES JAZZ HEARTS,458.31,528,102,0.9322549019607843,0.8680113636363637,📦 Volume Driver
PARTY INVITES SPACEMAN,457.38,538,74,0.8575675675675676,0.8501486988847583,📦 Volume Driver
PARTY INVITES WOODLAND,965.66,1154,122,0.9721774193548387,0.836793760831889,⭐ Core Product
PARTY METAL SIGN ,5338.63,3486,468,2.0181894736842105,1.5314486517498567,⭐ Core Product
PARTY PIZZA DISH BLUE POLKADOT,399.05,1117,71,0.5980821917808219,0.35725156669650854,📦 Volume Driver
PARTY PIZZA DISH GREEN POLKADOT,381.09,1034,59,0.5978333333333333,0.36855899419729204,📦 Volume Driver
PARTY PIZZA DISH PINK POLKADOT,459.81,1225,76,0.6346052631578947,0.37535510204081635,📦 Volume Driver
PARTY PIZZA DISH RED RETROSPOT,873.3299999999999,1974,94,0.6028723404255318,0.4424164133738601,⭐ Core Product
PARTY TIME DESIGN FLANNEL,75.35,86,25,1.0136,0.8761627906976743,⚠️ Rationalization Candidate
PARTY TIME PENCIL ERASERS,321.67,1396,134,0.3123880597014925,0.23042263610315186,📦 Volume Driver
PASTEL BLUE PHOTO ALBUM ,14.5,29,2,0.5,0.5,⚠️ Rationalization Candidate
PASTEL COLOUR HONEYCOMB FAN,697.77,945,84,1.2528235294117647,0.7383809523809524,⭐ Core Product
PASTEL PINK PHOTO ALBUM ,3.5,7,2,0.5,0.5,⚠️ Rationalization Candidate
PEACE SMALL WOOD LETTERS,222.96,30,24,7.3183333333333325,7.432,⚠️ Rationalization Candidate
PEACE WOODEN BLOCK LETTERS,1734.8700000000001,345,106,6.319629629629629,5.028608695652174,💎 Premium Product
PEACH KNITTED HEN ,316.46,315,60,1.0498333333333332,1.0046349206349205,⚠️ Rationalization Candidate
"PEARL & SHELL 42""NECKL. GREEN",53.62,5,3,10.706666666666665,10.724,⚠️ Rationalization Candidate
"PEARL & SHELL 42""NECKL. IVORY",21.5,2,1,10.75,10.75,⚠️ Rationalization Candidate
PEARL AND CHERRY QUARTZ BRACLET,18.27,5,4,3.6925,3.654,⚠️ Rationalization Candidate
PEARL CRYSTAL PUMPKIN T-LIGHT HLDR,2429.4999999999995,1462,159,1.7914999999999999,1.6617647058823526,⭐ Core Product
PEARLISED IVORY HEART LARGE ,661.02,418,39,1.765897435897436,1.5813875598086125,⭐ Core Product
PEARLISED IVORY HEART SMALL ,281.17,228,29,1.28125,1.233201754385965,⚠️ Rationalization Candidate
PEG BAG APPLE DESIGN,210.0,100,1,2.1,2.1,⚠️ Rationalization Candidate
PEG BAG APPLES DESIGN,3833.3599999999997,1484,287,3.2074394463667817,2.5831266846361185,⭐ Core Product
PENCIL CASE LIFE IS BEAUTIFUL,1615.91,534,130,3.5214074074074078,3.0260486891385767,⭐ Core Product
PENNY FARTHING BIRTHDAY CARD,1304.1399999999999,3042,262,0.5452091254752851,0.4287113740959894,⭐ Core Product
PENS ASSORTED FUNKY JEWELED ,1114.6399999999999,5211,144,0.33034722222222224,0.21390136250239875,⭐ Core Product
PENS ASSORTED FUNNY FACE,2571.4,9572,216,0.38857142857142857,0.26863769327204345,⭐ Core Product
PENS ASSORTED SPACEBALL,1368.1,5874,155,0.41865384615384615,0.2329077289751447,⭐ Core Product
PERIWINKLE T-LIGHT HOLDER,75.02,48,17,1.7658823529411765,1.5629166666666665,⚠️ Rationalization Candidate
"PET MUG, GOLDFISH",13.1,36,12,0.6383333333333333,0.3638888888888889,⚠️ Rationalization Candidate
PETIT TRAY CHIC,1736.6899999999998,1033,146,2.027808219178082,1.6812100677637947,⭐ Core Product
PHARMACIE FIRST AID TIN,4470.8099999999995,581,173,9.662068965517241,7.695025817555937,⭐ Core Product
PHOTO CLIP LINE,334.98,236,49,1.7107999999999999,1.419406779661017,⚠️ Rationalization Candidate
PHOTO CUBE,5978.78,3218,321,2.596676923076923,1.8579179614667494,⭐ Core Product
PHOTO FRAME 3 CLASSIC HANGING,5787.45,582,232,10.461965811965811,9.944072164948453,⭐ Core Product
PHOTO FRAME CORNICE,9755.09,3267,504,3.213877952755906,2.9859473523109887,⭐ Core Product
PHOTO FRAME LINEN AND LACE LARGE,801.6800000000001,215,43,3.8148837209302324,3.728744186046512,💎 Premium Product
PHOTO FRAME LINEN AND LACE SMALL,644.8000000000001,310,59,2.08,2.08,💎 Premium Product
PICNIC BASKET WICKER 60 PIECES,39619.5,61,2,649.5,649.5,💎 Premium Product
PICNIC BASKET WICKER LARGE,19302.26,1605,447,14.337158836689039,12.026330218068535,⭐ Core Product
PICNIC BASKET WICKER SMALL,11789.27,1905,462,7.5309462365591395,6.188593175853018,⭐ Core Product
PICNIC BOXES SET OF 3 RETROSPOT ,4620.91,965,190,5.667329842931937,4.788507772020726,⭐ Core Product
PICTURE DOMINOES,4798.38,3188,356,1.9796408839779005,1.505138017565872,⭐ Core Product
PICTURE FRAME WOOD TRIPLE PORTRAIT,6977.6,1068,265,7.740037735849057,6.533333333333334,⭐ Core Product
PIECE OF CAMO STATIONERY SET,326.56,3380,31,0.0967741935483871,0.09661538461538462,📦 Volume Driver
PIG KEYRING WITH LIGHT & SOUND ,1386.97,1379,80,1.7235,1.0057795503988398,⭐ Core Product
PIG MUG IN TWO COLOUR DESIGNS,130.26999999999998,159,17,1.4352941176470588,0.8193081761006288,⚠️ Rationalization Candidate
PIGGY BANK RETROSPOT ,7111.18,2762,330,3.1049696969696967,2.5746488052136134,⭐ Core Product
PIN CUSHION BABUSHKA BLUE,410.81,137,45,3.2939999999999996,2.998613138686131,⚠️ Rationalization Candidate
PIN CUSHION BABUSHKA PINK,1135.18,439,133,2.8105882352941176,2.5858314350797267,⭐ Core Product
PIN CUSHION BABUSHKA RED,656.4300000000001,201,45,3.8984444444444444,3.2658208955223884,💎 Premium Product
PING MICROWAVE APRON,1068.3799999999999,508,122,3.0187804878048783,2.103110236220472,⭐ Core Product
PING! MICROWAVE PLATE,415.09000000000003,152,63,3.1066666666666665,2.730855263157895,⚠️ Rationalization Candidate
PINK  HEART CONFETTI IN TUBE,888.3299999999999,966,78,1.5878481012658228,0.9195962732919254,⭐ Core Product
PINK  HEART SHAPE LOVE BUCKET ,1831.6200000000001,1042,123,3.216341463414634,1.7577927063339733,⭐ Core Product
PINK  HONEYCOMB PAPER BALL ,1308.56,693,80,2.8253086419753086,1.888253968253968,⭐ Core Product
PINK  HONEYCOMB PAPER FAN,555.97,498,65,1.6775757575757575,1.11640562248996,📦 Volume Driver
PINK  POLKADOT CUP,2707.34,3016,307,1.1209354838709678,0.897659151193634,⭐ Core Product
PINK  POLKADOT PLATE ,3449.6,2065,185,2.1288709677419355,1.670508474576271,⭐ Core Product
PINK & WHITE BREAKFAST TRAY,369.84000000000003,96,35,4.716285714285714,3.8525000000000005,⚠️ Rationalization Candidate
PINK & WHITE ROSEBUD RING,88.04,21,15,4.176,4.192380952380953,⚠️ Rationalization Candidate
PINK 3 PIECE POLKADOT CUTLERY SET,5520.02,1471,123,4.381869918699187,3.7525628823929305,⭐ Core Product
PINK ACRYLIC JEWEL SNOWFLAKE,4.5600000000000005,12,1,0.38,0.38000000000000006,⚠️ Rationalization Candidate
PINK ALLIUM  ARTIFICIAL FLOWER,5.07,3,1,1.69,1.6900000000000002,⚠️ Rationalization Candidate
PINK AND BLACK STRING CURTAIN,82.1,38,5,3.55,2.1605263157894736,⚠️ Rationalization Candidate
PINK AND WHITE CHRISTMAS TREE 120CM,553.07,201,34,4.017058823529412,2.7515920398009954,⚠️ Rationalization Candidate
PINK B'FLY C/COVER W BOBBLES,78.17,12,7,6.917142857142857,6.514166666666667,⚠️ Rationalization Candidate
PINK BABY BUNTING,6677.969999999999,2179,345,4.122405797101449,3.064694814134924,⭐ Core Product
PINK BAROQUE FLOCK CANDLE HOLDER,11.9,2,1,5.95,5.95,⚠️ Rationalization Candidate
PINK BEADS+HAND PHONE CHARM,4.92,2,1,2.46,2.46,⚠️ Rationalization Candidate
PINK BERTIE GLASS BEAD BAG CHARM,106.24,115,10,1.5399999999999998,0.9238260869565217,⚠️ Rationalization Candidate
PINK BERTIE MOBILE PHONE CHARM,3.36,1,1,3.36,3.36,⚠️ Rationalization Candidate
PINK BITTY LIGHT CHAIN,201.31,106,36,2.8925,1.8991509433962264,⚠️ Rationalization Candidate
PINK BLUE FELT CRAFT TRINKET BOX,13828.1,10993,522,1.4207224334600759,1.2579004821249886,⭐ Core Product
PINK BOUDICCA LARGE BRACELET,264.7,38,12,6.97,6.96578947368421,⚠️ Rationalization Candidate
PINK BOUDOIR T-LIGHT HOLDER,10.2,12,1,0.85,0.85,⚠️ Rationalization Candidate
PINK BREAKFAST CUP AND SAUCER ,42.27,21,9,2.47,2.012857142857143,⚠️ Rationalization Candidate
PINK BUNNY EASTER EGG BASKET,231.89999999999998,158,4,1.5999999999999999,1.4677215189873416,⚠️ Rationalization Candidate
PINK BUTTERFLY CUSHION COVER,44.849999999999994,23,5,1.95,1.9499999999999997,⚠️ Rationalization Candidate
PINK BUTTERFLY CUSHION COVER ,173.48,35,20,4.9590000000000005,4.956571428571428,⚠️ Rationalization Candidate
PINK BUTTERFLY HANDBAG W BOBBLES,671.62,162,98,4.146326530612245,4.145802469135803,💎 Premium Product
PINK BUTTERFLY WASHBAG,42.29,9,6,4.923333333333333,4.698888888888889,⚠️ Rationalization Candidate
PINK CANDYSTUFT ARTIFICIAL FLOWER,96.88999999999999,137,11,1.0645454545454545,0.7072262773722626,⚠️ Rationalization Candidate
PINK CAT BOWL,583.33,360,123,1.754390243902439,1.6203611111111111,📦 Volume Driver
PINK CAT FLORAL CUSHION COVER ,100.97,25,18,4.066666666666666,4.0388,⚠️ Rationalization Candidate
PINK CHERRY BLOSSOM CUP & SAUCER,7.5,6,1,1.25,1.25,⚠️ Rationalization Candidate
PINK CHERRY LIGHTS,27.0,4,1,6.75,6.75,⚠️ Rationalization Candidate
PINK CHICK EGG WARMER + EGG CUP,218.81,195,40,1.111,1.1221025641025641,⚠️ Rationalization Candidate
PINK CHRISTMAS FLOCK DROPLET ,15.02,10,3,2.09,1.502,⚠️ Rationalization Candidate
PINK CHRYSANTHEMUMS ART FLOWER,37.800000000000004,18,1,2.1,2.1,⚠️ Rationalization Candidate
PINK CLEAR GLASS CANDLE PLATE,39.92,30,5,1.6533333333333333,1.3306666666666667,⚠️ Rationalization Candidate
PINK COMBO MINI CRYSTALS NECKLACE,16.310000000000002,3,3,5.436666666666667,5.436666666666667,⚠️ Rationalization Candidate
PINK CREAM FELT CRAFT TRINKET BOX ,9128.06,7337,616,1.4245659163987139,1.2441133978465313,⭐ Core Product
PINK CRYSTAL GUITAR PHONE CHARM,0.85,1,1,0.85,0.85,⚠️ Rationalization Candidate
PINK CRYSTAL SKULL PHONE CHARM,13.94,20,9,1.3166666666666667,0.697,⚠️ Rationalization Candidate
PINK CRYSTAL+GLASS BRACELET,104.53,21,14,4.9871428571428575,4.977619047619048,⚠️ Rationalization Candidate
PINK DAISY BAG CHARM,74.64,30,19,2.472631578947368,2.488,⚠️ Rationalization Candidate
PINK DIAMANTE PEN IN GIFT BOX,1206.97,424,103,4.093398058252427,2.846627358490566,⭐ Core Product
PINK DINER WALL CLOCK,2741.35,307,121,9.943057851239669,8.929478827361564,💎 Premium Product
PINK DISCO HANDBAG,180.51999999999998,84,22,2.429090909090909,2.149047619047619,⚠️ Rationalization Candidate
PINK DOG BOWL,922.89,549,115,2.5988793103448278,1.6810382513661202,⭐ Core Product
PINK DOG CANNISTER,39.3,14,4,3.95,2.807142857142857,⚠️ Rationalization Candidate
PINK DOLLY HAIR CLIPS,2.1,2,1,1.05,1.05,⚠️ Rationalization Candidate
PINK DOUGHNUT TRINKET POT ,2546.2999999999997,1729,242,2.1360887096774195,1.4727009832272988,⭐ Core Product
PINK DRAWER KNOB ACRYLIC EDWARDIAN,5116.7,3793,254,1.66984375,1.3489849723174268,⭐ Core Product
PINK EASTER HENS+FLOWER,38.31,14,9,2.6033333333333335,2.7364285714285717,⚠️ Rationalization Candidate
PINK ENAMEL FLOWER HAIR TIE,64.46000000000001,22,11,2.9145454545454546,2.93,⚠️ Rationalization Candidate
PINK ENAMEL+GLASS HAIR COMB,480.5,263,31,2.059354838709677,1.826996197718631,⚠️ Rationalization Candidate
PINK FAIRY CAKE CHILDRENS APRON,6724.69,3341,495,2.47589898989899,2.0127776114935645,⭐ Core Product
PINK FAIRY CAKE CUSHION COVER,1182.99,285,89,4.651648351648352,4.150842105263158,💎 Premium Product
PINK FEATHER CHRISTMAS DECORATION,2.51,1,1,2.51,2.51,⚠️ Rationalization Candidate
PINK FEATHERS CURTAIN,50.28,52,3,0.9433333333333334,0.966923076923077,⚠️ Rationalization Candidate
PINK FELT EASTER EGG BASKET,23.099999999999998,14,4,1.65,1.65,⚠️ Rationalization Candidate
PINK FELT EASTER RABBIT GARLAND,323.15,122,29,2.8713333333333333,2.6487704918032784,⚠️ Rationalization Candidate
PINK FELT HANGING HEART W FLOWER,107.72,106,20,0.8879999999999999,1.0162264150943396,⚠️ Rationalization Candidate
PINK FLOCK GLASS CANDLEHOLDER,29.68,38,5,0.8879999999999999,0.7810526315789473,⚠️ Rationalization Candidate
PINK FLOCK PHOTO FRAME ,15.0,12,1,1.25,1.25,⚠️ Rationalization Candidate
PINK FLOCK SUEDE CUSHION COVER ,15.0,12,2,1.25,1.25,⚠️ Rationalization Candidate
PINK FLORAL FELTCRAFT SHOULDER BAG,4232.13,1116,262,4.193650190114068,3.792231182795699,⭐ Core Product
PINK FLOWER CROCHET FOOD COVER,897.8,237,79,3.934430379746835,3.7881856540084384,💎 Premium Product
PINK FLOWER FABRIC PONY,446.23,115,48,4.163541666666666,3.8802608695652174,⚠️ Rationalization Candidate
PINK FLOWERS RABBIT EASTER,48.95,21,5,2.35,2.330952380952381,⚠️ Rationalization Candidate
PINK FLUFFY CHRISTMAS DECORATION,7.82,26,2,0.9099999999999999,0.3007692307692308,⚠️ Rationalization Candidate
PINK FLY SWAT,63.720000000000006,92,43,0.7040909090909091,0.692608695652174,⚠️ Rationalization Candidate
PINK FOXGLOVE ARTIIFCIAL FLOWER,58.64999999999999,23,4,2.55,2.55,⚠️ Rationalization Candidate
PINK GAUZE BUTTERFLY LAMPSHADE,6.3,15,4,0.42,0.42,⚠️ Rationalization Candidate
PINK GINGHAM CAT WITH SCARF,314.51,144,30,2.2963333333333336,2.1840972222222224,⚠️ Rationalization Candidate
PINK GLASS CANDLEHOLDER,558.37,175,38,3.677179487179487,3.1906857142857143,⚠️ Rationalization Candidate
PINK GLASS CHUNKY CHARM BRACELET,91.68,10,9,9.17,9.168000000000001,⚠️ Rationalization Candidate
PINK GLASS TASSLE BAG CHARM ,82.97999999999999,45,20,1.8370000000000002,1.8439999999999999,⚠️ Rationalization Candidate
PINK GOOSE FEATHER TREE 60CM,267.21,131,19,2.568947368421053,2.039770992366412,⚠️ Rationalization Candidate
PINK GREEN EMBROIDERY COSMETIC BAG,93.19,33,20,2.93,2.8239393939393937,⚠️ Rationalization Candidate
PINK HANGING GINGHAM EASTER HEN,13.44,32,5,0.42000000000000004,0.42,⚠️ Rationalization Candidate
PINK HANGING HEART T-LIGHT HOLDER,1664.16,880,76,3.3044736842105267,1.8910909090909092,⭐ Core Product
PINK HAPPY BIRTHDAY BUNTING,12179.6,2335,402,5.9335980148883385,5.21610278372591,⭐ Core Product
PINK HAWAIIAN PICNIC HAMPER FOR 2,709.2399999999999,78,55,9.104181818181818,9.092820512820511,💎 Premium Product
PINK HEART DOTS HOT WATER BOTTLE,147.88,36,11,4.042727272727273,4.107777777777778,⚠️ Rationalization Candidate
PINK HEART OF GLASS BRACELET,89.12,15,9,5.935555555555556,5.941333333333334,⚠️ Rationalization Candidate
PINK HEART RED HANDBAG,76.14,29,18,2.6994444444444445,2.62551724137931,⚠️ Rationalization Candidate
PINK HEART SHAPE EGG FRYING PAN,4753.53,3229,256,2.165366795366795,1.4721368844843603,⭐ Core Product
PINK HEART SHAPE PHOTO FRAME,520.91,321,39,2.0585,1.6227725856697819,⚠️ Rationalization Candidate
PINK HEARTS LIGHT CHAIN ,587.2,271,48,3.28375,2.166789667896679,⚠️ Rationalization Candidate
PINK HEARTS PAPER GARLAND,245.20000000000002,168,7,1.5928571428571427,1.4595238095238097,⚠️ Rationalization Candidate
PINK HORSE SOCK PUPPET,776.4900000000001,255,57,3.5382758620689656,3.0450588235294123,💎 Premium Product
PINK HORSE SOCK PUPPET KIT,123.9,42,14,2.95,2.95,⚠️ Rationalization Candidate
PINK HYDRANGEA ART FLOWER,96.60000000000001,46,5,2.1,2.1,⚠️ Rationalization Candidate
PINK JEWELLED MIRROR TRINKET TRAY,210.54999999999998,34,18,8.18611111111111,6.192647058823529,⚠️ Rationalization Candidate
PINK JEWELLED PHOTO FRAME,231.56,30,20,7.6825,7.718666666666667,⚠️ Rationalization Candidate
PINK JEWELLED PHOTO FRAME ,326.35,62,19,5.931052631578948,5.263709677419355,⚠️ Rationalization Candidate
PINK KNITTED EGG COSY,76.69,147,29,0.6940000000000001,0.5217006802721088,⚠️ Rationalization Candidate
PINK LEAVES AND BEADS PHONE CHARM,7.43,3,2,2.485,2.4766666666666666,⚠️ Rationalization Candidate
PINK LOVE BIRD CANDLE,356.08,351,50,1.3084,1.0144729344729344,📦 Volume Driver
PINK LOVE HEART SHAPE CUP,770.73,816,133,1.286390977443609,0.9445220588235295,⭐ Core Product
PINK MARSHMALLOW SCARF KNITTING KIT,91.8,36,1,2.55,2.55,⚠️ Rationalization Candidate
PINK METAL CHICKEN HEART ,1058.18,716,91,2.2159574468085106,1.477905027932961,⭐ Core Product
PINK METAL SWINGING BUNNY,68.69999999999999,78,10,1.009,0.8807692307692306,⚠️ Rationalization Candidate
PINK MONTE CARLO HANDBAG,232.32999999999998,98,10,4.763,2.3707142857142856,⚠️ Rationalization Candidate
PINK MURANO TWIST BRACELET,29.73,7,3,4.243333333333333,4.247142857142857,⚠️ Rationalization Candidate
PINK MURANO TWIST NECKLACE,79.66,8,6,9.959999999999999,9.9575,⚠️ Rationalization Candidate
PINK NEW BAROQUE FLOCK CANDLESTICK,27.900000000000002,6,3,4.65,4.65,⚠️ Rationalization Candidate
PINK NEW BAROQUECANDLESTICK CANDLE,605.48,478,42,2.6080952380952382,1.2666945606694562,📦 Volume Driver
PINK OVAL JEWELLED MIRROR,119.0,20,11,5.95,5.95,⚠️ Rationalization Candidate
PINK OVAL SHAPE TRINKET BOX,186.64,20,13,8.999230769230769,9.331999999999999,⚠️ Rationalization Candidate
PINK OWL SOFT TOY,2594.23,877,171,3.462046783625731,2.958072976054732,⭐ Core Product
PINK PADDED MOBILE,573.54,134,42,4.346190476190476,4.280149253731343,⚠️ Rationalization Candidate
PINK PAINTED KASHMIRI CHAIR,171.8,4,1,42.95,42.95,⚠️ Rationalization Candidate
PINK PAISLEY CUSHION COVER ,192.14,26,17,7.464117647058822,7.39,⚠️ Rationalization Candidate
PINK PAISLEY ROSE GIFT WRAP,498.5,1225,40,0.418,0.4069387755102041,📦 Volume Driver
PINK PAISLEY SQUARE TISSUE BOX ,584.09,1366,117,0.6522314049586777,0.4275915080527087,📦 Volume Driver
PINK PAPER PARASOL ,1439.0200000000002,458,102,3.6700000000000004,3.141965065502184,⭐ Core Product
PINK PARTY BAGS,4649.5,2456,165,2.2805988023952097,1.8931188925081432,⭐ Core Product
PINK PARTY SUNGLASSES,36.76,20,12,1.8166666666666667,1.8379999999999999,⚠️ Rationalization Candidate
PINK PILLAR CANDLE SILVER FLOCK,129.47,81,19,2.4173684210526316,1.598395061728395,⚠️ Rationalization Candidate
PINK POLKADOT BOWL,4747.34,3674,333,1.6501483679525224,1.292144801306478,⭐ Core Product
PINK POLKADOT CHILDRENS UMBRELLA,506.96,140,46,4.205744680851064,3.621142857142857,⚠️ Rationalization Candidate
PINK POLKADOT GARDEN PARASOL,1885.27,228,97,9.890927835051546,8.268728070175438,💎 Premium Product
PINK POLKADOT KIDS BAG,1.95,1,1,1.95,1.95,⚠️ Rationalization Candidate
PINK POLKADOT PLATE ,377.56,220,25,2.1284,1.7161818181818183,⚠️ Rationalization Candidate
PINK POLKADOT WRAP ,2593.0,6350,213,0.4169014084507042,0.40834645669291336,⭐ Core Product
PINK POODLE HANGING DECORATION ,16.8,5,2,3.36,3.3600000000000003,⚠️ Rationalization Candidate
PINK POT PLANT CANDLE,628.7900000000001,204,35,4.676,3.0823039215686276,⚠️ Rationalization Candidate
PINK REGENCY TEACUP AND SAUCER,17445.56,5789,766,3.703407022106632,3.013570564864398,⭐ Core Product
PINK RETRO BIG FLOWER BAG,171.6,88,14,1.95,1.95,⚠️ Rationalization Candidate
PINK RIVIERA HANDBAG,261.68,186,6,5.33,1.4068817204301076,⚠️ Rationalization Candidate
PINK ROSE FABRIC MIRROR,393.46999999999997,331,62,1.3503225806451613,1.1887311178247733,⚠️ Rationalization Candidate
PINK ROSE WASHBAG,560.62,156,74,3.5262162162162163,3.593717948717949,⚠️ Rationalization Candidate
PINK ROSEBUD & PEARL NECKLACE,90.32,12,9,7.537777777777778,7.526666666666666,⚠️ Rationalization Candidate
PINK ROSEBUD PEARL BRACELET,130.67,27,14,6.333571428571429,4.839629629629629,⚠️ Rationalization Candidate
PINK ROSEBUD PEARL EARRINGS,39.98,16,15,2.5,2.49875,⚠️ Rationalization Candidate
PINK ROUND COMPACT MIRROR,58.16,40,4,2.27,1.454,⚠️ Rationalization Candidate
PINK SCOTTIE DOG W FLOWER PATTERN,317.44,133,51,2.511764705882353,2.386766917293233,⚠️ Rationalization Candidate
PINK SMALL GLASS CAKE STAND,46.8,24,1,1.95,1.95,⚠️ Rationalization Candidate
PINK SMALL JEWELLED PHOTOFRAME,19.799999999999997,12,9,1.65,1.6499999999999997,⚠️ Rationalization Candidate
PINK SPOTS CHOCOLATE NESTING BOXES ,361.55999999999995,140,6,3.31,2.5825714285714283,⚠️ Rationalization Candidate
PINK SQUARE TABLE CLOCK,104.84,71,14,3.015,1.4766197183098593,⚠️ Rationalization Candidate
PINK STITCHED WALL CLOCK,828.24,679,61,3.807540983606557,1.2197938144329896,⭐ Core Product
PINK STOCKING CHRISTMAS DECORATION,92.21000000000001,226,19,0.6473684210526316,0.40800884955752215,⚠️ Rationalization Candidate
PINK STRAWBERRY HANDBAG ,163.1,60,34,2.751764705882353,2.7183333333333333,⚠️ Rationalization Candidate
PINK STRING CURTAIN WITH POLE,100.86,30,9,6.212222222222222,3.362,⚠️ Rationalization Candidate
PINK SWEETHEART BRACELET,725.32,175,78,4.1883333333333335,4.144685714285715,💎 Premium Product
PINK SWEETIE NECKLACE,15.120000000000001,2,2,7.5600000000000005,7.5600000000000005,⚠️ Rationalization Candidate
PINK TALL PORCELAIN T-LIGHT HOLDER ,12.75,5,4,2.55,2.55,⚠️ Rationalization Candidate
PINK UNION JACK  LUGGAGE TAG,480.25,348,121,1.5743076923076922,1.3800287356321839,⚠️ Rationalization Candidate
PINK UNION JACK  PASSPORT COVER ,618.9300000000001,271,106,2.5725233644859813,2.283874538745388,⚠️ Rationalization Candidate
PINK VINTAGE PAISLEY PICNIC BAG,4957.43,2672,410,2.0688009592326138,1.8553255988023953,⭐ Core Product
PINK VINTAGE SPOT BEAKER,4572.41,4807,191,1.06703125,0.951198252548367,⭐ Core Product
PINK VINTAGE VICTORIAN EARRINGS,41.150000000000006,14,7,2.9285714285714284,2.9392857142857145,⚠️ Rationalization Candidate
PINK YELLOW PATCH CUSHION COVER,180.93,29,23,6.113478260869566,6.23896551724138,⚠️ Rationalization Candidate
PINK/AMETHYST/GOLD NECKLACE,34.870000000000005,5,2,7.01,6.974000000000001,⚠️ Rationalization Candidate
PINK/BLUE DISC/MIRROR STRING,244.17,566,15,0.9513333333333333,0.4313957597173145,📦 Volume Driver
PINK/BLUE STRING CURTAIN ,128.32999999999998,57,5,5.386,2.2514035087719297,⚠️ Rationalization Candidate
PINK/FLOWER RABBIT EGG WARMER ,100.76,119,15,1.142,0.8467226890756303,⚠️ Rationalization Candidate
PINK/GREEN FLOWER DESIGN BIG MUG,17.16,40,16,0.48176470588235293,0.429,⚠️ Rationalization Candidate
PINK/PURPLE CIRCLE CURTAIN,56.52,52,6,1.3414285714285714,1.0869230769230769,⚠️ Rationalization Candidate
PINK/PURPLE RETRO RADIO,622.27,218,53,2.970566037735849,2.8544495412844038,⚠️ Rationalization Candidate
"PINK/WHITE ""KEEP CLEAN"" BULLET BIN",283.96000000000004,76,33,4.502727272727273,3.7363157894736845,⚠️ Rationalization Candidate
PINK/WHITE CHRISTMAS TREE 30CM,17.48,46,2,0.38,0.38,⚠️ Rationalization Candidate
PINK/WHITE CHRISTMAS TREE 60CM,493.01,684,42,1.4949999999999999,0.7207748538011696,📦 Volume Driver
PINK/WHITE GLASS DEMI CHOKER,15.0,2,1,7.5,7.5,⚠️ Rationalization Candidate
PINK/WHITE RIBBED MELAMINE JUG,23.85,3,3,7.95,7.95,⚠️ Rationalization Candidate
PINK/YELLOW FLOWERS HANDBAG,132.5,106,8,1.25,1.25,⚠️ Rationalization Candidate
PIZZA PLATE IN BOX,2153.06,592,179,4.238901098901099,3.6369256756756756,⭐ Core Product
PLACE SETTING WHITE HEART,6322.21,15126,332,0.5779646017699115,0.41796972101018115,⭐ Core Product
PLACE SETTING WHITE STAR,1053.08,2407,105,0.5537614678899082,0.43750727046115495,⭐ Core Product
PLASMATRONIC LAMP,446.45,71,25,8.1356,6.288028169014084,⚠️ Rationalization Candidate
PLASTERS IN TIN CIRCUS PARADE ,10061.859999999999,6113,571,1.7862045060658576,1.6459774251594959,⭐ Core Product
PLASTERS IN TIN SKULLS,7132.119999999999,4266,561,1.9716462346760069,1.6718518518518517,⭐ Core Product
PLASTERS IN TIN SPACEBOY,13602.109999999999,8074,673,1.864023494860499,1.6846804557839978,⭐ Core Product
PLASTERS IN TIN STRONGMAN,9841.829999999998,6010,515,1.8509351145038169,1.6375757071547419,⭐ Core Product
PLASTERS IN TIN VINTAGE PAISLEY ,7762.239999999999,4712,566,1.900190972222222,1.647334465195246,⭐ Core Product
PLASTERS IN TIN WOODLAND ANIMALS,13328.269999999999,7803,704,1.9113445378151261,1.7080956042547737,⭐ Core Product
PLAYING CARDS I LOVE LONDON ,1651.29,1200,115,1.3546153846153848,1.376075,⭐ Core Product
PLAYING CARDS JUBILEE UNION JACK,2848.89,1927,208,1.3483410138248846,1.478406850025947,⭐ Core Product
PLAYING CARDS KEEP CALM & CARRY ON,4860.55,3643,335,1.279298245614035,1.3342163052429317,⭐ Core Product
PLAYING CARDS VINTAGE DOILEY ,16.25,13,2,1.25,1.25,⚠️ Rationalization Candidate
PLAYING CARDS VINTAGE DOILY ,880.16,701,92,1.3027956989247311,1.2555777460770328,⭐ Core Product
PLEASE ONE PERSON METAL SIGN,25225.480000000003,12274,845,2.426067677946324,2.0551963500081474,⭐ Core Product
POCKET BAG BLUE PAISLEY RED SPOT,1003.4,831,128,1.4172307692307693,1.2074608904933815,⭐ Core Product
POCKET BAG PINK PAISELY BROWN SPOT,509.59,468,95,1.2945833333333334,1.0888675213675214,📦 Volume Driver
"POCKET MIRROR ""GLAMOROUS""",6.25,5,2,1.25,1.25,⚠️ Rationalization Candidate
POCKET MIRROR WOODLAND,80.55,93,20,0.914,0.8661290322580645,⚠️ Rationalization Candidate
POLKA DOT RAFFIA FOOD COVER,1085.32,290,89,3.8392134831460676,3.7424827586206892,💎 Premium Product
POLKADOT COFFEE CUP & SAUCER PINK,1489.01,1570,109,1.5553636363636365,0.9484140127388535,⭐ Core Product
POLKADOT MUG PINK ,123.29999999999998,72,13,2.210769230769231,1.7124999999999997,⚠️ Rationalization Candidate
POLKADOT PEN,5793.62,6842,170,1.1349411764705881,0.846772873428822,⭐ Core Product
POLKADOT RAIN HAT ,916.99,2081,227,0.666896551724138,0.44064872657376264,⭐ Core Product
POLYESTER FILLER PAD 30CMx30CM,133.75,107,26,1.25,1.25,⚠️ Rationalization Candidate
POLYESTER FILLER PAD 40x40cm,2256.2,2626,190,1.4118421052631578,0.8591774562071591,⭐ Core Product
POLYESTER FILLER PAD 45x30cm,149.35,103,38,1.45,1.45,⚠️ Rationalization Candidate
POLYESTER FILLER PAD 45x45cm,1582.55,1701,142,1.4958041958041959,0.9303644914756025,⭐ Core Product
POLYESTER FILLER PAD 60x40cm,5.1,2,1,2.55,2.55,⚠️ Rationalization Candidate
POLYESTER FILLER PAD 65CMx65CM,76.5,18,6,4.25,4.25,⚠️ Rationalization Candidate
POMPOM CURTAIN,2124.15,424,82,6.083414634146342,5.009787735849057,⭐ Core Product
POP ART PUSH DOWN RUBBER ,11.759999999999998,98,2,0.12,0.11999999999999998,⚠️ Rationalization Candidate
POPART RECT PENCIL SHARPENER ASST,140.52,1166,33,0.1290909090909091,0.1205145797598628,📦 Volume Driver
POPART WOODEN PENCILS ASST,380.0,8900,68,0.043478260869565216,0.04269662921348315,📦 Volume Driver
POPCORN HOLDER,34288.67,36749,803,1.0208363636363635,0.9330504231407657,⭐ Core Product
POPPY FIELDS CHOPPING BOARD,501.23,93,45,5.598888888888888,5.389569892473118,⚠️ Rationalization Candidate
POPPY'S PLAYHOUSE BATHROOM,2080.85,954,227,2.4989956331877727,2.1811844863731653,⭐ Core Product
POPPY'S PLAYHOUSE BEDROOM ,4661.79,2021,423,2.546305882352941,2.3066749134092035,⭐ Core Product
POPPY'S PLAYHOUSE KITCHEN,4880.83,2117,436,2.4816628701594534,2.3055408597071327,⭐ Core Product
POPPY'S PLAYHOUSE LIVINGROOM ,3236.5400000000004,1447,328,2.5151975683890577,2.2367242570836217,⭐ Core Product
PORCELAIN BUDAH INCENSE HOLDER,158.06,1525,34,0.42,0.10364590163934427,📦 Volume Driver
PORCELAIN BUTTERFLY OIL BURNER,921.87,273,63,3.822307692307692,3.376813186813187,💎 Premium Product
PORCELAIN ROSE LARGE ,348.43000000000006,299,14,1.3821428571428573,1.1653177257525085,⚠️ Rationalization Candidate
PORCELAIN ROSE SMALL,1295.0,1607,63,1.104285714285714,0.805849408836341,⭐ Core Product
PORCELAIN T-LIGHT HOLDERS ASSORTED,1146.52,822,101,1.7798039215686274,1.3947931873479318,⭐ Core Product
POSTAGE,78101.88,3150,1126,31.076580817051514,24.79424761904762,⭐ Core Product
POSTE FRANCE CUSHION COVER,1877.65,435,150,4.954210526315789,4.3164367816091955,⭐ Core Product
POSY CANDY BAG,109.96,92,16,1.0925,1.1952173913043478,⚠️ Rationalization Candidate
POTTERING IN THE SHED METAL SIGN,9405.76,4175,538,2.6952573529411765,2.252876646706587,⭐ Core Product
POTTERING MUG,4825.36,3789,333,2.0920059880239523,1.27351807864872,⭐ Core Product
POTTING SHED CANDLE CITRONELLA,1268.1899999999998,405,3,3.85,3.131333333333333,⭐ Core Product
POTTING SHED ROSE CANDLE,1541.11,493,25,2.6156,3.1259837728194726,⭐ Core Product
POTTING SHED SEED ENVELOPES,902.08,592,130,1.8283969465648853,1.5237837837837838,⭐ Core Product
POTTING SHED SOW 'N' GROW SET,12.72,2,2,6.36,6.36,⚠️ Rationalization Candidate
POTTING SHED TEA MUG,3259.75,2477,302,1.7556578947368422,1.3160072668550666,⭐ Core Product
POTTING SHED TWINE,2272.79,980,110,2.417927927927928,2.319173469387755,⭐ Core Product
PRETTY HANGING QUILTED HEARTS,1088.36,1276,74,1.3654054054054052,0.8529467084639497,⭐ Core Product
PSYCHEDELIC METAL SIGN CALENDAR,7.9,10,3,0.79,0.79,⚠️ Rationalization Candidate
PSYCHEDELIC TILE COASTER,195.22,430,28,1.1860714285714287,0.454,📦 Volume Driver
PSYCHEDELIC TILE HOOK,182.95000000000002,299,44,1.088695652173913,0.6118729096989967,⚠️ Rationalization Candidate
PSYCHEDELIC WALL THERMOMETER,109.92999999999999,79,14,1.9214285714285713,1.3915189873417722,⚠️ Rationalization Candidate
PURPLE ACRYLIC FACETED BANGLE,132.05,107,8,1.6,1.2341121495327103,⚠️ Rationalization Candidate
PURPLE AMETHYST NECKLACE W TASSEL,49.81,5,5,9.962,9.962,⚠️ Rationalization Candidate
PURPLE ANEMONE ARTIFICIAL FLOWER,6.76,4,1,1.69,1.69,⚠️ Rationalization Candidate
PURPLE BERTIE GLASS BEAD BAG CHARM,110.03,95,19,2.0989473684210522,1.1582105263157896,⚠️ Rationalization Candidate
PURPLE BOUDICCA LARGE BRACELET,264.94,38,15,6.982,6.972105263157895,⚠️ Rationalization Candidate
PURPLE CHUNKY GLASS+BEAD NECKLACE,11.95,1,1,11.95,11.95,⚠️ Rationalization Candidate
PURPLE CRYSTAL DROP EARRINGS,8.76,3,3,2.92,2.92,⚠️ Rationalization Candidate
PURPLE DRAWERKNOB ACRYLIC EDWARDIAN,4469.37,3105,237,1.743677685950413,1.4394106280193237,⭐ Core Product
PURPLE DRESS JEWELLERY STAND,48.19,61,3,0.79,0.7899999999999999,⚠️ Rationalization Candidate
PURPLE ENAMEL FLOWER HAIR TIE,64.28,22,15,2.9153333333333333,2.921818181818182,⚠️ Rationalization Candidate
PURPLE ENAMEL FLOWER RING,202.51000000000002,69,28,2.9217857142857144,2.9349275362318843,⚠️ Rationalization Candidate
PURPLE ENAMEL+GLASS HAIR COMB,163.8,84,4,2.0125,1.9500000000000002,⚠️ Rationalization Candidate
PURPLE FINE BEAD NECKLACE W TASSEL,17.59,3,3,5.863333333333333,5.863333333333333,⚠️ Rationalization Candidate
PURPLE FOXGLOVE ARTIIFCIAL FLOWER,28.049999999999997,11,3,2.55,2.55,⚠️ Rationalization Candidate
PURPLE FRANGIPANI HAIRCLIP,23.16,28,12,0.8291666666666666,0.8271428571428572,⚠️ Rationalization Candidate
PURPLE FRANGIPANI NECKLACE,72.66,29,16,2.5,2.50551724137931,⚠️ Rationalization Candidate
PURPLE GEMSTONE BRACELET,122.84,19,10,7.228999999999999,6.465263157894737,⚠️ Rationalization Candidate
PURPLE GEMSTONE NECKLACE 45CM,102.0,8,5,12.75,12.75,⚠️ Rationalization Candidate
PURPLE GLASS TASSLE BAG CHARM,77.03999999999999,42,14,1.7328571428571427,1.834285714285714,⚠️ Rationalization Candidate
PURPLE LAS VEGAS BRACELET ROUND,26.25,7,3,3.75,3.75,⚠️ Rationalization Candidate
PURPLE LEAVES AND BEADS PHONE CHAR,4.97,2,2,2.485,2.485,⚠️ Rationalization Candidate
PURPLE PAPER PARASOL,1022.9900000000001,313,88,3.851818181818182,3.2683386581469653,💎 Premium Product
PURPLE SWEETHEART BRACELET,328.44,78,50,4.1948,4.21076923076923,⚠️ Rationalization Candidate
PURPLE VINTAGE EARRINGS,25.17,6,3,4.180000000000001,4.195,⚠️ Rationalization Candidate
PURPLE/BLUE CERAMIC CANDLE HOLDER,9.879999999999999,4,2,2.4699999999999998,2.4699999999999998,⚠️ Rationalization Candidate
PURPLE/COPPER HANGING LAMPSHADE,17.0,20,8,0.85,0.85,⚠️ Rationalization Candidate
PURPLE/TURQ FLOWERS HANDBAG,2.5,2,1,1.25,1.25,⚠️ Rationalization Candidate
QUEEN OF SKIES LUGGAGE TAG,292.29,197,99,1.7224242424242426,1.4837055837563453,⚠️ Rationalization Candidate
QUEEN OF THE SKIES HOLIDAY PURSE ,66.26,25,20,2.693,2.6504000000000003,⚠️ Rationalization Candidate
QUEEN OF THE SKIES PASSPORT COVER ,286.39,148,76,2.0278947368421054,1.9350675675675675,⚠️ Rationalization Candidate
QUEENS GUARD COFFEE MUG,5849.29,2431,272,2.7821167883211677,2.406125051419169,⭐ Core Product
RABBIT  DESIGN  COTTON TOTE BAG,444.07,181,62,2.890483870967742,2.453425414364641,⚠️ Rationalization Candidate
RABBIT EASTER DECORATION,23.6,8,3,2.9500000000000006,2.95,⚠️ Rationalization Candidate
RABBIT NIGHT LIGHT,66870.03,30739,994,2.386401179941003,2.1754133185855102,⭐ Core Product
RAIN PONCHO ,268.76,411,5,0.9719999999999999,0.6539172749391727,📦 Volume Driver
RAIN PONCHO RETROSPOT,7161.1,8875,243,1.0531854838709678,0.8068845070422536,⭐ Core Product
RAINBOW PEGS PHOTO CLIP STRING,189.88,290,39,0.9984615384615384,0.6547586206896552,⚠️ Rationalization Candidate
RAINY LADIES BIRTHDAY CARD,1023.73,2406,213,0.5876056338028169,0.42549044056525354,⭐ Core Product
RASPBERRY ANT COPPER FLOWER NECKLAC,77.91,13,8,6.0200000000000005,5.993076923076923,⚠️ Rationalization Candidate
RASTA IN BATH W SPLIFF ASHTRAY,6.8,8,6,0.85,0.85,⚠️ Rationalization Candidate
RATTLE SNAKE EGGS,689.35,813,102,1.4634313725490198,0.8479089790897909,⭐ Core Product
RECIPE BOX BLUE SKETCHBOOK DESIGN,5192.08,1523,361,3.9965650969529087,3.4091135915955353,⭐ Core Product
RECIPE BOX PANTRY YELLOW DESIGN,26219.95,8290,1117,3.681847246891652,3.1628407720144756,⭐ Core Product
RECIPE BOX RETROSPOT ,8045.1,2882,464,3.0373885350318472,2.791498959056211,⭐ Core Product
RECIPE BOX WITH METAL HEART,95.4,12,6,7.95,7.95,⚠️ Rationalization Candidate
"RECORD FRAME 7"" SINGLE SIZE ",11354.56,4374,361,3.676493150684932,2.5959213534522174,⭐ Core Product
RECTANGULAR SHAPED MIRROR,446.15000000000003,512,37,1.4297297297297298,0.8713867187500001,📦 Volume Driver
RECYCLED ACAPULCO MAT BLUE,3223.49,365,162,9.636790123456791,8.831479452054793,⭐ Core Product
RECYCLED ACAPULCO MAT GREEN,4286.55,497,205,9.223268292682926,8.624849094567406,⭐ Core Product
RECYCLED ACAPULCO MAT LAVENDER,2604.93,295,130,9.533076923076923,8.830271186440678,💎 Premium Product
RECYCLED ACAPULCO MAT PINK,3254.32,364,164,9.819390243902438,8.940439560439561,⭐ Core Product
RECYCLED ACAPULCO MAT RED,3896.84,456,186,8.921505376344086,8.545701754385965,⭐ Core Product
RECYCLED ACAPULCO MAT TURQUOISE,5949.34,654,278,9.784460431654676,9.0968501529052,⭐ Core Product
RECYCLED PENCIL WITH RABBIT ERASER,695.4,3068,168,0.3164880952380952,0.22666232073011733,⭐ Core Product
RECYCLING BAG RETROSPOT ,15607.59,6896,748,3.1890400000000003,2.2632816125290023,⭐ Core Product
RED   ACRYLIC FACETED BANGLE,130.51000000000002,99,10,2.206,1.3182828282828285,⚠️ Rationalization Candidate
RED  EGG  SPOON,185.51999999999998,1369,92,0.25717391304347825,0.13551497443389335,📦 Volume Driver
RED  HARMONICA IN BOX ,26294.08,21903,661,1.4255722891566265,1.200478473268502,⭐ Core Product
RED 3 PIECE RETROSPOT CUTLERY SET,6494.66,1671,120,4.498760330578513,3.8866906044284857,⭐ Core Product
RED APPLES CHOPPING BOARD   ,770.32,152,45,5.8406666666666665,5.0678947368421055,💎 Premium Product
RED BABY BUNTING ,3559.0,1128,234,3.7677777777777783,3.155141843971631,⭐ Core Product
RED BOUDICCA LARGE BRACELET,209.73000000000002,30,12,7.0025,6.9910000000000005,⚠️ Rationalization Candidate
RED CHARLIE+LOLA PERSONAL DOORSIGN,684.62,1290,125,0.8929133858267717,0.5307131782945737,⭐ Core Product
RED COAT RACK PARIS FASHION,1673.15,352,112,5.552053571428572,4.753267045454546,⭐ Core Product
RED DAISY PAPER LAMPSHADE,62.5,50,6,1.25,1.25,⚠️ Rationalization Candidate
RED DAISY POCKET BOOK ,136.64,158,33,0.9188235294117647,0.8648101265822784,⚠️ Rationalization Candidate
RED DINER WALL CLOCK,11857.07,1400,460,9.24141304347826,8.469335714285714,⭐ Core Product
RED DRAGONFLY HELICOPTER,856.38,106,67,8.074705882352943,8.079056603773585,💎 Premium Product
RED DRAWER KNOB ACRYLIC EDWARDIAN,2871.75,2254,140,1.5968794326241134,1.2740683229813665,⭐ Core Product
RED ENAMEL FLOWER RING,185.42000000000002,63,21,2.9342857142857146,2.9431746031746036,⚠️ Rationalization Candidate
RED ENCHANTED FOREST PLACEMAT,1454.8799999999999,678,110,2.361946902654867,2.145840707964602,⭐ Core Product
RED FLOCK LOVE HEART PHOTO FRAME,572.67,1067,82,0.7425301204819278,0.5367104029990628,📦 Volume Driver
RED FLORAL FELTCRAFT SHOULDER BAG,7229.43,1960,305,4.268562091503268,3.6884846938775513,⭐ Core Product
RED FLOWER CROCHET FOOD COVER,1116.89,304,112,3.8950892857142856,3.6739802631578953,💎 Premium Product
RED GINGHAM ROSE JEWELLERY BOX,3391.1499999999996,1740,286,2.321786941580756,1.9489367816091951,⭐ Core Product
RED GINGHAM TEDDY BEAR ,2302.94,770,169,3.6001775147929,2.990831168831169,⭐ Core Product
RED GLASS TASSLE BAG CHARM,88.03,40,16,2.1325,2.20075,⚠️ Rationalization Candidate
RED HANGING HEART T-LIGHT HOLDER,23199.24,7872,741,3.160996015936255,2.9470579268292685,⭐ Core Product
RED HEART LUGGAGE TAG,447.34,304,96,1.6915841584158415,1.4715131578947367,⚠️ Rationalization Candidate
RED HEART SHAPE LOVE BUCKET ,2803.13,1395,159,3.200062893081761,2.0094121863799286,⭐ Core Product
RED HEARTS LIGHT CHAIN ,1042.66,503,63,3.13359375,2.0728827037773363,⭐ Core Product
RED KITCHEN SCALES,14082.2,1638,552,9.686865942028986,8.597191697191697,⭐ Core Product
RED KUKUI COCONUT SEED NECKLACE,190.73000000000002,122,25,3.1552000000000002,1.563360655737705,⚠️ Rationalization Candidate
RED LOVE HEART SHAPE CUP,939.03,1038,154,1.2053896103896105,0.9046531791907514,⭐ Core Product
RED METAL BEACH SPADE ,2113.39,1493,229,1.7087826086956521,1.4155324849296718,⭐ Core Product
RED METAL BOX TOP SECRET,9117.62,1074,257,9.339272030651342,8.489404096834265,⭐ Core Product
RED PAPER PARASOL,1819.76,644,84,3.3333333333333335,2.8257142857142856,⭐ Core Product
RED PEONY CUSHION COVER ,79.05000000000001,17,5,4.65,4.65,⚠️ Rationalization Candidate
RED PEONY TABLE CLOCK,47.2,16,10,2.95,2.95,⚠️ Rationalization Candidate
RED POLKADOT BEAKER ,1603.77,3865,131,0.6057251908396946,0.4149469598965071,⭐ Core Product
RED POLKADOT COFFEE  MUG,729.6,1532,63,1.2461904761904763,0.47624020887728463,⭐ Core Product
RED POLKADOT PUDDING BOWL,46.39,34,7,1.7125000000000001,1.3644117647058824,⚠️ Rationalization Candidate
RED PUDDING SPOON,128.63,881,72,0.25069444444444444,0.14600454029511917,📦 Volume Driver
RED PURSE WITH PINK HEART,8.75,7,2,1.25,1.25,⚠️ Rationalization Candidate
RED REFECTORY CLOCK ,2501.64,250,110,11.109454545454545,10.00656,💎 Premium Product
RED RETRO KITCHEN WALL CLOCK,400.01,47,23,8.887391304347826,8.510851063829787,⚠️ Rationalization Candidate
RED RETROSPOT APRON ,2199.52,334,131,7.234477611940299,6.585389221556886,💎 Premium Product
RED RETROSPOT BIG BOWL,1336.78,286,96,4.550833333333333,4.674055944055944,💎 Premium Product
RED RETROSPOT BOWL,6374.81,5023,448,1.631751662971175,1.2691240294644635,⭐ Core Product
RED RETROSPOT BUTTER DISH,4743.900000000001,972,239,5.451825726141079,4.880555555555556,⭐ Core Product
RED RETROSPOT CAKE STAND,21354.3,2012,539,12.607560073937153,10.613469184890656,⭐ Core Product
RED RETROSPOT CHARLOTTE BAG,21773.39,17767,1034,1.1407340324118207,1.225496144537626,⭐ Core Product
RED RETROSPOT CHILDRENS UMBRELLA,4171.33,1239,240,3.9684647302904565,3.366690879741727,⭐ Core Product
RED RETROSPOT CUP,3488.44,3969,387,1.0694117647058823,0.8789216427311666,⭐ Core Product
RED RETROSPOT LUGGAGE TAG,652.11,433,105,1.7522429906542056,1.5060277136258662,⭐ Core Product
RED RETROSPOT MINI CASES,12634.98,1747,385,8.121839378238343,7.232386949055524,⭐ Core Product
RED RETROSPOT MUG,5167.6900000000005,1847,156,3.3125477707006374,2.7978830536004335,⭐ Core Product
RED RETROSPOT OVEN GLOVE ,6320.51,4034,451,1.946069868995633,1.5668096182449183,⭐ Core Product
RED RETROSPOT OVEN GLOVE DOUBLE,3888.98,914,255,4.408677042801556,4.254901531728665,⭐ Core Product
RED RETROSPOT PEG BAG,9296.3,3155,485,3.131690427698574,2.9465293185419967,⭐ Core Product
RED RETROSPOT PICNIC BAG,11665.19,3985,531,3.7098496240601504,2.9272747804266,⭐ Core Product
RED RETROSPOT PLATE ,5699.71,3373,304,2.085625,1.6898043284909576,⭐ Core Product
RED RETROSPOT PUDDING BOWL,1387.96,332,61,4.504426229508196,4.180602409638555,💎 Premium Product
RED RETROSPOT PURSE ,1546.2700000000002,461,156,4.068333333333333,3.3541648590021698,⭐ Core Product
RED RETROSPOT ROUND CAKE TINS,11522.439999999999,1088,344,12.575697674418604,10.59047794117647,⭐ Core Product
RED RETROSPOT SHOPPER BAG,6604.29,4769,575,1.7783737024221455,1.3848374921367164,⭐ Core Product
RED RETROSPOT SHOPPING BAG,1353.6899999999998,523,90,3.0876666666666663,2.5883173996175906,⭐ Core Product
RED RETROSPOT SMALL MILK JUG,5986.01,2487,343,2.7591618497109827,2.406919983916365,⭐ Core Product
RED RETROSPOT STORAGE JAR,1336.14,334,69,4.978169014084507,4.000419161676647,💎 Premium Product
RED RETROSPOT SUGAR JAM BOWL,3682.17,1518,247,2.891164658634538,2.4256719367588935,⭐ Core Product
RED RETROSPOT TAPE,858.7800000000001,1903,240,0.48406639004149377,0.4512769311613243,⭐ Core Product
RED RETROSPOT TEA CUP AND SAUCER ,2811.17,849,163,3.9691017964071857,3.3111542991755005,⭐ Core Product
RED RETROSPOT TISSUE BOX,1135.0,2166,200,1.066600985221675,0.5240073868882733,⭐ Core Product
RED RETROSPOT TRADITIONAL TEAPOT ,3724.9900000000002,477,144,8.525724137931034,7.809203354297694,⭐ Core Product
RED RETROSPOT UMBRELLA,11265.26,1935,373,7.178954423592494,5.8218397932816535,⭐ Core Product
RED RETROSPOT WASHBAG,225.5,78,34,3.3058823529411767,2.891025641025641,⚠️ Rationalization Candidate
RED RETROSPOT WRAP ,4311.92,10526,336,0.4180357142857143,0.4096446893406802,⭐ Core Product
RED ROCKING HORSE HAND PAINTED,2930.57,2329,160,1.5651851851851852,1.2582954057535423,⭐ Core Product
RED ROSE AND LACE C/COVER,8.850000000000001,3,1,2.95,2.9500000000000006,⚠️ Rationalization Candidate
RED SHARK HELICOPTER,421.18,52,36,8.079444444444444,8.099615384615385,⚠️ Rationalization Candidate
RED SPOT CERAMIC DRAWER KNOB,6054.79,4402,369,1.7286216216216217,1.3754634257155838,⭐ Core Product
RED SPOT PAPER GIFT BAG,1962.83,2456,131,0.867175572519084,0.7991978827361563,⭐ Core Product
RED SPOTTY BISCUIT TIN,10116.49,2433,394,5.90964824120603,4.158031237155774,⭐ Core Product
RED STAR CARD HOLDER,1997.48,848,149,3.0438666666666667,2.3555188679245282,⭐ Core Product
RED STONE/CRYSTAL EARRINGS,8.7,3,3,2.9,2.9,⚠️ Rationalization Candidate
RED STRIPE CERAMIC DRAWER KNOB,7481.16,5494,437,1.6713832199546486,1.3616963960684383,⭐ Core Product
RED TEA TOWEL CLASSIC DESIGN,755.96,630,73,1.2952054794520547,1.199936507936508,⭐ Core Product
RED TOADSTOOL LED NIGHT LIGHT,23919.78,14001,849,2.3904327485380117,1.7084336833083351,⭐ Core Product
RED VICTORIAN FABRIC OVAL BOX,352.25,862,98,0.6579591836734694,0.40864269141531323,📦 Volume Driver
RED VINTAGE SPOT BEAKER,1603.3899999999999,1879,198,1.03395,0.8533209153805215,⭐ Core Product
RED WHITE SCARF  HOT WATER BOTTLE,566.1700000000001,69,16,7.61125,8.205362318840582,⚠️ Rationalization Candidate
RED WOOLLY HOTTIE WHITE HEART.,22025.73,4734,429,5.128721461187215,4.652667934093789,⭐ Core Product
RED/CREAM STRIPE CUSHION COVER ,509.9,414,60,1.2468333333333335,1.2316425120772947,📦 Volume Driver
REGENCY CAKE FORK,2145.3,1715,98,1.593061224489796,1.2509037900874638,⭐ Core Product
REGENCY CAKE SLICE,2718.65,578,92,5.579673913043479,4.703546712802768,⭐ Core Product
REGENCY CAKESTAND 3 TIER,174156.54,13862,1989,13.970014932802389,12.56359399798009,⭐ Core Product
REGENCY MILK JUG PINK ,9587.15,3160,329,3.8787915407854987,3.033908227848101,⭐ Core Product
REGENCY MIRROR WITH SHUTTERS,1530.0,10,7,156.42857142857142,153.0,💎 Premium Product
REGENCY SUGAR BOWL GREEN,12342.43,3055,322,4.795123456790124,4.040075286415712,⭐ Core Product
REGENCY SUGAR TONGS,4515.22,1832,209,3.329234449760766,2.4646397379912663,⭐ Core Product
REGENCY TEA PLATE GREEN ,10051.99,6247,381,2.128433420365535,1.609090763566512,⭐ Core Product
REGENCY TEA PLATE PINK,6344.409999999999,3861,305,2.06783606557377,1.643203833203833,⭐ Core Product
REGENCY TEA PLATE ROSES ,11097.249999999998,6857,445,2.075707865168539,1.6183826746390546,⭐ Core Product
REGENCY TEA SPOON,1794.48,1450,76,1.4881578947368421,1.2375724137931035,⭐ Core Product
REGENCY TEA STRAINER,5143.6900000000005,1412,176,4.422272727272728,3.6428399433427767,⭐ Core Product
REGENCY TEAPOT ROSES ,24879.13,2766,416,11.119714964370546,8.994624005784527,⭐ Core Product
REINDEER HEART DECORATION GOLD,869.15,993,103,1.0827884615384615,0.8752769385699899,⭐ Core Product
REINDEER HEART DECORATION SILVER,1363.04,1536,145,1.0762416107382549,0.8873958333333333,⭐ Core Product
RELAX LARGE WOOD LETTERS,844.28,129,29,10.630344827586207,6.544806201550387,💎 Premium Product
RESIN BRACELET W PASTEL BEADS,19.8,4,3,4.95,4.95,⚠️ Rationalization Candidate
RESIN NECKLACE W PASTEL BEADS,67.62,9,7,7.517142857142857,7.513333333333334,⚠️ Rationalization Candidate
RETO LEAVES MAGNETIC SHOPPING LIST,52.199999999999996,36,3,1.45,1.45,⚠️ Rationalization Candidate
"RETRO ""TEA FOR ONE"" ",120.99,25,19,5.018421052631578,4.8396,⚠️ Rationalization Candidate
RETRO BROWN BALL ASHTRAY ,51.25,41,5,1.25,1.25,⚠️ Rationalization Candidate
RETRO COFFEE MUGS ASSORTED,3839.01,2567,159,5.427469135802469,1.495523957927542,⭐ Core Product
RETRO LEAVES MAGNETIC NOTEPAD,154.08999999999997,105,19,1.5376190476190477,1.4675238095238092,⚠️ Rationalization Candidate
RETRO LONGBOARD IRONING BOARD COVER,551.51,285,105,2.583714285714286,1.935122807017544,⚠️ Rationalization Candidate
RETRO MOD TRAY,717.11,800,156,1.1140384615384615,0.8963875,⭐ Core Product
"RETRO PILL BOX , REVOLUTIONARY",35.14,189,11,0.21,0.18592592592592594,⚠️ Rationalization Candidate
"RETRO PILL BOX KEY CHAIN,THE KING",43.65,235,14,0.18928571428571428,0.18574468085106383,⚠️ Rationalization Candidate
RETRO PINK BALL ASHTRAY ,57.5,46,13,1.25,1.25,⚠️ Rationalization Candidate
RETRO PLASTIC 70'S TRAY,183.10999999999999,387,64,0.6287692307692307,0.4731524547803617,📦 Volume Driver
RETRO PLASTIC DAISY TRAY,164.59,300,60,0.786031746031746,0.5486333333333333,⚠️ Rationalization Candidate
RETRO PLASTIC ELEPHANT TRAY,812.53,1105,65,0.8364615384615384,0.7353212669683258,⭐ Core Product
RETRO PLASTIC POLKA TRAY,426.65999999999997,866,81,0.698735632183908,0.4926789838337182,📦 Volume Driver
"RETRO TIN ASHTRAY,REVOLUTIONARY",19.4,52,4,0.38,0.37307692307692303,⚠️ Rationalization Candidate
RETROSPOT BABUSHKA DOORSTOP,495.2,251,54,2.802037037037037,1.9729083665338645,⚠️ Rationalization Candidate
RETROSPOT CANDLE  LARGE,362.12,273,30,2.675,1.3264468864468864,⚠️ Rationalization Candidate
RETROSPOT CANDLE  MEDIUM,413.88,365,43,2.175581395348837,1.133917808219178,📦 Volume Driver
RETROSPOT CANDLE  SMALL,374.49,403,42,2.0392857142857146,0.9292555831265509,📦 Volume Driver
RETROSPOT CHILDRENS APRON,6091.099999999999,3170,358,2.3748888888888886,1.921482649842271,⭐ Core Product
RETROSPOT CIGAR BOX MATCHES ,2149.07,2149,216,1.1326008968609864,1.0000325732899022,⭐ Core Product
RETROSPOT GIANT TUBE MATCHES,3442.5,1494,132,2.5266666666666664,2.3042168674698793,⭐ Core Product
RETROSPOT HEART HOT WATER BOTTLE,17663.98,3524,623,5.63684375,5.012480136208853,⭐ Core Product
RETROSPOT LAMP,3521.54,330,155,11.514709677419354,10.671333333333333,💎 Premium Product
RETROSPOT LARGE MILK JUG,6651.72,1351,339,5.303294117647059,4.923552923760178,⭐ Core Product
RETROSPOT PADDED SEAT CUSHION,2860.98,750,83,4.555903614457831,3.81464,⭐ Core Product
RETROSPOT PARTY BAG + STICKER SET,7043.94,4492,317,1.8778124999999999,1.5681077471059661,⭐ Core Product
RETROSPOT RED WASHING UP GLOVES,3088.86,1457,304,2.5132573289902282,2.1200137268359645,⭐ Core Product
RETROSPOT SMALL TUBE MATCHES,1743.35,1059,146,1.6487012987012986,1.646222851746931,⭐ Core Product
RETROSPOT TEA SET CERAMIC 11 PC ,22868.260000000002,4518,962,5.730788381742739,5.061589198760514,⭐ Core Product
RETROSPOT WOODEN HEART DECORATION,1886.28,2076,246,1.1022619047619047,0.9086127167630058,⭐ Core Product
REVOLVER WOODEN RULER ,10373.99,5233,348,2.2714044943820224,1.9824173514236576,⭐ Core Product
REX CASH+CARRY JUMBO SHOPPER,1784.1,1878,871,0.95,0.95,⭐ Core Product
RIBBON REEL CHRISTMAS PRESENT ,2694.15,1388,259,2.3409022556390977,1.9410302593659943,⭐ Core Product
RIBBON REEL CHRISTMAS SOCK BAUBLE,3556.97,1818,318,2.3681619937694705,1.9565291529152915,⭐ Core Product
RIBBON REEL FLORA + FAUNA ,1176.5,644,138,2.313525179856115,1.8268633540372672,⭐ Core Product
RIBBON REEL HEARTS DESIGN ,3325.29,1897,323,2.0423312883435583,1.7529204006325778,⭐ Core Product
RIBBON REEL LACE DESIGN ,2923.21,1369,192,2.6293401015228426,2.1352885317750183,⭐ Core Product
RIBBON REEL MAKING SNOWMEN ,2297.1,1222,223,2.3843612334801763,1.8797872340425532,⭐ Core Product
RIBBON REEL POLKADOTS ,2003.48,1206,155,1.9770063694267515,1.6612603648424544,⭐ Core Product
RIBBON REEL SNOWY VILLAGE,3829.67,2173,275,2.3363176895306856,1.7623884031293144,⭐ Core Product
RIBBON REEL SOCKS AND MITTENS,1379.21,741,136,2.5397857142857143,1.8612820512820514,⭐ Core Product
RIBBON REEL STRIPES DESIGN ,4661.88,2680,409,1.9854457831325298,1.7395074626865672,⭐ Core Product
RIBBONS PURSE ,377.2,192,51,2.0466666666666664,1.9645833333333333,⚠️ Rationalization Candidate
RIDGED BONNE JAM JAR T-LIGHT HOLDER,437.81999999999994,274,25,1.7651999999999999,1.597883211678832,⚠️ Rationalization Candidate
RIDGED GLASS FINGER BOWL,504.68,974,59,0.9606666666666667,0.5181519507186858,📦 Volume Driver
RIDGED GLASS POSY VASE ,444.58,219,47,2.208085106382979,2.0300456621004566,⚠️ Rationalization Candidate
RIDGED GLASS STORAGE JAR CREAM LID,350.22,98,18,3.7310526315789474,3.573673469387755,⚠️ Rationalization Candidate
RIDGED GLASS T-LIGHT HOLDER,283.51,412,43,0.8558139534883721,0.6881310679611651,📦 Volume Driver
RING OF ROSES BIRTHDAY CARD,761.05,1835,130,0.5516793893129771,0.4147411444141689,⭐ Core Product
RIVIERA NECKLACE,49.59,10,5,4.968000000000001,4.9590000000000005,⚠️ Rationalization Candidate
ROBIN CHRISTMAS CARD,5.02,10,4,0.625,0.502,⚠️ Rationalization Candidate
ROBOT BIRTHDAY CARD,1695.32,3929,354,0.5297183098591549,0.4314889284805294,⭐ Core Product
ROBOT MUG IN DISPLAY BOX,3.75,3,2,1.25,1.25,⚠️ Rationalization Candidate
ROCKING HORSE GREEN CHRISTMAS ,1244.6699999999998,1380,179,1.0617032967032967,0.9019347826086955,⭐ Core Product
ROCKING HORSE RED CHRISTMAS ,2185.48,2434,254,1.0800387596899224,0.8978964667214462,⭐ Core Product
ROCOCO WALL MIROR,39.9,2,1,19.95,19.95,⚠️ Rationalization Candidate
ROCOCO WALL MIRROR WHITE,1567.1399999999999,78,45,20.713555555555555,20.09153846153846,💎 Premium Product
ROLL WRAP 50'S CHRISTMAS,4875.65,3535,354,1.5103072625698326,1.379250353606789,⭐ Core Product
ROLL WRAP 50'S RED CHRISTMAS ,2459.2,1800,212,1.511643192488263,1.3662222222222222,⭐ Core Product
ROLL WRAP VINTAGE CHRISTMAS,4342.6,3221,337,1.5426530612244898,1.3482148401117666,⭐ Core Product
ROLL WRAP VINTAGE SPOT ,3445.08,2712,305,1.4612861736334404,1.2703097345132743,⭐ Core Product
ROMANTIC IMAGES GIFT WRAP SET,776.49,789,135,1.0937037037037038,0.9841444866920153,⭐ Core Product
ROMANTIC IMAGES NOTEBOOK SET,564.35,414,33,2.033333333333333,1.3631642512077295,📦 Volume Driver
ROMANTIC IMAGES SCRAP BOOK SET,45.9,16,7,3.892857142857143,2.86875,⚠️ Rationalization Candidate
ROMANTIC PINKS RIBBONS ,1518.15,1216,225,1.360086956521739,1.2484786184210528,⭐ Core Product
ROSE 1 WICK MORRIS BOXED CANDLE,1066.8600000000001,742,84,2.427241379310345,1.4378167115902967,⭐ Core Product
ROSE 3 WICK MORRIS BOX CANDLE,1769.13,1138,131,2.5615555555555556,1.5545957820738139,⭐ Core Product
ROSE CARAVAN DOORSTOP,3162.24,562,162,7.511472392638037,5.626761565836299,⭐ Core Product
ROSE COLOUR PAIR HEART HAIR SLIDES,56.31,15,10,3.7600000000000002,3.754,⚠️ Rationalization Candidate
ROSE COTTAGE KEEPSAKE BOX ,7851.98,794,189,11.976137566137565,9.889143576826196,⭐ Core Product
ROSE DU SUD COSMETICS BAG,360.84,96,52,3.6173076923076923,3.7587499999999996,⚠️ Rationalization Candidate
ROSE DU SUD CUSHION COVER,460.58,78,46,5.887391304347826,5.904871794871795,⚠️ Rationalization Candidate
ROSE DU SUD CUSHION COVER ,257.61,59,34,4.274705882352941,4.366271186440678,⚠️ Rationalization Candidate
ROSE DU SUD DRAWSTRING BAG,428.66,125,66,3.3995454545454544,3.4292800000000003,⚠️ Rationalization Candidate
ROSE DU SUD OVEN GLOVE,505.20000000000005,185,69,2.66231884057971,2.730810810810811,⚠️ Rationalization Candidate
ROSE DU SUD WASHBAG ,348.19,73,50,4.6192,4.76972602739726,⚠️ Rationalization Candidate
ROSE FLOWER CANDLE+INCENSE 16X16CM,15.0,4,2,3.75,3.75,⚠️ Rationalization Candidate
ROSE FOLKART HEART DECORATIONS,600.93,462,88,1.8164835164835167,1.3007142857142857,📦 Volume Driver
ROSE PENDANT TRIPLE SHELL NECKLACE,20.36,4,2,5.23,5.09,⚠️ Rationalization Candidate
ROSE SCENT CANDLE IN JEWELLED BOX,1387.94,330,65,4.856666666666667,4.205878787878788,💎 Premium Product
ROSE SCENT CANDLE JEWELLED DRAWER,722.47,529,41,4.261463414634147,1.3657277882797731,⭐ Core Product
ROSES REGENCY TEACUP AND SAUCER ,29056.920000000002,9865,1066,3.6580167597765363,2.9454556512924484,⭐ Core Product
ROTATING LEAVES T-LIGHT HOLDER,3571.33,1928,313,2.6051265822784813,1.8523495850622407,⭐ Core Product
ROTATING SILVER ANGELS T-LIGHT HLDR,26425.579999999998,9461,449,3.415258620689655,2.793106436951696,⭐ Core Product
ROUND ARTICULATED PINK CLOCK W/SUCK,5.32,28,3,0.19000000000000003,0.19,⚠️ Rationalization Candidate
ROUND BLUE CLOCK WITH SUCKER,40.09,211,10,0.19,0.19000000000000003,⚠️ Rationalization Candidate
ROUND CACTUS CANDLE,17.700000000000003,6,4,2.95,2.9500000000000006,⚠️ Rationalization Candidate
ROUND CAKE TIN VINTAGE GREEN,4101.77,530,214,8.402102803738318,7.7391886792452835,⭐ Core Product
ROUND CAKE TIN VINTAGE RED,6903.79,913,271,8.366014760147602,7.561653888280394,⭐ Core Product
ROUND CONTAINER SET OF 5 RETROSPOT,2661.89,1603,238,2.0687866108786612,1.6605676855895195,⭐ Core Product
ROUND PINK HEART MIRROR,188.81,85,22,2.5686363636363634,2.2212941176470586,⚠️ Rationalization Candidate
ROUND PURPLE CLOCK WITH SUCKER,69.35,365,24,0.19,0.18999999999999997,📦 Volume Driver
ROUND SNACK BOXES SET OF 4 FRUITS ,19094.97,6835,581,3.275880341880342,2.793704462326262,⭐ Core Product
ROUND SNACK BOXES SET OF 4 SKULLS,4304.25,1169,289,4.305205479452055,3.681993156544055,⭐ Core Product
ROUND SNACK BOXES SET OF4 WOODLAND ,24364.870000000003,8535,732,3.4687721691678037,2.8547006444053897,⭐ Core Product
ROUND STORAGE TIN VINTAGE LEAF,1593.58,864,103,2.1018446601941747,1.8444212962962963,⭐ Core Product
ROUND WHITE CONFETTI IN TUBE,189.67999999999998,108,13,2.0014285714285713,1.756296296296296,⚠️ Rationalization Candidate
RUBY DROP CHANDELIER EARRINGS,83.42,21,14,4.083571428571429,3.9723809523809526,⚠️ Rationalization Candidate
RUBY GLASS CLUSTER BRACELET,122.64000000000001,20,14,6.180000000000001,6.132000000000001,⚠️ Rationalization Candidate
RUBY GLASS CLUSTER EARRINGS,54.62,44,33,1.2387878787878788,1.2413636363636362,⚠️ Rationalization Candidate
RUBY GLASS CLUSTER NECKLACE,15.0,2,1,7.5,7.5,⚠️ Rationalization Candidate
"RUBY GLASS NECKLACE 42""",7.5,1,1,7.5,7.5,⚠️ Rationalization Candidate
RUSTIC  SEVENTEEN DRAWER SIDEBOARD,5415.0,35,26,158.07692307692307,154.71428571428572,💎 Premium Product
RUSTIC MIRROR WITH LACE HEART,2354.87,459,83,7.090361445783133,5.130435729847495,⭐ Core Product
RUSTIC STRAWBERRY JAM POT LARGE ,577.48,279,38,2.2357894736842105,2.069820788530466,⚠️ Rationalization Candidate
RUSTIC STRAWBERRY JAM POT SMALL,681.54,426,32,1.8299999999999998,1.5998591549295773,⭐ Core Product
RUSTIC STRAWBERRY JAMPOT LARGE ,238.56,120,6,2.0416666666666665,1.988,⚠️ Rationalization Candidate
RUSTIC STRAWBERRY JAMPOT SMALL,59.39999999999999,36,3,1.6499999999999997,1.6499999999999997,⚠️ Rationalization Candidate
"RUSTIC WOODEN CABINET, GLASS DOORS",174.76999999999998,5,3,33.28666666666667,34.95399999999999,⚠️ Rationalization Candidate
S/12 MINI RABBIT EASTER,556.53,337,69,1.8753521126760564,1.6514243323442135,⚠️ Rationalization Candidate
S/12 VANILLA  BOTANICAL T-LIGHTS,661.9300000000001,227,42,3.1461904761904766,2.915991189427313,💎 Premium Product
S/15 SILVER GLASS BAUBLES IN BAG,725.52,558,62,1.7536507936507935,1.300215053763441,⭐ Core Product
S/2 BEACH HUT TREASURE CHESTS,9.95,3,2,3.975,3.3166666666666664,⚠️ Rationalization Candidate
S/2 ZINC HEART DESIGN PLANTERS,388.04999999999995,39,28,9.95,9.95,⚠️ Rationalization Candidate
S/3 PINK SQUARE PLANTERS ROSES,88.22,10,9,8.88111111111111,8.822,⚠️ Rationalization Candidate
S/3 POT POURI CUSHIONS BLUE COLOURS,50.400000000000006,24,2,2.1,2.1,⚠️ Rationalization Candidate
S/4 BLACK DISCO PARTITION PANEL,24.869999999999997,3,1,8.29,8.29,⚠️ Rationalization Candidate
S/4 BLACK MINI ROSE CANDLE IN BOWL,265.77,305,67,1.5844776119402983,0.8713770491803278,⚠️ Rationalization Candidate
S/4 CACTI CANDLES,2927.08,613,157,7.02828025477707,4.775008156606852,⭐ Core Product
S/4 GROOVY CAT MAGNETS,175.16,149,24,1.794230769230769,1.1755704697986578,⚠️ Rationalization Candidate
"S/4 ICON COASTER,ELVIS LIVES",10.61,25,9,0.4855555555555556,0.4244,⚠️ Rationalization Candidate
S/4 IVORY MINI ROSE CANDLE IN BOWL,1174.6299999999999,806,172,1.6247398843930634,1.4573573200992553,⭐ Core Product
S/4 PINK FLOWER CANDLES IN BOWL,1712.6,920,185,2.1776842105263157,1.8615217391304346,⭐ Core Product
S/4 VALENTINE DECOUPAGE HEART BOX,2440.09,1483,131,2.8517557251908396,1.6453742414025625,⭐ Core Product
S/6 SEW ON CROCHET FLOWERS,140.02,110,20,1.376,1.272909090909091,⚠️ Rationalization Candidate
S/6 WOODEN SKITTLES IN COTTON BAG,3674.11,1147,231,3.8581196581196586,3.2032345248474283,⭐ Core Product
SALLE DE BAIN HOOK,777.5699999999999,548,103,1.752952380952381,1.4189233576642335,⭐ Core Product
SAMPLES,63.05,2,2,31.525,31.525,⚠️ Rationalization Candidate
SANDALWOOD FAN,1978.6399999999999,2090,145,1.2422758620689656,0.9467177033492822,⭐ Core Product
SANDWICH BATH SPONGE,1022.8,719,97,1.9605154639175257,1.422531293463143,⭐ Core Product
SAVE THE PLANET COTTON TOTE BAG,1664.8999999999999,720,175,2.7186285714285714,2.312361111111111,⭐ Core Product
SAVE THE PLANET MUG,6679.56,5453,357,1.8128531855955676,1.2249330643682377,⭐ Core Product
SAVOY ART DECO CLOCK,1453.5800000000002,239,53,10.390188679245282,6.081924686192469,💎 Premium Product
SCALLOP SHELL SOAP DISH,2.1,1,1,2.1,2.1,⚠️ Rationalization Candidate
SCANDINAVIAN 3 HEARTS NAPKIN RING,696.8,1932,124,1.001290322580645,0.36066252587991715,⭐ Core Product
SCANDINAVIAN PAISLEY PICNIC BAG,4995.38,2720,446,2.0698666666666665,1.8365367647058823,⭐ Core Product
SCANDINAVIAN REDS RIBBONS,4144.32,2969,451,1.6593654266958426,1.3958639272482316,⭐ Core Product
SCENTED CANDLE IN DIGITALIS TIN,126.04000000000002,56,13,2.5869230769230773,2.250714285714286,⚠️ Rationalization Candidate
SCENTED VELVET LOUNGE CANDLE ,760.15,1790,55,0.5452727272727272,0.42466480446927374,⭐ Core Product
SCHOOL DESK AND CHAIR ,1199.75,19,13,63.91538461538461,63.14473684210526,💎 Premium Product
SCOTTIE DOG HOT WATER BOTTLE,24455.39,4655,771,5.805300896286813,5.253574650912997,⭐ Core Product
SCOTTIE DOGS BABY BIB,951.1099999999999,1993,246,0.6983870967741935,0.4772252885097842,⭐ Core Product
SCOTTIES CHILDRENS APRON,348.91999999999996,210,57,1.6921052631578946,1.6615238095238094,⚠️ Rationalization Candidate
SCOTTIES DESIGN WASHBAG,314.54999999999995,170,56,1.9028571428571428,1.8502941176470586,⚠️ Rationalization Candidate
SEASIDE FLYING DISC,626.53,507,83,1.5595180722891566,1.2357593688362918,📦 Volume Driver
SET 10 CARD CHRISTMAS STAMPS 16963,5.82,2,1,2.91,2.91,⚠️ Rationalization Candidate
SET 10 CARD CHRISTMAS WELCOME 17112,23.28,8,6,2.91,2.91,⚠️ Rationalization Candidate
SET 10 CARD KRAFT REINDEER 17084,49.800000000000004,20,14,2.4899999999999998,2.49,⚠️ Rationalization Candidate
SET 10 CARD PERFECT NATIVITY 17089,9.96,4,4,2.49,2.49,⚠️ Rationalization Candidate
SET 10 CARD SNOWMAN 16965,12.450000000000001,5,4,2.49,2.49,⚠️ Rationalization Candidate
SET 10 CARDS 12 DAYS OF XMAS 17059,11.64,4,1,2.91,2.91,⚠️ Rationalization Candidate
SET 10 CARDS 12 DAYS WRAP  17058,86.58000000000001,26,11,3.33,3.3300000000000005,⚠️ Rationalization Candidate
SET 10 CARDS 3 WISE MEN 17107,2.91,1,1,2.91,2.91,⚠️ Rationalization Candidate
SET 10 CARDS CHEERFUL ROBIN 17065,31.200000000000003,15,10,2.08,2.08,⚠️ Rationalization Candidate
SET 10 CARDS CHRISTMAS BAUBLE 16954,3.33,1,1,3.33,3.33,⚠️ Rationalization Candidate
SET 10 CARDS CHRISTMAS HOLLY  17259,12.48,3,3,4.16,4.16,⚠️ Rationalization Candidate
SET 10 CARDS CHRISTMAS ROBIN 17095,6.24,3,3,2.08,2.08,⚠️ Rationalization Candidate
SET 10 CARDS CHRISTMAS TREE 16955,16.65,5,5,3.3299999999999996,3.3299999999999996,⚠️ Rationalization Candidate
SET 10 CARDS DAVID'S MADONNA 17074,14.940000000000001,6,4,2.49,2.49,⚠️ Rationalization Candidate
SET 10 CARDS DECK THE HALLS 16960,4.98,2,2,2.49,2.49,⚠️ Rationalization Candidate
SET 10 CARDS DINKY TREE 17076,107.07000000000001,43,16,2.49,2.49,⚠️ Rationalization Candidate
SET 10 CARDS DRESSING UP 17077,59.760000000000005,24,10,2.49,2.49,⚠️ Rationalization Candidate
SET 10 CARDS FILIGREE BAUBLE 16961,9.96,4,4,2.49,2.49,⚠️ Rationalization Candidate
SET 10 CARDS HANGING BAUBLES 17080,5.48,2,2,2.74,2.74,⚠️ Rationalization Candidate
SET 10 CARDS HATS & STOCKINGS 17081,13.28,8,7,1.66,1.66,⚠️ Rationalization Candidate
SET 10 CARDS JINGLE BELLS 16957,19.92,8,5,2.49,2.49,⚠️ Rationalization Candidate
SET 10 CARDS JINGLE BELLS 17217,19.92,8,7,2.4899999999999998,2.49,⚠️ Rationalization Candidate
SET 10 CARDS MAGICAL TREE 17086,13.32,4,4,3.33,3.33,⚠️ Rationalization Candidate
SET 10 CARDS OUT OF ORDER 17216,27.39,11,9,2.49,2.49,⚠️ Rationalization Candidate
SET 10 CARDS PERFECT POST 17090,24.900000000000002,10,7,2.4899999999999998,2.49,⚠️ Rationalization Candidate
SET 10 CARDS POINSETTIA 17093,9.96,4,2,2.49,2.49,⚠️ Rationalization Candidate
SET 10 CARDS PRINTED GRAPHIC 17219,9.96,4,4,2.49,2.49,⚠️ Rationalization Candidate
SET 10 CARDS RED RIDING HOOD 17214,99.60000000000001,40,16,2.49,2.49,⚠️ Rationalization Candidate
SET 10 CARDS ROBIN WATERPUMP  17096,5.82,2,2,2.91,2.91,⚠️ Rationalization Candidate
SET 10 CARDS RUDOLPHS NOSE 17097,11.64,4,3,2.91,2.91,⚠️ Rationalization Candidate
SET 10 CARDS SCOTTIE DOG 17211,22.410000000000004,9,8,2.49,2.49,⚠️ Rationalization Candidate
SET 10 CARDS SNOWY ROBIN 17099,2.91,1,1,2.91,2.91,⚠️ Rationalization Candidate
SET 10 CARDS SNOWY SNOWDROPS  17100,19.92,8,4,2.49,2.49,⚠️ Rationalization Candidate
SET 10 CARDS SWIRLY XMAS TREE 17104,5.82,2,1,2.91,2.91,⚠️ Rationalization Candidate
SET 10 CARDS TRIANGLE ICONS  17220,2.91,1,1,2.91,2.91,⚠️ Rationalization Candidate
SET 10 CARDS WISHING TREE 17116,26.19,9,7,2.91,2.91,⚠️ Rationalization Candidate
SET 10 CARDS WORLD CHILDREN 17067,7.470000000000001,3,3,2.49,2.49,⚠️ Rationalization Candidate
SET 10 CARDS XMAS CHOIR 17068,14.55,5,5,2.91,2.91,⚠️ Rationalization Candidate
SET 10 CARDS XMAS GRAPHIC  17218,17.43,7,2,2.49,2.4899999999999998,⚠️ Rationalization Candidate
SET 10 CHRISTMAS CARDS HOHOHO 16956,22.410000000000004,9,4,2.49,2.49,⚠️ Rationalization Candidate
SET 10 LIGHTS NIGHT OWL,3317.4700000000003,461,119,9.038333333333332,7.196247288503255,⭐ Core Product
SET 10 MINI SANTA & SNOWMAN  17087,6.64,4,2,1.66,1.66,⚠️ Rationalization Candidate
SET 10 MINICARDS CUTE SNOWMAN 17071,8.299999999999999,5,2,1.66,1.6599999999999997,⚠️ Rationalization Candidate
SET 10 NIGHT OWL LIGHTS,3908.73,505,170,8.948604651162789,7.7400594059405945,⭐ Core Product
SET 10 XMAS CARDS & BADGES 17070,27.39,11,6,2.49,2.49,⚠️ Rationalization Candidate
SET 12 COLOUR PENCILS DOILEY,31.200000000000003,48,3,0.65,0.65,⚠️ Rationalization Candidate
SET 12 COLOUR PENCILS DOLLY GIRL ,1679.5500000000002,2379,232,0.784322033898305,0.7059899117276167,⭐ Core Product
SET 12 COLOUR PENCILS LOVE LONDON,1463.0800000000002,1857,169,0.7943930635838151,0.7878729133010233,⭐ Core Product
SET 12 COLOUR PENCILS SPACEBOY ,2491.2000000000003,3278,282,0.7566666666666667,0.7599755948749238,⭐ Core Product
SET 12 COLOURING PENCILS DOILEY,0.65,1,1,0.65,0.65,⚠️ Rationalization Candidate
SET 12 COLOURING PENCILS DOILY,1636.1000000000001,2200,191,0.8190721649484536,0.7436818181818182,⭐ Core Product
SET 12 KIDS  WHITE CHALK STICKS,1701.93,4151,225,0.49755555555555553,0.4100048181161166,⭐ Core Product
SET 12 KIDS COLOUR  CHALK STICKS,2950.25,7199,369,0.5195967741935483,0.40981386303653283,⭐ Core Product
SET 12 LAVENDER  BOTANICAL T-LIGHTS,2086.69,763,76,3.0362337662337664,2.734849279161206,⭐ Core Product
SET 12 RETRO WHITE CHALK STICKS,1973.49,4599,359,0.5460273972602739,0.42911285061969995,⭐ Core Product
SET 12 VINTAGE DOILY CHALK ,586.23,1312,110,0.4831858407079646,0.44682164634146343,📦 Volume Driver
SET 2 PANTRY DESIGN TEA TOWELS,8999.27,2811,372,3.6862698412698416,3.2014478833155464,⭐ Core Product
SET 2 TEA TOWELS I LOVE LONDON ,6856.38,2124,264,3.914609665427509,3.2280508474576273,⭐ Core Product
SET 20 NAPKINS FAIRY CAKES DESIGN ,2368.64,2741,350,1.000593220338983,0.8641517694272163,⭐ Core Product
SET 3 PAPER VINTAGE CHICK PAPER EGG,5014.650000000001,1775,214,3.115555555555556,2.825154929577465,⭐ Core Product
"SET 3 RETROSPOT TEA,COFFEE,SUGAR",11382.81,2128,430,7.409124423963133,5.34906484962406,⭐ Core Product
SET 3 SONG BIRD PAPER EGGS ASSORTED,3271.4100000000003,1171,138,3.0120289855072464,2.793689154568745,⭐ Core Product
SET 3 WICKER OVAL BASKETS W LIDS,5961.25,463,33,14.623939393939393,12.875269978401727,⭐ Core Product
SET 3 WICKER STORAGE BASKETS ,3399.95,241,74,19.355405405405406,14.107676348547717,💎 Premium Product
SET 36 COLOUR PENCILS DOILEY,80.0,64,3,1.25,1.25,⚠️ Rationalization Candidate
SET 36 COLOUR PENCILS DOLLY GIRL,1750.29,1389,147,1.6135761589403974,1.2601079913606912,⭐ Core Product
SET 36 COLOUR PENCILS LOVE LONDON,1581.06,1105,126,1.4970542635658914,1.4308235294117646,⭐ Core Product
SET 36 COLOUR PENCILS SPACEBOY ,2304.78,1705,185,1.5179032258064515,1.351777126099707,⭐ Core Product
SET 36 COLOURING PENCILS DOILEY,1.25,1,1,1.25,1.25,⚠️ Rationalization Candidate
SET 36 COLOURING PENCILS DOILY,2070.35,1485,147,1.5463758389261746,1.3941750841750842,⭐ Core Product
SET 4 NURSERY DES ROUND BOXES,57.25,55,9,1.55,1.040909090909091,⚠️ Rationalization Candidate
SET 4 PICNIC CUTLERY BLUEBERRY,159.9,82,9,1.9500000000000002,1.9500000000000002,⚠️ Rationalization Candidate
SET 4 PICNIC CUTLERY CHERRY ,138.45,71,9,1.9500000000000002,1.9499999999999997,⚠️ Rationalization Candidate
SET 4 PICNIC CUTLERY FONDANT,126.75,65,6,1.95,1.95,⚠️ Rationalization Candidate
SET 4 VALENTINE DECOUPAGE HEART BOX,557.33,171,64,3.905076923076923,3.2592397660818717,⚠️ Rationalization Candidate
SET 40 HEART SHAPE PETIT FOUR CASES,6792.23,4303,161,1.8389570552147239,1.5784871020218452,⭐ Core Product
SET 6 CARDS SPARKLY REINDEER 17262,44.910000000000004,9,4,4.99,4.99,⚠️ Rationalization Candidate
SET 6 FOOTBALL CELEBRATION CANDLES,830.98,657,103,1.3202884615384616,1.2648097412480974,⭐ Core Product
SET 6 PAPER TABLE LANTERN HEARTS ,8558.76,2328,297,4.093564356435643,3.676443298969072,⭐ Core Product
SET 6 PAPER TABLE LANTERN STARS ,7250.900000000001,1932,246,4.236586345381526,3.7530538302277434,⭐ Core Product
SET 6 SCHOOL MILK BOTTLES IN CRATE,13269.49,2841,405,4.845672371638142,4.670711017247448,⭐ Core Product
SET 7 BABUSHKA NESTING BOXES,14427.970000000001,1787,380,9.79502617801047,8.073850027979855,⭐ Core Product
SET 8 CANDLES VINTAGE DOILEY,216.29999999999998,122,7,1.907142857142857,1.772950819672131,⚠️ Rationalization Candidate
SET 8 CANDLES VINTAGE DOILY,2070.1,1060,107,2.0720183486238533,1.9529245283018868,⭐ Core Product
SET OF 10 LANTERNS FAIRY LIGHT STAR,2368.37,577,99,4.6737254901960785,4.104627383015598,⭐ Core Product
SET OF 10 LED DOLLY LIGHTS,13290.519999999999,2219,372,6.469919571045577,5.989418657052726,⭐ Core Product
SET OF 12  VINTAGE POSTCARD SET,1718.5400000000002,2180,143,1.3232167832167832,0.7883211009174312,⭐ Core Product
SET OF 12 FAIRY CAKE BAKING CASES,6989.54,8471,552,1.0651805054151624,0.8251139180734269,⭐ Core Product
SET OF 12 FORK CANDLES,3507.51,1249,141,3.3956338028169015,2.8082546036829465,⭐ Core Product
SET OF 12 MINI BUNNIES IN A BUCKET,71.4,34,19,2.1,2.1,⚠️ Rationalization Candidate
SET OF 12 MINI LOAF BAKING CASES,5073.45,6134,444,1.1117555555555554,0.8271030322791001,⭐ Core Product
SET OF 12 ROSE BOTANICAL T-LIGHTS,153.29000000000002,51,9,3.2655555555555558,3.0056862745098045,⚠️ Rationalization Candidate
SET OF 12 T-LIGHTS VINTAGE DOILEY,118.94999999999999,61,6,1.95,1.9499999999999997,⚠️ Rationalization Candidate
SET OF 12 T-LIGHTS VINTAGE DOILY,1747.51,929,73,1.9891780821917808,1.8810656620021529,⭐ Core Product
SET OF 16 VINTAGE BLACK CUTLERY,1722.74,142,52,13.534807692307691,12.131971830985915,💎 Premium Product
SET OF 16 VINTAGE IVORY CUTLERY,25.5,2,2,12.75,12.75,⚠️ Rationalization Candidate
SET OF 16 VINTAGE PISTACHIO CUTLERY,3585.99,317,104,14.927403846153847,11.312271293375394,💎 Premium Product
SET OF 16 VINTAGE RED CUTLERY,1736.35,160,58,12.856379310344828,10.8521875,💎 Premium Product
SET OF 16 VINTAGE ROSE CUTLERY,3264.63,272,101,14.169411764705883,12.002316176470588,💎 Premium Product
SET OF 16 VINTAGE SKY BLUE CUTLERY,1931.1699999999998,178,66,12.521363636363636,10.849269662921348,💎 Premium Product
SET OF 2 CERAMIC CHRISTMAS REINDEER,2018.1399999999999,1639,90,1.6722222222222223,1.2313239780353873,⭐ Core Product
SET OF 2 CERAMIC CHRISTMAS TREES,1152.98,779,94,1.7109473684210526,1.4800770218228498,⭐ Core Product
SET OF 2 CERAMIC PAINTED HEARTS ,1646.32,1270,126,1.4895348837209303,1.2963149606299211,⭐ Core Product
SET OF 2 CHRISTMAS DECOUPAGE CANDLE,1232.27,1212,161,1.2376687116564418,1.0167244224422443,⭐ Core Product
SET OF 2 ROUND TINS CAMEMBERT ,748.82,282,98,3.648367346938776,2.655390070921986,💎 Premium Product
SET OF 2 ROUND TINS DUTCH CHEESE,535.11,253,79,3.0289873417721522,2.1150592885375494,⚠️ Rationalization Candidate
SET OF 2 TEA TOWELS APPLE AND PEARS,6334.3,2058,284,3.6027972027972033,3.0778911564625853,⭐ Core Product
SET OF 2 TEA TOWELS PING MICROWAVE,306.16,149,76,2.4578947368421056,2.054765100671141,⚠️ Rationalization Candidate
SET OF 2 TINS JARDIN DE PROVENCE,967.05,248,96,4.889270833333334,3.8993951612903226,💎 Premium Product
SET OF 2 TINS VINTAGE BATHROOM ,1140.9,224,100,5.889399999999999,5.093303571428572,💎 Premium Product
SET OF 2 TRAYS HOME SWEET HOME,2709.43,267,133,10.601716417910447,10.147677902621723,💎 Premium Product
SET OF 2 WOODEN MARKET CRATES,7190.349999999999,526,208,15.007980769230768,13.66986692015209,⭐ Core Product
SET OF 20 KIDS COOKIE CUTTERS,9383.150000000001,4312,518,2.5137356321839084,2.176055194805195,⭐ Core Product
SET OF 20 VINTAGE CHRISTMAS NAPKINS,8041.179999999999,8976,610,0.9908974358974358,0.8958533868092691,⭐ Core Product
SET OF 3 BABUSHKA STACKING TINS,1356.3,274,13,4.950000000000001,4.95,💎 Premium Product
SET OF 3 BIRD LIGHT PINK FEATHER ,979.11,1848,223,0.9135497835497836,0.5298214285714286,⭐ Core Product
SET OF 3 BLACK FLYING DUCKS,2934.8100000000004,577,111,6.268839285714286,5.086325823223571,⭐ Core Product
SET OF 3 BUTTERFLY COOKIE CUTTERS,8153.56,5799,688,1.7178818443804036,1.4060286256251078,⭐ Core Product
SET OF 3 CAKE TINS PANTRY DESIGN ,38108.89,7483,1385,5.83371408045977,5.09272885206468,⭐ Core Product
SET OF 3 CAKE TINS SKETCHBOOK,4671.81,1020,297,5.396275167785235,4.580205882352941,⭐ Core Product
SET OF 3 COLOURED  FLYING DUCKS,1888.1000000000001,394,39,5.244871794871795,4.792131979695432,⭐ Core Product
SET OF 3 CONEY ISLAND OVAL BOXES,66.12,13,8,5.171250000000001,5.086153846153847,⚠️ Rationalization Candidate
SET OF 3 GOLD FLYING DUCKS,454.65,127,21,5.35,3.5799212598425196,⚠️ Rationalization Candidate
SET OF 3 HANGING OWLS OLLIE BEAK,4521.72,3720,325,1.4738323353293412,1.215516129032258,⭐ Core Product
SET OF 3 HEART COOKIE CUTTERS,8518.4,6332,685,1.6291907514450867,1.3452937460518004,⭐ Core Product
SET OF 3 MINI HANGING PORTRAITS,123.2,32,2,3.95,3.85,⚠️ Rationalization Candidate
SET OF 3 NOTEBOOKS IN PARCEL,9027.439999999999,5435,422,2.050720930232558,1.6609825206991717,⭐ Core Product
SET OF 3 PANTRY WOODEN SPOONS,306.66,225,41,1.7221951219512195,1.3629333333333336,⚠️ Rationalization Candidate
SET OF 3 PINK FLYING DUCKS,5.45,1,1,5.45,5.45,⚠️ Rationalization Candidate
SET OF 3 REGENCY CAKE TINS,31118.550000000003,6345,873,5.883424657534246,4.904420803782506,⭐ Core Product
SET OF 3 WOODEN HEART DECORATIONS,5147.19,3863,445,1.4479957805907173,1.3324333419622054,⭐ Core Product
SET OF 3 WOODEN SLEIGH DECORATIONS,2690.81,1963,299,1.496592356687898,1.370764136525726,⭐ Core Product
SET OF 3 WOODEN STOCKING DECORATION,2743.82,2053,319,1.454005934718101,1.3364929371651242,⭐ Core Product
SET OF 3 WOODEN TREE DECORATIONS,2404.79,1769,293,1.4839016393442621,1.359406444318824,⭐ Core Product
SET OF 36 DINOSAUR PAPER DOILIES,499.08,335,65,1.6887692307692308,1.4897910447761193,⚠️ Rationalization Candidate
SET OF 36 DOILIES PANTRY DESIGN,3983.6,2741,244,1.7355510204081632,1.4533381977380517,⭐ Core Product
SET OF 36 DOILIES SPACEBOY DESIGN ,1135.3999999999999,817,68,1.5816176470588235,1.3897184822521418,⭐ Core Product
SET OF 36 DOLLY GIRL PAPER DOILIES,69.66,45,15,1.744,1.5479999999999998,⚠️ Rationalization Candidate
SET OF 36 MUSHROOM PAPER DOILIES,230.54999999999998,159,30,1.45,1.45,⚠️ Rationalization Candidate
SET OF 36 PAISLEY FLOWER DOILIES,3545.6,2219,360,2.144388888888889,1.5978368634520053,⭐ Core Product
SET OF 36 PANTRY PAPER DOILIES,139.78,67,33,2.3147058823529414,2.086268656716418,⚠️ Rationalization Candidate
SET OF 36 SPACEBOY PAPER DOILIES,75.42,51,8,1.63375,1.4788235294117646,⚠️ Rationalization Candidate
SET OF 36 TEATIME PAPER DOILIES,4471.17,3051,334,1.9834730538922156,1.4654768928220256,⭐ Core Product
SET OF 36 VINTAGE CHRISTMAS DOILIES,71.27,38,8,1.8175,1.8755263157894735,⚠️ Rationalization Candidate
SET OF 4 BLACK LOVEBIRD COASTERS,554.78,451,82,1.8233734939759036,1.230110864745011,📦 Volume Driver
SET OF 4 CAROUSEL PLACEMATS ,183.45,91,23,3.5413043478260873,2.015934065934066,⚠️ Rationalization Candidate
SET OF 4 DIAMOND NAPKIN RINGS,1393.79,166,38,10.532105263157895,8.396325301204818,💎 Premium Product
SET OF 4 ENGLISH ROSE COASTERS,1760.8,1249,279,1.846085409252669,1.4097678142514012,⭐ Core Product
SET OF 4 ENGLISH ROSE PLACEMATS,4193.12,1000,298,5.176375838926174,4.1931199999999995,⭐ Core Product
SET OF 4 FAIRY CAKE PLACEMATS,843.34,222,83,3.977738095238095,3.798828828828829,💎 Premium Product
SET OF 4 FAIRY CAKE PLACEMATS ,965.41,519,68,3.1501470588235296,1.8601348747591522,⭐ Core Product
SET OF 4 GREEN CAROUSEL COASTERS,50.75,35,17,1.7029411764705882,1.45,⚠️ Rationalization Candidate
SET OF 4 JAM JAR MAGNETS,5842.88,2701,235,2.2075000000000005,2.1632284339133654,⭐ Core Product
SET OF 4 KNICK KNACK TINS  DOILEY ,24.900000000000002,6,1,4.15,4.15,⚠️ Rationalization Candidate
SET OF 4 KNICK KNACK TINS DOILEY ,7248.79,1819,182,4.260486486486487,3.9850412314458494,⭐ Core Product
SET OF 4 KNICK KNACK TINS DOILY ,9726.480000000001,2352,353,4.541388888888889,4.135408163265307,⭐ Core Product
SET OF 4 KNICK KNACK TINS LEAF,3020.61,747,123,4.271626016260163,4.043654618473896,⭐ Core Product
SET OF 4 KNICK KNACK TINS LEAVES ,1253.7800000000002,306,54,4.204444444444444,4.097320261437909,💎 Premium Product
SET OF 4 KNICK KNACK TINS LONDON ,7771.610000000001,1849,274,4.752158273381295,4.203142239048135,⭐ Core Product
SET OF 4 KNICK KNACK TINS POPPIES,3353.84,842,178,4.393646408839779,3.983182897862233,⭐ Core Product
SET OF 4 NAPKIN CHARMS 3 KEYS ,446.84,237,57,2.5242105263157892,1.8854008438818564,⚠️ Rationalization Candidate
SET OF 4 NAPKIN CHARMS CROWNS ,481.88,300,52,2.2776923076923077,1.6062666666666667,⚠️ Rationalization Candidate
SET OF 4 NAPKIN CHARMS CUTLERY,3039.66,1251,125,2.8548837209302325,2.4297841726618703,⭐ Core Product
SET OF 4 NAPKIN CHARMS HEARTS,1935.1599999999999,805,148,2.7926490066225167,2.403925465838509,⭐ Core Product
SET OF 4 NAPKIN CHARMS INSTRUMENT,303.72999999999996,139,37,2.5927027027027023,2.1851079136690643,⚠️ Rationalization Candidate
SET OF 4 NAPKIN CHARMS LEAVES   ,441.83,238,48,2.1975,1.8564285714285713,⚠️ Rationalization Candidate
SET OF 4 NAPKIN CHARMS STARS   ,596.36,269,51,2.645283018867924,2.2169516728624536,⚠️ Rationalization Candidate
SET OF 4 PANTRY JELLY MOULDS,16478.48,12649,1073,1.497788990825688,1.302749624476243,⭐ Core Product
SET OF 4 PISTACHIO LOVEBIRD COASTER,553.01,475,93,1.8238709677419356,1.1642315789473685,📦 Volume Driver
SET OF 4 POLKADOT COASTERS,310.03,172,77,1.9944155844155844,1.8024999999999998,⚠️ Rationalization Candidate
SET OF 4 POLKADOT PLACEMATS ,821.16,173,78,5.307435897435898,4.746589595375722,💎 Premium Product
SET OF 4 ROSE BOTANICAL CANDLES,1429.49,881,165,2.0507185628742515,1.6225766174801362,⭐ Core Product
SET OF 4 SANTA PLACE SETTINGS,1531.95,1202,108,1.4116216216216215,1.2745008319467555,⭐ Core Product
SET OF 5 LUCKY CAT MAGNETS ,5513.83,2633,255,2.674823529411765,2.0941245727307254,⭐ Core Product
SET OF 5 MINI GROCERY MAGNETS,3423.29,1665,205,2.261497584541063,2.05603003003003,⭐ Core Product
SET OF 5 PANCAKE DAY MAGNETS,4713.52,2293,223,2.3199107142857143,2.0556127344090713,⭐ Core Product
SET OF 6 3D KIT CARDS FOR KIDS,1359.3999999999999,1477,223,1.1168558951965064,0.9203791469194312,⭐ Core Product
SET OF 6 CAKE CHOPSTICKS,978.23,640,153,1.904258064516129,1.5284843750000001,⭐ Core Product
SET OF 6 EASTER RAINBOW CHICKS,15.0,12,1,1.25,1.25,⚠️ Rationalization Candidate
SET OF 6 FUNKY BEAKERS,1843.6100000000001,551,162,4.164846625766871,3.3459346642468244,⭐ Core Product
SET OF 6 GIRLS CELEBRATION CANDLES,748.95,592,126,1.3354330708661417,1.2651182432432433,⭐ Core Product
SET OF 6 HALLOWEEN GHOST T-LIGHTS,317.83,691,83,0.6486746987951807,0.4599565846599131,📦 Volume Driver
SET OF 6 HEART CHOPSTICKS,1139.65,811,152,1.6988535031847132,1.4052404438964243,⭐ Core Product
SET OF 6 HERB TINS SKETCHBOOK,4262.820000000001,1164,295,4.301208053691275,3.6622164948453615,⭐ Core Product
SET OF 6 ICE CREAM SKITTLES,47.2,16,3,2.9500000000000006,2.95,⚠️ Rationalization Candidate
SET OF 6 KASHMIR FOLKART BAUBLES,1120.26,710,83,2.0566666666666666,1.5778309859154929,⭐ Core Product
SET OF 6 NATIVITY MAGNETS ,5143.06,2797,164,2.3477058823529413,1.8387772613514481,⭐ Core Product
SET OF 6 RIBBONS COUNTRY STYLE,499.18,172,26,3.543846153846154,2.9022093023255815,⚠️ Rationalization Candidate
SET OF 6 RIBBONS PARTY,476.0,170,16,3.40875,2.8,⚠️ Rationalization Candidate
SET OF 6 RIBBONS PERFECTLY PRETTY  ,724.59,251,43,3.2853488372093027,2.886812749003984,💎 Premium Product
SET OF 6 RIBBONS VINTAGE CHRISTMAS,10610.04,3261,422,3.5106250000000006,3.253615455381785,⭐ Core Product
SET OF 6 SNACK LOAF BAKING CASES,3607.81,4392,354,1.089776536312849,0.821450364298725,⭐ Core Product
SET OF 6 SOLDIER SKITTLES,9895.04,2563,447,4.6226666666666665,3.8607257120561846,⭐ Core Product
SET OF 6 SPICE TINS PANTRY DESIGN,24436.260000000002,5966,834,4.676517119244393,4.095920214549112,⭐ Core Product
SET OF 6 STRAWBERRY CHOPSTICKS,1054.44,801,144,1.8067586206896553,1.3164044943820226,⭐ Core Product
SET OF 6 T-LIGHTS CACTI ,2419.29,881,108,3.8372477064220183,2.746072644721907,⭐ Core Product
SET OF 6 T-LIGHTS EASTER CHICKS,1038.8700000000001,345,75,3.601466666666667,3.0112173913043483,💎 Premium Product
SET OF 6 T-LIGHTS SANTA,3781.2000000000003,1240,204,3.5039805825242722,3.049354838709678,⭐ Core Product
SET OF 6 T-LIGHTS SNOWMEN,3022.0800000000004,944,165,3.5977108433734943,3.2013559322033904,⭐ Core Product
SET OF 6 T-LIGHTS TOADSTOOLS,2417.73,818,195,3.7699492385786804,2.9556601466992665,⭐ Core Product
SET OF 6 T-LIGHTS WEDDING CAKE ,677.0400000000001,260,38,3.388421052631579,2.604,💎 Premium Product
SET OF 6 TEA TIME BAKING CASES,5985.55,4979,378,1.524240837696335,1.202159068085961,⭐ Core Product
SET OF 6 VINTAGE NOTELETS KIT,560.11,563,42,2.0207142857142855,0.994866785079929,📦 Volume Driver
SET OF 60 I LOVE LONDON CAKE CASES ,4495.85,8275,407,0.7424170616113744,0.5433051359516616,⭐ Core Product
SET OF 60 PANTRY DESIGN CAKE CASES ,6371.89,12049,629,0.6839469578783152,0.5288314382936343,⭐ Core Product
SET OF 60 VINTAGE LEAF CAKE CASES ,3272.61,6139,382,0.6942159383033419,0.5330851930281805,⭐ Core Product
SET OF 72 GREEN PAPER DOILIES,59.449999999999996,41,18,1.45,1.45,⚠️ Rationalization Candidate
SET OF 72 PINK HEART PAPER DOILIES,6671.25,4311,510,2.1471037181996087,1.5474947807933195,⭐ Core Product
SET OF 72 RETROSPOT PAPER  DOILIES,8368.39,5808,453,1.7856512141280352,1.4408384986225895,⭐ Core Product
SET OF 72 SKULL PAPER  DOILIES,1270.07,883,103,1.7360576923076922,1.4383578708946771,⭐ Core Product
SET OF 9 BLACK SKULL BALLOONS,2417.24,2848,227,1.0128508771929823,0.8487499999999999,⭐ Core Product
SET OF 9 HEART SHAPED BALLOONS,3445.5,2757,266,1.4632089552238805,1.249727965179543,⭐ Core Product
SET OF PICTURE FRAME  STICKERS,590.4200000000001,134,62,5.0358064516129035,4.406119402985075,⚠️ Rationalization Candidate
SET OF SALT AND PEPPER TOADSTOOLS,3021.6,2472,199,1.2452261306532664,1.2223300970873785,⭐ Core Product
SET OF SKULL WALL STICKERS,274.37,95,20,3.3560000000000003,2.888105263157895,⚠️ Rationalization Candidate
SET OF TEA COFFEE SUGAR TINS PANTRY,23489.420000000002,4800,470,5.866072186836518,4.893629166666667,⭐ Core Product
SET OF THREE VINTAGE GIFT WRAPS,1.95,1,1,1.95,1.95,⚠️ Rationalization Candidate
SET/10 BLUE POLKADOT PARTY CANDLES,4863.05,4011,240,1.2982644628099174,1.212428322114186,⭐ Core Product
SET/10 IVORY POLKADOT PARTY CANDLES,1380.84,1143,154,1.185923566878981,1.2080839895013122,⭐ Core Product
SET/10 PINK POLKADOT PARTY CANDLES,6488.54,5325,344,1.373,1.2185051643192488,⭐ Core Product
SET/10 RED POLKADOT PARTY CANDLES,7998.85,6606,379,1.3711488250652741,1.2108462004238572,⭐ Core Product
SET/12 FUNKY FELT FLOWER PEG IN BAG,416.91,223,48,2.0664583333333333,1.8695515695067266,⚠️ Rationalization Candidate
SET/12 TAPER CANDLES,605.89,607,93,1.2690526315789472,0.998171334431631,📦 Volume Driver
SET/2 RED RETROSPOT TEA TOWELS ,8536.85,2599,394,4.550554156171285,3.284667179684494,⭐ Core Product
SET/20 FRUIT SALAD PAPER NAPKINS ,143.44,88,25,1.63,1.63,⚠️ Rationalization Candidate
SET/20 RED RETROSPOT PAPER NAPKINS ,11312.56,13204,986,1.0924850894632205,0.8567524992426537,⭐ Core Product
SET/20 STRAWBERRY PAPER NAPKINS ,2531.04,2769,313,1.2559047619047619,0.9140628385698808,⭐ Core Product
SET/3 CHRISTMAS DECOUPAGE CANDLES,1005.3199999999999,892,69,1.9310144927536232,1.1270403587443945,⭐ Core Product
SET/3 DECOUPAGE STACKING TINS,992.5200000000001,193,69,5.95536231884058,5.14259067357513,💎 Premium Product
SET/3 FLORAL GARDEN TOOLS IN BAG,23.85,3,2,7.95,7.95,⚠️ Rationalization Candidate
SET/3 OCEAN SCENT CANDLE JEWEL BOX,1855.37,399,114,5.47,4.650050125313283,⭐ Core Product
SET/3 POLKADOT STACKING TINS,389.55,78,29,5.624137931034483,4.99423076923077,⚠️ Rationalization Candidate
SET/3 POT PLANT CANDLES,424.46000000000004,68,32,7.133125,6.242058823529412,⚠️ Rationalization Candidate
SET/3 RABBITS FLOWER SKIPPPING ROPE,112.55999999999999,126,26,0.9944444444444444,0.8933333333333332,⚠️ Rationalization Candidate
SET/3 RED GINGHAM ROSE STORAGE BOX,11905.95,3034,477,4.931106471816284,3.9241760052735666,⭐ Core Product
SET/3 ROSE CANDLE IN JEWELLED BOX,1911.8899999999999,401,112,5.833716814159293,4.767805486284289,⭐ Core Product
SET/3 TALL GLASS CANDLE HOLDER PINK,89.22,4,3,21.243333333333332,22.305,⚠️ Rationalization Candidate
SET/3 VANILLA SCENTED CANDLE IN BOX,3186.5,726,162,5.390864197530864,4.389118457300276,⭐ Core Product
SET/4 2 TONE EGG SHAPE MIXING BOWLS,9.95,1,1,9.95,9.95,⚠️ Rationalization Candidate
SET/4 BADGES BALLOON GIRL,561.84,448,89,1.4985555555555556,1.2541071428571429,📦 Volume Driver
SET/4 BADGES BEETLES,348.19,265,73,1.5762162162162163,1.3139245283018868,⚠️ Rationalization Candidate
SET/4 BADGES CUTE CREATURES,340.22,261,54,1.3612962962962964,1.3035249042145596,⚠️ Rationalization Candidate
SET/4 BADGES DOGS,445.01,338,89,1.5551685393258428,1.3165976331360947,⚠️ Rationalization Candidate
SET/4 BIRD MIRROR MAGNETS ,181.32999999999998,459,51,0.9040384615384615,0.39505446623093676,📦 Volume Driver
SET/4 BLUE FLOWER CANDLES IN BOWL,229.46999999999997,137,35,1.6975,1.6749635036496349,⚠️ Rationalization Candidate
SET/4 BUTTERFLY MIRROR MAGNETS,39.199999999999996,79,13,1.2646153846153847,0.49620253164556954,⚠️ Rationalization Candidate
SET/4 COLOURFUL MIXING BOWLS,661.9799999999999,70,43,9.826279069767441,9.45685714285714,💎 Premium Product
SET/4 DAISY MIRROR MAGNETS,192.73999999999998,494,44,1.044318181818182,0.390161943319838,📦 Volume Driver
SET/4 GARDEN ROSE DINNER CANDLE,11.549999999999999,7,3,1.6499999999999997,1.65,⚠️ Rationalization Candidate
SET/4 MODERN VINTAGE COTTON NAPKINS,86.75,77,23,1.1656521739130437,1.1266233766233766,⚠️ Rationalization Candidate
SET/4 RED MINI ROSE CANDLE IN BOWL,1142.4299999999998,744,191,1.8798952879581152,1.535524193548387,⭐ Core Product
SET/4 SKULL BADGES,1080.0,914,165,1.0932934131736527,1.1816192560175054,⭐ Core Product
SET/4 SPRING FLOWER DECORATION,1376.53,1143,128,2.0197674418604654,1.2043132108486438,⭐ Core Product
SET/4 WHITE RETRO STORAGE CUBES ,16363.300000000001,415,155,45.23225806451613,39.42963855421687,⭐ Core Product
SET/5 RED RETROSPOT LID GLASS BOWLS,17623.350000000002,6073,879,3.2893721973094174,2.901918327021242,⭐ Core Product
SET/5 RED SPOTTY LID GLASS BOWLS,734.4,288,1,2.55,2.55,💎 Premium Product
SET/6 BEAD COASTERS GAUZE BAG GOLD,309.29999999999995,582,27,1.9044444444444442,0.531443298969072,📦 Volume Driver
SET/6 BLACK BIRD T-LIGHT CANDLES,316.75,215,39,2.3964102564102565,1.4732558139534884,⚠️ Rationalization Candidate
SET/6 COLLAGE PAPER CUPS,773.14,2610,181,0.5010869565217392,0.2962222222222222,⭐ Core Product
SET/6 COLLAGE PAPER PLATES,1274.1899999999998,2413,217,0.638211009174312,0.5280522171570659,⭐ Core Product
SET/6 EAU DE NIL BIRD T-LIGHTS,608.53,335,72,2.6856944444444446,1.8165074626865672,⚠️ Rationalization Candidate
SET/6 FROG PRINCE T-LIGHT CANDLES,795.02,479,86,2.90367816091954,1.6597494780793318,⭐ Core Product
SET/6 FRUIT SALAD  PAPER PLATES,581.09,1259,105,0.5745714285714285,0.4615488482922955,📦 Volume Driver
SET/6 FRUIT SALAD PAPER CUPS,428.28000000000003,1678,103,0.41398058252427183,0.25523241954707987,📦 Volume Driver
SET/6 GREEN SPRING PAPER CUPS,48.99,233,25,0.2844,0.21025751072961374,⚠️ Rationalization Candidate
SET/6 IVORY BIRD T-LIGHT CANDLES,2.1,1,1,2.1,2.1,⚠️ Rationalization Candidate
SET/6 PINK  BUTTERFLY T-LIGHTS,4007.85,2096,186,2.3841176470588237,1.912142175572519,⭐ Core Product
SET/6 PINK BIRD T-LIGHT CANDLES,796.99,451,100,2.7365,1.7671618625277161,⭐ Core Product
SET/6 POSIES PAPER CUPS,74.57000000000001,141,16,0.6025,0.5288652482269504,⚠️ Rationalization Candidate
SET/6 POSIES PAPER PLATES,118.72999999999999,125,14,0.9614285714285714,0.9498399999999999,⚠️ Rationalization Candidate
SET/6 PURPLE BUTTERFLY T-LIGHTS,2145.2000000000003,888,196,3.1656565656565654,2.4157657657657663,⭐ Core Product
SET/6 RED SPOTTY PAPER CUPS,4851.5,7121,428,0.9603908045977011,0.6812947619716332,⭐ Core Product
SET/6 RED SPOTTY PAPER PLATES,6933.259999999999,8758,527,0.9860338345864661,0.7916487782598766,⭐ Core Product
SET/6 TURQUOISE BUTTERFLY T-LIGHTS,2561.02,1279,165,2.426547619047619,2.002361219702893,⭐ Core Product
SET/9 CHRISTMAS T-LIGHTS SCENTED ,30.0,24,7,1.25,1.25,⚠️ Rationalization Candidate
SET3 BOOK BOX GREEN GINGHAM FLOWER ,5163.63,1207,262,5.438282442748092,4.278069594034797,⭐ Core Product
SEWING BOX RETROSPOT DESIGN ,2124.54,209,86,13.27546511627907,10.165263157894737,💎 Premium Product
SEWING SUSAN 21 NEEDLE SET,880.4699999999999,918,172,1.2030232558139533,0.9591176470588234,⭐ Core Product
SHELF WITH 4 HOOKS HOME SWEET HOME,2409.34,461,107,6.854074074074074,5.226334056399133,⭐ Core Product
SHOE SHINE BOX ,633.0699999999999,57,44,11.448181818181817,11.106491228070174,⚠️ Rationalization Candidate
"SILICON CUBE 25W, BLUE",4.62,11,2,0.42,0.42,⚠️ Rationalization Candidate
SILICON STAR BULB  BLUE,7.56,18,8,0.42,0.42,⚠️ Rationalization Candidate
SILK PURSE BABUSHKA BLUE,657.76,194,58,3.5171186440677964,3.390515463917526,💎 Premium Product
SILK PURSE BABUSHKA PINK,1583.95,491,143,3.25,3.225967413441955,⭐ Core Product
SILK PURSE BABUSHKA RED,775.8000000000001,222,51,4.14686274509804,3.494594594594595,💎 Premium Product
SILVER  CANDLEPOT JARDIN ,82.5,22,7,3.75,3.75,⚠️ Rationalization Candidate
SILVER 2 STRAND NECKLACE-LEAF CHARM,15.0,2,2,7.5,7.5,⚠️ Rationalization Candidate
SILVER AND BLACK ORBIT NECKLACE,13.350000000000001,2,2,6.675000000000001,6.675000000000001,⚠️ Rationalization Candidate
SILVER APERITIF GLASS,128.4,276,8,0.8225,0.46521739130434786,⚠️ Rationalization Candidate
SILVER BELLS TABLE DECORATION,2739.38,2166,257,1.426235741444867,1.2647183748845798,⭐ Core Product
SILVER BLACK ORBIT BRACELET,68.73,13,11,5.307272727272728,5.2869230769230775,⚠️ Rationalization Candidate
SILVER BLACK ORBIT DROP EARRINGS,50.400000000000006,12,9,4.183333333333334,4.2,⚠️ Rationalization Candidate
SILVER BOOK MARK WITH BEADS,182.25,161,34,1.7126470588235294,1.1319875776397517,⚠️ Rationalization Candidate
SILVER BRACELET W PASTEL FLOWER,244.68,32,19,7.686315789473684,7.64625,⚠️ Rationalization Candidate
SILVER CHRISTMAS TREE BAUBLE STAND ,577.35,34,23,17.517391304347825,16.980882352941176,⚠️ Rationalization Candidate
SILVER DIAMANTE PEN IN GIFT BOX,548.93,173,66,3.803823529411765,3.1730057803468203,⚠️ Rationalization Candidate
SILVER DISCO HANDBAG,272.99,129,35,2.485,2.116201550387597,⚠️ Rationalization Candidate
SILVER DROP EARRINGS WITH FLOWER,67.36,18,14,3.7399999999999998,3.7422222222222223,⚠️ Rationalization Candidate
SILVER FABRIC MIRROR,219.35000000000002,458,46,0.7071739130434783,0.4789301310043669,📦 Volume Driver
SILVER FISHING GNOME ,419.52000000000004,52,27,9.361851851851853,8.067692307692308,⚠️ Rationalization Candidate
SILVER FLOWR PINK SHELL NECKLACE,342.76000000000005,53,4,7.21,6.467169811320756,⚠️ Rationalization Candidate
SILVER GLASS T-LIGHT SET,525.75,201,17,3.2276470588235298,2.6156716417910446,⚠️ Rationalization Candidate
SILVER GLITTER FLOWER VOTIVE HOLDER,437.59,1409,57,0.49448275862068963,0.3105677785663591,📦 Volume Driver
SILVER HANGING T-LIGHT HOLDER,7622.639999999999,4789,290,1.8617465753424658,1.5916976404259762,⭐ Core Product
SILVER HEARTS TABLE DECORATION,1075.03,1274,157,0.970754716981132,0.8438226059654631,⭐ Core Product
SILVER HOOP EARRINGS WITH FLOWER,168.0,28,18,6.027777777777778,6.0,⚠️ Rationalization Candidate
SILVER JEWELLED MIRROR TRINKET TRAY,695.23,95,45,9.787555555555555,7.31821052631579,💎 Premium Product
SILVER LARIAT 40CM,163.82,26,10,9.729000000000001,6.30076923076923,⚠️ Rationalization Candidate
SILVER LARIAT BLACK STONE EARRINGS,67.87,16,10,4.237,4.241875,⚠️ Rationalization Candidate
SILVER LATTICE VANILLA CANDLE POT,63.75,17,7,3.75,3.75,⚠️ Rationalization Candidate
SILVER LOOKING MIRROR,24.75,5,2,4.95,4.95,⚠️ Rationalization Candidate
SILVER M.O.P ORBIT BRACELET,197.09,38,27,5.245555555555556,5.186578947368421,⚠️ Rationalization Candidate
SILVER M.O.P ORBIT DROP EARRINGS,193.33,46,37,4.194054054054054,4.202826086956522,⚠️ Rationalization Candidate
SILVER M.O.P. ORBIT NECKLACE,54.800000000000004,11,6,6.675,4.981818181818182,⚠️ Rationalization Candidate
SILVER MINI TAPE MEASURE ,271.21999999999997,158,26,1.7962962962962963,1.7165822784810125,⚠️ Rationalization Candidate
SILVER MUG BONE CHINA TREE OF LIFE,1415.8500000000001,1162,111,1.845840707964602,1.2184595524956972,⭐ Core Product
SILVER OVAL SHAPE TRINKET BOX,221.79999999999998,25,17,8.609411764705882,8.872,⚠️ Rationalization Candidate
SILVER PHOTO FRAME,409.83,136,37,3.0435135135135134,3.013455882352941,⚠️ Rationalization Candidate
SILVER PLATE CANDLE BOWL SMALL,1101.2800000000002,348,57,3.8033333333333337,3.1645977011494257,💎 Premium Product
SILVER RECORD COVER FRAME,1649.6399999999999,365,41,6.041219512195122,4.519561643835616,⭐ Core Product
SILVER ROCCOCO CHANDELIER,504.32,14,9,39.39666666666667,36.02285714285714,⚠️ Rationalization Candidate
SILVER ROCOCO CANDLE STICK,340.7,146,14,3.3785714285714286,2.3335616438356164,⚠️ Rationalization Candidate
SILVER STANDING GNOME   ,217.35999999999999,44,22,5.079090909090909,4.9399999999999995,⚠️ Rationalization Candidate
SILVER STARS TABLE DECORATION,1739.6299999999999,2031,213,0.9744859813084111,0.8565386509108813,⭐ Core Product
SILVER T-LIGHT SETTING,924.29,143,28,7.292142857142857,6.463566433566434,💎 Premium Product
SILVER TEDDY BEAR,244.72,64,27,4.016666666666667,3.82375,⚠️ Rationalization Candidate
SILVER VANILLA  FLOWER CANDLE POT,369.87,95,26,4.273846153846154,3.8933684210526316,⚠️ Rationalization Candidate
SILVER/AMETHYST DROP EARRINGS LEAF,58.43,20,19,2.92,2.9215,⚠️ Rationalization Candidate
SILVER/BLACK ORBIT NECKLACE,29.849999999999998,3,2,9.95,9.95,⚠️ Rationalization Candidate
SILVER/BLACK PENDANT ORBIT NECKLACE,24.96,3,3,8.32,8.32,⚠️ Rationalization Candidate
SILVER/CRYSTAL DROP EARRINGS W LEAF,46.76,16,10,2.911,2.9225,⚠️ Rationalization Candidate
SILVER/M.O.P PENDANT ORBIT NECKLACE,105.71000000000001,17,7,7.815714285714286,6.2182352941176475,⚠️ Rationalization Candidate
SILVER/MOP ORBIT NECKLACE,162.79,16,15,10.189333333333334,10.174375,⚠️ Rationalization Candidate
SILVER/NAT SHELL NECKLACE W PENDANT,28.76,5,5,5.752000000000001,5.752000000000001,⚠️ Rationalization Candidate
SILVER/NATURAL SHELL NECKLACE,68.0,8,4,8.5,8.5,⚠️ Rationalization Candidate
SINGLE ANTIQUE ROSE HOOK IVORY,2752.2,1868,261,1.5256226415094338,1.473340471092077,⭐ Core Product
SINGLE HEART ZINC T-LIGHT HOLDER,6830.5,6265,507,1.3822047244094489,1.0902633679169993,⭐ Core Product
SINGLE WIRE HOOK IVORY HEART,1231.51,879,82,1.5985714285714285,1.4010352673492605,⭐ Core Product
SINGLE WIRE HOOK PINK HEART,528.6999999999999,414,27,1.6128571428571428,1.2770531400966183,📦 Volume Driver
SIX DRAWER OFFICE TIDY,616.79,65,27,10.162592592592592,9.489076923076922,⚠️ Rationalization Candidate
SKETCHBOOK MAGNETIC SHOPPING LIST,2253.7,1442,246,1.95914979757085,1.562898751733703,⭐ Core Product
SKULL AND CROSSBONES  GARLAND ,1684.85,1067,132,1.6689473684210525,1.579053420805998,⭐ Core Product
SKULL DESIGN TV DINNER TRAY,1590.82,321,140,5.848368794326241,4.955825545171339,💎 Premium Product
SKULL LUNCH BOX WITH CUTLERY ,5550.219999999999,2131,412,3.376298076923077,2.6045143125293286,⭐ Core Product
SKULL SHOULDER BAG,4480.28,2421,411,2.140631067961165,1.8505906650144568,⭐ Core Product
SKULLS  DESIGN  COTTON TOTE BAG,590.67,252,79,2.8841772151898732,2.343928571428571,⚠️ Rationalization Candidate
SKULLS  STICKERS,1028.58,1140,138,1.12731884057971,0.9022631578947368,⭐ Core Product
SKULLS  WATER TRANSFER TATTOOS ,1687.6799999999998,1972,174,1.1164,0.8558215010141987,⭐ Core Product
SKULLS AND CROSSBONES WRAP,2356.0,5800,165,0.41769696969696973,0.40620689655172415,⭐ Core Product
SKULLS DESIGN FLANNEL,313.01,287,103,1.3337864077669903,1.0906271777003484,⚠️ Rationalization Candidate
SKULLS GREETING CARD,778.89,1891,115,0.4853043478260869,0.4118931782125859,⭐ Core Product
SKULLS PARTY BAG + STICKER SET,1677.9999999999998,1032,148,1.798724832214765,1.6259689922480618,⭐ Core Product
SKULLS SQUARE TISSUE BOX,354.82,755,59,1.1886440677966101,0.46996026490066223,📦 Volume Driver
SKULLS STORAGE BOX LARGE,320.49,87,30,4.644,3.683793103448276,⚠️ Rationalization Candidate
SKULLS STORAGE BOX SMALL,256.44,96,41,3.225853658536585,2.67125,⚠️ Rationalization Candidate
SKULLS TAPE,251.17000000000002,704,70,0.6367605633802818,0.3567755681818182,📦 Volume Driver
SKULLS WRITING SET ,1484.1299999999999,864,252,1.9820703124999999,1.7177430555555555,⭐ Core Product
SLATE TILE NATURAL HANGING,2235.9399999999996,1472,162,1.9492073170731707,1.5189809782608692,⭐ Core Product
SLEEPING CAT ERASERS,1047.93,4991,290,0.29846938775510207,0.20996393508314967,⭐ Core Product
SMALL APOTHECARY MEASURING JAR ,629.0500000000001,81,28,8.078571428571427,7.766049382716051,⚠️ Rationalization Candidate
SMALL BLUE PROVENCAL CERAMIC BALL,103.93999999999998,62,9,1.832222222222222,1.6764516129032256,⚠️ Rationalization Candidate
SMALL BONNE JAM JAR  T-LIGHT HOLDER,808.16,422,22,2.0316666666666667,1.9150710900473933,⭐ Core Product
SMALL CAMPHOR WOOD FIELD  MUSHROOM,215.67999999999998,121,41,2.4429268292682926,1.782479338842975,⚠️ Rationalization Candidate
SMALL CERAMIC TOP STORAGE JAR ,4476.009999999999,5847,231,1.0025210084033613,0.7655224901658969,⭐ Core Product
SMALL CHINESE STYLE SCISSOR,4335.76,13328,54,0.4014814814814815,0.32531212484994,⭐ Core Product
SMALL CHOCOLATES PINK BOWL,956.4599999999999,1858,246,0.6337903225806452,0.5147793326157157,⭐ Core Product
SMALL CHUNKY GLASS ROMAN  BOWL,214.73000000000002,159,15,3.048666666666667,1.3505031446540883,⚠️ Rationalization Candidate
SMALL DECO JEWELLERY STAND,2005.81,243,79,8.972278481012658,8.254362139917696,💎 Premium Product
SMALL DOLLY MIX DESIGN ORANGE BOWL,2564.99,5030,527,0.6323408239700373,0.5099383697813121,⭐ Core Product
SMALL FOLDING SCISSOR(POINTED EDGE),360.71,2892,70,0.13614285714285712,0.1247268326417704,📦 Volume Driver
SMALL FOLKART STAR CHRISTMAS DEC,350.48,1245,54,0.860909090909091,0.28151004016064257,📦 Volume Driver
SMALL GLASS HEART TRINKET POT,9798.980000000001,4246,541,2.8415313653136534,2.3078144135657093,⭐ Core Product
SMALL GLASS SUNDAE DISH CLEAR,984.4699999999999,739,63,1.942063492063492,1.3321650879566982,⭐ Core Product
SMALL HAMMERED SILVER CANDLEPOT ,1107.91,361,50,3.35,3.069002770083103,⭐ Core Product
SMALL HANGING GLASS+ZINC LANTERN,62.349999999999994,43,8,1.45,1.45,⚠️ Rationalization Candidate
SMALL HANGING IVORY/RED WOOD BIRD,1302.31,2660,261,0.5927611940298507,0.48959022556390974,⭐ Core Product
SMALL HEART FLOWERS HOOK ,1540.4499999999998,1761,172,1.1178612716763006,0.8747586598523565,⭐ Core Product
SMALL HEART MEASURING SPOONS,2754.16,2847,472,1.2229853862212943,0.9673902353354408,⭐ Core Product
SMALL IVORY HEART WALL ORGANISER,5138.6,1020,152,6.2221710526315785,5.037843137254902,⭐ Core Product
SMALL JEWELLERY STAND,132.0,16,6,8.25,8.25,⚠️ Rationalization Candidate
SMALL KITCHEN FLOWER POTS PLAQUE,331.5,50,37,6.668918918918919,6.63,⚠️ Rationalization Candidate
SMALL LICORICE DES PINK BOWL,436.78,574,85,1.0889411764705883,0.7609407665505226,📦 Volume Driver
SMALL MARSHMALLOWS PINK BOWL,1982.98,3748,447,0.679671052631579,0.529076840981857,⭐ Core Product
SMALL MEDINA STAMPED METAL BOWL ,612.1,771,47,1.258723404255319,0.7939040207522698,📦 Volume Driver
SMALL PARISIENNE HEART PHOTO FRAME ,2239.2400000000002,939,142,2.7882394366197185,2.3847071352502667,⭐ Core Product
SMALL PARLOUR FRAME,106.98000000000002,42,2,2.6900000000000004,2.5471428571428576,⚠️ Rationalization Candidate
SMALL PARLOUR PICTURE FRAME,462.45,165,33,2.8782352941176472,2.8027272727272727,⚠️ Rationalization Candidate
SMALL PINK GLASS SUNDAE DISH,476.38,939,40,1.1465,0.5073269435569755,📦 Volume Driver
SMALL PINK MAGIC CHRISTMAS TREE,282.38,645,40,0.6804878048780487,0.4377984496124031,📦 Volume Driver
SMALL POLKADOT CHOCOLATE GIFT BAG ,819.64,943,52,1.0317307692307691,0.8691834570519618,⭐ Core Product
SMALL POP BOX FUNKY MONKEY,353.98,258,87,1.5590909090909089,1.3720155038759692,⚠️ Rationalization Candidate
"SMALL POP BOX,FUNKY MONKEY",216.47,152,34,1.5923529411764705,1.4241447368421052,⚠️ Rationalization Candidate
SMALL POPCORN HOLDER,17045.8,20149,589,1.0751602023608768,0.8459873939153307,⭐ Core Product
SMALL PURPLE BABUSHKA NOTEBOOK ,1187.96,1687,251,0.9793280632411067,0.7041849436870184,⭐ Core Product
SMALL RED BABUSHKA NOTEBOOK ,1350.4699999999998,1951,266,1.0024253731343282,0.6921937467965145,⭐ Core Product
SMALL RED RETROSPOT MUG IN BOX ,2354.4,948,116,4.214017094017094,2.4835443037974683,⭐ Core Product
SMALL RED RETROSPOT WINDMILL,3766.93,3075,226,1.469078947368421,1.2250178861788616,⭐ Core Product
SMALL REGAL  SILVER CANDLEPOT ,840.33,307,24,3.395,2.7372312703583064,💎 Premium Product
SMALL ROUND CUT GLASS CANDLESTICK,760.39,161,33,5.201212121212122,4.722919254658385,💎 Premium Product
SMALL SILVER FLOWER CANDLE POT,857.6800000000001,284,41,3.365609756097561,3.02,💎 Premium Product
SMALL SILVER TRELLIS CANDLEPOT,672.4000000000001,224,33,3.3015151515151517,3.0017857142857145,💎 Premium Product
SMALL SINGLE FLAME CANDLE HOLDER,11.549999999999999,33,6,0.3499999999999999,0.35,⚠️ Rationalization Candidate
SMALL SKULL WINDMILL,645.61,485,54,1.5116666666666665,1.3311546391752578,⭐ Core Product
SMALL SQUARE CUT GLASS CANDLESTICK,1106.54,187,51,6.9253846153846155,5.917326203208556,💎 Premium Product
SMALL STRIPES CHOCOLATE GIFT BAG ,594.51,867,28,0.874642857142857,0.6857093425605536,📦 Volume Driver
SMALL TAHITI BEACH BAG,18.6,4,1,4.65,4.65,⚠️ Rationalization Candidate
SMALL TALL CAMPHOR WOOD TOADSTOOL,217.89,142,34,2.119705882352941,1.5344366197183097,⚠️ Rationalization Candidate
SMALL WHITE HEART OF WICKER,8438.539999999999,4716,629,1.7480124223602485,1.7893426632739609,⭐ Core Product
SMALL WHITE RETROSPOT MUG IN BOX ,1384.3,729,86,3.8707954545454544,1.8989026063100136,⭐ Core Product
SMALL WHITE/PINK ROSE ART FLOWER,120.07000000000001,107,9,1.2077777777777778,1.1221495327102804,⚠️ Rationalization Candidate
SMALL YELLOW BABUSHKA NOTEBOOK ,758.13,1010,217,0.9668036529680365,0.7506237623762376,⭐ Core Product
SMALL ZINC HEART WALL ORGANISER,5416.18,1541,45,5.675777777777777,3.5147177157689815,⭐ Core Product
SMALL ZINC/GLASS CANDLEHOLDER,78.92999999999999,53,8,1.8175,1.4892452830188678,⚠️ Rationalization Candidate
SMALLFOLKART BAUBLE CHRISTMAS DEC,361.81,688,41,1.430731707317073,0.5258866279069767,📦 Volume Driver
SMOKEY GREY COLOUR D.O.F. GLASS,204.79,587,26,0.3522222222222222,0.3488756388415673,📦 Volume Driver
SMOKEY GREY COLOUR GLASS,84.75999999999999,236,15,0.426,0.3591525423728813,⚠️ Rationalization Candidate
SNACK TRAY HAPPY FOREST  ,234.92,116,25,2.2116,2.0251724137931033,⚠️ Rationalization Candidate
SNACK TRAY I LOVE LONDON,358.75,169,35,2.6265714285714283,2.1227810650887573,⚠️ Rationalization Candidate
SNACK TRAY PAISLEY PARK,367.34999999999997,179,32,2.5823529411764703,2.0522346368715083,⚠️ Rationalization Candidate
SNACK TRAY RED GINGHAM,125.72,60,14,2.417142857142857,2.0953333333333335,⚠️ Rationalization Candidate
SNACK TRAY RED VINTAGE DOILY,400.03999999999996,198,37,2.4010526315789473,2.02040404040404,⚠️ Rationalization Candidate
SNOWFLAKE PORTABLE TABLE LIGHT ,1557.65,529,127,3.042093023255814,2.9445179584120984,⭐ Core Product
SNOWSTORM PHOTO FRAME FRIDGE MAGNET,500.90999999999997,591,57,0.9998245614035087,0.8475634517766497,📦 Volume Driver
SOAP DISH BROCANTE,2070.73,719,110,3.2954545454545454,2.8800139082058416,⭐ Core Product
SOFT PINK ROSE TOWEL ,952.83,273,124,3.4126612903225806,3.4902197802197805,💎 Premium Product
SOLDIERS EGG CUP ,10858.31,9073,418,1.4978199052132701,1.196771740328447,⭐ Core Product
SOMBRERO ,5716.85,4415,61,1.812295081967213,1.2948697621744054,⭐ Core Product
SPACE BOY CHILDRENS CUP,145.76,131,6,1.4183333333333332,1.1126717557251908,⚠️ Rationalization Candidate
SPACE CADET BLACK,64.24,52,19,1.2942105263157895,1.2353846153846153,⚠️ Rationalization Candidate
SPACE CADET RED,159.7,131,33,1.1894117647058824,1.2190839694656488,⚠️ Rationalization Candidate
SPACE CADET WHITE,117.78,97,30,1.3816666666666668,1.2142268041237114,⚠️ Rationalization Candidate
SPACE FROG,233.52,174,56,1.5507142857142857,1.3420689655172415,⚠️ Rationalization Candidate
SPACE OWL,315.75,255,68,1.5561764705882353,1.238235294117647,⚠️ Rationalization Candidate
SPACEBOY BEAKER,3112.34,2628,184,1.5186559139784948,1.1842998477929985,⭐ Core Product
SPACEBOY BIRTHDAY CARD,3387.5699999999997,8161,527,0.5244318181818182,0.4150925131724053,⭐ Core Product
SPACEBOY CHILDRENS BOWL,2890.3500000000004,2430,214,1.4357009345794394,1.1894444444444445,⭐ Core Product
SPACEBOY CHILDRENS CUP,2557.57,2050,216,1.5344239631336405,1.2475951219512196,⭐ Core Product
SPACEBOY CHILDRENS EGG CUP,1624.63,1204,186,1.544627659574468,1.3493604651162792,⭐ Core Product
SPACEBOY GIFT WRAP,2673.34,6527,208,0.41865384615384615,0.40958173739849857,⭐ Core Product
SPACEBOY LUNCH BOX ,25719.02,14249,900,2.193337016574586,1.804970173345498,⭐ Core Product
SPACEBOY MINI BACKPACK,4697.54,1102,233,4.537829787234043,4.2627404718693285,⭐ Core Product
SPACEBOY MINI RUCKSACK,53.95,13,4,4.15,4.15,⚠️ Rationalization Candidate
SPACEBOY ROCKET LOLLY MAKERS,1475.03,662,113,2.7042982456140354,2.228141993957704,⭐ Core Product
SPACEBOY TV DINNER TRAY,1636.27,305,134,6.765149253731343,5.364819672131148,💎 Premium Product
SPACEBOY WALL ART,885.9000000000001,306,13,3.582307692307692,2.8950980392156866,💎 Premium Product
SPOTS ON RED BOOKCOVER TAPE,6.72,16,5,0.42000000000000004,0.42,⚠️ Rationalization Candidate
SPOTTED WHITE NATURAL SEED NECKLACE,72.0,72,7,1.0,1.0,⚠️ Rationalization Candidate
SPOTTY BUNTING,42513.48,8491,1141,5.514403114186851,5.006887292427276,⭐ Core Product
SPOTTY PINK DUCK DOORSTOP,1282.81,285,117,5.934786324786325,4.501087719298245,💎 Premium Product
SPRIG LAVENDER ARTIFICIAL FLOWER,160.48,224,10,1.001,0.7164285714285714,⚠️ Rationalization Candidate
SQUARE CHERRY BLOSSOM CABINET,719.5500000000001,129,19,5.569047619047619,5.5779069767441865,💎 Premium Product
SQUARE FLOOR CUSHION VINTAGE RED,672.05,71,42,10.515714285714285,9.465492957746479,💎 Premium Product
SQUARE METAL CANDLEHOLDER BASE,36.519999999999996,52,8,0.8099999999999999,0.7023076923076922,⚠️ Rationalization Candidate
SQUARE MINI PORTRAIT FRAME,556.17,277,52,2.273396226415094,2.0078339350180503,⚠️ Rationalization Candidate
SQUARECUSHION COVER PINK UNION FLAG,506.34000000000003,72,32,7.460625,7.032500000000001,⚠️ Rationalization Candidate
SQUARECUSHION COVER PINK UNION JACK,581.23,173,42,7.178571428571429,3.3597109826589597,⚠️ Rationalization Candidate
ST GEORGE SET OF 10 PARTY LIGHTS,5.9,2,2,2.95,2.95,⚠️ Rationalization Candidate
ST TROPEZ NECKLACE,224.12,45,35,4.9874285714285715,4.980444444444444,⚠️ Rationalization Candidate
STANDING FAIRY POLE SUPPORT ,278.5,346,22,0.8322727272727272,0.8049132947976878,⚠️ Rationalization Candidate
STAR  T-LIGHT HOLDER ,270.22999999999996,158,29,2.007,1.7103164556962023,⚠️ Rationalization Candidate
STAR DECORATION PAINTED ZINC ,1233.91,4679,180,0.44655913978494627,0.2637123316948066,⭐ Core Product
STAR DECORATION RUSTIC,1133.61,2452,142,0.5784563758389262,0.46232055464926586,⭐ Core Product
STAR PORTABLE TABLE LIGHT ,887.6500000000001,299,49,3.8757142857142854,2.968729096989967,💎 Premium Product
STAR T-LIGHT HOLDER WILLIE WINKIE,2004.9999999999998,1180,119,2.0156666666666667,1.6991525423728813,⭐ Core Product
STAR WOODEN CHRISTMAS DECORATION,2423.0,2684,221,1.121936936936937,0.9027570789865872,⭐ Core Product
STAR WREATH DECORATION WITH BELL,2138.42,1682,152,1.4865806451612902,1.2713555291319858,⭐ Core Product
STARFISH SOAP DISH,189.75,74,25,3.488076923076923,2.564189189189189,⚠️ Rationalization Candidate
STARS GIFT TAPE ,725.4200000000001,1653,133,0.6445864661654136,0.4388505747126437,⭐ Core Product
STEEL SWEETHEART ROUND TABLE CREAM,699.63,41,24,18.561666666666664,17.064146341463413,💎 Premium Product
STOOL HOME SWEET HOME ,2860.58,237,114,12.967478260869566,12.069957805907173,💎 Premium Product
STOP FOR TEA WALL ART,2572.7,518,41,5.775853658536586,4.966602316602316,⭐ Core Product
STORAGE TIN HOME SWEET HOME,621.44,275,56,3.0989285714285715,2.2597818181818186,⚠️ Rationalization Candidate
STORAGE TIN VINTAGE DOILEY ,23.13,7,2,4.34,3.3042857142857143,⚠️ Rationalization Candidate
STORAGE TIN VINTAGE DOILY ,3704.78,1272,190,3.4103125,2.9125628930817613,⭐ Core Product
STORAGE TIN VINTAGE LEAF,2003.1000000000001,772,104,2.9224770642201836,2.5946891191709844,⭐ Core Product
STRAWBERRIES  DESIGN FLANNEL ,373.34,358,105,1.3124528301886793,1.042849162011173,📦 Volume Driver
STRAWBERRY   PICNIC BAG,4898.849999999999,1707,251,3.405555555555556,2.8698594024604565,⭐ Core Product
STRAWBERRY BATH SPONGE ,1745.43,1232,228,1.7937554585152837,1.41674512987013,⭐ Core Product
STRAWBERRY CERAMIC TRINKET BOX,14117.58,10474,706,1.6549507735583686,1.3478690089746037,⭐ Core Product
STRAWBERRY CERAMIC TRINKET POT,2131.2200000000003,1369,125,1.7832539682539683,1.5567713659605553,⭐ Core Product
STRAWBERRY CHARLOTTE BAG,12548.15,9793,722,1.2022176308539945,1.2813387113244155,⭐ Core Product
STRAWBERRY DREAM CHILDS UMBRELLA,270.56,80,35,3.5517142857142856,3.382,⚠️ Rationalization Candidate
STRAWBERRY FAIRY CAKE TEAPOT,4132.88,798,203,5.948985507246377,5.179047619047619,⭐ Core Product
STRAWBERRY HONEYCOMB  GARLAND ,1610.9199999999998,1290,109,1.9194594594594594,1.2487751937984495,⭐ Core Product
STRAWBERRY LUNCH BOX WITH CUTLERY,9735.38,3935,575,3.1197084048027444,2.474048284625159,⭐ Core Product
STRAWBERRY RAFFIA FOOD COVER,2220.59,639,163,3.6676073619631904,3.4751017214397497,⭐ Core Product
STRAWBERRY SHOPPER BAG,3561.98,2855,412,1.6730215827338129,1.247628721541156,⭐ Core Product
STRAWBRY SCENTED VOTIVE CANDLE,267.45,1101,24,0.26666666666666666,0.24291553133514984,📦 Volume Driver
"STRING OF 8 BUTTERFLIES,PINK",41.24999999999999,25,6,1.65,1.6499999999999997,⚠️ Rationalization Candidate
STRING OF STARS CARD HOLDER,250.22000000000003,78,15,3.5340000000000003,3.2079487179487183,⚠️ Rationalization Candidate
STRIPES DESIGN MONKEY DOLL,118.72999999999999,39,22,3.4263636363636363,3.0443589743589743,⚠️ Rationalization Candidate
STRIPES DESIGN TEDDY,142.79999999999998,56,30,2.55,2.55,⚠️ Rationalization Candidate
STRIPEY CHOCOLATE NESTING BOXES,1061.41,355,110,3.314363636363636,2.989887323943662,⭐ Core Product
STRIPY DESIGN SHOWER CAP,70.57,197,15,0.6739999999999999,0.3582233502538071,⚠️ Rationalization Candidate
SUKI  SHOULDER BAG,6298.61,3393,530,2.336911487758945,1.8563542587680517,⭐ Core Product
SUMMER BUTTERFLIES BAG CHARM,134.53,54,31,2.485483870967742,2.491296296296296,⚠️ Rationalization Candidate
SUMMER DAISIES BAG CHARM,417.96,167,88,2.4803409090909088,2.502754491017964,⚠️ Rationalization Candidate
SUMMER FUN DESIGN SHOWER CAP,116.32999999999998,325,18,0.5566666666666666,0.3579384615384615,⚠️ Rationalization Candidate
SUNFLOWER DECORATIVE PARASOL,895.46,125,42,10.163571428571428,7.16368,💎 Premium Product
SUNJAR LED NIGHT NIGHT LIGHT,48.39,3,2,16.13,16.13,⚠️ Rationalization Candidate
SUNSET CHECK HAMMOCK,1657.42,192,62,10.798870967741935,8.632395833333334,💎 Premium Product
SUNSET COLOUR CHUNKY KNITTED THROW,720.93,60,39,11.514871794871794,12.0155,💎 Premium Product
SWALLOW SQUARE TISSUE BOX,732.39,1596,145,0.6958169934640523,0.458890977443609,⭐ Core Product
SWALLOW WOODEN CHRISTMAS DECORATION,1414.4599999999998,1538,173,1.0933333333333333,0.9196749024707411,⭐ Core Product
SWALLOWS GREETING CARD,2237.89,5527,274,0.4638181818181818,0.4049013931608467,⭐ Core Product
SWEET HEART CAKE CARRIER,795.5799999999999,80,44,10.365454545454545,9.944749999999999,💎 Premium Product
SWEET PUDDING STICKER SHEET,95.52999999999999,98,36,1.1297222222222223,0.9747959183673468,⚠️ Rationalization Candidate
SWEETHEART 3 TIER CAKE STAND ,3371.58,284,158,12.072264150943397,11.871760563380281,💎 Premium Product
SWEETHEART BIRD HOUSE,3041.21,847,94,4.551500000000001,3.5905667060212516,⭐ Core Product
SWEETHEART CAKESTAND 3 TIER,9687.3,958,377,11.18424403183024,10.112004175365344,⭐ Core Product
SWEETHEART CARRY-ALL BASKET,76.44,6,6,12.74,12.74,⚠️ Rationalization Candidate
SWEETHEART CERAMIC TRINKET BOX,7617.280000000001,6054,509,1.5708023483365947,1.2582226627023456,⭐ Core Product
SWEETHEART CREAM STEEL TABLE RECT,618.66,27,21,23.759999999999998,22.91333333333333,⚠️ Rationalization Candidate
SWEETHEART RECIPE BOOK STAND,8571.25,1211,368,8.111132075471698,7.077828241123039,⭐ Core Product
SWEETHEART WALL TIDY ,1007.0799999999999,108,43,9.900930232558139,9.324814814814815,💎 Premium Product
SWEETHEART WIRE FRUIT BOWL,1623.08,207,89,8.717191011235956,7.840966183574879,💎 Premium Product
SWEETHEART WIRE MAGAZINE RACK,2784.9,326,182,9.025934065934067,8.542638036809816,💎 Premium Product
SWEETHEART WIRE WALL TIDY,2295.43,227,109,10.87275229357798,10.11202643171806,💎 Premium Product
SWEETIES  STICKERS,277.24,301,50,1.1344,0.921063122923588,⚠️ Rationalization Candidate
SWIRLY CIRCULAR RUBBERS IN BAG,178.97,472,59,0.5913559322033899,0.3791737288135593,📦 Volume Driver
SWISS CHALET TREE DECORATION ,598.8199999999999,1385,119,0.6728455284552844,0.43236101083032485,📦 Volume Driver
SWISS ROLL TOWEL PINK  SPOTS,1913.6899999999998,706,39,3.641282051282051,2.7106090651558072,⭐ Core Product
"SWISS ROLL TOWEL, CHOCOLATE  SPOTS",1651.02,900,94,2.9389473684210525,1.8344666666666667,⭐ Core Product
"SWISS ROLL TOWEL, PINK  SPOTS",971.44,653,43,2.4974418604651163,1.4876569678407352,⭐ Core Product
Sale error,0.0,4,1,0.0,0.0,⚠️ Rationalization Candidate
T-LIGHT GLASS FLUTED ANTIQUE,9873.880000000001,7955,345,1.5130057803468209,1.2412168447517287,⭐ Core Product
T-LIGHT HOLDER HANGING LACE,831.26,839,82,1.318170731707317,0.9907747318235995,⭐ Core Product
T-LIGHT HOLDER HANGING LOVE BIRD,2032.77,542,101,3.961287128712871,3.7504981549815497,⭐ Core Product
T-LIGHT HOLDER SILVER HEART HANDLE,399.71,199,28,2.3906896551724137,2.0085929648241203,⚠️ Rationalization Candidate
T-LIGHT HOLDER SILVER PETIT FOUR ,232.42000000000002,184,16,1.325625,1.2631521739130436,⚠️ Rationalization Candidate
T-LIGHT HOLDER SILVER SAUCER,42.919999999999995,44,8,1.3299999999999998,0.9754545454545454,⚠️ Rationalization Candidate
T-LIGHT HOLDER SWEETHEART HANGING,1657.02,844,138,2.159928057553957,1.9632938388625591,⭐ Core Product
T-LIGHT HOLDER WHITE LACE,512.93,588,68,1.1177941176470587,0.8723299319727891,📦 Volume Driver
TABLE LAMP WHITE SHADE WOOD BASE,434.12,78,20,6.554,5.565641025641026,⚠️ Rationalization Candidate
TABLECLOTH RED APPLES DESIGN ,3027.3799999999997,305,122,10.172682926829268,9.925836065573769,💎 Premium Product
TALL ROCOCO CANDLE HOLDER,770.59,93,20,9.6295,8.285913978494625,💎 Premium Product
TEA BAG PLATE RED RETROSPOT,3583.29,4084,358,1.0849861495844875,0.8773971596474045,⭐ Core Product
TEA COSY BLUE STRIPE,877.38,250,105,4.214476190476191,3.50952,💎 Premium Product
TEA COSY RED  STRIPE,1091.05,369,121,3.744262295081967,2.9567750677506774,⭐ Core Product
TEA FOR ONE POLKADOT,2108.18,420,168,5.823214285714285,5.01947619047619,⭐ Core Product
TEA PARTY  WRAPPING PAPER ,929.0,2250,75,0.4189333333333333,0.4128888888888889,⭐ Core Product
TEA PARTY BIRTHDAY CARD,1873.71,4368,362,0.5336263736263736,0.4289629120879121,⭐ Core Product
TEA TIME BREAKFAST BASKET,2.1,1,1,2.1,2.1,⚠️ Rationalization Candidate
TEA TIME DES TEA COSY,1116.72,388,110,3.303,2.8781443298969074,⭐ Core Product
TEA TIME KITCHEN APRON,3414.5000000000005,602,133,6.340522388059702,5.671926910299004,⭐ Core Product
TEA TIME OVEN GLOVE,2927.55,2180,315,1.6214511041009463,1.3429128440366973,⭐ Core Product
TEA TIME PARTY BUNTING,12926.42,2578,467,6.160726495726495,5.014127230411171,⭐ Core Product
TEA TIME TABLE CLOTH,1769.25,187,33,12.030000000000001,9.461229946524064,💎 Premium Product
TEA TIME TEA SET IN GIFT BOX,906.83,133,49,6.676530612244897,6.818270676691729,💎 Premium Product
TEA TIME TEA TOWELS ,6045.0,2600,2,2.325,2.325,⭐ Core Product
TEA TIME TEAPOT IN GIFT BOX,2360.68,380,113,7.21141592920354,6.212315789473684,⭐ Core Product
TEAL/FUSCHIA COL BEAD NECKLACE,94.43,19,13,4.979230769230769,4.970000000000001,⚠️ Rationalization Candidate
TEATIME FUNKY FLOWER BACKPACK FOR 2,732.2299999999999,69,55,10.75872727272727,10.612028985507244,💎 Premium Product
TEATIME GEL PENS ASST,82.08,504,5,0.24,0.16285714285714287,📦 Volume Driver
TEATIME PEN CASE & PENS,55.25,65,14,0.85,0.85,⚠️ Rationalization Candidate
TEATIME PUSH DOWN RUBBER,115.3,479,13,0.5892307692307692,0.2407098121085595,📦 Volume Driver
TEATIME ROUND PENCIL SHARPENER ,205.29999999999998,1460,67,0.3280882352941176,0.14061643835616436,📦 Volume Driver
THE KING GIFT BAG,13.0,20,8,0.65,0.65,⚠️ Rationalization Candidate
THE KING GIFT BAG 25x24x12cm,11.76,28,8,0.42,0.42,⚠️ Rationalization Candidate
THREE CANVAS LUGGAGE TAGS,243.49,150,48,1.8197916666666665,1.6232666666666666,⚠️ Rationalization Candidate
THREE MINI HANGING FRAMES,610.0,142,50,4.540566037735849,4.295774647887324,⚠️ Rationalization Candidate
TIGRIS EYE CHUNKY CHARM BRACELET,210.04,23,20,9.1395,9.132173913043477,⚠️ Rationalization Candidate
TINY CRYSTAL BRACELET BLUE,12.52,5,5,2.504,2.504,⚠️ Rationalization Candidate
TINY CRYSTAL BRACELET GREEN,25.279999999999998,10,5,2.506,2.5279999999999996,⚠️ Rationalization Candidate
TINY CRYSTAL BRACELET RED,2.48,1,1,2.48,2.48,⚠️ Rationalization Candidate
TOADSTOOL BEDSIDE LIGHT ,2207.5499999999997,249,105,8.936792452830188,8.865662650602408,💎 Premium Product
TOADSTOOL MONEY BOX,2549.11,818,185,3.638235294117647,3.1162713936430317,⭐ Core Product
TOAST ITS - BEST MUM,1007.71,799,95,1.5822105263157895,1.2612140175219024,⭐ Core Product
TOAST ITS - DINOSAUR,23.75,19,10,1.25,1.25,⚠️ Rationalization Candidate
TOAST ITS - FAIRY FLOWER,703.3,642,151,1.219078947368421,1.0954828660436136,⭐ Core Product
TOAST ITS - HAPPY BIRTHDAY,493.29,411,108,1.1811111111111112,1.20021897810219,📦 Volume Driver
TOAST ITS - I LOVE YOU ,992.58,789,120,1.3647967479674796,1.258022813688213,⭐ Core Product
TOILET METAL SIGN,2155.8900000000003,3883,405,0.7287931034482759,0.5552124645892352,⭐ Core Product
TOILET SIGN OCCUPIED OR VACANT,3688.2099999999996,3741,433,1.5304347826086955,0.9858887997861533,⭐ Core Product
TOMATO CHARLIE+LOLA COASTER SET,905.55,512,88,2.508522727272727,1.76865234375,⭐ Core Product
TOOL BOX SOFT TOY ,1764.6399999999999,178,105,10.455428571428572,9.913707865168538,💎 Premium Product
TOOTHPASTE TUBE PEN,776.1,1273,205,1.0353846153846153,0.6096622152395915,⭐ Core Product
TOP SECRET PEN SET,57.5,46,10,1.25,1.25,⚠️ Rationalization Candidate
TOTE BAG I LOVE LONDON,2633.28,1288,136,2.6674264705882353,2.0444720496894413,⭐ Core Product
TOXIC AREA  DOOR HANGER ,792.98,1462,162,0.9853658536585366,0.5423939808481533,⭐ Core Product
TOY TIDY DOLLY GIRL DESIGN,1472.85,713,162,2.869320987654321,2.0657082748948103,⭐ Core Product
TOY TIDY PINK POLKADOT,7433.74,3439,469,3.0202536997885834,2.1615993021227102,⭐ Core Product
TOY TIDY SPACEBOY  ,2815.46,1313,286,2.6822648083623695,2.1442955064737244,⭐ Core Product
TOYBOX  WRAP ,288.92,726,23,0.4165217391304348,0.3979614325068871,📦 Volume Driver
TRADITIONAL CHRISTMAS RIBBONS,4655.2,3245,359,1.6685439560439561,1.4345762711864407,⭐ Core Product
TRADITIONAL KNITTING NANCY,10053.65,6148,609,1.8817932148626817,1.6352716330513988,⭐ Core Product
TRADITIONAL MODELLING CLAY,9572.32,8144,389,1.4223907455012852,1.1753831041257368,⭐ Core Product
TRADITIONAL NAUGHTS & CROSSES,6406.91,2841,257,1.8921374045801527,2.255160154875044,⭐ Core Product
TRADITIONAL PICK UP STICKS GAME ,4931.87,2772,276,1.431118881118881,1.7791738816738816,⭐ Core Product
TRADITIONAL WOODEN CATCH CUP GAME ,4317.16,3192,412,1.6051196172248803,1.3524937343358396,⭐ Core Product
TRADITIONAL WOODEN SKIPPING ROPE,10504.85,8131,426,1.5888452655889147,1.2919505595867666,⭐ Core Product
TRADTIONAL ALPHABET STAMP SET,4717.66,954,192,5.3034693877551025,4.945136268343815,⭐ Core Product
TRANQUILITY MASALA INCENSE,42.0,200,7,0.21,0.21,⚠️ Rationalization Candidate
TRANSPARENT ACRYLIC TAPE DISPENSER,42.58,40,17,1.3088235294117647,1.0645,⚠️ Rationalization Candidate
TRAVEL CARD WALLET DOTCOMGIFTSHOP,0.0,200,1,0.0,0.0,⚠️ Rationalization Candidate
TRAVEL CARD WALLET FLOWER MEADOW,762.75,1758,173,0.5191907514450866,0.43387372013651876,⭐ Core Product
TRAVEL CARD WALLET I LOVE LONDON,2126.55,4733,241,0.5217213114754098,0.4493027678005494,⭐ Core Product
TRAVEL CARD WALLET KEEP CALM,5262.82,12366,534,0.49730483271375464,0.42558790231279314,⭐ Core Product
TRAVEL CARD WALLET PANTRY,903.16,2002,221,0.6030357142857142,0.4511288711288711,⭐ Core Product
TRAVEL CARD WALLET RETRO PETALS,674.11,1544,105,0.4817592592592593,0.4365997409326425,⭐ Core Product
TRAVEL CARD WALLET RETROSPOT,956.94,2194,218,0.5283105022831049,0.4361622607110301,⭐ Core Product
TRAVEL CARD WALLET SKULLS,914.37,2119,192,0.5232474226804124,0.4315101462954224,⭐ Core Product
TRAVEL CARD WALLET SUKI,1058.64,2381,266,0.5419402985074626,0.444619907601848,⭐ Core Product
TRAVEL CARD WALLET TRANSPORT,1368.28,3169,278,0.5197132616487455,0.43177027453455347,⭐ Core Product
TRAVEL CARD WALLET UNION JACK,1094.93,2545,222,0.49327354260089684,0.4302278978388998,⭐ Core Product
TRAVEL CARD WALLET VINTAGE LEAF,578.48,1350,117,0.48307692307692307,0.4285037037037037,📦 Volume Driver
TRAVEL CARD WALLET VINTAGE ROSE ,226.2,542,53,0.41888888888888887,0.41734317343173427,📦 Volume Driver
TRAVEL CARD WALLET VINTAGE TICKET,2094.93,4801,408,0.5296385542168675,0.4363528431576755,⭐ Core Product
TRAVEL SEWING KIT,8612.07,5092,467,1.9666878980891718,1.6912941869599372,⭐ Core Product
"TRAY, BREAKFAST IN BED",3491.8599999999997,275,80,14.710749999999999,12.697672727272726,💎 Premium Product
TREASURE AHOY WALL ART,833.46,270,16,3.585,3.0868888888888892,💎 Premium Product
TREASURE ISLAND BOOK BOX,5521.29,2532,267,2.702074074074074,2.1806042654028435,⭐ Core Product
TREASURE TIN BUFFALO BILL ,3024.63,1470,214,2.2825345622119815,2.057571428571429,⭐ Core Product
TREASURE TIN GYMKHANA DESIGN,4669.55,2165,363,2.4851092896174864,2.156836027713626,⭐ Core Product
TREE T-LIGHT HOLDER WILLIE WINKIE,562.2199999999999,364,44,1.916818181818182,1.5445604395604393,📦 Volume Driver
TRIANGULAR POUFFE VINTAGE ,1161.65,63,33,21.74878787878788,18.43888888888889,💎 Premium Product
TRIPLE HOOK ANTIQUE IVORY ROSE,2645.26,798,227,3.5144155844155844,3.3148621553884716,⭐ Core Product
TRIPLE PHOTO FRAME CORNICE ,7173.549999999999,774,218,10.27288990825688,9.268152454780362,⭐ Core Product
TRIPLE WIRE HOOK IVORY HEART,766.1,182,52,4.535769230769231,4.2093406593406595,💎 Premium Product
TRIPLE WIRE HOOK PINK HEART,272.91,79,25,4.2404,3.454556962025317,⚠️ Rationalization Candidate
TROPICAL  HONEYCOMB PAPER GARLAND ,2987.82,1240,101,3.166153846153846,2.4095322580645164,⭐ Core Product
TROPICAL HOLIDAY PURSE ,81.66,32,18,2.5416666666666665,2.551875,⚠️ Rationalization Candidate
TROPICAL LUGGAGE TAG,105.91,73,33,1.720909090909091,1.4508219178082191,⚠️ Rationalization Candidate
TROPICAL PASSPORT COVER ,439.65,262,99,2.136767676767677,1.6780534351145038,⚠️ Rationalization Candidate
TUB 24 PINK FLOWER PEGS,271.03999999999996,164,58,1.6734482758620688,1.652682926829268,⚠️ Rationalization Candidate
TUMBLER BAROQUE,266.19,525,40,0.9255000000000001,0.5070285714285714,📦 Volume Driver
TUMBLER NEW ENGLAND,551.1899999999999,1261,53,1.408867924528302,0.43710547184773985,📦 Volume Driver
"TUMBLER, BAROQUE",84.03999999999999,56,7,4.595714285714286,1.5007142857142857,⚠️ Rationalization Candidate
"TUMBLER, NEW ENGLAND",182.29999999999998,142,14,3.643571428571429,1.2838028169014084,⚠️ Rationalization Candidate
TURQ ICE CREAM BUM BAG ,63.209999999999994,19,8,4.08125,3.3268421052631574,⚠️ Rationalization Candidate
TURQ PENDANT TRIPLE SHELL NECKLACE,52.31,10,8,5.3012500000000005,5.231,⚠️ Rationalization Candidate
TURQ STONE/CRYSTAL EARRINGS,113.97,39,31,2.9183870967741936,2.9223076923076925,⚠️ Rationalization Candidate
TURQ+RED BOUDICCA LARGE BRACELET,377.04,54,26,7.003076923076923,6.982222222222223,⚠️ Rationalization Candidate
TURQUOISE BERTIE GLASS BEAD CHARM,69.85,77,7,1.4785714285714284,0.907142857142857,⚠️ Rationalization Candidate
TURQUOISE CHRISTMAS TREE ,6.25,5,4,1.25,1.25,⚠️ Rationalization Candidate
TURQUOISE CRYSTAL+GLASS BRACELET,119.23,24,11,4.986363636363636,4.9679166666666665,⚠️ Rationalization Candidate
TURQUOISE GLASS TASSLE BAG CHARM ,121.38000000000001,57,20,2.035,2.1294736842105264,⚠️ Rationalization Candidate
TURQUOISE HEART OF GLASS BRACELET,53.42,9,5,5.924,5.935555555555556,⚠️ Rationalization Candidate
TUSCAN VILLA BIRD FEEDER,148.63,17,9,9.181111111111111,8.742941176470588,⚠️ Rationalization Candidate
TUSCAN VILLA BIRD TABLE ,156.75,19,11,8.25,8.25,⚠️ Rationalization Candidate
TUSCAN VILLA DOVECOTE,99.0,12,4,8.25,8.25,⚠️ Rationalization Candidate
TUSCAN VILLA DOVECOTE BIRD FEEDER,399.03,43,23,10.403478260869566,9.279767441860464,⚠️ Rationalization Candidate
TUSCAN VILLA FEEDING STATION,99.0,12,7,8.25,8.25,⚠️ Rationalization Candidate
TV DINNER TRAY AIR HOSTESS ,1502.02,419,105,5.730857142857143,3.5847732696897374,⭐ Core Product
TV DINNER TRAY DOLLY GIRL,1527.01,321,108,6.125185185185185,4.757040498442367,💎 Premium Product
TV DINNER TRAY VINTAGE PAISLEY,1623.04,505,114,4.974298245614034,3.2139405940594057,⭐ Core Product
TWO DOOR CURIO CABINET,2577.45,212,83,12.538554216867471,12.157783018867924,💎 Premium Product
UBO-LIGHT TRIOBASE BLUE,3.4,4,2,0.85,0.85,⚠️ Rationalization Candidate
UBO-LIGHT TRIOBASE PURPLE,4.25,5,3,0.85,0.85,⚠️ Rationalization Candidate
UNION FLAG WINDSOCK,426.94,387,22,1.345,1.103204134366925,📦 Volume Driver
UNION JACK FLAG LUGGAGE TAG,1292.38,747,193,1.9597938144329896,1.7300937081659975,⭐ Core Product
UNION JACK FLAG PASSPORT COVER ,2041.69,828,184,2.863763440860215,2.4658091787439615,⭐ Core Product
UNION JACK HOT WATER BOTTLE ,139.86,13,3,10.453333333333333,10.758461538461539,⚠️ Rationalization Candidate
UNION STRIPE CUSHION COVER ,503.75,403,65,1.25,1.25,📦 Volume Driver
UNION STRIPE WITH FRINGE  HAMMOCK,6944.360000000001,899,209,9.143333333333333,7.724538375973304,⭐ Core Product
URBAN BLACK RIBBONS ,869.1,848,184,1.0584491978609627,1.024882075471698,⭐ Core Product
UTILTY CABINET WITH HOOKS,2610.29,131,6,21.771666666666665,19.92587786259542,💎 Premium Product
VANILLA INCENSE 40 CONES IN TIN,36.25,29,12,1.25,1.25,⚠️ Rationalization Candidate
VANILLA INCENSE IN TIN,920.67,2084,95,0.7027272727272726,0.44178023032629554,⭐ Core Product
VANILLA SCENT CANDLE JEWELLED BOX,2696.48,1396,106,4.566851851851852,1.9315759312320917,⭐ Core Product
VEGETABLE GARDEN CHOPPING BOARD,382.44,76,22,6.240909090909091,5.032105263157895,⚠️ Rationalization Candidate
VEGETABLE MAGNETIC  SHOPPING LIST,49.8,36,3,1.3833333333333335,1.3833333333333333,⚠️ Rationalization Candidate
VICTORIAN  METAL POSTCARD SPRING,3206.0,2869,177,1.8941208791208792,1.1174625304984316,⭐ Core Product
VICTORIAN GLASS HANGING T-LIGHT,33146.82,24275,1037,1.6440249759846302,1.365471472708548,⭐ Core Product
VICTORIAN SEWING BOX LARGE,7674.799999999999,535,164,17.072499999999998,14.345420560747662,⭐ Core Product
VICTORIAN SEWING BOX MEDIUM,6901.42,688,261,11.262595419847328,10.031133720930233,⭐ Core Product
VICTORIAN SEWING BOX SMALL ,7077.200000000001,1179,285,7.013789473684211,6.0027141645462265,⭐ Core Product
VICTORIAN SEWING KIT,2822.58,2518,140,1.3965248226950355,1.1209610802223986,⭐ Core Product
VILLAGE SHOW WALL ART,2072.42,386,18,5.735555555555556,5.3689637305699485,⭐ Core Product
VINTAGE  2 METER FOLDING RULER,3073.72,1844,181,1.8808196721311474,1.666876355748373,⭐ Core Product
VINTAGE  2 METRE FOLDING RULER,3374.0499999999997,1627,152,1.9993506493506492,2.0737861094038106,⭐ Core Product
VINTAGE BEAD COSMETIC BAG ,156.85,57,35,2.699444444444444,2.751754385964912,⚠️ Rationalization Candidate
VINTAGE BEAD NOTEBOOK,433.19,150,52,3.3453846153846154,2.8879333333333332,⚠️ Rationalization Candidate
VINTAGE BEAD PINK EVENING BAG,937.25,619,94,2.0357291666666666,1.514135702746365,⭐ Core Product
VINTAGE BEAD PINK JEWEL BOX,17.0,4,3,4.25,4.25,⚠️ Rationalization Candidate
VINTAGE BEAD PINK JEWEL STAND,4.95,1,1,4.95,4.95,⚠️ Rationalization Candidate
VINTAGE BEAD PINK PURSE ,1066.6599999999999,979,128,1.466946564885496,1.0895403472931562,⭐ Core Product
VINTAGE BEAD PINK SCARF ,985.8399999999999,451,58,2.9,2.1858980044345895,⭐ Core Product
VINTAGE BEAD PINK SHADE ,16.25,13,2,1.25,1.25,⚠️ Rationalization Candidate
VINTAGE BELLS GARLAND,2443.35,821,149,3.24283870967742,2.9760657734470155,⭐ Core Product
VINTAGE BILLBOARD DRINK ME MUG,1380.28,991,177,1.71072625698324,1.3928153380423813,⭐ Core Product
VINTAGE BILLBOARD LOVE/HATE MUG,1890.33,1638,198,1.669396984924623,1.154047619047619,⭐ Core Product
VINTAGE BILLBOARD MUG ,1184.98,1106,107,1.6324074074074075,1.0714104882459312,⭐ Core Product
VINTAGE BILLBOARD TEA MUG,2250.52,1949,86,1.7434883720930232,1.1547049769112365,⭐ Core Product
VINTAGE BLUE KITCHEN CABINET,3685.0,26,20,146.75,141.73076923076923,💎 Premium Product
VINTAGE BLUE TINSEL REEL,0.84,2,1,0.42,0.42,⚠️ Rationalization Candidate
VINTAGE CARAVAN GIFT WRAP,273.0,650,27,0.42,0.42,📦 Volume Driver
VINTAGE CARAVAN GREETING CARD ,617.3199999999999,1452,137,0.575036496350365,0.4251515151515151,📦 Volume Driver
VINTAGE CHRISTMAS BUNTING,15798.66,2990,401,5.548627450980392,5.283832775919732,⭐ Core Product
VINTAGE CHRISTMAS CAKE FRILL,4034.08,2500,151,1.9589473684210525,1.613632,⭐ Core Product
VINTAGE CHRISTMAS GIFT BAG LARGE ,2182.39,1831,105,1.460952380952381,1.1919115237575095,⭐ Core Product
VINTAGE CHRISTMAS GIFT SACK,5964.150000000001,1423,214,4.452293577981651,4.191250878425861,⭐ Core Product
VINTAGE CHRISTMAS PAPER GIFT BAG,1313.3899999999999,1608,100,0.9070999999999999,0.8167848258706467,⭐ Core Product
VINTAGE CHRISTMAS STOCKING ,6488.2,2390,344,2.9656772334293944,2.7147280334728032,⭐ Core Product
VINTAGE CHRISTMAS TABLECLOTH,5012.96,407,117,13.607881355932204,12.316855036855037,⭐ Core Product
VINTAGE COFFEE GRINDER BOX,561.23,109,30,6.259333333333333,5.148899082568808,⚠️ Rationalization Candidate
VINTAGE CREAM 3 BASKET CAKE STAND,4145.389999999999,409,153,11.102941176470589,10.135427872860634,⭐ Core Product
VINTAGE CREAM CAT FOOD CONTAINER,5396.929999999999,802,316,7.846624605678234,6.7293391521197,⭐ Core Product
VINTAGE CREAM DOG FOOD CONTAINER,9661.32,1003,416,10.829090909090908,9.632422731804587,⭐ Core Product
VINTAGE DOILY DELUXE SEWING KIT ,5354.01,809,205,6.812864077669903,6.618059332509271,⭐ Core Product
VINTAGE DOILY JUMBO BAG RED ,10206.41,4802,259,2.2147709923664123,2.1254498125780925,⭐ Core Product
VINTAGE DOILY TRAVEL SEWING KIT,8497.98,3964,415,2.156320754716981,2.143789101917255,⭐ Core Product
VINTAGE DONKEY TAIL GAME ,6550.17,1815,252,4.252261904761904,3.608909090909091,⭐ Core Product
VINTAGE EMBOSSED HEART,1257.68,955,113,1.5479646017699114,1.3169424083769634,⭐ Core Product
VINTAGE ENAMEL & CRYSTAL EARRINGS,134.70000000000002,27,18,5.008333333333334,4.98888888888889,⚠️ Rationalization Candidate
VINTAGE ENAMEL & CRYSTAL NECKLACE,49.760000000000005,10,4,4.9925,4.976000000000001,⚠️ Rationalization Candidate
VINTAGE ENGRAVED HEART,75.0,60,4,1.25,1.25,⚠️ Rationalization Candidate
VINTAGE GLASS COFFEE CADDY,557.3000000000001,86,26,8.161538461538461,6.4802325581395355,⚠️ Rationalization Candidate
VINTAGE GLASS T-LIGHT HOLDER,1870.0299999999997,2237,149,0.9790131578947369,0.8359544032185963,⭐ Core Product
VINTAGE GLASS TEA CADDY,17.85,3,3,5.95,5.95,⚠️ Rationalization Candidate
VINTAGE HEADS AND TAILS CARD GAME ,10504.4,7865,608,1.5033333333333332,1.335588048315321,⭐ Core Product
VINTAGE JINGLE BELLS HEART,1897.76,228,78,8.462151898734177,8.323508771929825,💎 Premium Product
VINTAGE JINGLE BELLS WREATH,635.38,76,28,8.549285714285714,8.360263157894737,⚠️ Rationalization Candidate
VINTAGE KEEPSAKE BOX PARIS DAYS,686.86,112,56,6.938035714285715,6.132678571428571,💎 Premium Product
VINTAGE KEEPSAKE BOX PINK FLOWER,85.13,19,15,4.426,4.480526315789473,⚠️ Rationalization Candidate
VINTAGE KEEPSAKE BOX TRAVELOGUE,441.89,82,56,5.576964285714285,5.38890243902439,⚠️ Rationalization Candidate
VINTAGE KID DOLLY CARD ,1041.94,2478,213,0.5551643192488263,0.4204761904761905,⭐ Core Product
VINTAGE KITCHEN PRINT FRUITS,266.15,85,29,3.9972413793103443,3.131176470588235,⚠️ Rationalization Candidate
VINTAGE KITCHEN PRINT PUDDINGS,79.05,31,7,2.55,2.55,⚠️ Rationalization Candidate
VINTAGE KITCHEN PRINT SEAFOOD,129.63,43,14,3.9771428571428564,3.0146511627906976,⚠️ Rationalization Candidate
VINTAGE KITCHEN PRINT VEGETABLES,165.75,65,12,2.55,2.55,⚠️ Rationalization Candidate
VINTAGE LEAF CHOPPING BOARD  ,737.95,149,45,5.451333333333333,4.95268456375839,💎 Premium Product
VINTAGE LEAF MAGNETIC NOTEPAD,2601.15,1719,275,1.8156989247311828,1.513176265270506,⭐ Core Product
VINTAGE NOTEBOOK BEAUTY GIRL,8.850000000000001,3,2,2.95,2.9500000000000006,⚠️ Rationalization Candidate
VINTAGE NOTEBOOK PARIS DAYS,298.27,107,24,3.1816666666666666,2.7875700934579437,⚠️ Rationalization Candidate
VINTAGE NOTEBOOK TRAVELOGUE,105.73,38,13,2.6350000000000002,2.782368421052632,⚠️ Rationalization Candidate
VINTAGE PAISLEY STATIONERY SET,3510.72,1901,436,2.065475113122172,1.846775381378222,⭐ Core Product
VINTAGE PHOTO ALBUM PARIS DAYS,50.8,8,3,6.349999999999999,6.35,⚠️ Rationalization Candidate
VINTAGE PINK DECORATIVE PARASOL,489.74,88,24,8.200000000000001,5.565227272727273,⚠️ Rationalization Candidate
VINTAGE POST OFFICE CABINET,607.6500000000001,11,2,66.36,55.2409090909091,⚠️ Rationalization Candidate
VINTAGE RED ENAMEL TRIM JUG ,2231.61,595,136,4.0433088235294115,3.750605042016807,⭐ Core Product
VINTAGE RED ENAMEL TRIM MUG ,2090.75,1700,119,1.4140336134453781,1.2298529411764705,⭐ Core Product
VINTAGE RED ENAMEL TRIM PLATE,1406.2999999999997,830,80,1.891,1.69433734939759,⭐ Core Product
VINTAGE RED KITCHEN CABINET,8125.0,60,38,143.42105263157896,135.41666666666666,💎 Premium Product
VINTAGE RED MUG,693.47,702,54,1.533148148148148,0.9878490028490029,⭐ Core Product
VINTAGE RED TEATIME MUG,504.15,317,76,1.7896103896103894,1.590378548895899,⚠️ Rationalization Candidate
VINTAGE RED TRIM ENAMEL BOWL ,1501.03,1155,108,1.4721296296296298,1.2995930735930736,⭐ Core Product
VINTAGE ROSE BEAD BRACELET BLACK,152.4,36,17,4.214705882352941,4.233333333333333,⚠️ Rationalization Candidate
VINTAGE ROSE BEAD BRACELET RASPBERR,315.73,75,44,4.195227272727273,4.209733333333333,⚠️ Rationalization Candidate
VINTAGE SEASIDE JIGSAW PUZZLES,1565.83,398,148,4.369256756756757,3.934246231155779,⭐ Core Product
VINTAGE SHELLS PRINT,427.46000000000004,50,32,9.839375,8.5492,⚠️ Rationalization Candidate
VINTAGE SNAKES & LADDERS,7047.7,1788,398,4.917211055276382,3.9416666666666664,⭐ Core Product
VINTAGE SNAP CARDS,12510.009999999998,14521,926,1.0157754010695188,0.8615116038840299,⭐ Core Product
VINTAGE UNION JACK APRON,2939.51,407,169,8.065411764705884,7.222383292383293,⭐ Core Product
VINTAGE UNION JACK BUNTING,24525.83,2787,475,9.4460206185567,8.800082526013636,⭐ Core Product
VINTAGE UNION JACK CUSHION COVER,1982.64,380,104,5.838846153846154,5.2174736842105265,⭐ Core Product
VINTAGE UNION JACK DOORSTOP,1331.5600000000002,216,95,6.6444329896907215,6.164629629629631,💎 Premium Product
VINTAGE UNION JACK MEMOBOARD,22980.239999999998,3269,221,10.374389140271493,7.029746099724686,⭐ Core Product
VINTAGE UNION JACK PENNANT,1584.8,794,99,2.2763999999999998,1.9959697732997481,⭐ Core Product
VINTAGE UNION JACK SHOPPING BAG,1077.03,225,46,5.553829787234043,4.7867999999999995,💎 Premium Product
VINTAGE WOODEN BAR STOOL,169.75,6,4,27.4625,28.291666666666668,⚠️ Rationalization Candidate
VINTAGE ZINC PLANTER  ,120.08000000000001,32,11,4.366363636363636,3.7525000000000004,⚠️ Rationalization Candidate
VINTAGE ZINC WATERING CAN,139.39999999999998,13,8,11.206249999999999,10.72307692307692,⚠️ Rationalization Candidate
VINTAGE ZINC WATERING CAN SMALL,99.2,18,8,6.2125,5.511111111111111,⚠️ Rationalization Candidate
VINYL RECORD FRAME SILVER,5010.69,1339,113,4.564385964912281,3.7421135175504103,⭐ Core Product
VIP HOLIDAY PURSE,44.04,14,11,3.2436363636363637,3.1457142857142855,⚠️ Rationalization Candidate
VIP PASSPORT COVER ,94.04,43,17,2.375294117647059,2.1869767441860466,⚠️ Rationalization Candidate
VIPPASSPORT COVER ,209.66,142,34,2.421764705882353,1.4764788732394365,⚠️ Rationalization Candidate
WAKE UP COCKEREL CALENDAR SIGN ,348.59000000000003,81,33,4.996363636363636,4.30358024691358,⚠️ Rationalization Candidate
WAKE UP COCKEREL TILE COASTER,210.51999999999998,604,35,0.6694285714285714,0.34854304635761585,📦 Volume Driver
WAKE UP COCKEREL TILE HOOK,70.45,50,18,2.0805555555555557,1.409,⚠️ Rationalization Candidate
"WALL ART , LOVES' SECRET ",47.6,8,2,5.95,5.95,⚠️ Rationalization Candidate
"WALL ART , THE MAGIC FOREST ",13.9,2,1,6.95,6.95,⚠️ Rationalization Candidate
"WALL ART ,PUDDINGS ",61.2,8,2,7.85,7.65,⚠️ Rationalization Candidate
WALL ART 70'S ALPHABET ,2757.06,356,74,10.14864864864865,7.744550561797753,⭐ Core Product
WALL ART ANIMALS AND NATURE ,504.59000000000003,153,31,4.163870967741936,3.2979738562091505,⚠️ Rationalization Candidate
WALL ART BICYCLE SAFETY,5954.15,845,173,7.849252873563218,7.046331360946745,⭐ Core Product
WALL ART BICYCLE SAFTEY ,114.15,21,3,5.75,5.435714285714286,⚠️ Rationalization Candidate
WALL ART BIG LOVE ,5538.26,976,112,7.661681415929204,5.674446721311476,⭐ Core Product
WALL ART BUFFALO BILL ,1011.1000000000001,334,37,4.367837837837838,3.0272455089820363,💎 Premium Product
WALL ART CAT AND BIRD ,469.73,143,40,4.424,3.284825174825175,⚠️ Rationalization Candidate
WALL ART CLASSIC PUDDINGS ,6762.71,864,150,9.736866666666666,7.8272106481481485,⭐ Core Product
WALL ART DOG AND BALL ,301.56,102,28,3.883571428571429,2.956470588235294,⚠️ Rationalization Candidate
WALL ART DOG LICENCE ,3939.76,604,114,8.880260869565218,6.522781456953643,⭐ Core Product
WALL ART DOLLY GIRL ,956.0500000000002,319,26,4.647307692307693,2.9970219435736682,💎 Premium Product
WALL ART GARDEN HAVEN ,998.64,215,36,6.166944444444445,4.644837209302326,💎 Premium Product
WALL ART HORSE & PONY ,760.32,225,46,4.593478260869565,3.3792000000000004,💎 Premium Product
WALL ART I LOVE LONDON ,521.73,99,32,7.0649999999999995,5.2700000000000005,⚠️ Rationalization Candidate
WALL ART KEEP CALM ,4994.790000000001,967,83,8.668470588235293,5.165243019648398,⭐ Core Product
WALL ART LOVES' SECRET ,1180.35,239,39,6.626250000000001,4.938702928870293,💎 Premium Product
WALL ART MID CENTURY MODERN ,1015.78,164,20,7.523000000000001,6.193780487804878,💎 Premium Product
WALL ART ONLY ONE PERSON ,4406.57,1050,86,5.584883720930232,4.196733333333333,⭐ Core Product
WALL ART SPACEBOY,618.59,173,37,5.19972972972973,3.575664739884393,⚠️ Rationalization Candidate
WALL ART STOP FOR TEA ,6036.2,869,219,7.867545454545455,6.94614499424626,⭐ Core Product
WALL ART THE MAGIC FOREST ,933.16,148,13,8.537692307692309,6.305135135135135,💎 Premium Product
WALL ART TREASURE AHOY ,340.35,90,25,4.158399999999999,3.7816666666666667,⚠️ Rationalization Candidate
WALL ART VILLAGE SHOW ,1369.71,240,67,7.079253731343283,5.7071250000000004,💎 Premium Product
WALL ART VINTAGE HEART,1329.54,331,32,5.7790625,4.0167371601208455,💎 Premium Product
WALL ART WORK REST AND PLAY  ,901.58,210,31,5.301612903225807,4.293238095238095,💎 Premium Product
"WALL ART,ONLY ONE PERSON ",29.700000000000003,6,1,4.95,4.95,⚠️ Rationalization Candidate
WALL MIRROR RECTANGLE DIAMANTE PINK,1614.4,207,87,12.049080459770115,7.799033816425121,💎 Premium Product
WALL TIDY RETROSPOT ,3638.5699999999997,2283,293,3.022176870748299,1.5937669732807709,⭐ Core Product
WASH BAG VINTAGE ROSE PAISLEY,838.86,290,85,3.3250588235294116,2.8926206896551725,💎 Premium Product
WASHROOM METAL SIGN,4674.83,3012,364,1.657445652173913,1.5520683930942896,⭐ Core Product
WATERING CAN BLUE ELEPHANT,3998.7099999999996,2060,336,2.3051775147928995,1.9411213592233008,⭐ Core Product
WATERING CAN GARDEN MARKER,1967.9,1364,127,1.7803937007874016,1.442741935483871,⭐ Core Product
WATERING CAN GREEN DINOSAUR,2667.5,1394,227,2.2754148471615716,1.913558106169297,⭐ Core Product
WATERING CAN PINK BUNNY,3342.8199999999997,1717,278,2.2398214285714286,1.946895748398369,⭐ Core Product
WATERING CAN SINGLE HOOK PISTACHIO,3.36,1,1,3.36,3.36,⚠️ Rationalization Candidate
WATERMELON BATH SPONGE,72.49,29,10,2.4899999999999998,2.4996551724137928,⚠️ Rationalization Candidate
WAY OUT METAL SIGN ,59.39999999999999,36,8,1.65,1.6499999999999997,⚠️ Rationalization Candidate
WEEKEND BAG VINTAGE ROSE PAISLEY,527.85,69,1,7.65,7.65,⚠️ Rationalization Candidate
WELCOME  WOODEN BLOCK LETTERS,5247.09,523,188,10.999627659574466,10.032676864244742,⭐ Core Product
WHEELBARROW FOR CHILDREN ,1720.26,127,81,14.09074074074074,13.545354330708662,💎 Premium Product
WHITE  ROSEBUD PEARL BRACELET,140.98,38,15,5.290666666666667,3.7099999999999995,⚠️ Rationalization Candidate
WHITE 3 FRAME BIRDS AND TREE ,150.0,20,10,10.05,7.5,⚠️ Rationalization Candidate
WHITE ALLIUM  ARTIFICIAL FLOWER,28.73,17,4,1.69,1.69,⚠️ Rationalization Candidate
WHITE AND BLUE CERAMIC OIL BURNER,283.93,192,42,1.955952380952381,1.4788020833333333,⚠️ Rationalization Candidate
WHITE ANEMONE ARTIFICIAL FLOWER,3.38,2,1,1.69,1.69,⚠️ Rationalization Candidate
WHITE BAMBOO RIBS LAMPSHADE,854.4599999999999,976,65,1.2015492957746479,0.8754713114754098,⭐ Core Product
WHITE BAROQUE WALL CLOCK ,559.0,66,32,11.20625,8.469696969696969,⚠️ Rationalization Candidate
WHITE BEADED GARLAND STRING 20LIGHT,19.049999999999997,3,2,6.35,6.349999999999999,⚠️ Rationalization Candidate
WHITE BELL HONEYCOMB PAPER ,1923.2899999999997,1092,88,2.4459340659340656,1.7612545787545786,⭐ Core Product
WHITE BELL HONEYCOMB PAPER GARLAND ,648.4499999999999,369,48,2.120408163265306,1.7573170731707315,⭐ Core Product
WHITE BIRD GARDEN DESIGN MUG,23.63,7,2,8.69,3.3757142857142854,⚠️ Rationalization Candidate
WHITE BROCANTE SOAP DISH,2070.9,706,121,3.319105691056911,2.93328611898017,⭐ Core Product
WHITE CANDYSTUFT ARTIFICIAL FLOWER,411.55999999999995,308,20,1.387,1.336233766233766,⚠️ Rationalization Candidate
WHITE CHRISTMAS FLOCK DROPLET ,32.51,25,2,1.88,1.3004,⚠️ Rationalization Candidate
WHITE CHRISTMAS GARLAND STARS TREES,830.03,225,65,3.7701515151515155,3.689022222222222,💎 Premium Product
WHITE CHRISTMAS STAR DECORATION,189.0,438,30,0.4694117647058823,0.4315068493150685,📦 Volume Driver
WHITE CHRISTMAS TREE 60CM,5.9,2,2,2.95,2.95,⚠️ Rationalization Candidate
WHITE CHRYSANTHEMUMS ART FLOWER,115.50000000000001,55,8,2.1,2.1,⚠️ Rationalization Candidate
WHITE DOVE HONEYCOMB PAPER GARLAND,6.72,2,1,3.36,3.36,⚠️ Rationalization Candidate
WHITE ENAMEL FLOWER HAIR TIE,49.65,17,10,2.91,2.9205882352941175,⚠️ Rationalization Candidate
WHITE FRANGIPANI HAIR CLIP,8.5,10,1,0.85,0.85,⚠️ Rationalization Candidate
WHITE FRANGIPANI NECKLACE,98.07,39,17,2.510588235294118,2.5146153846153845,⚠️ Rationalization Candidate
WHITE GLASS CHUNKY CHARM BRACELET,245.63,27,25,9.1012,9.097407407407408,⚠️ Rationalization Candidate
WHITE GOOSE FEATHER CHRISTMAS TREE ,1233.21,332,78,4.546025641025642,3.714487951807229,💎 Premium Product
WHITE GOOSE FEATHER TREE 60CM ,571.65,283,48,2.3625000000000003,2.019964664310954,⚠️ Rationalization Candidate
WHITE HAND TOWEL WITH BUTTERFLY,466.3,184,27,3.976666666666667,2.534239130434783,⚠️ Rationalization Candidate
WHITE HANGING BEADS CANDLE HOLDER,1239.5,238,47,5.3999999999999995,5.207983193277311,💎 Premium Product
WHITE HANGING HEART T-LIGHT HOLDER,106236.72,37876,2260,3.212773218142549,2.804855845390221,⭐ Core Product
WHITE HEART CONFETTI IN TUBE,1006.8199999999999,1028,71,1.4450704225352111,0.979396887159533,⭐ Core Product
WHITE HEART OF GLASS BRACELET,35.31,6,5,5.872,5.885000000000001,⚠️ Rationalization Candidate
WHITE HEARTS WIRE PLANT POT HOLDER,963.27,343,71,3.2097183098591553,2.8083673469387755,💎 Premium Product
WHITE HONEYCOMB PAPER GARLAND ,888.67,355,72,2.5816438356164384,2.503295774647887,⭐ Core Product
WHITE HYDRANGEA ART FLOWER,46.2,22,3,2.1,2.1,⚠️ Rationalization Candidate
WHITE JEWELLED HEART DECORATION,1882.1499999999999,2146,162,1.1002958579881656,0.8770503261882572,⭐ Core Product
WHITE LOVEBIRD LANTERN,2764.0600000000004,834,164,3.735454545454546,3.3142206235011997,⭐ Core Product
WHITE METAL LANTERN,8037.7699999999995,1875,307,4.669299363057325,4.286810666666667,⭐ Core Product
WHITE MOROCCAN METAL LANTERN,381.54999999999995,69,26,6.704615384615384,5.529710144927535,⚠️ Rationalization Candidate
WHITE MURANO TWIST BRACELET,41.790000000000006,10,5,4.208,4.179,⚠️ Rationalization Candidate
WHITE ROCKING HORSE HAND PAINTED,3551.53,2849,192,1.4668316831683168,1.2465882765882768,⭐ Core Product
WHITE ROSEBUD  PEARL EARRINGS,47.43,19,18,2.493888888888889,2.4963157894736843,⚠️ Rationalization Candidate
WHITE ROSEBUD & PEARL NECKLACE,52.72,7,5,7.516,7.531428571428571,⚠️ Rationalization Candidate
WHITE SAGE INCENSE,337.14,1432,67,0.34253731343283583,0.23543296089385474,📦 Volume Driver
WHITE SILVER NECKLACE SHELL GLASS,20.17,2,2,10.085,10.085,⚠️ Rationalization Candidate
WHITE SKULL HOT WATER BOTTLE ,20582.2,3916,499,4.976555772994129,5.255924412665986,⭐ Core Product
WHITE SOAP RACK WITH 2 BOTTLES,969.8000000000001,172,48,6.570816326530613,5.638372093023256,💎 Premium Product
WHITE SPOT BLUE CERAMIC DRAWER KNOB,6041.2,4373,365,1.6796756756756757,1.3814772467413674,⭐ Core Product
WHITE SPOT RED CERAMIC DRAWER KNOB,6776.0,4992,409,1.6896626506024097,1.357371794871795,⭐ Core Product
WHITE SQUARE TABLE CLOCK,172.75,105,21,2.889047619047619,1.6452380952380952,⚠️ Rationalization Candidate
WHITE STITCHED CUSHION COVER,412.23,57,22,7.2995652173913035,7.232105263157895,⚠️ Rationalization Candidate
WHITE STITCHED WALL CLOCK,813.29,847,44,1.9481818181818182,0.9602007083825265,⭐ Core Product
WHITE STONE/CRYSTAL EARRINGS,17.5,6,6,2.9166666666666665,2.9166666666666665,⚠️ Rationalization Candidate
WHITE TALL PORCELAIN T-LIGHT HOLDER,1591.01,695,69,3.114782608695652,2.2892230215827336,⭐ Core Product
"WHITE TEA,COFFEE,SUGAR JARS",1134.5,622,59,2.090677966101695,1.8239549839228295,⭐ Core Product
WHITE TISSUE REAM,151.05,19,13,7.950000000000001,7.95,⚠️ Rationalization Candidate
WHITE TRAVEL ALARM CLOCK,676.27,280,89,2.4769662921348314,2.41525,💎 Premium Product
WHITE VINT ART DECO CRYSTAL NECKLAC,102.0,12,8,8.5,8.5,⚠️ Rationalization Candidate
WHITE VINTAGE CRYSTAL BRACELET,47.25,7,4,6.75,6.75,⚠️ Rationalization Candidate
WHITE VINTAGE CRYSTAL EARRINGS,38.7,10,6,3.9500000000000006,3.87,⚠️ Rationalization Candidate
WHITE WICKER STAR ,3146.78,1469,294,2.251291390728477,2.14212389380531,⭐ Core Product
WHITE WIRE EGG HOLDER,2012.74,312,76,7.74987012987013,6.451089743589743,💎 Premium Product
WHITE WIRE PLANT POT HOLDER,46.24,16,2,2.89,2.89,⚠️ Rationalization Candidate
WHITE WITH BLACK CATS PLATE,33.18,78,3,0.5433333333333333,0.42538461538461536,⚠️ Rationalization Candidate
WHITE WITH METAL BAG CHARM,14.850000000000001,3,1,4.95,4.95,⚠️ Rationalization Candidate
WHITE WOOD GARDEN PLANT LADDER,7909.28,784,429,10.87100233100233,10.088367346938774,⭐ Core Product
WHITE/PINK CHICK DECORATION,301.26,252,20,1.685,1.1954761904761904,⚠️ Rationalization Candidate
WHITE/PINK CHICK EASTER DECORATION,35.48,36,10,1.0939999999999999,0.9855555555555555,⚠️ Rationalization Candidate
WHITE/PINK MINI CRYSTALS NECKLACE,52.42,10,7,5.367142857142857,5.242,⚠️ Rationalization Candidate
WICKER STAR ,4251.72,1842,405,2.5493430656934306,2.3082084690553746,⭐ Core Product
WICKER WREATH LARGE,1452.55,729,151,2.3487179487179484,1.9925240054869684,⭐ Core Product
WICKER WREATH SMALL,1001.49,741,123,1.74696,1.3515384615384616,⭐ Core Product
WINE BOTTLE DRESSING DARK BLUE,12.969999999999999,52,12,0.43,0.24942307692307691,⚠️ Rationalization Candidate
WINE BOTTLE DRESSING LT.BLUE,3.0399999999999996,14,4,0.205,0.2171428571428571,⚠️ Rationalization Candidate
WIRE EGG BASKET ,872.38,113,44,8.26659090909091,7.720176991150442,💎 Premium Product
WIRE FLOWER T-LIGHT HOLDER,1.25,1,1,1.25,1.25,⚠️ Rationalization Candidate
WISE MAN STAR SHAPE EGG PAN,13.14,24,6,1.02,0.5475,⚠️ Rationalization Candidate
WOOD 2 DRAWER CABINET WHITE FINISH,15123.92,2386,543,6.952326007326008,6.338608549874267,⭐ Core Product
WOOD AND GLASS MEDICINE CABINET,299.5,10,10,29.95,29.95,⚠️ Rationalization Candidate
WOOD BLACK BOARD ANT WHITE FINISH,35966.92,6012,685,8.440540145985402,5.982521623419827,⭐ Core Product
WOOD S/3 CABINET ANT WHITE FINISH,11885.98,1402,403,9.038246913580247,8.47787446504993,⭐ Core Product
WOOD STAMP SET BEST WISHES,958.04,1017,187,1.130362694300518,0.9420255653883972,⭐ Core Product
WOOD STAMP SET FLOWERS,1122.3899999999999,1008,196,1.2908457711442785,1.1134821428571426,⭐ Core Product
WOOD STAMP SET HAPPY BIRTHDAY,964.2199999999999,945,173,1.2049425287356321,1.0203386243386243,⭐ Core Product
WOOD STAMP SET THANK YOU,1571.4899999999998,1509,280,1.277937062937063,1.0414115308151093,⭐ Core Product
WOOD STOCKING CHRISTMAS SCANDISPOT,1137.28,1569,177,0.8756043956043955,0.7248438495857233,⭐ Core Product
WOODEN ADVENT CALENDAR CREAM,7030.22,453,137,18.158260869565215,15.51924944812362,⭐ Core Product
WOODEN ADVENT CALENDAR RED,8714.24,746,137,13.112481751824818,11.681286863270778,⭐ Core Product
WOODEN BOX ADVENT CALENDAR ,89.5,10,5,8.95,8.95,⚠️ Rationalization Candidate
WOODEN BOX OF DOMINOES,8847.29,6391,588,1.57635,1.3843357846972306,⭐ Core Product
WOODEN CROQUET GARDEN SET,11276.21,782,299,16.2249,14.41970588235294,⭐ Core Product
WOODEN FRAME ANTIQUE WHITE ,21811.09,6999,971,3.577085889570552,3.1163151878839837,⭐ Core Product
WOODEN HAPPY BIRTHDAY GARLAND,6307.51,2165,290,3.49,2.9133995381062356,⭐ Core Product
WOODEN HEART CHRISTMAS SCANDINAVIAN,4075.3599999999997,10608,538,0.4979783393501805,0.3841779788838612,⭐ Core Product
WOODEN OWLS LIGHT GARLAND ,5789.85,1537,149,4.183509933774834,3.766981132075472,⭐ Core Product
WOODEN PICTURE FRAME WHITE FINISH,23057.06,8986,1100,3.1030650994575044,2.565886935232584,⭐ Core Product
WOODEN REGATTA BUNTING,2116.04,333,150,6.843999999999999,6.3544744744744746,💎 Premium Product
WOODEN ROUNDERS GARDEN SET ,12531.57,1327,358,10.739052924791086,9.44353428786737,⭐ Core Product
WOODEN SCHOOL COLOURING SET,9741.57,5883,433,1.777737556561086,1.6558847526772054,⭐ Core Product
WOODEN SKITTLES GARDEN SET,4638.46,313,142,16.473846153846154,14.819361022364218,💎 Premium Product
WOODEN STAR CHRISTMAS SCANDINAVIAN,3876.5399999999995,10460,512,0.46971698113207544,0.37060611854684505,⭐ Core Product
WOODEN TREE CHRISTMAS SCANDINAVIAN,1988.0199999999998,5167,338,0.5163896848137536,0.3847532417263402,⭐ Core Product
WOODEN UNION JACK BUNTING,12792.25,2091,407,6.789317073170731,6.117766618842659,⭐ Core Product
WOODLAND  HEIGHT CHART STICKERS ,2160.0,724,119,3.8703361344537814,2.983425414364641,⭐ Core Product
WOODLAND  STICKERS,786.31,868,103,1.2149514563106796,0.9058870967741934,⭐ Core Product
WOODLAND BUNNIES LOLLY MAKERS,1482.41,649,124,2.8688709677419357,2.284144838212635,⭐ Core Product
WOODLAND CHARLOTTE BAG,16744.45,13292,835,1.2079809976247031,1.2597389407162203,⭐ Core Product
WOODLAND DESIGN  COTTON TOTE BAG,1657.76,746,127,2.5840944881889762,2.2221983914209114,⭐ Core Product
WOODLAND LARGE BLUE FELT HEART,123.47,92,13,1.7153846153846155,1.3420652173913044,⚠️ Rationalization Candidate
WOODLAND LARGE PINK FELT HEART,324.40000000000003,285,13,1.5130769230769232,1.1382456140350878,⚠️ Rationalization Candidate
WOODLAND LARGE RED FELT HEART,264.72,205,22,1.4700000000000002,1.2913170731707317,⚠️ Rationalization Candidate
WOODLAND MINI BACKPACK,3411.34,816,152,4.640657894736842,4.180563725490196,⭐ Core Product
WOODLAND MINI RUCKSACK ,20.75,5,2,4.15,4.15,⚠️ Rationalization Candidate
WOODLAND PARTY BAG + STICKER SET,2975.14,1840,183,2.0058469945355193,1.6169239130434783,⭐ Core Product
WOODLAND SMALL BLUE FELT HEART,270.96,312,37,1.0405263157894737,0.8684615384615384,⚠️ Rationalization Candidate
WOODLAND SMALL PINK FELT HEART,242.17999999999998,286,31,0.959032258064516,0.8467832167832167,⚠️ Rationalization Candidate
WOODLAND SMALL RED FELT HEART,552.02,678,51,0.9533333333333333,0.814188790560472,📦 Volume Driver
WOODLAND STORAGE BOX LARGE ,1401.02,346,70,5.450571428571429,4.049190751445087,💎 Premium Product
WOODLAND STORAGE BOX SMALL,624.58,256,46,3.8434042553191494,2.439765625,⚠️ Rationalization Candidate
WORLD WAR 2 GLIDERS ASSTD DESIGNS,13814.009999999998,54951,535,0.3207276119402985,0.25138778184200467,⭐ Core Product
WOVEN BERRIES CUSHION COVER ,683.8,162,89,4.210898876404494,4.220987654320988,💎 Premium Product
WOVEN BUBBLE GUM CUSHION COVER,672.6,160,71,4.202676056338028,4.20375,💎 Premium Product
WOVEN CANDY CUSHION COVER ,292.56,68,39,4.2412820512820515,4.302352941176471,⚠️ Rationalization Candidate
WOVEN FROST CUSHION COVER,492.79,117,59,4.221525423728814,4.211880341880342,⚠️ Rationalization Candidate
WOVEN ROSE GARDEN CUSHION COVER ,912.03,217,90,4.205555555555556,4.202903225806452,💎 Premium Product
WOVEN SUNSET CUSHION COVER ,378.29,89,37,4.200810810810811,4.2504494382022475,⚠️ Rationalization Candidate
WRAP  PINK FLOCK,10.5,25,1,0.42,0.42,⚠️ Rationalization Candidate
WRAP  VINTAGE DOILEY ,42.0,100,2,0.42,0.42,⚠️ Rationalization Candidate
WRAP  VINTAGE DOILY ,1039.08,2474,94,0.42,0.42,⭐ Core Product
WRAP 50'S  CHRISTMAS,1892.46,4563,149,0.41919999999999996,0.4147403024326101,⭐ Core Product
WRAP A PRETTY THANK YOU,21.0,50,2,0.42,0.42,⚠️ Rationalization Candidate
WRAP ALPHABET DESIGN,3217.92,7976,235,0.41736170212765955,0.40345035105315946,⭐ Core Product
WRAP ALPHABET POSTER  ,763.1,1855,64,0.41875,0.4113746630727763,⭐ Core Product
WRAP BAD HAIR DAY,70.0,700,22,0.1,0.1,📦 Volume Driver
WRAP BILLBOARD FONTS DESIGN,769.02,1831,64,0.42,0.42,⭐ Core Product
WRAP BIRD GARDEN ,548.1,1305,52,0.42,0.42000000000000004,📦 Volume Driver
WRAP BLUE RUSSIAN FOLKART,10.5,25,1,0.42,0.42,⚠️ Rationalization Candidate
WRAP CAROUSEL,157.5,375,14,0.42,0.42,📦 Volume Driver
WRAP CHRISTMAS SCREEN PRINT,291.5,1050,33,0.2736363636363636,0.2776190476190476,📦 Volume Driver
WRAP CHRISTMAS VILLAGE,2014.42,4901,142,0.4184507042253521,0.4110222403591104,⭐ Core Product
WRAP CIRCUS PARADE,1202.84,2902,103,0.4192233009708738,0.414486560992419,⭐ Core Product
WRAP COWBOYS  ,847.94,2057,71,0.4188732394366197,0.41222168206125426,⭐ Core Product
WRAP DAISY CARPET ,277.2,660,25,0.42,0.42,📦 Volume Driver
WRAP DOILEY DESIGN,1927.26,4703,164,0.41853658536585364,0.409793748671061,⭐ Core Product
WRAP DOLLY GIRL,1160.0,2800,100,0.4192,0.4142857142857143,⭐ Core Product
WRAP ENGLISH ROSE ,2980.42,7201,248,0.41943548387096774,0.4138897375364533,⭐ Core Product
WRAP FLOWER SHOP  ,661.5,1575,62,0.42,0.42,⭐ Core Product
WRAP FOLK ART,84.0,200,8,0.42,0.42,⚠️ Rationalization Candidate
WRAP GINGHAM ROSE ,943.92,2276,82,0.41926829268292676,0.4147275922671353,⭐ Core Product
WRAP GREEN PEARS ,790.86,1883,77,0.41999999999999993,0.42,⭐ Core Product
WRAP GREEN RUSSIAN FOLKART ,21.0,50,2,0.42,0.42,⚠️ Rationalization Candidate
WRAP I LOVE LONDON ,1774.42,4501,104,0.4163461538461538,0.3942279493445901,⭐ Core Product
WRAP KEEP CALM BIRTHDAY,460.5,1125,36,0.4183333333333333,0.4093333333333333,📦 Volume Driver
WRAP MAGIC FOREST ,451.5,1075,43,0.42,0.42,📦 Volume Driver
WRAP MONSTER FUN ,527.94,1257,49,0.42,0.42000000000000004,📦 Volume Driver
WRAP PAISLEY PARK ,1365.0,3250,120,0.42,0.42,⭐ Core Product
WRAP PINK FAIRY CAKES ,2331.0,5800,167,0.4168862275449102,0.4018965517241379,⭐ Core Product
WRAP POPPIES  DESIGN,2105.5,5175,158,0.41861635220125787,0.4068599033816425,⭐ Core Product
WRAP RED APPLES ,2158.26,5253,174,0.41908045977011493,0.41086236436322104,⭐ Core Product
WRAP RED DOILEY,159.6,380,16,0.42,0.42,📦 Volume Driver
WRAP RED VINTAGE DOILY,866.0,2100,68,0.41884057971014493,0.4123809523809524,⭐ Core Product
WRAP SUKI AND FRIENDS,1687.5,4075,134,0.41955223880597015,0.41411042944785276,⭐ Core Product
WRAP SUMMER ROSE DESIGN,42.84,102,5,0.42000000000000004,0.42000000000000004,⚠️ Rationalization Candidate
WRAP VINTAGE LEAF DESIGN,2109.42,5251,134,0.4173333333333333,0.4017177680441821,⭐ Core Product
WRAP VINTAGE PETALS  DESIGN,1327.5,3275,104,0.4176923076923077,0.40534351145038167,⭐ Core Product
WRAP WEDDING DAY,528.5,1325,39,0.41641025641025636,0.3988679245283019,📦 Volume Driver
"WRAP, BILLBOARD FONTS DESIGN",731.42,1951,35,0.4154285714285714,0.3748949256791389,⭐ Core Product
"WRAP, CAROUSEL",42.0,100,4,0.42,0.42,⚠️ Rationalization Candidate
YELLOW BREAKFAST CUP AND SAUCER,66.35000000000001,53,18,2.036666666666667,1.2518867924528303,⚠️ Rationalization Candidate
YELLOW COAT RACK PARIS FASHION,1342.39,287,100,5.285841584158416,4.677317073170732,💎 Premium Product
YELLOW DRAGONFLY HELICOPTER,151.05,19,8,7.95,7.95,⚠️ Rationalization Candidate
YELLOW EASTER EGG HUNT START POST,150.38,76,19,2.064736842105263,1.9786842105263158,⚠️ Rationalization Candidate
YELLOW FELT HANGING HEART W FLOWER,67.39,87,29,0.7927586206896551,0.7745977011494253,⚠️ Rationalization Candidate
YELLOW FLOWERS FELT HANDBAG KIT,98.63000000000001,46,19,2.2068421052631577,2.144130434782609,⚠️ Rationalization Candidate
YELLOW GIANT GARDEN THERMOMETER,1993.75,288,115,7.784695652173913,6.922743055555555,💎 Premium Product
YELLOW METAL CHICKEN HEART ,1079.67,721,91,2.0770652173913042,1.4974618585298198,⭐ Core Product
YELLOW PINK FLOWER DESIGN BIG BOWL,10.92,28,3,0.38999999999999996,0.39,⚠️ Rationalization Candidate
YELLOW POT PLANT CANDLE,71.05,23,9,3.127777777777778,3.0891304347826085,⚠️ Rationalization Candidate
YELLOW SHARK HELICOPTER,572.41,71,53,8.04925925925926,8.062112676056337,⚠️ Rationalization Candidate
YELLOW/BLUE RETRO RADIO,47.2,16,7,2.95,2.95,⚠️ Rationalization Candidate
YELLOW/ORANGE FLOWER DESIGN PLATE,19.72,68,2,0.29,0.29,⚠️ Rationalization Candidate
YELLOW/PINK CERAMIC CANDLE HOLDER,19.81,6,4,3.3075,3.3016666666666663,⚠️ Rationalization Candidate
YELLOW/PINK FLOWER DESIGN BIG MUG,14.43,33,14,0.494,0.43727272727272726,⚠️ Rationalization Candidate
YOU'RE CONFUSING ME METAL SIGN ,7301.7699999999995,4413,450,2.245964912280702,1.6546045773849987,⭐ Core Product
YULETIDE IMAGES GIFT WRAP SET,561.34,687,93,1.1588297872340425,0.8170887918486173,📦 Volume Driver
YULETIDE IMAGES S/6 PAPER BOXES,30.599999999999998,12,7,2.55,2.55,⚠️ Rationalization Candidate
ZINC  HEART T-LIGHT HOLDER,1090.66,868,69,1.5915942028985506,1.256520737327189,⭐ Core Product
ZINC  STAR T-LIGHT HOLDER ,1441.43,1217,46,1.5256521739130435,1.1844124897288415,⭐ Core Product
ZINC BOX SIGN HOME,1378.75,141,64,10.073749999999999,9.77836879432624,💎 Premium Product
ZINC FINISH 15CM PLANTER POTS,748.34,601,57,1.4157894736842105,1.2451580698835274,⭐ Core Product
ZINC FOLKART SLEIGH BELLS,9512.73,5050,456,2.4164301075268813,1.883708910891089,⭐ Core Product
ZINC HEART FLOWER T-LIGHT HOLDER,1033.28,795,79,1.627594936708861,1.2997232704402515,⭐ Core Product
ZINC HEART LATTICE 2 WALL PLANTER,120.64999999999999,19,11,6.35,6.35,⚠️ Rationalization Candidate
ZINC HEART LATTICE CHARGER LARGE,217.57999999999998,52,18,4.592222222222222,4.184230769230769,⚠️ Rationalization Candidate
ZINC HEART LATTICE CHARGER SMALL,61.95,21,8,2.95,2.95,⚠️ Rationalization Candidate
ZINC HEART LATTICE T-LIGHT HOLDER,957.32,716,88,1.6134831460674157,1.3370391061452516,⭐ Core Product
ZINC HEART LATTICE TRAY OVAL ,53.550000000000004,9,7,5.95,5.95,⚠️ Rationalization Candidate
ZINC HEARTS PLANT POT HOLDER,792.47,283,52,2.9438461538461542,2.8002473498233216,💎 Premium Product
ZINC HERB GARDEN CONTAINER,3516.64,556,204,6.744,6.324892086330935,⭐ Core Product
ZINC METAL HEART DECORATION,7418.07,5937,535,1.3647155963302753,1.2494643759474482,⭐ Core Product
ZINC PLANT POT HOLDER,23.12,8,1,2.89,2.89,⚠️ Rationalization Candidate
ZINC STAR T-LIGHT HOLDER ,10.0,8,1,1.25,1.25,⚠️ Rationalization Candidate
ZINC SWEETHEART SOAP DISH,114.33000000000001,61,21,2.2395238095238095,1.8742622950819674,⚠️ Rationalization Candidate
ZINC SWEETHEART WIRE LETTER RACK,1020.69,263,90,4.236666666666666,3.8809505703422054,💎 Premium Product
ZINC T-LIGHT HOLDER STAR LARGE,1956.6799999999998,2060,167,1.0807142857142857,0.9498446601941747,⭐ Core Product
ZINC T-LIGHT HOLDER STARS LARGE,22.799999999999997,24,2,0.95,0.9499999999999998,⚠️ Rationalization Candidate
ZINC T-LIGHT HOLDER STARS SMALL,4197.83,5089,274,0.9436727272727272,0.8248830811554333,⭐ Core Product
ZINC TOP  2 DOOR WOODEN SHELF ,270.08,13,12,21.094166666666666,20.775384615384613,⚠️ Rationalization Candidate
ZINC WILLIE WINKIE  CANDLE STICK,2712.7,2934,269,1.0868382352941177,0.9245739604635309,⭐ Core Product
ZINC WIRE KITCHEN ORGANISER,239.97,30,16,9.929375,7.999,⚠️ Rationalization Candidate
ZINC WIRE SWEETHEART LETTER TRAY,275.62,83,23,3.9765217391304346,3.320722891566265,⚠️ Rationalization Candidate
add stock to allocate online orders,0.0,2,1,0.0,0.0,⚠️ Rationalization Candidate
adjustment,0.0,365,14,0.0,0.0,📦 Volume Driver
alan hodge cant mamage this section,0.0,30,1,0.0,0.0,⚠️ Rationalization Candidate
allocate stock for dotcom orders ta,0.0,4,1,0.0,0.0,⚠️ Rationalization Candidate
amazon,0.0,161,8,0.0,0.0,⚠️ Rationalization Candidate
amazon adjust,0.0,10,1,0.0,0.0,⚠️ Rationalization Candidate
amazon sales,0.0,20,1,0.0,0.0,⚠️ Rationalization Candidate
came coded as 20713,0.0,3100,1,0.0,0.0,📦 Volume Driver
check,0.0,1217,39,0.0,0.0,📦 Volume Driver
check?,0.0,374,1,0.0,0.0,📦 Volume Driver
damaged,0.0,192,1,0.0,0.0,⚠️ Rationalization Candidate
did  a credit  and did not tick ret,0.0,1300,1,0.0,0.0,📦 Volume Driver
dotcom,0.0,71,4,0.0,0.0,⚠️ Rationalization Candidate
dotcom adjust,0.0,10,1,0.0,0.0,⚠️ Rationalization Candidate
dotcomstock,0.0,4,1,0.0,0.0,⚠️ Rationalization Candidate
for online retail orders,0.0,1,1,0.0,0.0,⚠️ Rationalization Candidate
found,0.0,1990,25,0.0,0.0,📦 Volume Driver
found box,0.0,24,1,0.0,0.0,⚠️ Rationalization Candidate
had been put aside,0.0,248,5,0.0,0.0,⚠️ Rationalization Candidate
incorrectly credited C550456 see 47,0.0,1300,1,0.0,0.0,📦 Volume Driver
mailout,0.0,300,3,0.0,0.0,⚠️ Rationalization Candidate
mailout ,0.0,100,1,0.0,0.0,⚠️ Rationalization Candidate
michel oops,0.0,22,1,0.0,0.0,⚠️ Rationalization Candidate
on cargo order,0.0,192,1,0.0,0.0,⚠️ Rationalization Candidate
rcvd be air temp fix for dotcom sit,0.0,100,1,0.0,0.0,⚠️ Rationalization Candidate
returned,0.0,4,2,0.0,0.0,⚠️ Rationalization Candidate
taig adjust,0.0,37,2,0.0,0.0,⚠️ Rationalization Candidate
test,0.0,23,2,0.0,0.0,⚠️ Rationalization Candidate
to push order througha s stock was ,0.0,10,1,0.0,0.0,⚠️ Rationalization Candidate
website fixed,0.0,110,1,0.0,0.0,⚠️ Rationalization Candidate
wrongly coded 20713,0.0,800,1,0.0,0.0,📦 Volume Driver
wrongly coded 23343,0.0,1000,1,0.0,0.0,📦 Volume Driver
wrongly marked,0.0,48,1,0.0,0.0,⚠️ Rationalization Candidate
wrongly marked 23343,0.0,200,1,0.0,0.0,⚠️ Rationalization Candidate
wrongly sold (22719) barcode,0.0,170,1,0.0,0.0,⚠️ Rationalization Candidate
