Description,StockCode,Revenue,Quantity,InvoiceNo
 4 PURPLE FLOCK DINNER CANDLES,72800B,285.7,142,38
 50'S CHRISTMAS GIFT BAG LARGE,23437,2343.63,1915,129
 DOLLY GIRL BEAKER,23345,2886.25,2451,174
 I LOVE LONDON MINI BACKPACK,23391,1624.02,388,86
 I LOVE LONDON MINI RUCKSACK,23391,4.15,1,1
 NINE DRAWER OFFICE TIDY,23472,894.42,58,33
 OVAL WALL MIRROR DIAMANTE ,22167,2391.12,237,157
 RED SPOT GIFT BAG LARGE,23438,2089.92,1713,103
 SET 2 TEA TOWELS I LOVE LONDON ,22900,8082.05,2783,269
 SPACEBOY BABY GIFT SET,23007,7741.749999999999,498,184
 TOADSTOOL BEDSIDE LIGHT ,23079,17.9,2,1
 TRELLIS COAT RACK,23411,1118.6100000000001,227,56
*Boombox Ipod Classic,21120,16.98,1,1
*USB Office Mirror Ball,20954,16.94,2,2
10 COLOUR SPACEBOY PEN,22418,5585.45,6564,318
12 COLOURED PARTY BALLOONS,22436,1398.51,2134,163
12 DAISY PEGS IN WOOD BOX,21448,592.6199999999999,344,77
12 EGG HOUSE PAINTED WOOD,22282,2378.52,149,99
12 HANGING EGGS HAND PAINTED,23442,83.2,40,7
12 IVORY ROSE PEG PLACE SETTINGS,21447,1478.1,969,148
12 MESSAGE CARDS WITH ENVELOPES,22906,2947.87,1733,251
12 PENCIL SMALL TUBE WOODLAND,20973,3210.27,4497,355
12 PENCILS SMALL TUBE RED RETROSPOT,20975,4383.27,6633,362
12 PENCILS SMALL TUBE SKULL,20974,4527.43,6976,355
12 PENCILS TALL TUBE POSY,20984,1166.07,3785,170
12 PENCILS TALL TUBE RED RETROSPOT,20983,2374.81,2737,268
12 PENCILS TALL TUBE SKULLS,20982,1880.6699999999998,2151,256
12 PENCILS TALL TUBE WOODLAND,20981,1740.57,1974,249
12 PINK HEN+CHICKS IN BASKET,84461,104.55,41,14
12 PINK ROSE PEG PLACE SETTINGS,21445,267.5,214,21
12 RED ROSE PEG PLACE SETTINGS,21446,630.92,449,105
15 PINK FLUFFY CHICKS IN BOX,84465,29.5,10,7
15CM CHRISTMAS GLASS BALL 20 LIGHTS,85048,10910.61,1359,261
16 PC CUTLERY SET PANTRY DESIGN,23253,63.8,4,1
16 PIECE CUTLERY SET PANTRY DESIGN,23253,3785.06,254,69
18PC WOODEN CUTLERY SET DISPOSABLE,23124,751.38,567,43
2 DAISIES HAIR COMB,90168,52.56,18,12
2 PICTURE BOOK EGGS EASTER BUNNY,21458,256.54,182,36
2 PICTURE BOOK EGGS EASTER CHICKS,21456,222.22,171,25
2 PICTURE BOOK EGGS EASTER DUCKS,21457,165.89,124,25
20 DOLLY PEGS RETROSPOT,22567,3251.6,2448,222
200 BENDY SKULL STRAWS,22316,742.37,660,55
200 RED + WHITE BENDY STRAWS,22315,1218.93,916,172
3 BIRDS CANVAS SCREEN,84731,2.04,2,2
3 BLACK CATS W HEARTS BLANK CARD,84206A,4.5600000000000005,24,3
3 DRAWER ANTIQUE WHITE WOOD CABINET,82486,6457.94,734,202
3 GARDENIA MORRIS BOXED CANDLES,85034A,911.4,498,74
3 GARDENIA MORRIS BOXED CANDLES,85034a,24.869999999999997,3,3
3 HEARTS HANGING DECORATION RUSTIC,22158,11797.380000000001,3413,303
3 HOOK HANGER MAGIC GARDEN,22244,3276.2099999999996,1703,159
3 HOOK PHOTO SHELF ANTIQUE WHITE,22171,13611.81,1794,382
3 PIECE SPACEBOY COOKIE CUTTER SET,22964,5472.6900000000005,2624,378
3 PINK HEN+CHICKS IN BASKET,84462,15.0,12,6
3 RAFFIA RIBBONS 50'S CHRISTMAS ,23434,1884.17,2095,199
3 RAFFIA RIBBONS VINTAGE CHRISTMAS,23435,732.4200000000001,824,99
3 ROSE MORRIS BOXED CANDLES,85034C,1800.0,1129,158
3 STRIPEY MICE FELTCRAFT,22150,5907.84,3021,468
3 TIER CAKE TIN GREEN AND CREAM,22839,6981.67,445,201
3 TIER CAKE TIN RED AND CREAM,22838,9765.11,689,168
3 TIER SWEETHEART GARDEN SHELF,22824,1938.2500000000002,55,43
3 TRADITIONAL COOKIE CUTTERS  SET,22965,304.20000000000005,162,4
3 TRADITIONAl BISCUIT CUTTERS  SET,22965,2606.4100000000003,1209,232
3 WHITE CHOC MORRIS BOXED CANDLES,85034B,1628.78,945,120
3 WHITE CHOC MORRIS BOXED CANDLES,85034b,8.29,1,1
3 WICK CHRISTMAS BRIAR CANDLE ,72815,15.97,3,2
36 DOILIES DOLLY GIRL,22949,1347.8899999999999,911,90
36 DOILIES VINTAGE CHRISTMAS,22950,7060.28,5171,177
36 FOIL HEART CAKE CASES,22956,3983.3900000000003,2050,198
36 FOIL STAR CAKE CASES ,22955,2053.3500000000004,1184,135
36 PENCILS TUBE POSY,20980,76.91,79,20
36 PENCILS TUBE RED RETROSPOT,20979,4723.7300000000005,3734,325
36 PENCILS TUBE SKULLS,20978,2395.05,1795,263
36 PENCILS TUBE WOODLAND,20977,2328.64,1739,185
3D CHRISTMAS STAMPS STICKERS ,22731,1536.24,1172,143
3D DOG PICTURE PLAYING CARDS,84558A,987.4100000000001,333,81
3D DOG PICTURE PLAYING CARDS,84558a,29.310000000000002,5,5
3D HEARTS  HONEYCOMB PAPER GARLAND,21188,1021.9000000000001,326,50
3D SHEET OF CAT STICKERS,84559B,217.29,237,55
3D SHEET OF CAT STICKERS,84559b,38.33,23,20
3D SHEET OF DOG STICKERS,84559A,375.60999999999996,397,94
3D SHEET OF DOG STICKERS,84559a,48.379999999999995,29,22
3D TRADITIONAL CHRISTMAS STICKERS,22733,2095.08,1583,197
3D VINTAGE CHRISTMAS STICKERS ,22732,2162.75,1645,188
4 BLUE DINNER CANDLES SILVER FLOCK,72800D,226.67,87,31
4 BURGUNDY WINE DINNER CANDLES,72801G,57.46,45,13
4 GOLD FLOCK CHRISTMAS BALLS,35833G,6.72,2,1
4 IVORY DINNER CANDLES SILVER FLOCK,72800E,1205.64,538,136
4 LAVENDER BOTANICAL DINNER CANDLES,21615,1347.92,891,135
4 LILY  BOTANICAL DINNER CANDLES,21617,1009.26,525,102
4 PEAR BOTANICAL DINNER CANDLES,21616,1288.34,822,138
4 PINK DINNER CANDLE SILVER FLOCK,72800C,259.71999999999997,130,35
4 PINK FLOCK CHRISTMAS BALLS,35833P,88.47,49,22
4 ROSE PINK DINNER CANDLES,72801C,180.65,145,19
4 ROSE PINK DINNER CANDLES,72801c,95.94,39,25
4 SKY BLUE DINNER CANDLES,72801D,113.21,75,18
4 SKY BLUE DINNER CANDLES,72801d,184.7,75,44
4 TRADITIONAL SPINNING TOPS,22620,6782.21,4890,484
4 VANILLA BOTANICAL CANDLES,21619,1476.4,974,164
4 WILDFLOWER BOTANICAL CANDLES,21618,768.37,404,91
5 HOOK HANGER MAGIC TOADSTOOL,22242,994.3799999999999,640,34
5 HOOK HANGER RED MAGIC TOADSTOOL,22243,4751.639999999999,3098,131
5 STRAND GLASS NECKLACE AMBER,90199D,37.620000000000005,6,6
5 STRAND GLASS NECKLACE AMETHYST,90199B,56.59,9,8
5 STRAND GLASS NECKLACE BLACK,90199A,69.63,11,6
5 STRAND GLASS NECKLACE CRYSTAL,90199C,120.28999999999999,19,10
50'S CHRISTMAS PAPER GIFT BAG,23375,1100.6899999999998,1342,103
50CM METAL STRING WITH  7 CLIPS,47481,171.79,225,23
6 CHOCOLATE LOVE HEART T-LIGHTS,85038,2171.26,1061,142
6 EGG HOUSE PAINTED WOOD,22283,2726.43,299,155
6 GIFT TAGS 50'S CHRISTMAS ,23354,3429.3999999999996,3740,322
6 GIFT TAGS VINTAGE CHRISTMAS ,23353,3510.0499999999997,4007,327
6 RIBBONS ELEGANT CHRISTMAS ,22075,2489.0299999999997,1773,200
6 RIBBONS EMPIRE  ,22076,1667.8799999999999,1259,225
6 RIBBONS RUSTIC CHARM,22077,17186.62,9172,955
6 RIBBONS SHIMMERING PINKS ,22074,1239.6699999999998,1402,199
6 ROCKET BALLOONS ,22439,1293.22,1898,197
60 CAKE CASES DOLLY GIRL DESIGN,22951,3990.2000000000003,7481,437
60 CAKE CASES VINTAGE CHRISTMAS,22952,9498.87,16032,618
60 GOLD AND SILVER FAIRY CAKE CASES,84990,1.1,2,2
60 TEATIME FAIRY CAKE CASES,84991,9169.970000000001,18189,828
6PC WOOD PLATE SET DISPOSABLE,23125,574.88,459,38
70'S ALPHABET WALL ART,23542,1043.1,150,15
72 CAKE CASES VINTAGE CHRISTMAS,22952,13.200000000000001,24,1
72 SWEETHEART FAIRY CAKE CASES,84992,6532.780000000001,13319,615
75 BLACK PETIT FOUR CASES,84993B,24.36,58,18
75 GREEN FAIRY CAKE CASES,84989A,14.850000000000001,27,17
75 GREEN FAIRY CAKE CASES,84989a,87.51,42,25
75 GREEN PETIT FOUR CASES,84993A,159.69,343,55
75 GREEN PETIT FOUR CASES,84993a,26.56,32,19
?,21479,0.0,752,1
?,22171,0.0,142,1
?,23135,0.0,101,1
?,72803A,0.0,117,1
?,84988,0.0,3000,1
?,85123A,0.0,4000,1
A PRETTY THANK YOU CARD,23697,194.58,456,35
A4 WALL TIDY BLUE OFFICE,71496A,80.96000000000001,127,12
A4 WALL TIDY RED FLOWERS,71496B,7.37,13,4
ABC TREASURE BOOK BOX ,23176,4693.08,2165,226
ABSTRACT CIRCLE JOURNAL ,20770,447.25,184,72
ABSTRACT CIRCLES POCKET BOOK,20758,135.15,159,42
ABSTRACT CIRCLES SKETCHBOOK ,20764,603.3100000000001,142,76
ACRYLIC GEOMETRIC LAMP,85161,568.65,35,20
"ACRYLIC HANGING JEWEL,BLUE",35819B,106.05,268,24
"ACRYLIC HANGING JEWEL,PINK",35819P,66.55,95,7
"ACRYLIC JEWEL ANGEL,PINK",35816P,29.64,78,2
"ACRYLIC JEWEL ICICLE, BLUE",35818B,11.780000000000001,31,3
"ACRYLIC JEWEL ICICLE, PINK",35818P,105.83,263,19
"ACRYLIC JEWEL SNOWFLAKE, PINK",35815P,63.28000000000001,162,5
"ACRYLIC JEWEL SNOWFLAKE,PINK",35817P,15.299999999999999,6,1
ADULT APRON APPLE DELIGHT,22939,945.88,184,45
ADVENT CALENDAR GINGHAM SACK,22580,6848.1900000000005,1315,247
AFGHAN SLIPPER SOCK PAIR,51008,1690.5500000000002,519,22
AGED GLASS SILVER T-LIGHT HOLDER,21326,6859.27,10535,340
AIRLINE BAG VINTAGE JET SET BROWN,22375,1626.54,351,170
AIRLINE BAG VINTAGE JET SET RED,22374,2427.52,552,226
AIRLINE BAG VINTAGE JET SET WHITE,22376,1133.2,253,123
AIRLINE BAG VINTAGE TOKYO 78,22371,5072.32,1095,395
AIRLINE BAG VINTAGE WORLD CHAMPION ,22372,1289.49,282,150
"AIRLINE LOUNGE,METAL SIGN",82567,1408.07,711,291
ALARM CLOCK BAKELIKE CHOCOLATE,22725,8153.6,1980,428
ALARM CLOCK BAKELIKE GREEN,22726,27155.28,6419,980
ALARM CLOCK BAKELIKE IVORY,22730,11453.4,2885,570
ALARM CLOCK BAKELIKE ORANGE,22729,9068.95,2323,445
ALARM CLOCK BAKELIKE PINK,22728,20672.15,5356,783
ALARM CLOCK BAKELIKE RED ,22727,30644.87,7800,1051
ALPHABET HEARTS STICKER SHEET,21723,350.08,397,59
ALPHABET STENCIL CRAFT,22564,3057.27,2697,186
ALUMINIUM HEART,23068,74.7,30,6
ALUMINIUM STAMPED HEART,23068,1892.2300000000002,779,130
AMAZON,22848,0.0,1,1
AMAZON,22925,0.0,1,1
AMAZON,72807A,0.0,1,1
AMAZON FEE,AMAZONFEE,13761.09,2,2
AMBER 3 BEAD DROP EARRINGS,90182A,23.2,8,8
AMBER BERTIE GLASS BEAD BAG CHARM,90125E,21.05,11,10
AMBER BERTIE MOBILE PHONE CHARM,90126C,6.58,2,1
AMBER CHUNKY BEAD BRACELET W STRAP,90184A,117.73,13,9
AMBER CHUNKY GLASS+BEAD NECKLACE,90178A,95.25,8,8
AMBER CRYSTAL DROP EARRINGS,90011E,8.76,3,3
AMBER DIAMANTE EXPANDABLE RING,90185A,131.03,31,13
AMBER DROP EARRINGS W LONG BEADS,90183A,117.24000000000001,40,23
AMBER FINE BEAD NECKLACE W TASSEL,90179A,35.31,6,5
AMBER GLASS TASSLE BAG CHARM,90129D,33.440000000000005,14,7
AMBER GLASS/SHELL/PEARL NECKLACE,90181A,64.04,7,7
AMBER GLASS/SILVER BRACELET,90010E,227.89,25,16
AMETHYST 3 BEAD DROP EARRINGS,90182B,14.5,5,5
AMETHYST CHUNKY BEAD BRACELET W STR,90184B,297.94,33,21
AMETHYST DIAMANTE EXPANDABLE RING,90185B,97.02,23,12
AMETHYST DROP EARRINGS W LONG BEADS,90183B,61.08,21,17
AMETHYST GLASS/SHELL/PEARL NECKLACE,90181B,137.63,15,14
AMETHYST HOOP EARRING FLORAL LEAF,90186A,32.16,11,9
ANGEL DECORATION 3 BUTTONS ,22154,1636.67,3745,162
ANGEL DECORATION PAINTED ZINC ,22337,574.5400000000001,912,77
ANGEL DECORATION STARS ON DRESS,22153,1109.05,2593,131
ANGEL DECORATION WITH LACE PADDED,22157,180.2,212,11
ANIMAL STICKERS,16011,367.29,1749,46
ANIMALS AND NATURE WALL ART,23527,923.97,267,17
ANT COPPER LIME BOUDICCA BRACELET,90161C,412.74,83,50
ANT COPPER PINK BOUDICCA BRACELET,90161D,318.89000000000004,64,34
ANT COPPER RED BOUDICCA BRACELET,90161A,119.91000000000001,24,21
ANT COPPER TURQ BOUDICCA BRACELET,90161B,377.88,76,37
ANT SILVER FUSCHIA BOUDICCA RING,90162C,41.300000000000004,14,7
ANT SILVER LIME GREEN BOUDICCA RING,90162B,79.65,27,10
ANT SILVER PURPLE BOUDICCA RING,90162D,29.500000000000004,10,5
ANT SILVER TURQUOISE BOUDICCA RING,90162A,17.700000000000003,6,1
ANT WHITE WIRE HEART SPIRAL,84884A,1201.91,301,78
ANT WHITE WIRE HEART SPIRAL,84884a,317.71999999999997,38,26
ANTIQUE ALL GLASS CANDLESTICK,21012,2614.05,1169,199
ANTIQUE CREAM CUTLERY CUPBOARD,21270,530.19,50,36
ANTIQUE CREAM CUTLERY SHELF ,21269,254.98000000000002,29,19
ANTIQUE GLASS DRESSING TABLE POT,22798,5561.3,1798,267
ANTIQUE GLASS HEART DECORATION ,21143,707.23,327,36
ANTIQUE GLASS PEDESTAL BOWL,22801,4203.89,1027,220
ANTIQUE GLASS PLACE SETTING,21145,152.5,122,8
ANTIQUE HEART SHELF UNIT,23486,4145.47,275,74
ANTIQUE IVORY WIRE BOWL SMALL,23149,251.45000000000002,99,21
ANTIQUE MID BLUE FLOWER EARRINGS,90001B,21.15,5,3
ANTIQUE OLIVE GREEN FLOWER EARRINGS,90001D,29.73,7,5
ANTIQUE OPAL WHITE FLOWER EARRINGS,90001C,21.130000000000003,5,5
ANTIQUE RASPBERRY FLOWER EARRINGS,90001A,20.950000000000003,5,4
ANTIQUE SILVER BAUBLE LAMP  ,23085,3583.23,376,78
ANTIQUE SILVER BOOK MARK WITH BEADS,71143,14.11,17,3
ANTIQUE SILVER T-LIGHT GLASS,84946,19381.62,14664,689
ANTIQUE SILVER TEA GLASS ENGRAVED,84947,10229.77,8652,347
ANTIQUE SILVER TEA GLASS ETCHED,84946,6461.76,4545,216
ANTIQUE TALL SWIRLGLASS TRINKET POT,22800,3560.74,870,203
APOTHECARY MEASURING JAR,23017,826.28,67,22
APPLE BATH SPONGE,20963,1911.17,1336,229
APRON APPLE DELIGHT,22939,1446.79,285,80
APRON MODERN VINTAGE COTTON,21043,1139.86,492,90
AQUA BERTIE GLASS BEAD BAG CHARM,90125B,48.06,30,12
AREA PATROLLED METAL SIGN,82582,8858.79,4365,437
ARMY CAMO BOOKCOVER TAPE,10124G,7.14,17,4
"ART LIGHTS,FUNK MONKEY",79302M,1037.54,370,62
ASS COL CIRCLE MOBILE ,44235,173.15999999999997,474,6
ASS COL LARGE SAND FROG P'WEIGHT,17165D,28.35,27,7
ASS COL SMALL SAND GECKO P'WEIGHT,17164B,11.34,27,9
ASS COLOUR GLOWING TIARAS,84051,215.21,281,25
ASS DES PHONE SPONGE CRAFT STICKER,84827,153.09,509,14
ASS FLORAL PRINT MULTI SCREWDRIVER,47503A,1254.1200000000001,2734,163
ASS FLORAL PRINT SPIRIT LEVEL ,47503H,110.86,100,37
ASSORTED BOTTLE TOP  MAGNETS ,22915,1406.42,3152,184
ASSORTED CAKES FRIDGE MAGNETS,85216,35.75,55,8
ASSORTED CHEESE FRIDGE MAGNETS,85215,180.71,223,18
ASSORTED CIRCULAR MOBILE,44234,154.77,693,33
ASSORTED COLOUR BIRD ORNAMENT,84879,58927.62,36362,1455
ASSORTED COLOUR LIZARD SUCTION HOOK,47421,393.0,994,55
ASSORTED COLOUR METAL CAT ,84192,138.75,111,25
ASSORTED COLOUR MINI CASES,20749,12550.57,1762,383
ASSORTED COLOUR SILK GLASSES CASE,85224,6.300000000000001,3,1
ASSORTED COLOUR SUCTION CUP HOOK,47420,37.24,196,13
ASSORTED COLOUR T-LIGHT HOLDER,84950,2297.03,3619,120
ASSORTED COLOURED CIRCLE MOBILE ,44235,26.88,64,7
ASSORTED COLOURS SILK FAN,15036,18569.84,23826,518
ASSORTED CREEPY CRAWLIES,21830,1107.07,2621,99
ASSORTED EASTER DECORATIONS  BELLS,22856,729.57,569,27
ASSORTED EASTER GIFT TAGS,22857,965.8599999999999,1145,61
ASSORTED FARMYARD ANIMALS IN BUCKET,85198,74.58,90,9
"ASSORTED FLOWER COLOUR ""LEIS""",84212,4934.87,10315,111
ASSORTED INCENSE PACK,17084R,760.3199999999999,4032,27
ASSORTED LAQUERED INCENSE HOLDERS,17096,455.9800000000001,2545,24
ASSORTED MINI MADRAS NOTEBOOK,21634,481.95,976,28
ASSORTED MONKEY SUCTION CUP HOOK,47422,246.18,617,45
ASSORTED SANSKRIT MINI NOTEBOOK,21637,136.25,109,6
ASSORTED SHAPES PHOTO CLIP SILVER ,47469,238.60999999999999,469,12
ASSORTED TUTTI FRUTTI  FOB NOTEBOOK,21640,633.8299999999999,650,78
ASSORTED TUTTI FRUTTI BRACELET,21650,692.85,2550,132
ASSORTED TUTTI FRUTTI HEART BOX,21644,268.75,215,32
ASSORTED TUTTI FRUTTI KEYRING BALL,21641,451.59,1153,49
ASSORTED TUTTI FRUTTI LARGE PURSE,21647,224.70000000000002,107,25
ASSORTED TUTTI FRUTTI MIRROR,21643,743.31,550,60
ASSORTED TUTTI FRUTTI NOTEBOOK,21638,547.76,247,40
ASSORTED TUTTI FRUTTI PEN,21642,830.7299999999999,2471,101
ASSORTED TUTTI FRUTTI SMALL PURSE,21648,982.79,729,66
ASSTD COL BUTTERFLY/CRYSTAL W/CHIME,75178,218.87,459,13
ASSTD DESIGN 3D PAPER STICKERS,84826,389.38,13702,32
ASSTD DESIGN BUBBLE GUM RING,84270,3.5700000000000003,17,4
ASSTD DESIGN RACING CAR PEN,11001,2389.44,1615,113
ASSTD FRUIT+FLOWERS FRIDGE MAGNETS,84929,637.5600000000001,2412,65
ASSTD MULTICOLOUR CIRCLES MUG,37327,840.0799999999999,1579,82
ASSTD RASTA KEY-CHAINS,17174,3.7800000000000002,9,3
Adjust bad debt,B,11062.06,1,1
Adjustment,17109D,0.0,14,1
Adjustment,21736,0.0,34,1
Amazon,21868,0.0,1,1
Amazon,21888,0.0,1,1
Amazon,22087,0.0,6,1
Amazon,22927,0.0,1,1
Amazon,23084,0.0,1,1
Amazon,82613A,0.0,1,1
Amazon,85049B,0.0,1,1
Amazon Adjustment,20967,0.0,1,1
BABUSHKA LIGHTS STRING OF 10,22468,3633.17,517,153
BABY BOOM RIBBONS ,85049F,477.34,378,88
BABY MOUSE RED GINGHAM DRESS,21841,310.25,73,21
BAG 125g SWIRLY MARBLES,21703,3528.89,9390,294
BAG 250g SWIRLY MARBLES,21704,4039.2799999999997,5144,248
BAG 500g SWIRLY MARBLES,21705,1462.1699999999998,1459,141
BAG OF SILVER STONES,72051S,89.52999999999999,130,13
BAKING MOULD CHOCOLATE CUP CAKES,22937,30.599999999999998,12,2
BAKING MOULD CHOCOLATE CUPCAKES,22937,2502.04,948,157
BAKING MOULD CUPCAKE CHOCOLATE,22937,30.599999999999998,12,1
BAKING MOULD EASTER EGG MILK CHOC,22933,2585.92,940,122
BAKING MOULD EASTER EGG WHITE CHOC,22934,1707.47,589,78
BAKING MOULD HEART MILK CHOCOLATE,22930,2846.8,1108,189
BAKING MOULD HEART WHITE CHOCOLATE,22931,1963.3,813,129
BAKING MOULD ROSE MILK CHOCOLATE,22935,2066.82,690,65
BAKING MOULD ROSE WHITE CHOCOLATE,22936,895.97,279,50
BAKING MOULD TOFFEE CUP  CHOCOLATE,22932,15.299999999999999,6,1
BAKING MOULD TOFFEE CUP CHOCOLATE,22932,1985.5800000000002,878,71
BAKING SET 9 PIECE RETROSPOT ,22138,24185.27,4937,934
BAKING SET SPACEBOY DESIGN,22617,10745.050000000001,2210,465
BALLOON ART MAKE YOUR OWN FLOWERS,22438,1034.9,1009,98
BALLOON PUMP WITH 10 BALLOONS,22434,1570.41,793,124
BALLOON WATER BOMB PACK OF 35,22440,2375.04,6010,154
BALLOONS  WRITING SET ,21328,2410.43,1337,346
BANK ACCOUNT  GREETING  CARD ,21518,132.44,318,38
BANQUET BIRTHDAY  CARD  ,22026,712.08,1644,160
BAROQUE BUTTERFLY EARRINGS BLACK,90025A,7.5,2,2
BAROQUE BUTTERFLY EARRINGS CRYSTAL,90025F,14.96,4,4
BAROQUE BUTTERFLY EARRINGS MONTANA,90025E,3.73,1,1
BAROQUE BUTTERFLY EARRINGS PINK,90025D,11.19,3,3
BAROQUE BUTTERFLY EARRINGS RED,90025B,3.73,1,1
BASKET OF FLOWERS SEWING KIT,85177,644.2099999999999,812,63
BASKET OF TOADSTOOLS,21439,1767.15,1430,130
BATH BUILDING BLOCK WORD,21756,5006.26,809,270
BATHROOM HOOK,23417,157.5,146,27
BATHROOM METAL SIGN,82580,3473.21,5881,631
BATHROOM METAL SIGN ,21171,613.14,438,73
BATHROOM SCALES FOOTPRINTS IN SAND,82011C,172.05,51,20
BATHROOM SCALES RUBBER DUCKS,82011B,146.85,43,21
"BATHROOM SCALES, TROPICAL BEACH",82011A,67.5,18,12
BATHROOM SET LOVE HEART DESIGN,22137,237.98000000000002,82,14
BEACH HUT DESIGN BLACKBOARD,84688,203.07,41,15
BEACH HUT KEY CABINET,84685,177.33,34,21
BEACH HUT MIRROR,84686,66.39,49,8
BEACH HUT SHELF W 3 DRAWERS,84687,504.43,81,31
BEADED CHANDELIER T-LIGHT HOLDER,23057,1420.97,695,38
BEADED CRYSTAL HEART BLUE  LARGE,85130C,437.22,482,46
BEADED CRYSTAL HEART BLUE ON STICK,85131C,178.85,193,50
BEADED CRYSTAL HEART BLUE SMALL,85129C,107.31,80,15
BEADED CRYSTAL HEART GREEN LARGE,85130B,760.4300000000001,834,62
BEADED CRYSTAL HEART GREEN ON STICK,85131B,521.11,623,172
BEADED CRYSTAL HEART GREEN SMALL,85129B,168.59,119,31
BEADED CRYSTAL HEART PINK LARGE,85130D,569.29,565,62
BEADED CRYSTAL HEART PINK ON STICK,85131D,725.26,850,206
BEADED CRYSTAL HEART PINK SMALL,85129D,342.74,207,65
BEADED LOVE HEART JEWELLERY SET,90167,8.5,10,1
BEADED PEARL HEART WHITE LARGE,85130A,127.04999999999998,77,10
BEADED PEARL HEART WHITE ON STICK,85131A,901.48,996,119
BELL HEART ANTIQUE GOLD,23214,24.96,12,1
BELL HEART DECORATION,23103,387.0,252,9
BELLE JARDINIERE CUSHION COVER,23395,3257.08,748,210
BEST DAD CANDLE LETTERS,72140E,26.349999999999998,31,8
BEWARE OF THE CAT METAL SIGN ,21165,6935.7,4154,449
BICYCLE PUNCTURE REPAIR KIT ,23552,3881.91,1863,116
BICYCLE SAFTEY WALL ART,23535,2371.94,458,39
BIG DOUGHNUT FRIDGE MAGNETS,21700,2334.94,1726,198
BIG POLKADOT MUG,37330,2.34,6,1
BILI NUT AND WOOD NECKLACE,90031,59.89,50,7
BINGO SET,21888,6659.54,1691,380
BIRD BOX CHRISTMAS TREE DECORATION,21018,22.06,24,6
BIRD DECORATION GREEN POLKADOT,22322,747.81,820,139
BIRD DECORATION RED RETROSPOT,22321,860.93,893,132
BIRD HOUSE HOT WATER BOTTLE,22110,4912.14,1172,279
BIRD ON BRANCH CANVAS SCREEN,84387A,21.45,11,1
BIRDCAGE DECORATION TEALIGHT HOLDER,22252,761.57,643,67
BIRDHOUSE DECORATION MAGIC GARDEN,22251,889.49,712,137
BIRDHOUSE GARDEN MARKER ,22478,2210.62,1537,140
BIRDS MOBILE VINTAGE DESIGN,22320,1147.27,189,73
BIRTHDAY BANNER TAPE,22953,30.0,24,1
BIRTHDAY BANQUET GIFT WRAP,22048,393.5,975,32
"BIRTHDAY CARD, RETRO SPOT",22819,1104.81,2608,270
BIRTHDAY PARTY CORDON BARRIER TAPE,22953,617.11,478,97
BISCUIT TIN 50'S CHRISTMAS,23247,6681.25,2194,309
BISCUIT TIN VINTAGE CHRISTMAS,23234,5079.78,1938,278
BISCUIT TIN VINTAGE GREEN,22843,2904.52,452,128
BISCUIT TIN VINTAGE LEAF,23235,64.56,24,3
BISCUIT TIN VINTAGE RED,22842,3823.21,590,163
BISCUITS SMALL BOWL LIGHT BLUE,84596L,629.38,1254,172
BISCUITS SMALL BOWL LIGHT BLUE,84596l,2.46,1,1
BLACK 3 BEAD DROP EARRINGS,90182C,40.96,14,9
BLACK AND WHITE CAT BOWL,22702,2684.6499999999996,1363,49
BLACK AND WHITE DOG BOWL,22700,2602.18,1196,52
BLACK BAROQUE CARRIAGE CLOCK,85168B,432.78999999999996,51,35
BLACK BAROQUE WALL CLOCK ,85163B,783.68,84,36
BLACK BIRD GARDEN DESIGN MUG,85160B,62.239999999999995,106,16
BLACK CANDELABRA T-LIGHT HOLDER,85116,1106.88,941,89
BLACK CHAMPAGNE GLASS,79163,626.55,1529,35
BLACK CHERRY LIGHTS,79323B,54.0,8,1
BLACK CHRISTMAS FLOCK DROPLET ,35610B,30.0,24,1
BLACK CHRISTMAS TREE 120CM,35599B,551.13,217,27
BLACK CHRISTMAS TREE 60CM,35598B,460.64,558,25
BLACK CHUNKY BEAD BRACELET W STRAP,90184C,190.51999999999998,21,17
BLACK CHUNKY BEAD BRACELET W STRAP,90184c,9.15,1,1
BLACK CRYSTAL DROP EARRINGS,90011B,35.27,12,7
BLACK DIAMANTE EXPANDABLE RING,90185C,110.09,26,10
BLACK DIAMOND CLUSTER EARRINGS,90077,8.82,3,3
BLACK DIAMOND CLUSTER NECKLACE,90074,37.239999999999995,4,3
BLACK DINER WALL CLOCK,22194,625.6899999999999,66,44
BLACK DROP CRYSTAL NECKLACE,90012B,45.35000000000001,13,3
BLACK DROP EARRINGS W LONG BEADS,90183C,26.15,9,9
BLACK DROP EARRINGS W LONG BEADS,90183c,2.9,1,1
BLACK EAR MUFF HEADPHONES,20780,312.7,47,28
BLACK ENAMEL FLOWER RING,90201B,252.9,86,23
BLACK ENCHANTED FOREST PLACEMAT,85114A,1105.21,649,56
BLACK ENCHANTED FOREST PLACEMAT,85114a,161.70000000000002,49,15
BLACK FEATHER CHRISTMAS DECORATION,35607B,18.240000000000002,96,7
BLACK FINE BEAD NECKLACE W TASSEL,90179C,35.44,6,6
BLACK FLOWER CANDLE PLATE,84499,5.949999999999999,7,2
BLACK GEMSTONE BRACELET,90195B,29.98,4,4
BLACK GEMSTONE NECKLACE 45CM,90196B,63.480000000000004,5,5
BLACK GLASS BRACELET W HEART CHARMS,90197B,174.73000000000002,35,27
BLACK GLASS/SHELL/PEARL NECKLACE,90181C,9.15,1,1
BLACK GRAND BAROQUE PHOTO FRAME,85167B,109.94,50,8
BLACK HEART CARD HOLDER,22188,12483.220000000001,4870,189
BLACK KITCHEN SCALES,22626,4401.86,523,203
BLACK LOVE BIRD CANDLE,85169B,356.06,329,62
BLACK LOVE BIRD T-LIGHT HOLDER,84952B,332.14,186,29
BLACK MEDIUM GLASS CAKE STAND,84751B,37.11,17,8
BLACK MINI TAPE MEASURE ,20735,625.8,624,113
BLACK ORANGE SQUEEZER,71406C,57.96,138,21
BLACK PHOTO ALBUM ,16202E,7.5,15,3
BLACK PIRATE TREASURE CHEST,22068,856.39,526,143
BLACK RECORD COVER FRAME,21137,40633.38,11651,375
BLACK SIL'T SQU CANDLE PLATE ,72783,33.6,16,2
BLACK SILOUETTE CANDLE PLATE,72780,116.44999999999999,137,20
BLACK SMALL GLASS CAKE STAND,84750B,54.99,61,12
BLACK SQUARE TABLE CLOCK,84661B,300.24,115,29
BLACK SQUARE TABLE CLOCK,84661b,4.96,1,1
BLACK STITCHED WALL CLOCK,84660B,733.28,707,40
BLACK STITCHED WALL CLOCK,84660b,15.08,2,2
BLACK SWEETHEART BRACELET,90200B,392.83,93,47
BLACK TEA TOWEL CLASSIC DESIGN,22481,747.3,825,128
"BLACK TEA,COFFEE,SUGAR JARS",85159A,783.3499999999999,453,47
BLACK VINT ART DEC CRYSTAL BRACELET,90065B,13.5,2,2
BLACK VINT ART DEC CRYSTAL NECKLACE,90063B,76.32,9,6
BLACK VINTAGE  CRYSTAL EARRINGS,90064B,45.0,12,7
BLACK VINTAGE EARRINGS,90013B,149.41000000000003,36,31
BLACK WINE GLASS,79164,697.62,1666,19
BLACK+WHITE NECKLACE W TASSEL,90180A,127.24,17,9
BLACK/BLUE POLKADOT UMBRELLA,85014A,6678.72,1163,278
BLACK/BLUE POLKADOT UMBRELLA,85014a,225.32000000000002,18,14
BLACK/WHITE GLASS/SILVER BRACELET,90010B,100.08999999999999,11,7
BLACKCHRISTMAS TREE 30CM,35597B,1.25,1,1
BLING KEY RING STAND,85225,6.25,6,3
BLOND DOLL DOORSTOP,21117,141.75,109,14
BLOSSOM  IMAGES NOTEBOOK SET,85019B,682.97,512,36
BLOSSOM IMAGES GIFT WRAP SET,85032B,739.99,786,133
BLOSSOM IMAGES SCRAP BOOK SET,85031B,4.95,1,1
BLUE  DIAMANTE PEN IN GIFT BOX,21850,488.13,129,54
BLUE  TILE HOOK,20794,282.78999999999996,99,27
BLUE  VOILE LAMPSHADE,47351B,234.5,86,9
BLUE & WHITE BREAKFAST TRAY,84563B,346.3,94,38
BLUE 3 PIECE POLKADOT CUTLERY SET,84997C,4346.27,1201,102
BLUE 3 PIECE POLKADOT CUTLERY SET,84997c,158.23,19,6
BLUE BIRDHOUSE DECORATION,21441,292.03,421,62
BLUE BLOSSOM HAIR CLIP,90108,81.96000000000001,70,12
BLUE BREAKFAST CUP AND SAUCER ,37444B,11.8,4,3
BLUE BUNNY EASTER EGG BASKET,23446,230.24999999999997,157,3
BLUE CALCULATOR RULER,20986,829.74,654,113
BLUE CAT BISCUIT BARREL PINK HEART,84576,148.32,66,17
BLUE CHARLIE+LOLA PERSONAL DOORSIGN,85071A,583.23,1041,111
BLUE CHECK BAG W HANDLE 34X20CM,62043B,14.11,17,5
BLUE CHENILLE SHAGGY CUSHION COVER ,46138B,43.15,43,12
BLUE CIRCLES DESIGN MONKEY DOLL,84507C,175.73,66,28
BLUE CIRCLES DESIGN TEDDY,84508C,154.95,56,25
BLUE CLIMBING HYDRANGA ART FLOWER,84805B,52.5,38,3
BLUE COAT RACK PARIS FASHION,22914,2261.21,467,154
BLUE CRUSOE CHECK LAMPSHADE,44091A,3.78,9,3
BLUE CRYSTAL BOOT PHONE CHARM,90092,1.66,1,1
BLUE CUSHION COVER WITH FLOWER,84919,381.78000000000003,58,29
BLUE DAISY MOBILE,75011,138.76,172,12
BLUE DELPHINIUM ARTIFICIAL FLOWER,84804B,188.37000000000003,99,6
BLUE DINER WALL CLOCK,22192,8189.29,954,365
BLUE DISCO HANDBAG,84859B,64.81,31,11
BLUE DRAGONFLY HELICOPTER,85135B,524.5500000000001,65,45
BLUE DRAWER KNOB ACRYLIC EDWARDIAN,22805,2576.03,1890,195
BLUE DROP EARRINGS W BEAD CLUSTER,90187A,3.32,1,1
BLUE EASTER EGG HUNT START POST,21461,23.86,10,6
BLUE EGG  SPOON,21403,322.18,1857,106
BLUE FELT EASTER EGG BASKET,22021,610.4499999999999,365,71
BLUE FELT HANGING HEART W FLOWER,35916B,26.11,16,2
BLUE FELT HANGING HEART WITH FLOWER,35916B,50.57,75,30
BLUE FLOCK CUSHION COVER ,84415B,20.0,8,3
BLUE FLOCK GLASS CANDLEHOLDER,79337,259.96,644,10
BLUE FLOWER DES PURSE,47344B,43.66,44,6
BLUE FLY SWAT,84673B,156.63,179,66
BLUE GEISHA GIRL ,84870B,146.07999999999998,44,25
BLUE GIANT GARDEN THERMOMETER,22925,2757.4700000000003,449,182
BLUE GINGHAM ROSE CUSHION COVER,84620,11.9,2,1
BLUE GLASS CHUNKY CHARM BRACELET,90175C,80.55,9,6
BLUE GLASS GEMS IN BAG,17129F,553.8299999999999,588,57
BLUE GREEN EMBROIDERY COSMETIC BAG,47369B,97.13,35,22
BLUE HANGING GINGHAM EASTER HEN,84745B,13.44,32,5
BLUE HAPPY BIRTHDAY BUNTING,47590A,10491.75,1990,390
BLUE HARMONICA IN BOX ,21914,10339.81,7876,603
BLUE HEART COMPACT MIRROR,84876D,217.5,128,16
BLUE HOLE PUNCH,16248B,16.25,13,7
BLUE JUICY FRUIT PHOTO FRAME,85124B,264.06,93,39
BLUE KNITTED EGG COSY,84531B,85.61,155,28
BLUE KNITTED HEN ,35915B,257.21999999999997,220,50
BLUE LEAVES AND BEADS PHONE CHARM,90128B,3.76,2,2
BLUE MONTE CARLO HANDBAG,84857B,46.8,24,1
BLUE MURANO TWIST BRACELET,90120B,164.12,39,15
BLUE MURANO TWIST NECKLACE,90124B,119.89,12,11
BLUE NETTING STORAGE HANGER,78034B,15.6,8,6
BLUE NEW BAROQUE CANDLESTICK CANDLE,84625C,536.41,449,35
BLUE NEW BAROQUE FLOCK CANDLESTICK,84613C,4.65,1,1
BLUE ORGANDY ROUND LAMPSHADE W BEA,40005B,10.2,12,4
BLUE OWL SOFT TOY,22176,1536.88,512,115
BLUE PADDED SOFT MOBILE,20703,4.25,1,1
BLUE PAINTED KASHMIRI CHAIR,84963B,149.85000000000002,3,1
BLUE PAISLEY JOURNAL ,20767,656.06,250,79
BLUE PAISLEY NOTEBOOK,20773,92.39999999999999,56,23
BLUE PAISLEY POCKET BOOK,20755,271.16999999999996,306,62
BLUE PAISLEY SKETCHBOOK,20761,505.97,120,63
BLUE PAISLEY TISSUE BOX,22092,321.40000000000003,670,91
BLUE PAPER PARASOL ,15044B,946.83,321,60
BLUE PARTY BAGS ,47599B,2822.32,1480,118
BLUE PATCH PURSE PINK HEART,20854,383.02,242,41
BLUE POLKADOT BEAKER ,21395,1139.06,2838,90
BLUE POLKADOT BOWL,20675,3983.12,3120,322
BLUE POLKADOT COFFEE MUG,21399,869.6099999999999,2054,71
BLUE POLKADOT CUP,21240,3110.2599999999998,3570,325
BLUE POLKADOT EGG CUP ,21397,550.43,1075,65
BLUE POLKADOT GARDEN PARASOL,15058A,1668.49,200,89
BLUE POLKADOT KIDS BAG,22324,688.3,286,74
BLUE POLKADOT LUGGAGE TAG ,20652,346.86,269,80
BLUE POLKADOT PASSPORT COVER,20615,466.99,313,97
BLUE POLKADOT PLATE ,21244,3789.3199999999997,2282,196
BLUE POLKADOT PUDDING BOWL,21393,38.67,29,7
BLUE POLKADOT PURSE ,20661,141.15,44,33
BLUE POLKADOT WASHING UP GLOVES,20752,920.45,407,148
BLUE POLKADOT WRAP,21499,2809.34,6927,217
BLUE POT PLANT CANDLE ,20931,1060.9,299,68
BLUE PUDDING SPOON,21401,151.19,1052,82
BLUE REFECTORY CLOCK ,23317,1777.46,173,82
BLUE RETRO KITCHEN WALL CLOCK,23430,301.88,36,18
BLUE ROSE FABRIC MIRROR,20866,709.7,597,90
BLUE ROSE PATCH PURSE PINK BUTTERFL,20857,52.8,32,8
BLUE ROUND COMPACT MIRROR,84877D,150.93,96,18
BLUE SAVANNAH PICNIC HAMPER FOR 2,84796B,2393.5899999999997,256,124
BLUE SCANDINAVIAN PAISLEY WRAP,22051,409.5,975,39
BLUE SCOTTIE DOG W FLOWER PATTERN,84931B,424.08,177,49
BLUE SHARK HELICOPTER,85136B,15.9,2,2
BLUE SPOT CERAMIC DRAWER KNOB,21670,6083.99,4330,375
BLUE SQUARE COMPACT MIRROR,84875D,63.75,51,8
BLUE STONES ON WIRE FOR CANDLE,17136A,29.59,352,17
BLUE STRIPE CERAMIC DRAWER KNOB,21669,7091.15,5252,425
BLUE STRIPES SHOULDER BAG,62097B,7.469999999999999,9,3
BLUE SWEETHEART BRACELET,90200C,211.43,50,26
BLUE TABLE RUN FLOWER,47341B,56.25,45,11
BLUE TEA TOWEL CLASSIC DESIGN,22482,565.86,478,53
BLUE TEATIME PRINT BOWL ,20671,12.5,10,2
BLUE TILED TRAY,20793,54.0,8,4
BLUE TRAVEL FIRST AID KIT,84874B,67.50999999999999,41,14
BLUE TV TRAY TABLE ,84313B,518.61,127,39
BLUE VICTORIAN FABRIC OVAL BOX,35095A,388.57,925,100
BLUE VINTAGE SPOT BEAKER,23286,4747.62,5048,222
BLUE WHITE PLASTIC RINGS LAMPSHADE,44092B,11.899999999999999,14,5
BLUE WIRE SPIRAL CANDLE HOLDER,84881,82.57,12,6
BLUE/CREAM STRIPE CUSHION COVER ,21927,771.15,623,99
BLUE/GREEN SHELL NECKLACE W PENDANT,90152B,11.46,2,2
BLUE/NAT SHELL NECKLACE W PENDANT,90152C,5.95,1,1
BLUE/YELLOW CERAMIC CANDLE HOLDER,37491B,6.6,4,1
BLUE/YELLOW FLOWER DESIGN BIG MUG,37489B,16.77,31,12
BOHEMIAN COLLAGE STATIONERY SET,21991,1080.82,635,211
BOOM BOX SPEAKER BOYS,21064,1281.2,296,101
BOOM BOX SPEAKER GIRLS,21065,1160.58,562,90
BOOZE & WOMEN GREETING CARD ,21520,214.19,504,58
BOTANICAL GARDENS WALL CLOCK ,23485,5843.92,262,83
BOTANICAL LAVENDER BIRTHDAY CARD,22031,225.59,504,80
BOTANICAL LAVENDER GIFT WRAP ,22038,199.5,475,19
BOTANICAL LILY GIFT WRAP,22039,105.0,250,7
BOTANICAL LILY GREETING CARD,22032,181.98,427,60
BOTANICAL ROSE GIFT WRAP,22040,304.5,725,28
BOTANICAL ROSE GREETING CARD,22033,141.95,337,22
BOTTLE BAG RETROSPOT ,22377,2171.53,1330,207
BOUDOIR SQUARE TISSUE BOX,22098,1001.5500000000001,1992,172
BOX OF 24 COCKTAIL PARASOLS,84692,4327.38,7910,587
BOX OF 6 ASSORTED COLOUR TEASPOONS,84969,2389.52,559,211
BOX OF 6 CHRISTMAS CAKE DECORATIONS,23382,7356.18,1875,220
BOX OF 6 MINI 50'S CRACKERS,23319,9219.53,3720,403
BOX OF 6 MINI VINTAGE CRACKERS,23318,9162.41,3809,376
BOX OF 9 PEBBLE CANDLES,20886,986.23,485,103
BOX OF VINTAGE ALPHABET BLOCKS,22622,13931.31,1342,267
BOX OF VINTAGE JIGSAW BLOCKS ,22623,5236.31,938,236
BOX/12 CHICK & EGG IN BASKET,84218,223.10999999999999,123,41
BOXED GLASS ASHTRAY,DCGS0003,9.94,4,4
BOYS ALPHABET IRON ON PATCHES,84598,546.04,1975,99
BOYS PARTY BAG,DCGSSBOY,150.54999999999998,47,11
BOYS VINTAGE TIN SEASIDE BUCKET,21716,3872.92,1425,244
BREAD BIN DINER STYLE IVORY,22847,14329.539999999999,901,375
BREAD BIN DINER STYLE MINT,22849,4967.929999999999,319,128
BREAD BIN DINER STYLE PINK,22848,5208.45,323,128
BREAD BIN DINER STYLE RED ,22846,10676.619999999999,665,278
"BREAD BIN, DINER STYLE, IVORY",22847,59.8,4,1
"BREAD BIN, DINER STYLE, MINT",22849,59.8,4,1
BRIGHT BLUES RIBBONS ,85049D,694.99,547,107
BRIGHT BLUES RIBBONS ,85049d,4.92,2,2
BROCADE RING PURSE ,17003,6025.95,23020,239
BROCANTE COAT RACK,22788,2025.96,220,60
BROCANTE SHELF WITH HOOKS,22832,1781.82,162,76
BROWN  PIRATE TREASURE CHEST ,22069,993.5,414,146
BROWN CHECK CAT DOORSTOP ,21407,1421.11,290,138
BROWN KUKUI COCONUT SEED NECKLACE,90030C,91.7,77,11
BROWN VINTAGE VICTORIAN EARRINGS,90067B,5.8,2,2
BUBBLEGUM RING ASSORTED,23310,4997.28,12050,245
BUFFALO BILL TREASURE BOOK BOX,23193,4079.28,1922,175
BUFFALO BILL WALL ART ,23525,852.72,248,16
BULL DOG BOTTLE OPENER,23184,4764.5,874,264
BULL DOG BOTTLE TOP WALL CLOCK,23181,1733.57,201,82
BUNDLE OF 3 ALPHABET EXERCISE BOOKS,23192,6114.24,3516,345
BUNDLE OF 3 RETRO EXERCISE BOOKS,23191,98.99999999999999,60,5
BUNDLE OF 3 RETRO NOTE BOOKS,23191,3529.8899999999994,2141,276
BUNDLE OF 3 SCHOOL EXERCISE BOOKS  ,23190,2761.8999999999996,1702,202
BUNNY DECORATION MAGIC GARDEN,22247,591.4399999999999,668,113
BUNNY EGG BOX,85200,228.75,183,26
BUNNY EGG GARLAND,85186C,269.17,528,78
BUNNY WOODEN PAINTED WITH BIRD ,22228,777.78,1000,147
BUNNY WOODEN PAINTED WITH FLOWER ,22229,432.46,568,101
"BUNTING , SPOTTY ",23298,634.7,146,7
BUTTERFLIES STICKERS,21675,568.26,628,110
BUTTERFLY CROCHET FOOD COVER,21468,572.23,148,66
BUTTERFLY CUSHION COVER,23396,30.0,8,2
BUTTERFLY HAIR BAND,90174,95.41999999999999,38,21
BUTTON BOX ,22653,3378.5,1876,250
BUTTONS AND STRIPES NOTEBOOK ,84497,48.75,13,7
Bank Charges,BANK CHARGES,165.001,12,11
CABIN BAG VINTAGE PAISLEY,22503,2010.12,99,34
CABIN BAG VINTAGE RETROSPOT,22504,4674.62,247,68
CACTI T-LIGHT CANDLES,85175,2278.9,5321,143
CAKE PLATE LOVEBIRD PINK,22223,1821.6100000000001,441,78
CAKE PLATE LOVEBIRD WHITE,22222,3880.2,1057,222
CAKE SHOP  STICKER SHEET,21720,48.449999999999996,57,8
CAKE STAND 3 TIER MAGIC GARDEN,22236,3624.5999999999995,308,88
CAKE STAND LACE WHITE,22218,4.25,1,1
CAKE STAND LOVEBIRD 2 TIER PINK,22221,1104.54,131,51
CAKE STAND LOVEBIRD 2 TIER WHITE,22220,1849.25,231,86
CAKE STAND VICTORIAN FILIGREE LARGE,22184,471.86,56,35
CAKE STAND VICTORIAN FILIGREE MED,22183,1916.01,322,129
CAKE STAND VICTORIAN FILIGREE SMALL,22182,1420.58,372,122
CAKE STAND WHITE TWO TIER LACE,22215,2471.39,343,101
CAKES AND BOWS GIFT  TAPE,21884,413.76,1166,93
CAKES AND RABBITS DESIGN FLANNEL ,21943,134.48999999999998,119,50
"CAKESTAND, 3 TIER, LOVEHEART",22776,19.9,2,1
CALENDAR FAMILY FAVOURITES,22903,550.6,193,59
CALENDAR IN SEASON DESIGN,22905,1502.2900000000002,581,110
CALENDAR PAPER CUT DESIGN,22904,5467.26,1834,271
CAMOUFLAGE DESIGN TEDDY,84508A,3448.05,1631,36
CAMOUFLAGE DOG COLLAR,DCGS0070,12.72,1,1
CAMOUFLAGE EAR MUFF HEADPHONES,20782,368.08,53,27
CAMOUFLAGE LED TORCH,21833,4594.43,2726,168
CAMPHOR WOOD PORTOBELLO MUSHROOM,21379,246.82999999999998,178,50
CANDLE HOLDER SILVER MADELINE,23037,325.15999999999997,196,20
CANDLE PLATE LACE WHITE,22214,416.59999999999997,193,56
CANDLEHOLDER PINK HANGING HEART,22804,6438.79,2251,398
CANDY HEART HANGING DECORATION,35923,690.52,1318,62
CANDY SHOP  STICKER SHEET,21721,179.45999999999998,195,33
CANDY SPOT BUNNY,85089,38.35,13,5
CANDY SPOT CUSHION COVER,85087,1129.99,339,125
CANDY SPOT EGG WARMER HARE,85093,475.18,708,88
CANDY SPOT EGG WARMER RABBIT,85094,242.13,640,90
CANDY SPOT HAND BAG,85088,534.83,259,51
CANDY SPOT HEART DECORATION,85086A,122.08,146,50
CANDY SPOT TEA COSY,85092,40.05,27,2
CANNABIS LEAF BEAD CURTAIN,44228,30.599999999999998,36,2
CANNISTER VINTAGE LEAF DESIGN,23244,23.4,12,2
CAPIZ CHANDELIER,21310,29.95,1,1
CARAVAN SQUARE TISSUE BOX,22099,800.59,1440,153
CARD BILLBOARD FONT,22983,2256.56,5290,443
CARD BIRTHDAY COWBOY,22714,1415.73,3487,225
CARD CAT AND TREE ,22718,717.23,1633,168
CARD CHRISTMAS VILLAGE,22818,1550.4,3633,244
CARD CIRCUS PARADE,22716,1360.91,3201,288
CARD DOG AND BALL ,22717,535.78,1229,131
CARD DOLLY GIRL ,22712,1822.2,4435,312
CARD GINGHAM ROSE ,22984,1096.09,2693,163
CARD HOLDER GINGHAM HEART,22588,2141.32,684,175
CARD HOLDER LOVE BIRD LARGE ,23470,1460.5,232,84
CARD HOLDER LOVE BIRD SMALL,23469,1355.24,332,72
CARD I LOVE LONDON ,22713,1437.36,3441,217
CARD MOTORBIKE SANTA,22816,1691.76,3987,266
CARD PARTY GAMES ,22814,888.47,2129,235
CARD PSYCHEDELIC APPLES,22815,1118.84,2628,268
CARD SUKI BIRTHDAY,22817,1114.81,2639,290
CARD WEDDING DAY,22715,645.64,1543,130
CARDHOLDER GINGHAM CHRISTMAS TREE,22591,1509.41,413,86
CARDHOLDER GINGHAM STAR,22589,1212.82,379,79
CARDHOLDER HOLLY WREATH METAL,22592,3021.12,658,135
CARNIVAL BRACELET,90062,558.03,44,26
CAROUSEL DESIGN WASHBAG,47594A,199.84,108,50
CAROUSEL PONIES BABY BIB,47593A,14.37,33,12
CARRIAGE,C2,7051.0,142,141
CARROT CHARLIE+LOLA COASTER SET,84519B,773.3,471,126
CARTOON  PENCIL SHARPENERS,16218,283.31,3821,64
CAST IRON HOOK GARDEN FORK,22458,1421.83,523,23
CAST IRON HOOK GARDEN TROWEL,22459,1018.19,386,25
CAT AND BIRD WALL ART,23521,323.64,270,4
CAT BOWL VINTAGE CREAM,22853,1655.96,472,116
CAT WITH SUNGLASSES BLANK CARD,84206B,0.95,5,1
CD WALL TIDY BLUE OFFICE,71495A,40.379999999999995,103,8
CD WALL TIDY RED FLOWERS,71495B,61.05,163,8
CERAMIC BIRDHOUSE CRESTED TIT SMALL,21547,253.53000000000003,79,22
CERAMIC BOWL WITH LOVE HEART DESIGN,22062,677.86,619,74
CERAMIC BOWL WITH STRAWBERRY DESIGN,22063,1367.45,583,120
CERAMIC CAKE BOWL + HANGING CAKES,37450,2117.54,714,134
CERAMIC CAKE DESIGN SPOTTED MUG,37448,2206.63,1451,187
CERAMIC CAKE DESIGN SPOTTED PLATE,37447,1313.28,820,115
CERAMIC CAKE STAND + HANGING CAKES,37449,5117.29,563,154
CERAMIC CHERRY CAKE MONEY BANK,22644,2986.97,2215,277
CERAMIC HEART FAIRY CAKE MONEY BANK,22645,4709.74,2355,352
CERAMIC LOVE HEART MONEY BANK,22647,466.18,733,46
CERAMIC PIRATE CHEST MONEY BANK,22650,1320.6999999999998,852,144
CERAMIC PLATE STRAWBERRY DESIGN,22057,667.92,584,61
CERAMIC STRAWBERRY CAKE MONEY BANK,22646,5684.17,4162,392
CERAMIC STRAWBERRY DESIGN MUG,22059,2081.54,1780,173
CERAMIC STRAWBERRY MONEY BOX,21556,2515.52,981,116
CERAMIC STRAWBERRY TRINKET TRAY,21555,350.46999999999997,137,69
CHALKBOARD KITCHEN ORGANISER,22769,366.73,11,8
CHAMBRE HOOK,23416,184.67999999999998,132,25
CHAMPAGNE TRAY BLANK CARD,84206C,1.52,8,2
CHARLIE & LOLA WASTEPAPER BIN BLUE,85183A,852.04,667,86
CHARLIE & LOLA WASTEPAPER BIN FLORA,85183B,1323.37,996,118
CHARLIE + LOLA BISCUITS TINS,85132A,1561.77,545,110
CHARLIE + LOLA BISCUITS TINS,85132a,92.19999999999999,8,8
CHARLIE + LOLA RED HOT WATER BOTTLE,84032B,2421.59,936,255
CHARLIE AND LOLA CHARLOTTE BAG,21100,162.20999999999998,65,27
CHARLIE AND LOLA FIGURES TINS,85132C,3562.3199999999997,1520,211
CHARLIE AND LOLA FIGURES TINS,85132c,24.869999999999997,3,3
CHARLIE AND LOLA TABLE TINS,85132B,1156.1699999999998,529,75
CHARLIE AND LOLA TABLE TINS,85132b,74.60999999999999,9,9
CHARLIE LOLA BLUE HOT WATER BOTTLE ,84031B,1435.72,303,143
CHARLIE LOLA BLUE HOT WATER BOTTLE ,84031b,16.63,1,1
CHARLIE+LOLA MY ROOM DOOR SIGN,85071D,249.48999999999998,403,84
CHARLIE+LOLA PINK HOT WATER BOTTLE,84032A,3384.98,1003,313
CHARLIE+LOLA RED HOT WATER BOTTLE ,84031A,1959.91,430,165
CHARLIE+LOLA RED HOT WATER BOTTLE ,84031a,16.63,1,1
"CHARLIE+LOLA""EXTREMELY BUSY"" SIGN",85071C,428.0,683,105
CHARLOTTE BAG ALPHABET  DESIGN,23205,320.5,400,22
CHARLOTTE BAG APPLES DESIGN,23204,7741.94,7976,583
CHARLOTTE BAG DOLLY GIRL DESIGN,22661,4214.95,5194,415
CHARLOTTE BAG PINK POLKADOT,22356,11417.74,9718,743
CHARLOTTE BAG SUKI DESIGN,22355,29254.149999999998,18124,882
CHARLOTTE BAG VINTAGE ALPHABET ,23205,5405.88,5457,445
CHERRY BLOSSOM  DECORATIVE FLASK,84279P,1565.71,377,126
CHERRY BLOSSOM CANVAS ART PICTURE,84723,97.95,41,6
CHERRY BLOSSOM DECORATIVE FLASK,84279B,774.7,192,69
CHERRY BLOSSOM LUGGAGE TAG,20653,95.17999999999999,73,33
CHERRY BLOSSOM PASSPORT COVER,20616,243.53,194,71
CHERRY BLOSSOM PURSE,20667,49.69,20,16
CHERRY BLOSSOM TABLE CLOCK ,84706D,29.599999999999998,8,4
CHERRY CROCHET FOOD COVER,21467,1004.39,264,104
CHERUB HEART DECORATION GOLD,23224,649.02,738,71
CHERUB HEART DECORATION SILVER ,23225,1176.1699999999998,1355,88
CHEST 7 DRAWER MA CAMPAGNE,22761,895.38,36,26
CHEST NATURAL WOOD 20 DRAWERS,22823,2745.0,24,13
CHEST OF DRAWERS GINGHAM HEART ,22797,2851.3599999999997,163,91
CHICK GREY HOT WATER BOTTLE,21484,8495.42,1872,402
CHILDREN'S APRON DOLLY GIRL ,22899,4326.43,2070,314
CHILDREN'S CIRCUS PARADE MUG,22973,2136.0099999999998,1255,144
CHILDREN'S SPACEBOY MUG,22972,3028.0399999999995,1771,227
CHILDRENS APRON APPLES DESIGN,22898,5150.92,2414,365
CHILDRENS APRON SPACEBOY DESIGN,22367,7508.58,3752,552
CHILDRENS CUTLERY CIRCUS PARADE,23255,4097.22,1014,158
CHILDRENS CUTLERY DOLLY GIRL ,23254,6753.71,1667,291
CHILDRENS CUTLERY POLKADOT BLUE,84997C,10150.76,2582,233
CHILDRENS CUTLERY POLKADOT BLUE,84997c,2216.2099999999996,265,56
CHILDRENS CUTLERY POLKADOT GREEN ,84997A,6864.42,1728,186
CHILDRENS CUTLERY POLKADOT GREEN ,84997a,837.29,101,60
CHILDRENS CUTLERY POLKADOT PINK,84997D,14493.640000000001,3666,358
CHILDRENS CUTLERY POLKADOT PINK,84997d,2372.33,285,65
CHILDRENS CUTLERY RETROSPOT RED ,84997B,10316.86,2634,262
CHILDRENS CUTLERY RETROSPOT RED ,84997b,2287.37,273,55
CHILDRENS CUTLERY SPACEBOY ,23256,8517.67,2077,360
CHILDRENS DOLLY GIRL MUG,22974,2729.6899999999996,1598,204
CHILDRENS GARDEN GLOVES BLUE,22524,883.1999999999999,648,85
CHILDRENS GARDEN GLOVES PINK,22525,648.97,492,75
CHILDRENS SPACEBOY MUG,22972,39.599999999999994,24,2
CHILDRENS TOY COOKING UTENSIL SET,23348,1633.81,746,168
CHILDS BREAKFAST SET CIRCUS PARADE,22636,5009.56,596,198
CHILDS BREAKFAST SET DOLLY GIRL ,22635,6412.33,681,194
CHILDS BREAKFAST SET SPACEBOY ,22634,7161.3,763,222
CHILDS GARDEN BRUSH BLUE,22518,783.5400000000001,365,83
CHILDS GARDEN BRUSH PINK,22519,906.7500000000001,413,90
CHILDS GARDEN FORK BLUE ,22522,772.59,931,129
CHILDS GARDEN FORK PINK,22523,750.81,865,136
CHILDS GARDEN RAKE BLUE,22516,494.89000000000004,207,63
CHILDS GARDEN RAKE PINK,22517,447.63000000000005,199,69
CHILDS GARDEN SPADE BLUE,22514,704.45,308,104
CHILDS GARDEN SPADE PINK,22515,608.95,272,87
CHILDS GARDEN TROWEL BLUE ,22520,622.0999999999999,722,116
CHILDS GARDEN TROWEL PINK,22521,525.51,610,105
CHILLI LIGHTS,79321,54096.36,10305,663
CHINESE DRAGON PAPER LANTERNS,40016,2136.34,5556,97
CHOC TRUFFLE GOLD TRINKET POT ,22067,638.6199999999999,408,70
CHOCOLATE 1 WICK MORRIS BOX CANDLE,85036B,581.4300000000001,361,49
CHOCOLATE 1 WICK MORRIS BOX CANDLE,85036b,8.47,1,1
CHOCOLATE 3 WICK MORRIS BOX CANDLE,85035B,1054.1,619,70
CHOCOLATE 3 WICK MORRIS BOX CANDLE,85035b,8.47,1,1
CHOCOLATE BOX RIBBONS ,85049G,1999.19,1608,258
CHOCOLATE BOX RIBBONS ,85049g,276.42,113,51
CHOCOLATE CALCULATOR,21832,1790.1,954,198
CHOCOLATE HOT WATER BOTTLE,22112,32826.58,6018,858
CHOCOLATE THIS WAY METAL SIGN,21908,7752.22,3771,468
CHRISTMAS CARD SCREEN PRINT ,22043,304.5,1238,64
CHRISTMAS CARD SINGING ANGEL,22042,168.33,399,39
CHRISTMAS CARD STACK OF PRESENTS,22044,196.44,816,36
CHRISTMAS CRAFT HEART STOCKING ,22145,63.0,30,1
CHRISTMAS CRAFT LITTLE FRIENDS,22144,9662.28,4073,544
CHRISTMAS CRAFT TREE TOP ANGEL,22141,6463.790000000001,2791,457
CHRISTMAS CRAFT WHITE FAIRY ,22142,4946.19,3247,377
CHRISTMAS DECOUPAGE CANDLE,72818,821.98,1845,76
"CHRISTMAS GARLAND STARS,TREES",21808,637.83,180,48
CHRISTMAS GINGHAM HEART,22595,605.8,649,54
CHRISTMAS GINGHAM STAR,22593,2085.64,2263,198
CHRISTMAS GINGHAM TREE,22594,1905.7699999999998,2006,196
CHRISTMAS HANGING HEART WITH BELL,21811,307.59999999999997,231,26
CHRISTMAS HANGING SNOWFLAKE,23058,430.86,490,48
CHRISTMAS HANGING STAR WITH BELL,21810,2981.8399999999997,5840,252
CHRISTMAS HANGING TREE WITH BELL,21809,1117.92,1964,117
CHRISTMAS LIGHTS 10 REINDEER,22941,13795.92,1670,311
CHRISTMAS LIGHTS 10 SANTAS ,22942,4460.54,608,152
CHRISTMAS LIGHTS 10 VINTAGE BAUBLES,22943,6755.47,1355,209
CHRISTMAS METAL POSTCARD WITH BELLS,22944,1843.64,3375,111
CHRISTMAS METAL TAGS ASSORTED ,22945,3008.92,2991,172
CHRISTMAS MUSICAL ZINC HEART ,22597,67.89999999999999,58,10
CHRISTMAS MUSICAL ZINC STAR,22599,967.7599999999999,1953,123
CHRISTMAS MUSICAL ZINC TREE,22598,446.2,990,95
CHRISTMAS PUDDING TRINKET POT ,22065,3462.25,6741,242
CHRISTMAS RETROSPOT ANGEL WOOD,22601,2219.83,2479,200
CHRISTMAS RETROSPOT HEART WOOD,22602,137.59,139,27
CHRISTMAS RETROSPOT STAR WOOD,22600,1543.2299999999998,1698,193
CHRISTMAS RETROSPOT TREE WOOD,22603,1235.3799999999999,1387,171
CHRISTMAS STAR WISH LIST CHALKBOARD,22596,4110.42,3476,262
CHRISTMAS TABLE CANDLE SILVER SPIKE,23271,13.28,16,1
CHRISTMAS TABLE SILVER CANDLE SPIKE,23271,1483.61,1715,103
CHRISTMAS TOILET ROLL,21098,5078.76,3719,248
CHRISTMAS TREE DECORATION WITH BELL,21801,530.26,1251,125
CHRISTMAS TREE HANGING GOLD,23222,718.53,799,75
CHRISTMAS TREE HANGING SILVER ,23223,750.1899999999999,801,88
CHRISTMAS TREE HEART DECORATION,21802,919.14,2122,180
CHRISTMAS TREE PAINTED ZINC ,22339,683.3100000000001,2468,83
CHRISTMAS TREE STAR DECORATION,21803,1016.02,2353,198
CHRISTMAS TREE T-LIGHT HOLDER,21816,47.849999999999994,33,7
CHRYSANTHEMUM  JOURNAL,20771,267.13,102,40
CHRYSANTHEMUM NOTEBOOK,20777,282.48999999999995,169,80
CHRYSANTHEMUM POCKET BOOK ,20759,54.4,64,20
CHRYSANTHEMUM SKETCHBOOK ,20765,416.05,102,59
CHUNKY CRACKED GLAZE NECKLACE IVORY,90056,43.510000000000005,4,4
CHUNKY SILVER NECKLACE PASTEL FLOWE,90147,324.01,32,23
CINAMMON & ORANGE WREATH,21351,672.88,104,34
CINAMMON SET OF 9 T-LIGHTS,85231B,777.5799999999999,868,151
CINAMMON SET OF 9 T-LIGHTS,85231b,4.92,3,3
CINDERELLA CHANDELIER ,23064,3717.56,221,23
CINNAMON SCENTED VOTIVE CANDLE,85230B,333.2,1288,39
CIRCUS PARADE BABY GIFT SET,23010,4879.599999999999,315,111
CIRCUS PARADE CHILDRENS EGG CUP ,22976,1389.01,1066,143
CIRCUS PARADE LUNCH BOX ,22631,7199.57,3680,397
CITRONELLA CANDLE FLOWERPOT,21713,1817.74,786,157
CITRONELLA CANDLE GARDEN POT,21714,3010.65,1651,225
CITRUS GARLAND FELT FLOWERS ,84741C,117.0,60,14
CLAM SHELL LARGE,21416,18.75,5,4
CLAM SHELL SMALL ,21415,446.02000000000004,219,46
CLASSIC BICYCLE CLIPS ,23498,2372.68,1640,99
CLASSIC CAFE SUGAR DISPENSER,23168,4311.35,3075,325
CLASSIC CHROME BICYCLE BELL ,23497,3578.62,2498,193
CLASSIC CROME BICYCLE BELL ,23497,77.4,60,2
CLASSIC DIAMANTE EARRINGS JET,90177A,40.900000000000006,14,9
CLASSIC DIAMANTE NECKLACE JET,90176A,22.48,3,2
CLASSIC FRENCH STYLE BASKET BROWN,21793,1296.6100000000001,304,74
CLASSIC FRENCH STYLE BASKET GREEN ,21792,1497.72,344,76
CLASSIC FRENCH STYLE BASKET NATURAL,21794,2213.42,522,106
CLASSIC GLASS COOKIE JAR,23169,6183.39,1443,301
CLASSIC GLASS SWEET JAR,23169,479.45000000000005,119,14
CLASSIC METAL BIRDCAGE PLANT HOLDER,21340,11300.02,975,290
CLASSIC SUGAR DISPENSER,23168,247.32,216,12
CLASSIC WHITE FRAME,21333,168.16000000000003,56,16
CLASSICAL ROSE CANDLESTAND,84683,162.20000000000002,194,12
CLASSICAL ROSE SMALL VASE,84678,247.04,142,13
CLASSICAL ROSE TABLE LAMP,84679,55.7,6,2
CLEAR ACRYLIC FACETED BANGLE,90210B,61.56,41,7
CLEAR CRYSTAL STAR PHONE CHARM,90093,28.569999999999997,52,10
CLEAR DRAWER KNOB ACRYLIC EDWARDIAN,22771,8930.44,6539,441
CLEAR LOVE BIRD T-LIGHT HOLDER,84952A,264.46999999999997,92,26
CLEAR MILKSHAKE GLASS,20798,75.60000000000001,36,5
CLEAR STATIONERY BOX SET ,16020C,69.89999999999999,84,17
CLOCK MAGNET MUM'S KITCHEN,23179,930.48,324,53
CLOTHES PEGS RETROSPOT PACK 24 ,22558,13325.869999999999,8676,772
COCKLE SHELL DISH,21417,629.8000000000001,340,68
COCKTAIL SWORDS 50 PIECES,23123,759.5699999999999,935,95
COFFEE MUG APPLES DESIGN,22303,6338.25,2816,261
COFFEE MUG BLUE PAISLEY DESIGN,22304,1352.88,761,61
COFFEE MUG CAT + BIRD DESIGN,22301,4980.83,2208,255
COFFEE MUG DOG + BALL DESIGN,22300,3409.21,1529,197
COFFEE MUG PEARS  DESIGN,22302,5134.29,2329,212
COFFEE MUG PINK PAISLEY DESIGN,22305,1604.58,693,51
COFFEE SCENT PILLAR CANDLE,72122,335.78999999999996,324,61
COLOUR GLASS T-LIGHT HOLDER HANGING,84755,10487.050000000001,16401,621
COLOUR GLASS. STAR T-LIGHT HOLDER,71477,17069.7,5736,264
COLOURED GLASS STAR T-LIGHT HOLDER,71477,3580.96,1012,52
COLOURFUL FLOWER FRUIT BOWL,35265,52.2,17,12
COLOURING PENCILS BROWN TUBE,10133,1539.6,2856,196
COLOURING PENCILS BROWN TUBE,10135,2204.89,2229,175
COLUMBIAN  CUBE CANDLE ,72134,58.62,105,11
COLUMBIAN CANDLE RECTANGLE,72131,236.39999999999998,136,18
COLUMBIAN CANDLE RECTANGLE,72133,63.51,45,16
COLUMBIAN CANDLE ROUND,72128,152.04999999999998,193,36
COLUMBIAN CANDLE ROUND,72130,133.34,219,27
COLUMBIAN CANDLE ROUND ,72127,210.61,169,30
COLUMBIAN CUBE CANDLE,72132,54.599999999999994,28,12
CONDIMENT TRAY 4 BOWLS AND 4 SPOONS,37476,399.02,37,26
CONGRATULATIONS BUNTING,47589,70.85000000000001,13,3
COOK WITH WINE METAL SIGN ,21166,20874.440000000002,10324,723
COOKING SET RETROSPOT,22618,671.53,69,28
COPPER AND BRASS BAG CHARM,90043,24.810000000000002,4,2
COPPER/OLIVE GREEN FLOWER NECKLACE,90000D,129.85,21,14
CORDIAL GLASS JUG,23015,288.88,34,16
CORDIAL JUG,23015,49.5,6,2
CORONA MEXICAN TRAY,79067,719.69,172,38
COSMETIC BAG VINTAGE ROSE PAISLEY,22277,897.74,417,100
COSY HOUR CIGAR BOX MATCHES ,21591,1996.1399999999999,1374,146
COSY HOUR GIANT TUBE MATCHES,21587,475.65,195,26
COSY SLIPPER SHOES LARGE GREEN,21741,480.1700000000001,147,40
COSY SLIPPER SHOES SMALL  RED ,21738,144.58,46,21
COSY SLIPPER SHOES SMALL GREEN,21739,703.08,254,111
COTE D'AZURE NECKLACE,90159,29.790000000000003,6,5
COTTON APRON PANTRY DESIGN,22990,2917.4300000000003,633,164
COUNTRY COTTAGE  DOORSTOP GREEN,21410,8.47,1,1
COWBOYS AND INDIANS BIRTHDAY CARD ,21509,1572.28,3741,274
CRACKED GLAZE EARRINGS BROWN,90055,12.53,5,5
CRACKED GLAZE EARRINGS IVORY,90053,9.99,4,4
CRACKED GLAZE EARRINGS RED,90054,22.58,9,9
CRACKED GLAZE NECKLACE BROWN,90052,14.14,2,2
CRACKED GLAZE NECKLACE IVORY,90050,55.72,8,4
CRACKED GLAZE NECKLACE RED,90051,70.16,10,7
CRAZY DAISY HEART DECORATION,20707,468.39,464,149
CREAM AND PINK FLOWERS PONY ,84921,41.25,11,5
CREAM BUNNY EASTER EGG BASKET,23448,41.24999999999999,25,3
CREAM CLIMBING HYDRANGA ART FLOWER,84805A,60.0,32,4
CREAM CUPID HEARTS COAT HANGER,84406B,7653.17,2015,284
CREAM DELPHINIUM ARTIFICIAL FLOWER,84804A,180.58,70,8
CREAM FELT EASTER EGG BASKET,85206A,1568.9299999999998,974,114
CREAM HANGING HEART T-LIGHT HOLDER,85123A,178.51000000000002,61,9
CREAM HEART CARD HOLDER,22189,23435.82,8284,524
CREAM SLICE FLANNEL CHOCOLATE SPOT ,21106,702.51,237,53
CREAM SLICE FLANNEL PINK SPOT ,21107,2492.71,901,97
CREAM SWEETHEART EGG HOLDER,22854,3708.52,767,161
CREAM SWEETHEART LETTER RACK,85064,976.25,216,31
CREAM SWEETHEART MINI CHEST,85066,22594.2,1784,519
CREAM SWEETHEART WALL CABINET,85067,126.64999999999999,7,5
CREAM WALL PLANTER HEART SHAPED,22822,2582.75,433,158
CROCHET BEAR RED/BLUE  KEYRING,84548,36.3,22,4
CROCHET DOG KEYRING,84551,21.449999999999996,13,2
CROCHET LILAC/RED BEAR KEYRING,84550,1.65,1,1
CROCHET ROSE DES CLOTHES HANGER,84593,14.750000000000002,5,1
CROCHET ROSE PURSE WITH SUEDE BACK,84592,241.24000000000004,76,22
CROCHET WHITE RABBIT KEYRING ,84549,69.38,38,7
CRYSTAL CHANDELIER T-LIGHT HOLDER,23056,18.75,3,1
CRYSTAL CZECH CROSS PHONE CHARM,90083,23.47,25,9
CRYSTAL DIAMANTE EXPANDABLE RING,90185D,148.63,35,11
CRYSTAL DIAMANTE STAR BROOCH,90206C,224.73000000000002,45,31
CRYSTAL FROG PHONE CHARM,90086,77.78999999999999,102,28
CRYSTAL HOOP EARRING FLORAL LEAF,90186B,64.58,22,15
CRYSTAL PAIR HEART HAIR SLIDES,90003D,112.26,30,16
CRYSTAL SEA HORSE PHONE CHARM,90087,61.459999999999994,107,25
CRYSTAL STILETTO PHONE CHARM,90085,36.76,34,10
CRYSTAL STUD EARRINGS ASSORTED COL ,90058B,232.56,612,15
CRYSTAL STUD EARRINGS CLEAR DISPLAY,90058A,123.12,324,7
CUBIC MUG FLOCK BLUE ON BROWN,37479B,78.09,131,21
CUBIC MUG FLOCK PINK ON BROWN,37479P,142.23,163,32
CUBIC MUG PINK POLKADOT,37482P,349.35,494,47
CUPBOARD 3 DRAWER MA CAMPAGNE,22762,2786.0299999999997,171,112
CUPCAKE LACE PAPER SET 6,22938,4488.63,2367,186
CUPID DESIGN SCENTED CANDLES,72819,509.07,225,43
CUPID SCENTED CANDLE IN GLASS,72821,18.15,11,4
CURIO CABINET LINEN AND LACE ,23410,290.1,36,18
CURIOUS  IMAGES NOTEBOOK SET,85019C,270.72,182,11
CURIOUS IMAGES GIFT WRAP SET,85032C,718.5400000000001,683,140
CURIOUS IMAGES SCRAP BOOK SET,85031C,14.850000000000001,3,1
CUSHION COVER PINK UNION JACK,22786,764.63,123,47
CUT GLASS HEXAGON T-LIGHT HOLDER,85106,1142.31,649,20
CUT GLASS T-LIGHT HOLDER OCTAGON,85107,541.39,249,27
CUTE BIRD CEATURE SCREEN,84732B,8.58,22,2
CUTE CATS TAPE,21881,383.11,1102,79
CUTE RABBIT CEATURE SCREEN ,84732D,4.29,11,2
DAIRY MAID  PUDDING BOWL,21538,18.75,5,2
DAIRY MAID LARGE MILK JUG,21534,1879.18,370,155
DAIRY MAID STRIPE MUG,21845,1720.3000000000002,1906,82
DAIRY MAID TOASTRACK,21530,769.57,777,104
DAIRY MAID TRADITIONAL TEAPOT ,21528,1557.57,215,111
DAISIES  HONEYCOMB GARLAND ,21204,868.4399999999999,499,85
DAISY FOLKART HEART DECORATION,35972,120.0,96,16
DAISY GARDEN MARKER,22479,1658.57,1139,98
DAISY HAIR BAND,90170,140.32999999999998,85,37
DAISY HAIR COMB,90169,47.839999999999996,19,11
DAISY JOURNAL ,20769,217.55999999999997,80,34
DAISY NOTEBOOK ,20775,233.54,134,63
DAISY SKETCHBOOK ,20763,205.04,73,27
DANISH ROSE BEDSIDE CABINET,84816,519.35,13,10
DANISH ROSE DECORATIVE PLATE,84817,710.64,951,55
DANISH ROSE DELUXE COASTER,84821,407.15,935,40
DANISH ROSE FOLDING CHAIR,84823,890.4000000000001,112,25
DANISH ROSE PHOTO FRAME,84818,1460.81,1423,99
DANISH ROSE ROUND SEWING BOX,84819,951.79,811,62
DANISH ROSE TRINKET TRAYS,84820,483.05,259,31
DANISH ROSE UMBRELLA STAND,84824,31.9,2,2
DARK BIRD HOUSE TREE DECORATION,21015,589.55,1483,142
DECORATION  BUTTERFLY  MAGIC GARDEN,22250,730.9499999999999,819,147
DECORATION  PINK CHICK MAGIC GARDEN,22248,525.09,593,109
"DECORATION , WOBBLY CHICKEN, METAL ",22287,397.71999999999997,234,35
"DECORATION , WOBBLY RABBIT , METAL ",22286,518.03,293,48
"DECORATION HEN ON NEST, HANGING",22285,74.42999999999999,42,6
DECORATION SITTING BUNNY,22268,349.54,1480,83
DECORATION WHITE CHICK MAGIC GARDEN,22249,812.86,928,145
DECORATION WOBBLY CHICKEN,22287,319.14,560,45
DECORATION WOBBLY RABBIT METAL ,22286,504.46,830,67
DECORATIVE CATS BATHROOM BOTTLE,21774,1152.4,1095,186
DECORATIVE FLORE BATHROOM BOTTLE,21775,716.86,515,139
DECORATIVE HANGING SHELVING UNIT,84632,359.70000000000005,6,5
DECORATIVE PLANT POT WITH FRIEZE,22825,584.37,73,28
DECORATIVE ROSE BATHROOM BOTTLE,21773,1154.17,1170,163
DECORATIVE VINTAGE COFFEE  BOX,23413,277.0,52,22
DECORATIVE WICKER HEART LARGE,23329,3038.1899999999996,1767,233
DECORATIVE WICKER HEART MEDIUM,23330,2286.97,1794,216
DECORATIVE WICKER HEART SMALL,23331,1062.28,1596,109
"DECOUPAGE,GREETING CARD,",84247G,158.63,357,32
DECROTIVEVINTAGE COFFEE GRINDER BOX,23413,71.08,12,6
DELUXE SEWING KIT ,22654,9893.0,1411,328
DENIM PATCH PURSE PINK BUTTERFLY,20856,357.28999999999996,216,61
DIAMANTE BOW BROOCH BLACK COLOUR,90082D,58.03,9,5
DIAMANTE BOW BROOCH GREEN COLOUR,90082A,193.2,30,18
DIAMANTE BOW BROOCH RED COLOUR,90082B,158.75,25,10
DIAMANTE HAIR GRIP PACK/2 BLACK DIA,90059B,26.52,16,10
DIAMANTE HAIR GRIP PACK/2 CRYSTAL,90059A,74.53,45,27
DIAMANTE HAIR GRIP PACK/2 LT ROSE,90059F,34.69,21,14
DIAMANTE HAIR GRIP PACK/2 MONTANA,90059C,24.79,15,10
DIAMANTE HAIR GRIP PACK/2 PERIDOT,90059D,41.449999999999996,25,19
DIAMANTE HAIR GRIP PACK/2 RUBY,90059E,41.37,25,15
"DIAMANTE HEART SHAPED WALL MIRROR, ",22165,3328.2,415,146
DIAMANTE NECKLACE,90176C,23.32,3,2
DIAMANTE NECKLACE BLACK ,90176B,30.12,4,3
DIAMANTE NECKLACE GREEN,90176E,29.98,4,3
DIAMANTE NECKLACE PURPLE,90176D,52.5,7,4
DIAMANTE RING ASSORTED IN BOX.,90057,1311.3600000000001,1008,22
DIAMOND LAS VEGAS NECKLACE 45CM,90211A,70.97,12,8
DINOSAUR HEIGHT CHART STICKER SET,21251,568.98,182,46
DINOSAUR KEYRINGS ASSORTED,21829,1460.74,6765,177
DINOSAUR LUNCH BOX WITH CUTLERY,21561,3127.38,1282,214
DINOSAUR PARTY BAG + STICKER SET,22334,1160.7099999999998,707,101
DINOSAURS  WRITING SET ,21329,1723.6899999999998,941,287
DISCO BALL CHRISTMAS DECORATION,20668,1501.4,12883,215
DISCO BALL ROTATOR BATTERY OPERATED,21464,1055.25,249,105
DO NOT TOUCH MY STUFF DOOR HANGER ,21163,680.55,1196,127
DOCTOR'S BAG SOFT TOY,21056,1765.3999999999999,184,72
DOG AND BALL WALL ART,23522,425.87999999999994,252,4
DOG BOWL CHASING BALL DESIGN,22349,5381.5199999999995,1366,131
DOG BOWL VINTAGE CREAM,22852,1757.8799999999999,390,125
DOG LICENCE WALL ART,23526,2081.64,408,29
DOG TOY WITH PINK CROCHET SKIRT,84581,709.71,187,90
DOGGY RUBBER,10120,40.32,192,29
DOILEY BISCUIT TIN,23236,327.6,120,13
DOILEY STORAGE TIN,23236,3004.46,1094,122
DOILY THANK YOU CARD,23695,313.24,741,57
DOLLCRAFT BOY JEAN-PAUL ,23128,373.9,82,12
DOLLCRAFT GIRL AMELIE,23126,178.2,36,8
DOLLCRAFT GIRL AMELIE KIT,23126,294.7,66,8
DOLLCRAFT GIRL NICOLE,23127,336.6,68,12
DOLLY CABINET 2 DRAWERS ,23459,412.5,33,19
DOLLY CABINET 3 DRAWERS ,23458,762.4499999999999,51,30
DOLLY GIRL BABY GIFT SET,23008,6719.61,433,133
DOLLY GIRL CHILDRENS BOWL,23289,2013.7,1622,191
DOLLY GIRL CHILDRENS CUP,23291,2059.03,1634,195
DOLLY GIRL CHILDRENS EGG CUP,22977,1252.61,950,135
DOLLY GIRL LUNCH BOX,22630,21609.789999999997,11780,850
DOLLY GIRL MINI BACKPACK,23390,2992.3900000000003,739,161
DOLLY GIRL MINI RUCKSACK,23390,33.2,8,2
DOLLY GIRL WALL ART,23529,1055.94,318,11
DOLLY HONEYCOMB GARLAND,21202,485.46,474,25
DOLLY MIXTURE CHILDREN'S UMBRELLA,20686,922.67,267,77
DOLPHIN WINDMILL,77079,2.12,1,1
DONKEY TAIL GAME ,23229,189.54000000000002,54,4
DOOR HANGER  MUM + DADS ROOM,21248,330.71999999999997,205,66
DOORKNOB CERAMIC IVORY,23035,52.199999999999996,36,1
DOORKNOB CRACKED GLAZE BLUE,23028,238.49999999999997,162,3
DOORKNOB CRACKED GLAZE GREEN,23029,19.799999999999997,12,2
DOORKNOB CRACKED GLAZE IVORY,23032,258.29999999999995,174,5
DOORKNOB CRACKED GLAZE PINK,23031,19.799999999999997,12,2
DOORMAT 3 SMILEY CATS,48111,7708.48,1173,234
DOORMAT AIRMAIL ,22366,6034.9,803,223
DOORMAT BLACK FLOCK ,48173C,10000.66,1799,188
DOORMAT BLACK FLOCK ,48173c,252.95000000000002,15,7
DOORMAT CHRISTMAS VILLAGE,22687,3354.22,590,52
DOORMAT ENGLISH ROSE ,48184,14300.15,2044,411
DOORMAT FAIRY CAKE,48185,23872.91,3615,365
DOORMAT FANCY FONT HOME SWEET HOME,21523,21593.74,3245,502
DOORMAT FRIENDSHIP ,48189,451.10999999999996,27,17
DOORMAT HEARTS,48194,22114.42,3418,593
DOORMAT HOME SWEET HOME BLUE ,22690,9943.7,1621,286
DOORMAT I LOVE LONDON,22660,2678.96,364,102
DOORMAT KEEP CALM AND COME IN,23284,38133.64,5487,728
DOORMAT MERRY CHRISTMAS RED ,22689,5176.25,676,147
DOORMAT MULTICOLOUR STRIPE,48116,9080.68,1491,201
DOORMAT NEIGHBOURHOOD WITCH ,22414,2038.39,282,98
DOORMAT NEW ENGLAND,48187,24108.39,3807,600
DOORMAT PEACE ON EARTH BLUE,22688,3519.6600000000003,705,32
DOORMAT RED RETROSPOT,20685,28049.54,4089,697
DOORMAT RESPECTABLE HOUSE,22365,5754.03,792,182
DOORMAT SPOTTY HOME SWEET HOME,21524,13572.06,1752,480
DOORMAT TOPIARY,48129,6009.84,904,205
DOORMAT UNION FLAG,48138,25534.15,3751,616
DOORMAT UNION JACK GUNS AND ROSES,21955,7580.82,1228,206
DOORMAT VINTAGE LEAF,23283,4122.2,564,142
DOORMAT VINTAGE LEAVES DESIGN ,23283,2881.18,430,91
DOORMAT WELCOME PUPPIES,48188,12107.02,2064,287
DOORMAT WELCOME SUNRISE,22691,2678.77,371,120
DOORMAT WELCOME TO OUR HOME,22692,11539.06,1527,448
DOORSTOP FOOTBALL DESIGN,22513,539.9,152,67
DOORSTOP RACING CAR DESIGN,22512,269.71,123,38
DOORSTOP RETROSPOT HEART,22508,6525.88,1594,296
DOTCOM POSTAGE,DOT,206248.77,708,708
DOTCOMGIFTSHOP TEA TOWEL,22351,23.089999999999996,13,2
DOUBLE CERAMIC PARLOUR HOOK,23075,91.30000000000001,22,5
DOUGHNUT LIP GLOSS ,23077,13695.77,10395,344
DOVE DECORATION PAINTED ZINC ,22336,754.0300000000001,2381,79
DRAGONS BLOOD INCENSE,17084P,104.44,423,39
DRAWER KNOB CERAMIC BLACK,23034,1448.6699999999998,979,88
DRAWER KNOB CERAMIC IVORY,23035,3147.79,2155,190
DRAWER KNOB CERAMIC RED,23033,1058.8999999999999,714,74
DRAWER KNOB CRACKLE GLAZE BLUE,23028,2138.6299999999997,1207,134
DRAWER KNOB CRACKLE GLAZE GREEN,23029,2284.12,1340,154
DRAWER KNOB CRACKLE GLAZE IVORY,23032,3595.3799999999997,2154,194
DRAWER KNOB CRACKLE GLAZE PINK,23031,2132.4999999999995,1266,153
DRAWER KNOB VINTAGE GLASS BALL,23025,760.8000000000001,350,54
DRAWER KNOB VINTAGE GLASS HEXAGON,23027,627.95,295,30
DRAWER KNOB VINTAGE GLASS STAR,23026,1198.96,556,62
DROP DIAMANTE EARRINGS BLACK DIAMON,90177B,41.010000000000005,14,7
DROP DIAMANTE EARRINGS CRYSTAL,90177C,76.23,26,14
DROP DIAMANTE EARRINGS GREEN,90177E,41.080000000000005,14,9
DROP DIAMANTE EARRINGS PURPLE,90177D,73.53,25,14
DROP EARRINGS W FLOWER & LEAF,90188,22.58,9,7
DUSTY PINK CHRISTMAS TREE 30CM,35597A,1.25,1,1
DUSTY PINK CHRISTMAS TREE 60CM,35598A,26.550000000000004,9,2
Dad's Cab Electronic Meter,21595,16.94,2,2
Dotcomgiftshop Gift Voucher £10.00,gift_0001_10,74.97,9,8
Dotcomgiftshop Gift Voucher £100.00,22016,83.33,1,1
Dotcomgiftshop Gift Voucher £20.00,gift_0001_20,167.05,10,9
Dotcomgiftshop Gift Voucher £30.00,gift_0001_30,175.53,7,7
Dotcomgiftshop Gift Voucher £40.00,gift_0001_40,100.69999999999999,3,3
Dotcomgiftshop Gift Voucher £50.00,gift_0001_50,167.56,4,4
Dr. Jam's Arouzer Stress Ball,21594,8.34,2,2
EASTER BUNNY GARLAND OF FLOWERS,85186A,273.64,567,79
EASTER BUNNY HANGING GARLAND,35921,133.23,68,23
EASTER BUNNY WITH BASKET ON BACK,84231,72.63,108,20
EASTER BUNNY WREATH,35922,138.6,28,10
EASTER CRAFT 4 CHICKS ,22148,3917.45,1933,186
EASTER CRAFT IVY WREATH WITH CHICK,22146,1.95,1,1
EASTER DECORATION EGG BUNNY ,22267,673.17,836,83
EASTER DECORATION HANGING BUNNY,22266,595.85,1887,92
EASTER DECORATION NATURAL CHICK,22265,363.55,536,64
EASTER DECORATION SITTING BUNNY,22268,452.79999999999995,529,75
EASTER TIN BUCKET,21717,946.93,408,41
EASTER TIN BUNNY BOUQUET,22859,2003.07,1203,158
EASTER TIN CHICKS IN GARDEN,22861,522.93,305,50
EASTER TIN CHICKS PINK DAISY,22860,1017.7699999999999,589,107
EASTER TIN KEEPSAKE,22858,1860.7799999999997,1126,136
EASTER TREE YELLOW BIRDS,22281,929.44,131,63
EAU DE NIL LOVE BIRD CANDLE,85169C,452.86,429,46
EAU DE NILE HEART SHAPE PHOTO FRAME,85025B,555.1199999999999,329,38
EAU DE NILE JEWELLED PHOTOFRAME,85023B,235.35000000000002,105,13
EAU DE NILE JEWELLED PHOTOFRAME,85024B,289.65,193,12
EAU DE NILE JEWELLED T-LIGHT HOLDER,85026B,70.27,79,11
ECONOMY HOLIDAY PURSE,20666,41.53,30,17
ECONOMY LUGGAGE TAG,20659,246.84,158,62
EDWARDIAN DROP EARRINGS JET BLACK,90022,90.2,24,20
EDWARDIAN HEART PHOTO FRAME,23070,709.5400000000001,160,44
EDWARDIAN PARASOL BLACK,15056BL,15828.84,2844,321
EDWARDIAN PARASOL BLACK,15056bl,1086.88,87,62
EDWARDIAN PARASOL NATURAL,15056N,22152.690000000002,3950,456
EDWARDIAN PARASOL NATURAL,15056n,1585.2800000000002,127,84
EDWARDIAN PARASOL PINK,15056P,4354.92,776,144
EDWARDIAN PARASOL PINK,15056p,412.48,33,26
EDWARDIAN PARASOL RED,20679,10021.42,1710,326
EDWARDIAN PHOTO FRAME,23069,556.21,88,32
EGG CUP HENRIETTA HEN CREAM ,23568,787.52,630,48
EGG CUP HENRIETTA HEN PINK,23567,291.58,211,37
EGG CUP MILKMAID HEIDI,23566,1156.93,881,83
EGG CUP MILKMAID HELGA ,23565,586.31,410,63
EGG CUP MILKMAID INGRID,23564,841.31,644,76
EGG CUP NATURAL CHICKEN,22269,621.49,932,125
EGG FRYING PAN BLUE ,23339,400.84000000000003,173,76
EGG FRYING PAN IVORY ,23335,790.7800000000001,377,96
EGG FRYING PAN MINT ,23337,388.75,180,69
EGG FRYING PAN PINK ,23336,519.25,225,85
EGG FRYING PAN RED ,23338,915.4000000000001,431,109
EIGHT PIECE CREEPY CRAWLIE SET,21827,7.5,6,3
EIGHT PIECE DINOSAUR SET,21826,185.18,125,35
EIGHT PIECE SNAKE  SET,21828,435.79,330,84
ELEPHANT BIRTHDAY CARD ,21507,474.78,1110,95
ELEPHANT CARNIVAL POUFFE,21627,1299.83,63,47
ELEPHANT CLIP W SUCTION CUP,62074B,6.72,16,4
"ELEPHANT, BIRTHDAY CARD, ",21507,945.46,2210,167
ELVIS WALLHANGING / CURTAIN,46126A,69.84,52,8
EMBOSSED GLASS TEALIGHT HOLDER,22460,3273.5,2546,211
EMBOSSED HEART TRINKET BOX,23074,547.27,246,48
EMBROIDERED RIBBON REEL CLAIRE,23519,792.31,224,24
EMBROIDERED RIBBON REEL DAISY ,23515,1164.98,579,71
EMBROIDERED RIBBON REEL EMILY ,23511,1252.01,571,98
EMBROIDERED RIBBON REEL RACHEL ,23518,980.41,361,44
EMBROIDERED RIBBON REEL REBECCA ,23517,996.38,334,63
EMBROIDERED RIBBON REEL ROSIE,23512,975.24,500,57
EMBROIDERED RIBBON REEL RUBY ,23520,600.55,167,32
EMBROIDERED RIBBON REEL SALLY ,23514,977.39,478,74
EMBROIDERED RIBBON REEL SOPHIE  ,23516,1058.6,296,42
EMBROIDERED RIBBON REEL SUSIE ,23513,1114.26,566,70
EMERGENCY FIRST AID TIN ,22494,1572.27,1088,245
EMPIRE BIRTHDAY CARD,22023,538.72,1206,146
EMPIRE DESIGN ROSETTE,22053,3606.4199999999996,4244,28
EMPIRE GIFT WRAP,22047,1373.5,3375,106
EMPIRE TISSUE BOX,22091,1030.1000000000001,1983,167
EMPIRE UNION JACK TV DINNER TRAY,22476,2839.21,881,126
ENAMEL BLUE RIM BISCUIT BIN,35241,530.49,103,44
ENAMEL BLUE RIM COFFEE CONTAINER,35810B,174.09,152,26
ENAMEL BLUE RIM TEA CONTAINER,35809B,9.18,8,3
ENAMEL BOWL PANTRY,23250,30.0,24,2
ENAMEL BREAD BIN CREAM,22424,12358.33,873,454
ENAMEL COLANDER CREAM,22425,2346.1200000000003,461,167
ENAMEL DINNER PLATE PANTRY,23249,19.799999999999997,12,1
ENAMEL FIRE BUCKET CREAM,22428,1854.76,253,116
ENAMEL FLOWER JUG CREAM,22427,12647.26,2109,509
ENAMEL JUG PANTRY,23252,30.0,8,2
ENAMEL MEASURING JUG CREAM,22429,5507.18,1262,376
ENAMEL MUG PANTRY,23251,15.0,12,1
ENAMEL PINK COFFEE CONTAINER,35810A,640.0899999999999,633,75
ENAMEL PINK TEA CONTAINER,35809A,488.06,420,62
ENAMEL PINK TEA CONTAINER,35809a,37.33,9,9
ENAMEL WASH BOWL CREAM,22426,2855.21,745,210
ENAMEL WATERING CAN CREAM,22430,3241.34,624,199
ENCHANTED BIRD COATHANGER 5 HOOK,84792,3974.32,833,241
ENCHANTED BIRD PLANT CAGE,84789,640.72,186,48
ENGLISH ROSE GARDEN SECATEURS,47504K,2048.66,2018,212
ENGLISH ROSE HOT WATER BOTTLE,84030E,6414.69,1497,334
ENGLISH ROSE HOT WATER BOTTLE,84030e,877.76,108,41
ENGLISH ROSE METAL WASTE BIN,79071B,59.0,20,11
ENGLISH ROSE NOTEBOOK A6 SIZE,84535A,186.56,399,21
ENGLISH ROSE NOTEBOOK A7 SIZE,84536A,1409.8999999999999,3138,341
ENGLISH ROSE NOTEBOOK A7 SIZE,84536a,11.060000000000002,14,4
ENGLISH ROSE SCENTED HANGING FLOWER,47574A,665.2,548,114
ENGLISH ROSE SCENTED HANGING HEART,47574B,17.0,4,2
ENGLISH ROSE SMALL SCENTED FLOWER,47578A,197.43,213,45
ENGLISH ROSE SPIRIT LEVEL ,47504H,964.38,978,118
ENVELOPE 50 BLOSSOM IMAGES,85017B,600.29,1077,158
ENVELOPE 50 CURIOUS IMAGES,85017C,26.17,49,10
ENVELOPE 50 ROMANTIC IMAGES,85017A,13.58,16,8
ESSENTIAL BALM 3.5g TIN IN ENVELOPE,18007,395.61,5884,30
ETCHED GLASS COASTER,21294,825.49,1618,71
ETCHED GLASS STAR TREE DECORATION,21009,1.25,1,1
EUCALYPTUS & PINECONE  WREATH,21352,1511.2600000000002,378,77
FAIRY CAKE BIRTHDAY CANDLE SET,37495,1622.24,440,92
FAIRY CAKE DESIGN UMBRELLA,15060B,1807.55,451,131
FAIRY CAKE DESIGN UMBRELLA,15060b,24.869999999999997,3,3
FAIRY CAKE FLANNEL ASSORTED COLOUR,21108,18056.280000000002,10241,262
FAIRY CAKE NOTEBOOK A5 SIZE,84534B,50.72,53,10
FAIRY CAKE NOTEBOOK A5 SIZE,84534b,3.32,2,2
FAIRY CAKES NOTEBOOK A6 SIZE,84535B,850.2,1348,156
FAIRY CAKES NOTEBOOK A7 SIZE,84536B,888.14,2102,178
FAIRY CAKES NOTEBOOK A7 SIZE,84536b,4.050000000000001,5,1
FAIRY DREAMS INCENSE ,17084N,313.31,1264,101
FAIRY SOAP SOAP HOLDER,84849B,478.83,266,76
FAIRY TALE COTTAGE NIGHT LIGHT,22466,1979.34,976,115
FAIRY TALE COTTAGE NIGHTLIGHT,22466,3626.45,2093,94
FAMILY ALBUM WHITE PICTURE FRAME,22169,10345.76,1197,372
FAMILY PHOTO FRAME CORNICE,22768,8258.59,867,260
FAN BLACK FRAME ,15030,41.47,143,12
"FANCY FONT BIRTHDAY CARD, ",21506,2085.89,4922,323
FANCY FONTS BIRTHDAY WRAP,21497,3409.0,8550,230
FANNY'S REST STOPMETAL SIGN,82599,1217.73,508,141
FAUX FUR CHOCOLATE THROW,22802,1474.74,87,49
FAWN AND MUSHROOM GREETING CARD,84247L,62.06,128,19
FAWN BLUE HOT WATER BOTTLE,21481,11443.87,3308,490
FBA,82583,0.0,160,1
"FEATHER PEN,COAL BLACK",51014C,1405.73,2687,174
"FEATHER PEN,COAL BLACK",51014c,0.83,1,1
"FEATHER PEN,HOT PINK",51014A,2000.06,3842,239
"FEATHER PEN,LIGHT PINK",51014L,1069.1399999999999,2059,149
FELT EGG COSY BLUE RABBIT ,22260,577.4399999999999,552,104
FELT EGG COSY CHICKEN,22262,950.4599999999999,1023,137
FELT EGG COSY LADYBIRD ,22263,195.97,326,51
FELT EGG COSY WHITE RABBIT ,22261,544.7099999999999,579,107
FELT FARM ANIMAL CHICKEN,22256,387.9,286,50
FELT FARM ANIMAL HEN,22259,332.84,481,44
FELT FARM ANIMAL RABBIT,22258,743.89,912,77
FELT FARM ANIMAL SHEEP,22257,280.42,373,42
FELT FARM ANIMAL WHITE BUNNY ,22264,736.98,1561,96
FELT TOADSTOOL  SMALL,22255,602.63,629,77
FELT TOADSTOOL LARGE,22254,836.8000000000001,657,61
FELTCRAFT 6 FLOWER FRIENDS,22149,12357.08,6070,547
FELTCRAFT BOY JEAN-PAUL KIT,23128,1884.76,366,127
FELTCRAFT BUTTERFLY HEARTS,22147,8621.14,6226,481
FELTCRAFT CHRISTMAS FAIRY,22940,7890.25,1915,321
FELTCRAFT CUSHION BUTTERFLY,22569,10110.83,2759,348
FELTCRAFT CUSHION OWL,22568,12413.89,3373,470
FELTCRAFT CUSHION RABBIT,22570,11204.97,3086,386
FELTCRAFT DOLL EMILY,22274,3953.4800000000005,1340,267
FELTCRAFT DOLL MARIA,22272,564.9200000000001,196,48
FELTCRAFT DOLL MOLLY,22273,12001.59,4509,331
FELTCRAFT DOLL ROSIE,22271,5007.35,1701,301
FELTCRAFT GIRL AMELIE KIT,23126,5059.14,1007,275
FELTCRAFT GIRL NICOLE KIT,23127,3422.4,668,182
FELTCRAFT HAIRBAND PINK AND BLUE,22586,774.55,856,161
FELTCRAFT HAIRBAND PINK AND PURPLE,22566,789.78,873,150
FELTCRAFT HAIRBAND RED AND BLUE,22587,830.52,918,161
FELTCRAFT HAIRBANDS PINK AND WHITE ,22565,872.67,933,148
FELTCRAFT PRINCESS CHARLOTTE DOLL,22749,9216.16,2362,449
FELTCRAFT PRINCESS LOLA DOLL,22750,7491.83,2001,413
FELTCRAFT PRINCESS OLIVIA DOLL,22751,5801.47,1563,290
FENG SHUI PILLAR CANDLE,72232,630.23,3317,65
FILIGREE DIAMANTE CHAIN,90020,12.48,1,1
FILIGREE DIAMANTE EARRINGS,90023,55.02,13,9
FILIGREE HEART BIRD WHITE ,23228,1960.0,1492,125
FILIGREE HEART BUTTERFLY WHITE ,23227,2070.06,1642,117
FILIGREE HEART DAISY WHITE,23226,1596.67,1247,98
FILIGRIS HEART WITH BUTTERFLY,21390,4848.13,3903,212
FINE SILVER NECKLACE W PASTEL FLOWE,90146,95.35000000000001,17,7
FINE WICKER HEART ,22855,3301.73,2642,237
FIRE POLISHED GLASS BRACELET BLACK,90039C,22.48,6,6
FIRE POLISHED GLASS BRACELET GREEN,90039D,78.69,21,9
FIRE POLISHED GLASS BRACELET MONTAN,90039B,41.31,11,6
FIRE POLISHED GLASS BRACELET RED,90039A,29.96,8,3
FIRE POLISHED GLASS NECKL BRONZE,90060D,17.85,3,3
FIRE POLISHED GLASS NECKL GOLD,90060B,5.95,1,1
FIRE POLISHED GLASS NECKL GREEN,90060F,35.160000000000004,6,6
FIRST AID TIN,21260,3722.23,1161,166
FIRST CLASS HOLIDAY PURSE ,20662,90.42,31,20
FIRST CLASS LUGGAGE TAG ,20654,193.59,152,49
FIRST CLASS PASSPORT COVER ,20617,194.94,93,43
FIVE CATS HANGING DECORATION,22317,879.6700000000001,286,89
FIVE HEART HANGING DECORATION,22318,1541.6200000000001,462,142
FLAG OF ST GEORGE ,84033,37.95,23,7
FLAG OF ST GEORGE CAR FLAG,84016,12.16,27,2
FLAG OF ST GEORGE CHAIR,78033,185.3,38,8
FLAMES SUNGLASSES PINK LENSES,84527,95.1,52,8
FLOOR CUSHION ELEPHANT CARNIVAL,21630,718.14,69,35
FLOOR LAMP SHADE WOOD BASE,84358,312.7,33,13
FLORAL BATHROOM SET,84847,75.0,20,11
FLORAL BLUE MONSTER,20695,21.25,5,4
FLORAL FOLK STATIONERY SET,21993,3355.84,1937,425
FLORAL PINK MONSTER,20694,187.54,43,16
FLORAL SOFT CAR TOY,20696,230.81,54,30
FLOWER BLUE CLOCK WITH SUCKER,81950B,33.64,116,8
FLOWER BURST SILVER RING CRYSTAL,90002D,48.71,13,9
FLOWER FAIRY 5 DRAWER LINERS,17107D,150.45,59,20
FLOWER FAIRY 5 SUMMER DRAW LINERS,17107D,15.299999999999999,6,1
FLOWER FAIRY INCENSE BOUQUET,17109D,32.349999999999994,61,5
"FLOWER FAIRY,5 SUMMER B'DRAW LINERS",17107D,267.75,105,25
FLOWER GARLAND NECKLACE RED,90036A,47.7,6,4
"FLOWER GLASS GARLAND NECKL.36""BLACK",90036D,95.35000000000001,12,5
"FLOWER GLASS GARLAND NECKL.36""BLUE",90036C,71.4,9,5
"FLOWER GLASS GARLAND NECKL.36""GREEN",90036B,31.8,4,2
"FLOWER GLASS GARLD NECKL36""AMETHYST",90036E,110.95,14,11
"FLOWER GLASS GARLD NECKL36""TURQUOIS",90036F,64.08,8,5
FLOWER PURPLE CLOCK W/SUCKER,81950V,4.25,5,3
FLOWER PURPLE CLOCK WITH SUCKER,81950V,4.35,15,3
FLOWER SHOP DESIGN MUG,23664,1.65,1,1
FLOWER VINE RAFFIA FOOD COVER,21470,1470.32,381,140
FLOWERS  STICKERS,21676,245.35999999999999,257,61
FLOWERS CHANDELIER T-LIGHT HOLDER,23056,2879.37,960,38
FLOWERS HANDBAG blue and orange,16151A,61.25,49,3
FLOWERS TILE COASTER,84926E,327.79999999999995,968,39
FLOWERS TILE HOOK,84927E,80.16000000000001,59,13
FLUTED ANTIQUE CANDLE HOLDER,22792,2622.93,2785,206
FLYING PIG WATERING CAN,84674,466.95000000000005,193,47
FOLDING BUTTERFLY MIRROR HOT PINK ,23280,1495.24,1867,152
FOLDING BUTTERFLY MIRROR IVORY ,23282,742.92,794,133
FOLDING BUTTERFLY MIRROR RED  ,23281,985.88,1262,99
FOLDING CAMPING SCISSOR W/KNIF & S,16010,3.5999999999999996,30,3
FOLDING MIRROR HOT PINK ,23280,118.91999999999999,156,5
FOLDING MIRROR IVORY ,23282,14.939999999999998,18,2
FOLDING MIRROR RED  ,23281,14.939999999999998,18,2
FOLDING SHOE TIDY,45013,8.850000000000001,3,2
FOLDING UMBRELLA BLACKBLUE POLKADOT,21707,763.6600000000001,160,74
FOLDING UMBRELLA CHOCOLATE POLKADOT,21709,607.23,133,59
FOLDING UMBRELLA CREAM POLKADOT,21708,863.11,190,64
FOLDING UMBRELLA PINKWHITE POLKADOT,21710,501.98,107,45
FOLDING UMBRELLA RED/WHITE POLKADOT,21706,1616.81,346,120
FOLDING UMBRELLA WHITE/RED POLKADOT,21711,513.02,104,36
"FOLK ART GREETING CARD,pack/12",84247K,64.9,22,9
FOLK ART METAL HEART T-LIGHT HOLDER,35968,82.1,163,19
FOLK ART METAL STAR T-LIGHT HOLDER,35967,252.33,485,67
FOLK FELT HANGING MULTICOL GARLAND,84748,570.86,204,61
FOLKART CHRISTMAS TREE T-LIGHT HOLD,35966,10.260000000000002,27,2
FOLKART CLIP ON STARS,35964,404.08,783,100
FOLKART HEART NAPKIN RINGS,35965,551.13,366,69
FOLKART STAR CHRISTMAS DECORATIONS,35953,1633.6699999999998,3581,131
FOLKART ZINC HEART CHRISTMAS DEC,35961,2629.81,2986,244
FOLKART ZINC STAR CHRISTMAS DEC,35958,10.2,12,3
FOOD CONTAINER SET 3 LOVE HEART ,22131,3936.5899999999997,2031,291
"FOOD COVER WITH BEADS , SET 2 SIZES",23299,11.25,3,1
FOOD COVER WITH BEADS SET 2 ,23299,3761.63,1009,145
FOOD/DRINK SPONGE STICKERS,16012,256.2,1220,35
FOOT STOOL HOME SWEET HOME ,23397,5097.65,489,217
FORKED CACTUS CANDLE,20936,319.66,100,34
FOUND,22734,0.0,8,1
FOUR HOOK  WHITE LOVEBIRDS,22212,3700.94,1609,399
FOUR RABBIT EASTER DECORATIONS,35920,104.84,72,15
FRAPPUCINO SCARF KNITTING KIT,82616B,502.74,343,73
FREESTYLE CANVAS ART PICTURE,84725,39.65,41,18
FRENCH BATHROOM SIGN BLUE METAL,22672,2511.22,1476,219
FRENCH BLUE METAL DOOR SIGN 0,22685,780.8,603,104
FRENCH BLUE METAL DOOR SIGN 1,22676,1578.39,1181,207
FRENCH BLUE METAL DOOR SIGN 2,22677,1389.07,1018,193
FRENCH BLUE METAL DOOR SIGN 3,22678,1151.56,864,167
FRENCH BLUE METAL DOOR SIGN 4,22679,1023.03,761,159
FRENCH BLUE METAL DOOR SIGN 5,22680,1157.79,854,159
FRENCH BLUE METAL DOOR SIGN 6,22681,973.15,728,131
FRENCH BLUE METAL DOOR SIGN 7,22682,896.75,689,119
FRENCH BLUE METAL DOOR SIGN 8,22683,871.49,663,127
FRENCH BLUE METAL DOOR SIGN 9,22684,726.07,539,103
FRENCH BLUE METAL DOOR SIGN No,22686,1308.38,1019,165
FRENCH CARRIAGE LANTERN,23099,925.35,137,58
FRENCH CHATEAU LARGE FRUIT BOWL ,85028L,19.5,10,4
FRENCH CHATEAU LARGE PLATTER ,85027L,160.5,70,18
FRENCH CHATEAU OVAL PLATTER,85030,29.25,15,6
FRENCH CHATEAU SMALL FRUITBOWL,85028S,51.599999999999994,24,8
FRENCH ENAMEL CANDLEHOLDER,85053,3649.4900000000002,1693,317
FRENCH ENAMEL POT W LID,85054,1430.63,587,115
FRENCH ENAMEL UTENSIL HOLDER,85055,183.71,45,16
FRENCH ENAMEL WATER BASIN,85059,1273.11,411,128
FRENCH FLORAL CUSHION COVER ,20837,142.47,141,15
FRENCH FLORAL CUSHION COVER ,20840,632.3199999999999,533,74
FRENCH GARDEN SIGN BLUE METAL,22673,1016.08,791,131
FRENCH KITCHEN SIGN BLUE METAL,22675,1555.16,1240,164
FRENCH LATTICE CUSHION COVER ,20835,65.8,67,8
FRENCH LATTICE CUSHION COVER ,20838,461.45,385,57
FRENCH LAUNDRY SIGN BLUE METAL,22671,1608.6999999999998,962,144
FRENCH LAVENDER SCENT HEART,21391,1055.59,1069,106
FRENCH PAISLEY CUSHION COVER,20836,141.1,170,17
FRENCH PAISLEY CUSHION COVER ,20839,840.4399999999999,575,105
FRENCH STYLE EMBOSSED HEART CABINET,21277,571.43,26,22
FRENCH STYLE STORAGE JAR BONBONS,23187,695.06,2338,74
FRENCH STYLE STORAGE JAR CAFE ,23186,819.4599999999999,1982,70
FRENCH STYLE STORAGE JAR JAM,23185,114.85,317,30
FRENCH TOILET SIGN BLUE METAL,22674,1692.72,1346,187
FRENCH WC SIGN BLUE METAL,22670,2516.75,1882,301
FRESHWATER PEARL BRACELET GOLD,90042A,7.6499999999999995,3,2
FRESHWATER PEARL BRACELET IVORY,90042C,12.7,5,5
FRIDGE MAGNETS LA VIE EN ROSE,22924,1154.6,1295,87
FRIDGE MAGNETS LES ENFANTS ASSORTED,22923,1130.77,1366,81
FRIDGE MAGNETS US DINER ASSORTED,22922,1422.8999999999999,1587,102
FROG CANDLE,20941,83.78,64,19
FROG KING WATERING CAN,84675,26.55,9,2
FROG SOCK PUPPET,85185D,44.25000000000001,15,8
FROSTED WHITE BASE ,79403,85.52,95,15
FROSTED WHITE BASE ,79406,34.12,144,8
FRUIT SALAD BAG CHARM,90116,145.52,64,45
FRUIT TREE AND BIRDS WALL PLAQUE,84631,340.58,40,24
FRYING PAN BLUE POLKADOT,22201,716.8,194,88
FRYING PAN PINK POLKADOT,22200,1809.48,398,140
FRYING PAN RED POLKADOT ,22199,4.25,1,1
FRYING PAN RED RETROSPOT,22199,1922.34,466,166
FRYING PAN UNION FLAG,22207,5833.59,1333,208
FULL ENGLISH BREAKFAST PLATE,22109,6921.15,1641,297
FUNKY DIVA PEN,22741,7363.86,8547,233
FUNKY FLOWER PICNIC BAG FOR 4,84873A,33.9,2,2
FUNKY MONKEY CUSHION COVER,46118,317.16999999999996,232,46
FUNKY MONKEY GIFT BAG MEDIUM,16168M,173.12,371,41
FUNKY MONKEY MUG,37461,1.25,1,1
FUNKY WASHING UP GLOVES ASSORTED,20751,2041.5200000000002,971,198
FUSCHIA FLOWER PURSE WITH BEADS,47343A,145.17,159,14
FUSCHIA RETRO BAR STOOL,20785,523.3000000000001,14,5
FUSCHIA TABLE RUN FLOWER ,47341A,38.75,27,5
FUSCHIA VOILE POINTY SHOE DEC,47348A,50.31,97,15
Found,20713,0.0,100,1
Found,20748,0.0,40,1
Found,20754,0.0,57,1
Found,22501,0.0,24,1
Found,22837,0.0,26,1
Found,35968,0.0,63,1
Found,85017C,0.0,13,1
Found,85135B,0.0,53,1
Found by jackie,35600A,0.0,1,1
Found in w/hse,85185B,0.0,50,1
GAOLERS KEYS DECORATIVE GARDEN ,21745,3475.73,935,214
GARAGE KEY FOB,21899,565.8100000000001,778,148
GARDEN METAL SIGN ,21911,203.20999999999998,114,29
GARDEN PATH JOURNAL,20772,621.1899999999999,247,65
GARDEN PATH NOTEBOOK ,20778,24.75,15,8
GARDEN PATH POCKET BOOK,20760,58.65,69,21
GARDEN PATH SKETCHBOOK,20766,493.57,122,57
GARDENERS KNEELING PAD,22528,3.36,1,1
GARDENERS KNEELING PAD CUP OF TEA ,23300,11785.99,6809,758
GARDENERS KNEELING PAD KEEP CALM ,23301,16327.349999999999,8807,913
GARDENIA 1 WICK MORRIS BOXED CANDLE,85036A,714.35,211,60
GARDENIA 1 WICK MORRIS BOXED CANDLE,85036a,16.58,2,1
GARDENIA 3 WICK MORRIS BOXED CANDLE,85035A,782.3,276,81
GARDENIA 3 WICK MORRIS BOXED CANDLE,85035a,16.94,2,2
GARLAND WITH HEARTS AND BELLS,21812,1746.27,393,100
GARLAND WITH STARS AND BELLS,21813,2280.4700000000003,549,112
GARLAND WOODEN HAPPY EASTER,22241,2609.43,1952,239
"GARLAND, MAGIC GARDEN 1.8M",22246,23.4,12,1
"GARLAND, VINTAGE BELLS",23489,265.88,92,10
GEMSTONE CHANDELIER T-LIGHT HOLDER,23057,347.70000000000005,78,7
GENTLEMAN SHIRT REPAIR KIT ,22651,1837.4699999999998,2166,170
GEORGIAN TRINKET BOX,23073,1706.5,143,61
GIANT 50'S CHRISTMAS CRACKER,23320,7053.57,2661,333
GIANT MEDINA STAMPED METAL BOWL ,21681,19.9,2,2
GIFT BAG BIRTHDAY,22820,575.4200000000001,940,77
GIFT BAG LARGE 50'S CHRISTMAS,23437,30.0,24,2
GIFT BAG LARGE SPOT ,23438,120.0,96,6
GIFT BAG LARGE VINTAGE CHRISTMAS,23436,185.0,148,9
GIFT BAG PSYCHEDELIC APPLES,22821,722.6700000000001,1171,139
GIN & TONIC DIET GREETING CARD ,21519,1389.22,3299,246
GIN + TONIC DIET METAL SIGN,21175,25792.47,11709,759
GIN AND TONIC DIET METAL SIGN,21175,1237.5,498,50
GIN AND TONIC MUG,21874,4141.179999999999,2974,295
GINGERBREAD MAN COOKIE CUTTER,22966,9202.15,7440,670
GINGHAM BABUSHKA DOORSTOP,22510,402.74,210,42
GINGHAM HEART  DOORSTOP RED,21411,2961.83,785,241
GINGHAM HEART DECORATION,22595,5114.41,6139,413
GINGHAM OVEN GLOVE RED HEART ,21836,26.490000000000002,5,3
GINGHAM RECIPE BOOK BOX,23424,2509.62,462,135
GINGHAM ROSE WRAP,22986,768.18,1829,73
GIRAFFE WOODEN RULER,22991,7604.889999999999,3887,274
GIRLS ALPHABET IRON ON PATCHES ,84568,2678.33,12442,147
GIRLS PARTY BAG,DCGSSGIRL,144.43,47,13
GIRLS VINTAGE TIN SEASIDE BUCKET,21715,3507.17,1330,231
GIRLY PINK TOOL SET,84854,24.75,5,1
GLAMOROUS  MUG,21872,1454.98,1292,142
GLASS  BEURRE DISH,21658,3709.78,878,212
GLASS  SONGBIRD STORAGE JAR,23020,2065.14,169,73
GLASS AND BEADS BRACELET IVORY,90038C,33.69,9,4
GLASS AND PAINTED BEADS BRACELET OL,90038B,48.77,13,8
GLASS AND PAINTED BEADS BRACELET TO,90038A,56.15,15,10
GLASS APOTHECARY BOTTLE ELIXIR,23014,3419.5800000000004,856,209
GLASS APOTHECARY BOTTLE PERFUME,23012,4197.110000000001,1071,246
GLASS APOTHECARY BOTTLE TONIC,23013,3674.1600000000003,924,223
GLASS BEAD HOOP EARRINGS AMETHYST,90027D,28.4,9,6
GLASS BEAD HOOP EARRINGS BLACK,90027A,17.66,6,3
GLASS BEAD HOOP EARRINGS GREEN,90027C,14.5,5,5
GLASS BEAD HOOP EARRINGS MONTANA,90027B,8.76,3,3
GLASS BEAD HOOP NECKLACE AMETHYST,90026D,25.5,3,3
GLASS BEAD HOOP NECKLACE BLACK,90026A,17.0,2,1
GLASS BEAD HOOP NECKLACE GREEN,90026C,33.82,4,3
GLASS BEAD HOOP NECKLACE MONTANA,90026B,25.32,3,3
GLASS BELL JAR LARGE,22777,17.0,2,1
GLASS BELL JAR SMALL,22778,15.8,4,1
GLASS BON BON JAR,23089,4215.78,2354,225
GLASS BONNE JAM JAR,23021,500.82000000000005,120,27
GLASS CAKE COVER AND PLATE,21667,29.9,2,1
GLASS CHALICE BLUE SMALL ,21318,421.78,694,49
GLASS CHALICE GREEN  LARGE ,21320,364.22,197,19
GLASS CHALICE GREEN  SMALL ,21319,175.78,161,19
GLASS CLOCHE LARGE,22777,2934.53,350,57
GLASS CLOCHE SMALL,22778,3131.02,806,143
GLASS HEART T-LIGHT HOLDER ,21313,2893.77,3321,214
GLASS JAR DAISY FRESH COTTON WOOL,22361,2592.33,731,270
GLASS JAR DIGESTIVE BISCUITS,22364,2001.32,621,168
GLASS JAR ENGLISH CONFECTIONERY,22360,3192.82,1013,217
GLASS JAR KINGS CHOICE,22359,605.7700000000001,188,85
GLASS JAR MARMALADE ,22363,1380.8,483,84
GLASS JAR PEACOCK BATH SALTS,22362,1329.44,414,137
GLASS SONGBIRD STORAGE JAR,23020,126.7,11,3
GLASS SPHERE CANDLE STAND MEDIUM,21317,684.08,111,34
GLASS STAR FROSTED T-LIGHT HOLDER,21730,2514.4300000000003,517,131
GLASS TWIST BON BON JAR,23016,575.25,74,24
GLITTER BUTTERFLY CLIPS,20828,3074.7799999999997,1128,241
GLITTER CHRISTMAS HEART ,21818,231.82,268,21
GLITTER CHRISTMAS STAR ,21819,1066.65,2470,124
GLITTER CHRISTMAS TREE,21817,410.91,906,58
GLITTER CHRISTMAS TREE WITH BELLS,21822,719.3,698,97
GLITTER HANGING BUTTERFLY STRING,20829,2722.9500000000003,1314,194
GLITTER HEART DECORATION,21818,1088.5900000000001,2469,142
GLITTER HEART GARLAND WITH BELLS ,21820,1368.47,329,90
GLITTER SNOW PEAR TREE DECORATION,21011,28.999999999999996,20,3
GLITTER STAR GARLAND WITH BELLS ,21821,1037.05,251,62
GLOW IN DARK DOLPHINS,84199,28.98,138,31
GOLD APERITIF GLASS,20827,34.32,88,2
GOLD COSMETIC BAG PINK STAR,20861,4.2,2,2
GOLD COSMETICS BAG WITH BUTTERFLY,20860,2.1,1,1
GOLD DIAMANTE STAR BROOCH,90206A,59.800000000000004,12,9
GOLD EAR MUFF HEADPHONES,20781,212.26,35,25
GOLD FABRIC MIRROR,20869,86.76,180,29
GOLD FISHING GNOME,21128,546.6,68,36
GOLD FLOWER CUSHION COVER ,20816,15.6,8,2
GOLD M PEARL  ORBIT NECKLACE,90014B,152.84,15,13
GOLD M.O.P ORBIT BRACELET,90019B,96.52000000000001,18,18
GOLD M.O.P ORBIT DROP EARRINGS,90018B,92.28,22,17
GOLD M.O.P. ORBIT NECKLACE,90014B,5.9,2,2
GOLD MINI TAPE MEASURE ,20733,956.36,1234,205
GOLD MUG BONE CHINA TREE OF LIFE,22307,969.64,770,74
GOLD PHOTO FRAME,20831,466.53000000000003,216,39
GOLD PRINT PAPER BAG,35271S,3.6100000000000003,19,2
GOLD SCROLL GLASS T-LIGHT HOLDER,21736,137.22000000000003,80,5
GOLD STANDING GNOME,21131,398.02,106,28
GOLD TEDDY BEAR,20818,42.7,15,5
GOLD WASHBAG,21336,54.57,27,10
GOLD WINE GOBLET,20823,129.56,164,8
GOLD/AMBER DROP EARRINGS W LEAF,90190B,38.18,13,7
GOLD/M.O.P PENDANT ORBIT NECKLACE,90016B,184.66,22,19
GOLDIE LOOKING MIRROR,20821,84.15,17,6
GRAND CHOCOLATECANDLE,72741,8196.0,5958,292
GRASS HOPPER WOODEN WALL CLOCK ,84663A,374.12,272,34
GREEN  DIAMANTE PEN IN GIFT BOX,21847,178.89,76,33
GREEN 3 PIECE POLKADOT CUTLERY SET,84997A,3069.46,845,74
GREEN 3 PIECE POLKADOT CUTLERY SET,84997a,41.449999999999996,5,5
GREEN BIRDHOUSE DECORATION,21442,307.94,437,59
GREEN BITTY LIGHT CHAIN,85179A,380.79,193,59
GREEN BITTY LIGHT CHAIN,85179a,2.46,1,1
GREEN CAT FLORAL CUSHION COVER ,20700,345.17,73,54
GREEN CHRISTMAS TREE CARD HOLDER,22187,3245.68,1266,192
GREEN CHRISTMAS TREE STRING 20LIGHT,85045,191.1,42,11
GREEN CRYSTAL DROP EARRINGS,90011C,5.8,2,2
GREEN DRAWER KNOB ACRYLIC EDWARDIAN,22773,2739.4,2075,191
GREEN DROP EARRINGS W BEAD CLUSTER,90187B,40.03,12,8
GREEN EASTER EGG HUNT START POST,21460,56.779999999999994,28,11
GREEN ENAMEL FLOWER HAIR TIE,90202C,58.71,20,14
GREEN ENAMEL FLOWER RING,90201D,225.84,77,31
GREEN ENAMEL+GLASS HAIR COMB,90209B,355.64,184,54
GREEN FERN JOURNAL ,20768,438.57,176,55
GREEN FERN NOTEBOOK,20774,141.23999999999998,86,44
GREEN FERN POCKET BOOK,20756,53.55,63,22
GREEN FERN SKETCHBOOK ,20762,420.08,106,56
GREEN GEISHA GIRL ,84870C,146.05,46,28
GREEN GIANT GARDEN THERMOMETER,22927,2704.71,430,148
GREEN GLASS TASSLE BAG CHARM,90129C,79.76,35,16
GREEN GOOSE FEATHER CHRISTMAS TREE ,21261,672.09,187,45
GREEN GOOSE FEATHER TREE 60CM,21263,349.17,167,42
GREEN HEART COMPACT MIRROR,84876B,315.81,218,33
GREEN HEART OF GLASS BRACELET,90123C,83.29,14,6
GREEN JUICY FRUIT PHOTO FRAME,85124C,261.89,94,39
GREEN LEAVES AND BEADS PHONE CHARM,90128C,4.97,2,2
GREEN METAL BOX ARMY SUPPLIES,23081,3906.25,467,135
GREEN METAL BOX TOP SECRET,23081,132.0,16,4
GREEN METAL SWINGING BUNNY,85188A,278.16999999999996,319,42
GREEN MURANO TWIST BRACELET,90120C,215.20000000000002,51,22
GREEN MURANO TWIST NECKLACE,90124C,109.53999999999999,11,8
GREEN PAIR HEART HAIR SLIDES,90003E,86.11,23,14
GREEN PENDANT SHELL NECKLACE,90142A,5.09,1,1
GREEN PENDANT TRIPLE SHELL NECKLACE,90141A,63.11,12,10
GREEN PEONY CUSHION COVER,84984A,88.35000000000001,19,6
GREEN POLKADOT BOWL,20674,2016.23,1563,205
GREEN POLKADOT PLATE ,21245,1787.1999999999998,1075,128
GREEN POP ART MAO CUSHION COVER ,46115B,2.2800000000000002,12,2
GREEN REGENCY TEACUP AND SAUCER,22697,22755.5,7280,1015
GREEN ROSE WASHBAG,84912B,1132.85,323,160
GREEN ROUND COMPACT MIRROR,84877B,210.56,144,21
GREEN SQUARE COMPACT MIRROR,84875B,203.51,131,20
GREEN STONE/CRYSTAL EARRINGS,90130C,40.95,14,13
GREEN SWEETHEART BRACELET,90200E,423.41,103,44
GREEN VINTAGE EARRINGS ,90013C,158.08,39,28
GREEN VINTAGE SPOT BEAKER,23288,4444.2300000000005,4625,185
GREEN WIRE STANDING CANDLE HOLDER,84882,157.34,38,18
GREEN WITH METAL BAG CHARM,90048,14.850000000000001,3,1
GREEN/BLUE CERAMIC CANDLE HOLDER,37491C,13.2,8,1
GREEN/BLUE FLOWER DESIGN BIG MUG,37489C,13.65,23,8
"GREETING CARD, OVERCROWDED POOL.",84251G,74.7,270,53
"GREETING CARD, STICKY GORDON",84251B,70.78,245,53
"GREETING CARD, TWO SISTERS.",84251C,53.88,127,40
"GREETING CARD,SQUARE, DOUGHNUTS",84249A,80.46,174,27
GREY ACRYLIC FACETED BANGLE,90210A,57.55,34,10
GREY FLORAL FELTCRAFT SHOULDER BAG,20967,1027.94,265,83
GREY HEART HOT WATER BOTTLE,22113,12763.08,3220,561
GROOVY CACTUS INFLATABLE,10080,119.08999999999999,303,22
GROW A FLYTRAP OR SUNFLOWER IN TIN,22693,17927.45,16244,305
GROW YOUR OWN BASIL IN ENAMEL MUG,22441,2292.9100000000003,1047,219
GROW YOUR OWN FLOWERS SET OF 3,22442,1241.3,296,78
GROW YOUR OWN HERBS SET OF 3,22443,1391.74,164,90
GROW YOUR OWN PLANT IN A CAN ,22444,1106.62,839,58
GUMBALL COAT RACK,22467,18798.670000000002,7926,681
GUMBALL MAGAZINE RACK,22781,5191.01,621,232
GUMBALL MONOCHROME COAT RACK,22719,895.72,620,109
GYMKHANA TREASURE BOOK BOX,23194,3815.5299999999997,1715,200
GYMKHANNA TREASURE BOOK BOX,23194,261.84000000000003,120,14
HAIRCLIPS FORTIES FABRIC ASSORTED,22319,572.26,1322,61
HALL CABINET WITH 3 DRAWERS,22833,2603.5299999999997,76,5
HAND OPEN SHAPE DECO.WHITE,35001W,270.02000000000004,92,5
HAND OPEN SHAPE GOLD,35001G,677.34,198,30
HAND OVER THE CHOCOLATE   SIGN ,85152,15928.730000000001,8246,677
HAND PAINTED HANGING EASTER EGG,23441,9.24,22,3
HAND TOWEL PALE BLUE W FLOWERS,84916,453.39,223,29
HAND TOWEL PINK FLOWER AND DAISY,84915,372.33,217,23
HAND WARMER BABUSHKA DESIGN,22834,7105.33,4941,368
HAND WARMER BIRD DESIGN,22867,14061.890000000001,6433,554
HAND WARMER OWL DESIGN,22865,17786.13,8439,654
HAND WARMER RED LOVE HEART,23439,8855.51,3986,397
HAND WARMER RED POLKA DOT,22632,225.00000000000003,120,18
HAND WARMER RED RETROSPOT,22632,8757.830000000002,4348,374
HAND WARMER SCOTTY DOG DESIGN,22866,14366.52,6611,548
HAND WARMER UNION JACK,22633,10023.720000000001,4851,479
HANGING  BUTTERFLY T-LIGHT HOLDER,23483,1636.36,1328,73
HANGING BAUBLE T-LIGHT HOLDER LARGE,20894,108.71000000000001,33,15
HANGING BAUBLE T-LIGHT HOLDER SMALL,20893,609.02,268,26
HANGING BUTTERFLY  EGG,85189,7.6499999999999995,9,3
HANGING CHICK  YELLOW DECORATION,22292,1604.51,1136,112
HANGING CHICK CREAM DECORATION,22291,1906.02,1289,120
HANGING CHICK GREEN DECORATION,22293,1335.87,903,122
HANGING CLEAR MINI BOTTLE,23327,1051.14,1734,41
HANGING ENGRAVED METAL HEART,23067,1236.66,294,78
HANGING FAIRY CAKE DECORATION,35924,1484.3,820,72
HANGING GLASS ETCHED TEALIGHT,21651,198.57,127,11
HANGING HEART BASKET,85195,23.1,11,3
HANGING HEART BONHEUR,23398,535.35,606,69
HANGING HEART JAR T-LIGHT HOLDER,84978,16453.78,12493,728
HANGING HEART MIRROR DECORATION ,22227,1708.0700000000002,2341,289
HANGING HEART WITH BELL,21811,2374.7999999999997,4619,219
HANGING HEART ZINC T-LIGHT HOLDER,84970S,7650.3099999999995,8879,537
HANGING HEART ZINC T-LIGHT HOLDER,84970s,496.49,238,66
HANGING HEN ON NEST DECORATION,22285,1418.82,828,114
HANGING JAM JAR T-LIGHT HOLDER,71459,8560.84,10792,348
HANGING JAM JAR T-LIGHT HOLDERS,71459,2298.0499999999997,2813,92
HANGING MEDINA LANTERN SMALL,21324,259.67,81,28
HANGING METAL CHICKEN DECORATION,22289,193.52,148,34
HANGING METAL HEART LANTERN,22464,5485.629999999999,3406,352
HANGING METAL RABBIT DECORATION,22288,616.95,474,58
HANGING METAL STAR LANTERN,22465,3141.5399999999995,2053,198
HANGING MINI COLOURED BOTTLES,23326,2237.08,3442,76
HANGING PHOTO CLIP ROPE LADDER,47480,1274.1699999999998,746,86
HANGING QUILTED PATCHWORK APPLES,23433,1108.58,1258,89
HANGING RIDGE GLASS T-LIGHT HOLDER,21655,60.84,36,2
HANGING SPRING FLOWER EGG LARGE,85194L,822.89,947,73
HANGING SPRING FLOWER EGG SMALL,85194S,489.17,1197,72
HANGING WOOD AND FELT BUTTERFLY ,85203,408.99,895,127
HANGING WOOD AND FELT FLOWER,85204,325.35999999999996,2050,104
HANGING WOOD AND FELT HEART,85202,313.13,672,106
HAPPY BIRTHDAY CARD STRIPEY TEDDY,84201B,2.47,13,2
HAPPY BIRTHDAY CARD TEDDY/CAKE,84201C,0.95,5,1
HAPPY EASTER HANGING DECORATION,22270,942.1999999999999,243,53
HAPPY STENCIL CRAFT,22563,3348.1800000000003,2823,281
HARDMAN MUG 3 ASSORTED,37468,32.03,64,13
HAWAIIAN GRASS SKIRT ,21562,380.36,324,28
HAYNES CAMPER SHOULDER BAG,DCGS0004,16.63,1,1
HEADS AND TAILS SPORTING FUN,22548,2348.94,1975,209
HEART BEADED TRELLIS DECORATION,23060,528.1700000000001,249,42
HEART BUTTONS JEWELLERY BOX,82095,356.11,68,30
HEART CALCULATOR,20985,1540.59,1179,131
HEART DECORATION PAINTED ZINC ,22335,1668.89,2380,225
HEART DECORATION RUSTIC HANGING ,22161,1645.75,5083,340
HEART DECORATION WITH PEARLS ,22156,2113.1299999999997,2196,256
HEART FILIGREE DOVE  SMALL,22294,6805.08,5457,299
HEART FILIGREE DOVE LARGE,22295,4613.969999999999,2789,250
HEART GARLAND RUSTIC PADDED,22162,841.24,266,91
HEART IVORY TRELLIS LARGE,22296,5247.719999999999,3140,318
HEART IVORY TRELLIS SMALL,22297,5459.91,4164,378
HEART MINI PORTRAIT FRAME,23452,1021.76,518,87
HEART MIRROR ANTIQUE WHITE,23412,2354.8,358,76
HEART OF WICKER LARGE,22470,30098.11,9888,926
HEART OF WICKER SMALL,22469,32094.6,17963,1201
HEART SHAPE WIRELESS DOORBELL,79160,795.83,444,49
HEART SHAPED HOLLY WREATH,23129,3999.5000000000005,950,172
HEART SHAPED MIRROR,84975,8.45,5,2
HEART STRING MEMO HOLDER HANGING,22163,1042.78,875,122
HEART T-LIGHT HOLDER,85118,144.52,146,10
HEART T-LIGHT HOLDER ,21814,111.77,74,15
HEART T-LIGHT HOLDER WILLIE WINKIE,23273,1649.0499999999997,969,112
HEART TRELLIS TRIPLE T-LIGHT HOLDER,23484,395.11,129,30
HEART TRELLISTRIPLE T-LIGHT HOLDER,23484,152.24,56,5
HEART WOODEN CHRISTMAS DECORATION,22574,2199.5899999999997,2333,222
HEART WREATH DECORATION WITH BELL,23212,2845.89,2284,185
HEARTS  STICKERS,21677,737.8399999999999,835,119
HEARTS GIFT TAPE,21879,385.47,1176,94
HEARTS WRAPPING TAPE ,10123C,3.25,5,3
HEAVENS SCENT FRAGRANCE OILS ASSTD,17001,20.88,72,1
HELLO SAILOR BATHROOM SET,84842,52.5,14,9
HELLO SAILOR BLUE SOAP HOLDER,84849A,344.34000000000003,180,53
HEN HOUSE DECORATION,22284,1597.0699999999997,927,131
HEN HOUSE W CHICK IN NEST,84227,0.42,1,1
HEN HOUSE W CHICK STANDING,84228,118.21,283,24
HEN HOUSE W FAMILY IN BARN & NEST,84226,36.21,51,10
HEN HOUSE WITH CHICK STANDING,84228,5.88,14,3
HEN PARTY CORDON BARRIER TAPE,22954,241.38,197,40
HENRIETTA HEN MUG ,23660,534.66,306,42
HERB MARKER BASIL,22920,2153.34,3423,242
HERB MARKER CHIVES ,22921,1180.8700000000001,1716,209
HERB MARKER MINT,22919,1221.8600000000001,1753,240
HERB MARKER PARSLEY,22918,1275.3500000000001,1869,238
HERB MARKER ROSEMARY,22917,1340.22,1937,240
HERB MARKER THYME,22916,1314.21,1905,237
HI TEC ALPINE HAND WARMER,70007,956.36,841,107
HILDA CANDY SPOT RABBIT,85096,109.23,25,16
HIPPY CHIC DECORATIVE PARASOL,21631,896.01,169,27
HOLIDAY FUN LUDO,22550,4194.89,1165,220
HOLLY TOP CHRISTMAS STOCKING,85084,17.0,20,7
HOME BUILDING BLOCK WORD,21754,16923.47,2759,777
HOME GARLAND PAINTED ZINC ,22342,1111.58,997,128
HOME SMALL WOOD LETTERS,21363,1403.94,243,125
HOME SWEEET HOME 3 PEG HANGER ,23402,93.75,25,4
HOME SWEET HOME 2 DRAWER CABINET,23405,1311.48,252,70
HOME SWEET HOME 3 PEG HANGER ,23402,1053.53,271,64
HOME SWEET HOME BLACKBOARD,23404,4561.76,1011,169
HOME SWEET HOME BOTTLE ,23419,1043.72,473,86
HOME SWEET HOME CUSHION COVER ,23393,3207.91,801,229
HOME SWEET HOME HANGING HEART,23399,1745.55,1914,225
HOME SWEET HOME HOOK,23415,412.17999999999995,328,47
HOME SWEET HOME KEY HOLDER,23406,2422.6600000000003,456,111
HOME SWEET HOME METAL SIGN ,21164,5155.9800000000005,1766,282
HOME SWEET HOME MUG,21877,6932.78,5411,349
HOMEMADE JAM SCENTED CANDLES,22969,18771.149999999998,12520,646
"HOOK, 1 HANGER ,MAGIC GARDEN",22245,1070.0,1262,98
HORSE & PONY WALL ART,23524,797.3100000000001,256,17
HOT BATHS METAL SIGN,82583,16946.260000000002,7258,609
HOT BATHS SOAP HOLDER,84849D,859.0,494,114
HOT STUFF HOT WATER BOTTLE,23358,2008.38,594,89
HOT WATER BOTTLE BABUSHKA ,22837,5620.7300000000005,1165,177
HOT WATER BOTTLE BABUSHKA LARGE,22837,37.2,8,1
HOT WATER BOTTLE I AM SO POORLY,22835,17892.96,3441,657
HOT WATER BOTTLE KEEP CALM,23355,28718.800000000003,5816,782
HOT WATER BOTTLE SEX BOMB,23357,1982.0500000000002,450,102
HOT WATER BOTTLE TEA AND SYMPATHY,22114,32973.44,5741,643
HOUSE SHAPE PENCIL SHARPENER,16219,407.71999999999997,3048,100
HOUSE WRECKING METAL SIGN ,21904,105.0,50,23
HYACINTH BULB T-LIGHT CANDLES,85172,569.68,1314,43
Had been put aside.,72802A,0.0,54,1
High Resolution Image,23702,27.0,4,3
I CAN ONLY PLEASE ONE PERSON MUG,21870,1851.46,1407,163
I LOVE LONDON BABY GIFT SET,23009,4082.5199999999995,263,103
I LOVE LONDON BEAKER,23347,1077.3,860,97
I LOVE LONDON WALL ART,23537,59.400000000000006,12,2
I'M ON HOLIDAY METAL SIGN,21907,5027.18,2371,367
ICE CREAM BUBBLES,23445,2161.24,2668,101
ICE CREAM DESIGN GARDEN PARASOL,15058C,1429.82,240,72
ICE CREAM PEN LIP GLOSS ,23078,8553.34,6831,257
ICE CREAM SUNDAE LIP GLOSS,23076,9935.76,8076,277
ICON MUG REVOLUTIONARY,37413,284.49,703,81
ICON PLACEMAT POP ART ELVIS,47518F,113.64,827,28
ICON PLACEMAT POP ART ELVIS,47518f,20.73,5,5
IF YOU CAN'T STAND THE HEAT MUG,21873,1834.3,1618,116
ILLUSTRATED CAT BOWL ,22350,3822.1199999999994,1413,123
INCENSE BAZAAR PEACH,17028J,2.52,6,1
INFLATABLE POLITICAL GLOBE ,10002,759.89,860,71
IVORY CAFE HANGING LAMP ,23104,1380.42,116,45
IVORY CHANDELIER T-LIGHT HOLDER,23055,1395.18,657,38
IVORY DINER WALL CLOCK,22191,11911.65,1445,415
IVORY EMBROIDERED QUILT ,22803,2038.0900000000001,54,31
IVORY ENCHANTED FOREST PLACEMAT,85114B,902.49,477,77
IVORY ENCHANTED FOREST PLACEMAT,85114b,118.86000000000001,36,14
IVORY GIANT GARDEN THERMOMETER,22926,3656.8500000000004,594,195
IVORY GOLD METAL BAG CHARM,90049,34.77,5,3
IVORY HANGING DECORATION  BIRD,21389,964.2299999999999,1113,128
IVORY HANGING DECORATION  EGG,21386,285.64,709,51
IVORY HANGING DECORATION  HEART,21385,3442.45,3883,317
IVORY KITCHEN SCALES,22624,16378.710000000001,1910,715
IVORY KNITTED MUG COSY ,22310,1296.23,668,109
IVORY LOVE BIRD CANDLE,85169A,813.02,812,88
IVORY PANTRY HANGING LAMP ,23104,25.0,2,1
IVORY PAPER CUP CAKE CASES ,21215,744.35,1087,124
IVORY PENDANT TRIPLE SHELL NECKLACE,90141B,44.86,9,5
IVORY PILLAR CANDLE GOLD FLOCK,72799F,421.13000000000005,144,30
IVORY PILLAR CANDLE SILVER FLOCK,72799E,916.9900000000001,451,76
IVORY REFECTORY CLOCK,23315,2094.24,213,86
IVORY RETRO KITCHEN WALL CLOCK,23428,675.91,77,33
IVORY SCULPTED RND CANDLE ,72709,37.4,44,7
IVORY SHELL HEART EARRINGS,90033,25.07,10,9
IVORY SHELL HEART NECKLACE,90032,103.13,21,8
IVORY STRING CURTAIN WITH POLE ,35637A,440.62,170,28
IVORY SWEETHEART SOAP DISH,23150,390.75000000000006,148,49
IVORY SWEETHEART WIRE LETTER RACK ,23152,2080.65,554,159
IVORY WICKER HEART LARGE,23332,3542.7099999999996,2059,287
IVORY WICKER HEART MEDIUM,23333,2695.45,2089,233
IVORY WICKER HEART SMALL,23334,1491.75,2271,130
IVORY WIRE KITCHEN ORGANISER,23142,1220.8200000000002,121,40
IVORY WIRE SWEETHEART LETTER TRAY,23136,511.89,135,49
IVY HEART WREATH,21349,155.6,18,11
JADE CRYSTAL+GLASS BRACELET,90122B,29.93,6,6
JADE DROP EARRINGS W FILIGREE,90192,209.10000000000002,42,25
JADE GREEN ENAMEL HAIR COMB,90005A,28.02,14,10
JAM CLOCK MAGNET,23178,936.89,327,68
JAM JAR WITH BLUE LID,22963,17.28,24,1
JAM JAR WITH GREEN LID,22963,2760.71,3266,306
JAM JAR WITH PINK LID,22962,3288.11,3896,342
JAM MAKING SET PRINTED,22961,25637.78,16396,1162
JAM MAKING SET WITH JARS,22960,37082.13,8706,1133
JARDIN ETCHED GLASS BUTTER DISH,85144,7.25,1,1
JARDIN ETCHED GLASS CHEESE DISH,85144,575.45,219,40
JARDIN ETCHED GLASS FRUITBOWL,85141,619.94,120,39
JARDIN ETCHED GLASS LARGE BELL JAR,85145,163.75,37,13
JARDIN ETCHED GLASS SMALL BELL JAR,85146,171.11,45,9
JASMINE VOTIVE CANDLE,85230F,90.33999999999999,338,12
JAZZ HEARTS ADDRESS BOOK,20996,726.8900000000001,3191,225
JAZZ HEARTS PURSE NOTEBOOK,20992,1944.6299999999999,4425,277
JET BLACK LAS VEGAS BRACELET ROUND,90212B,37.62,10,8
JET BLACK LAS VEGAS NECKLACE 45CM,90211B,53.260000000000005,9,6
JIGSAW RABBIT AND BIRDHOUSE,22233,607.14,596,105
JIGSAW TOADSTOOLS 3 PIECE,22232,604.4599999999999,690,83
JIGSAW TREE WITH BIRDHOUSE,22231,1027.72,998,144
JIGSAW TREE WITH WATERING CAN,22230,480.62999999999994,1047,101
JINGLE BELL HEART ANTIQUE GOLD,23214,1670.0800000000002,777,102
JINGLE BELL HEART ANTIQUE SILVER,23215,7038.400000000001,3564,210
JINGLE BELL HEART DECORATION,23103,6459.159999999999,3820,356
JINGLE BELLS TREE DECORATION,21147,415.77,203,76
JOY LARGE WOOD LETTERS,21360,236.17,39,16
JOY WOODEN BLOCK LETTERS,22118,895.26,230,89
JUMBO  BAG BAROQUE BLACK WHITE,85099C,28047.74,13900,933
JUMBO BAG 50'S CHRISTMAS ,23344,23772.07,10285,716
JUMBO BAG ALPHABET,23201,27850.83,13366,906
JUMBO BAG APPLES,23199,30450.690000000002,14908,978
JUMBO BAG CHARLIE AND LOLA TOYS,21033,4851.73,1932,300
JUMBO BAG DOILEY PATTERNS,23203,17268.69,8893,514
JUMBO BAG DOLLY GIRL DESIGN,22663,7051.2,3419,450
JUMBO BAG OWLS,20713,23001.06,11429,657
JUMBO BAG PAISLEY PARK,23581,11581.83,5020,338
JUMBO BAG PEARS,23200,14188.960000000001,7067,595
JUMBO BAG PINK POLKADOT,22386,42401.01,21448,1218
JUMBO BAG PINK VINTAGE PAISLEY,21929,23179.06,11006,865
JUMBO BAG RED RETROSPOT,85099B,94159.81,48375,2092
JUMBO BAG SCANDINAVIAN BLUE PAISLEY,21928,17239.69,8411,662
JUMBO BAG SCANDINAVIAN PAISLEY,21928,3904.72,2057,144
JUMBO BAG SPACEBOY DESIGN,22385,17071.59,8679,688
JUMBO BAG STRAWBERRY,85099F,32495.59,17240,815
JUMBO BAG STRAWBERRY,85099f,232.05999999999997,46,10
JUMBO BAG TOYS ,20711,11014.62,5008,523
JUMBO BAG VINTAGE CHRISTMAS ,23343,13972.710000000001,6078,476
JUMBO BAG VINTAGE DOILEY ,23203,272.57,144,7
JUMBO BAG VINTAGE DOILY ,23203,24489.08,11448,711
JUMBO BAG VINTAGE LEAF,23202,21810.43,10941,879
JUMBO BAG WOODLAND ANIMALS,20712,22092.42,9773,863
JUMBO SHOPPER VINTAGE RED PAISLEY,22411,28577.1,12574,1175
JUMBO STORAGE BAG SKULLS,21930,14006.2,6438,705
JUMBO STORAGE BAG SUKI,21931,30764.01,13651,1184
JUNGLE POPSICLES ICE LOLLY HOLDERS,84828,197.49,139,29
JUNGLE POPSICLES ICE LOLLY MOULDS,84828,1338.8700000000001,960,153
John Lewis,21915,0.0,200,1
KEEP CALM BIRTHDAY WRAP,23691,21.0,50,2
KEEP CALM WALL ART ,23543,2015.97,269,20
KEEP OUT BOYS DOOR HANGER ,21161,229.92,143,43
KEEP OUT GIRLS DOOR HANGER ,21160,3.36,1,1
KENSINGTON COFFEE SET,20748,751.17,57,34
KEY CABINET MA CAMPAGNE,22763,2176.3199999999997,206,108
"KEY FOB , BACK DOOR ",21901,1277.89,1829,309
"KEY FOB , FRONT  DOOR ",21902,1262.3700000000001,1962,210
"KEY FOB , GARAGE DESIGN",21899,1192.16,1903,132
"KEY FOB , SHED",21900,2197.17,3229,373
KEY RING BASEBALL BOOT ASSORTED ,23500,2038.33,1626,98
KEY RING BASEBALL BOOT UNION JACK,23501,2217.87,1821,112
KIDS CUTLERY DOLLY GIRL ,23254,149.4,36,8
KIDS CUTLERY SPACEBOY ,23256,149.4,36,8
KIDS RAIN MAC BLUE,21788,1029.24,1293,85
KIDS RAIN MAC PINK,21789,803.65,925,92
KINGS CHOICE BISCUIT TIN,22357,2175.04,482,184
KINGS CHOICE GIANT TUBE MATCHES,21586,1721.85,743,67
KINGS CHOICE MUG,21875,2429.38,2055,148
KINGS CHOICE TEA CADDY ,22358,2551.2200000000003,698,255
KITCHEN FLOWER POTS WALL PLAQUE,84637,619.59,116,83
KITCHEN METAL SIGN,82578,1217.8500000000001,2058,305
KITTENS DESIGN FLANNEL,21944,310.19,337,100
KITTY PENCIL ERASERS,16236,320.09,1438,136
KNEELING MAT HOUSEWORK  DESIGN,23302,2181.4199999999996,1536,230
KNICKERBOCKERGLORY MAGNET ASSORTED ,23155,1904.77,2221,135
KNITTED RABBIT DOLL ,84539,42.9,26,2
KNITTED UNION FLAG HOT WATER BOTTLE,84029G,16148.04,3319,459
LA JARDIN BOTANIQUE CUSHION COVER,23396,375.53,87,28
LA PALMIERA TILE COASTER,84926D,276.53,709,34
LA PALMIERA TILE HOOK,84927D,51.86,47,14
LA PALMIERA WALL THERMOMETER,84925D,38.25,15,10
LADIES & GENTLEMEN METAL SIGN,85150,9383.43,4037,478
LADLE LOVE HEART PINK,22135,24.98,39,13
LADLE LOVE HEART RED ,22134,17.82,24,9
LADS ONLY TISSUE BOX,22095,1605.96,1643,143
LADYBIRD + BEE RAFFIA FOOD COVER,21472,476.41,123,37
LANDMARK FRAME BAKER STREET ,23557,3930.27,350,32
LANDMARK FRAME CAMDEN TOWN ,23553,6444.65,568,68
LANDMARK FRAME COVENT GARDEN ,23556,4937.01,436,53
LANDMARK FRAME LONDON BRIDGE ,23558,4703.87,415,52
LANDMARK FRAME NOTTING HILL ,23555,4780.57,421,50
LANDMARK FRAME OXFORD STREET,23554,4805.53,422,57
LANTERN CREAM GAZEBO ,22784,6360.99,1272,299
LARGE  TALL CAMPHOR WOOD TOADSTOOL ,21376,192.81,33,17
LARGE ANTIQUE WHITE PHOTO FRAME,23092,3757.78,523,135
LARGE APOTHECARY MEASURING JAR ,23018,612.1600000000001,51,21
LARGE BLACK DIAMANTE HAIRSLIDE,20678,6.6,4,1
LARGE BLUE PROVENCAL CERAMIC BALL,20795,113.05000000000001,49,11
LARGE BONNE JAM JAR  T-LIGHT HOLDER,23024,667.8500000000001,255,11
LARGE CAKE STAND  HANGING STRAWBERY,22061,4218.0599999999995,582,146
LARGE CAKE STAND HANGING HEARTS,22060,1111.05,231,34
LARGE CAKE TOWEL CHOCOLATE SPOTS,21109,2661.67,925,104
LARGE CAKE TOWEL PINK SPOTS,21110,3815.7,1105,134
"LARGE CAKE TOWEL, CHOCOLATE SPOTS",21109,101.53,11,8
LARGE CAMPHOR WOOD FIELD MUSHROOM ,21375,312.77,41,27
LARGE CERAMIC TOP STORAGE JAR,23165,5141.0599999999995,3114,280
LARGE CHINESE STYLE SCISSOR,16016,1053.45,1273,65
LARGE CIRCULAR MIRROR MOBILE,75049L,6812.98,7102,205
LARGE CRYSTAL DIAMANTE HAIRSLIDE,90205C,48.209999999999994,29,15
LARGE DECO JEWELLERY STAND,23065,3302.44,263,95
LARGE HANGING IVORY & RED WOOD BIRD,85199L,663.4300000000001,977,95
LARGE HEART FLOWERS HOOK   ,84971l,4.92,2,1
LARGE HEART MEASURING SPOONS,22195,3720.66,1976,373
LARGE IVORY HEART WALL ORGANISER,23133,5525.4,782,155
LARGE JEWELLERY STAND,23065,125.0,10,4
LARGE MEDINA STAMPED METAL BOWL ,21682,930.96,182,55
LARGE MINT DIAMANTE HAIRSLIDE,90205A,51.51,31,16
LARGE PARLOUR FRAME,23457,122.85,27,2
LARGE PARLOUR PICTURE FRAME,23457,427.03000000000003,85,29
LARGE PINK GLASS SUNDAE DISH,20801,1157.8,1013,81
LARGE POPCORN HOLDER ,22198,1870.9099999999999,1025,86
LARGE PURPLE BABUSHKA NOTEBOOK  ,22758,1110.25,1195,178
LARGE RED BABUSHKA NOTEBOOK ,22757,1167.74,1096,163
LARGE RED RETROSPOT WINDMILL,21749,3877.09,1963,140
LARGE ROUND CUTGLASS CANDLESTICK,85126,27.14,2,1
LARGE ROUND WICKER PLATTER ,21742,1167.58,194,91
LARGE SKULL WINDMILL,21750,207.51000000000002,90,24
LARGE STRIPES CHOCOLATE GIFT BAG,21289,708.75,567,49
LARGE TAHITI BEACH BAG,84856L,17.82,2,2
LARGE TORTILLA DESIGN RED BOWL,84595E,154.67999999999998,78,22
LARGE WHITE HEART OF WICKER,23322,8878.210000000001,3069,562
LARGE WHITE HONEYCOMB PAPER BELL  ,21191,1451.82,562,95
LARGE WHITE/PINK ROSE ART FLOWER,84800L,639.36,360,22
LARGE YELLOW BABUSHKA NOTEBOOK ,22756,656.52,599,123
LARGE ZINC GLASS CANDLEHOLDER,72812,116.06,34,11
LARGE ZINC HEART WALL ORGANISER,23134,6431.110000000001,1065,38
LASER CUT MULTI STRAND NECKLACE,90021,11.95,1,1
LAUNDRY 15C METAL SIGN,82551,4542.889999999999,2918,351
LAUREL HEART ANTIQUE GOLD,23216,630.73,525,44
LAUREL HEART ANTIQUE SILVER,23217,1613.82,1309,97
LAUREL STAR ANTIQUE GOLD,23218,483.03,379,40
LAUREL STAR ANTIQUE SILVER ,23219,568.6,430,61
LAVENDER INCENSE 40 CONES IN TIN,17090A,107.44999999999999,109,10
LAVENDER INCENSE IN TIN,17091A,98.91,171,25
LAVENDER SCENT CAKE CANDLE,72225C,165.6,624,17
LAVENDER SCENTED FABRIC HEART,21114,1778.08,1341,138
LAVENDER TOILETTE BOTTLE,23418,1166.0,557,79
LAZER CUT NECKLACE W PASTEL BEADS,90154,421.75,57,5
LE GRAND TRAY CHIC SET,23094,1924.92,152,79
LE JARDIN BOTANIQUE CUSHION COVER,23396,2345.0,559,166
LEAVES MAGNETIC  SHOPPING LIST,23196,34.8,24,2
LED TEA LIGHTS,23109,1826.76,634,65
LETS GO SHOPPING COTTON TOTE BAG,21576,585.34,252,78
"LETTER ""A"" BLING KEY RING",90214A,111.66,130,56
"LETTER ""B"" BLING KEY RING",90214B,24.77,37,22
"LETTER ""C"" BLING KEY RING",90214C,72.77,91,33
"LETTER ""D"" BLING KEY RING",90214D,49.9,68,32
"LETTER ""E"" BLING KEY RING",90214E,53.199999999999996,72,30
"LETTER ""F"" BLING KEY RING",90214F,15.429999999999998,27,15
"LETTER ""G"" BLING KEY RING",90214G,40.199999999999996,60,30
"LETTER ""H"" BLING KEY RING",90214H,36.76,48,30
"LETTER ""I"" BLING KEY RING",90214I,29.619999999999997,38,13
"LETTER ""J"" BLING KEY RING",90214J,57.21,71,41
"LETTER ""K"" BLING KEY RING",90214K,60.699999999999996,78,38
"LETTER ""L"" BLING KEY RING",90214L,65.03999999999999,94,37
"LETTER ""M"" BLING KEY RING",90214M,49.82,60,28
"LETTER ""N"" BLING KEY RING",90214N,29.23,41,24
"LETTER ""O"" BLING KEY RING",90214O,6.819999999999999,16,5
"LETTER ""P"" BLING KEY RING",90214P,20.229999999999997,39,16
"LETTER ""R"" BLING KEY RING",90214R,28.009999999999998,41,25
"LETTER ""S"" BLING KEY RING",90214S,71.0,94,41
"LETTER ""T"" BLING KEY RING",90214T,13.459999999999999,24,11
"LETTER ""U"" BLING KEY RING",90214U,3.4799999999999995,12,1
"LETTER ""V"" BLING KEY RING",90214V,15.979999999999999,26,14
"LETTER ""W"" BLING KEY RING",90214W,6.819999999999999,16,5
"LETTER ""Y"" BLING KEY RING",90214Y,22.839999999999996,66,8
"LETTER ""Z"" BLING KEY RING",90214Z,11.84,22,10
LETTER HOLDER HOME SWEET HOME,23403,2204.11,625,134
LETTER SHAPE PENCIL SHARPENER,16216,234.0,3333,45
LIGHT DECORATION BATTERY OPERATED,47016,4.2,2,1
LIGHT GARLAND BUTTERFILES PINK,22780,5044.34,1346,132
LIGHT PINK FLOCK GLASS CANDLEHOLDER,79336,13.680000000000003,36,3
LIGHT TOPAZ TEAL/AQUA COL NECKLACE,90132,15.16,3,3
LIGHTHOUSE PRINTED METAL SIGN,21757,29.700000000000003,6,3
LILAC DIAMANTE PEN IN GIFT BOX,21851,454.99,141,63
LILAC FEATHERS CURTAIN,44242A,9.48,12,1
LILAC GAUZE BUTTERFLY LAMPSHADE,44089C,10.08,24,6
LILAC VOTIVE CANDLE,72024U,15.120000000000001,72,3
LILY BROOCH AMETHYST COLOUR,90081A,74.25,15,8
LILY BROOCH OLIVE COLOUR,90081C,99.60000000000001,20,15
LILY BROOCH WHITE/SILVER COLOUR,90081B,4.95,1,1
LIPSTICK PEN BABY PINK,22420,611.3,1333,126
LIPSTICK PEN FUSCHIA,22421,1347.1,2597,213
LIPSTICK PEN RED,22419,1673.1,3338,272
LITTLE GREEN MONSTER SOFT TOY,20697,48.449999999999996,19,11
LITTLE PINK MONSTER SOFT TOY,20698,43.349999999999994,17,8
LOCAL CAFE MUG,22190,1057.71,676,116
LOLITA  DESIGN  COTTON TOTE BAG,21579,409.72,176,50
LONDON BUS COFFEE MUG,22970,10140.6,4334,317
LONG SILVER NECKLACE PASTEL FLOWER,90148,101.73,8,6
LOVE BUILDING BLOCK WORD,21755,12435.86,2011,629
LOVE GARLAND PAINTED ZINC ,22341,827.6299999999999,453,78
LOVE HEART NAPKIN BOX ,22862,826.95,171,66
LOVE HEART POCKET WARMER,70006,1863.98,2702,120
LOVE HEART SOCK HANGER,22136,679.28,378,84
LOVE HEART TRINKET POT,22066,1044.81,2239,135
LOVE HOT WATER BOTTLE,23356,13334.320000000002,2359,476
LOVE LARGE WOOD LETTERS ,21361,1505.96,106,69
LOVE POTION MASALA INCENSE,17084J,47.25,225,8
LOVE SEAT ANTIQUE WHITE METAL,22826,6210.0,58,41
LOVEBIRD HANGING DECORATION WHITE ,22219,4033.7299999999996,4133,544
LOVELY BONBON STICKER SHEET,21719,307.44,345,58
LUNCH BAG  BLACK SKULL.,20727,22346.96,12195,1273
LUNCH BAG ALPHABET DESIGN,23207,13325.55,7830,740
LUNCH BAG APPLE DESIGN,23206,20852.579999999998,12147,1036
LUNCH BAG CARS BLUE,20728,21699.48,11786,1150
LUNCH BAG DOILEY PATTERN ,23209,10502.19,6551,492
LUNCH BAG DOLLY GIRL DESIGN,22662,11060.88,6706,682
LUNCH BAG PAISLEY PARK  ,23583,5497.33,3385,325
LUNCH BAG PINK POLKADOT,22384,17388.99,10487,1090
LUNCH BAG RED RETROSPOT,20725,35572.36,19232,1564
LUNCH BAG RED SPOTTY,20725,290.0,200,1
LUNCH BAG RED VINTAGE DOILY,23681,2525.04,1576,132
LUNCH BAG SPACEBOY DESIGN ,22382,18031.31,10427,1157
LUNCH BAG SUKI  DESIGN ,22383,3786.91,2217,200
LUNCH BAG SUKI DESIGN ,22383,18699.43,10302,1085
LUNCH BAG VINTAGE DOILEY ,23209,119.63,71,5
LUNCH BAG VINTAGE DOILY ,23209,10797.0,6548,601
LUNCH BAG VINTAGE LEAF DESIGN,23208,10441.91,6308,668
LUNCH BAG WOODLAND,20726,18283.78,9910,1018
LUNCH BOX I LOVE LONDON,22659,20781.649999999998,11504,707
LUNCH BOX WITH CUTLERY FAIRY CAKES ,22353,153.0,61,25
LUNCH BOX WITH CUTLERY RETROSPOT ,22352,7860.969999999999,3088,482
LUSH GREENS RIBBONS,85049B,67.5,54,13
LUSH GREENS RIBBONS,85049b,4.92,2,2
Lighthouse Trading zero invc incorr,23268,0.0,192,1
M/COLOUR POM-POM CURTAIN,44265,8.5,2,1
MA CAMPAGNE CUTLERY BOX,21781,2661.7999999999997,168,101
MADRAS NOTEBOOK LARGE ,21635,374.96000000000004,271,16
MADRAS NOTEBOOK MEDIUM,21636,705.16,913,73
MAGAZINE RACK GEBRA ASSORTED ,78124,256.5,198,18
MAGIC DRAWING SLATE BAKE A CAKE ,22533,644.39,1782,88
MAGIC DRAWING SLATE BUNNIES ,22535,669.75,1763,134
MAGIC DRAWING SLATE CIRCUS PARADE  ,22531,1412.41,3382,200
MAGIC DRAWING SLATE DINOSAUR,22537,844.0,1929,171
MAGIC DRAWING SLATE DOLLY GIRL ,22530,1516.46,3628,233
MAGIC DRAWING SLATE GO TO THE FAIR ,22529,349.03,851,70
MAGIC DRAWING SLATE LEAP FROG ,22532,366.75,1072,73
MAGIC DRAWING SLATE PURDEY,22536,1803.95,4752,156
MAGIC DRAWING SLATE SPACEBOY ,22534,1871.12,4496,261
MAGIC GARDEN FELT GARLAND ,22246,939.3699999999999,419,89
MAGIC SHEEP WOOL GROWING FROM PAPER,84012,1283.99,1265,115
MAGIC TREE -PAPER FLOWERS,84006,848.6999999999999,918,105
MAGNETS PACK OF 4 CHILDHOOD MEMORY,22399,1347.08,1152,98
MAGNETS PACK OF 4 HOME SWEET HOME,22400,729.09,1393,150
MAGNETS PACK OF 4 RETRO PHOTO,22396,630.37,1226,128
MAGNETS PACK OF 4 SWALLOWS,22398,1589.12,2575,248
MAGNETS PACK OF 4 VINTAGE COLLAGE,22402,1033.16,1719,151
MAGNETS PACK OF 4 VINTAGE LABELS ,22403,689.28,1322,125
MAKE YOUR OWN FLOWERPOWER CARD KIT,22743,2408.54,930,206
MAKE YOUR OWN MONSOON CARD KIT,22744,2084.8500000000004,867,172
MAKE YOUR OWN PLAYTIME CARD KIT,22742,1323.5700000000002,639,101
MAN FLU METAL SIGN,21903,2490.13,1160,180
MARIE ANTOIENETT TRINKET BOX GOLD,23071,12.5,1,1
MARIE ANTOINETTE TRINKET BOX GOLD,23071,1192.6,314,18
MARIE ANTOINETTE TRINKET BOX SILVER,23072,1273.76,334,30
MAXWELL 2 TONE BLUE 60 PAGE PHOTO A,16244B,7.85,7,2
MEASURING TAPE BABUSHKA BLUE,22453,1185.79,442,78
MEASURING TAPE BABUSHKA PINK,22452,1760.3100000000002,722,144
MEASURING TAPE BABUSHKA RED,22454,757.0200000000001,266,41
MEDINA STAMPED METAL STOOL,21686,1351.64,35,20
MEDIUM CERAMIC TOP STORAGE JAR,23166,81700.92000000001,78033,247
MEDIUM CHINESE STYLE SCISSOR,16015,289.98,662,24
MEDIUM MEDINA STAMPED METAL BOWL ,21683,948.7000000000002,310,58
MEDIUM PARLOUR FRAME ,23456,84.1,22,2
MEDIUM PARLOUR PICTURE FRAME ,23456,550.0,136,34
MEDIUM PINK BUDDHA HEAD ,84429A,182.50000000000003,54,21
MEDIUM WHITE/PINK ROSE ART FLOWER,84800M,174.31,127,11
MEMO BOARD COTTAGE DESIGN,22505,7084.42,1457,311
MEMO BOARD RETROSPOT  DESIGN,22507,14193.35,2960,459
METAL 4 HOOK HANGER FRENCH CHATEAU,22173,7767.8,2444,493
METAL BASE FOR CANDLES,71215,4.62,11,2
METAL DECORATION NAUGHTY CHILDREN ,22948,1603.29,1599,136
METAL HERB GERDEN CONTAINER,23091,139.68,24,5
METAL MERRY CHRISTMAS WREATH,22575,1216.22,636,90
METAL RABBIT LADDER EASTER ,84452,62.9,74,16
METAL SIGN CUPCAKE SINGLE HOOK,82613D,534.24,696,111
METAL SIGN DROP YOUR PANTS,23426,3444.4300000000003,1275,206
METAL SIGN EMPIRE TEA,22115,2020.91,1549,228
METAL SIGN HER DINNER IS SERVED ,22117,3896.4500000000003,1320,95
METAL SIGN HIS DINNER IS SERVED,22116,620.42,575,148
METAL SIGN NEIGHBOURHOOD WITCH ,22412,1931.8500000000001,911,147
METAL SIGN TAKE IT OR LEAVE IT ,22413,11095.94,3774,412
"METAL SIGN,CUPCAKE SINGLE HOOK",82613A,92.38,71,18
"METAL SIGN,CUPCAKE SINGLE HOOK",82613B,500.24,583,111
"METAL SIGN,CUPCAKE SINGLE HOOK",82613C,443.38,537,96
"METAL SIGN,CUPCAKE SINGLE HOOK",82613a,2.46,1,1
"METAL SIGN,CUPCAKE SINGLE HOOK",82613b,9.94,4,4
"METAL SIGN,CUPCAKE SINGLE HOOK",82613c,12.399999999999999,5,4
METAL TUBE CHIME ON BAMBOO,75131,529.21,490,15
METALIC LEAVES BAG CHARMS,90119,205.06,83,36
MIDNIGHT BLUE COPPER FLOWER NECKLAC,90000B,67.83,11,7
MIDNIGHT BLUE CRYSTAL DROP EARRINGS,90011A,17.509999999999998,6,6
MIDNIGHT BLUE DROP CRYSTAL NECKLACE,90012A,53.760000000000005,11,5
MIDNIGHT BLUE GLASS/SILVER BRACELET,90010A,167.3,18,15
MIDNIGHT BLUE PAIR HEART HAIR SLIDE,90003C,119.84,32,24
MIDNIGHT BLUE VINTAGE EARRINGS,90013A,195.32,52,32
MIDNIGHT GLAMOUR SCARF KNITTING KIT,82616C,501.44,324,85
MILK BOTTLE WITH GLASS STOPPER ,21657,223.46,30,17
MILK MAIDS MUG ,23661,393.59,219,33
MILK PAN BLUE POLKADOT,22204,669.54,197,79
MILK PAN PINK POLKADOT,22202,319.35,66,38
MILK PAN RED RETROSPOT,22203,1483.13,404,146
MINI  ZINC GARDEN DECORATIONS ,85213,330.54999999999995,829,33
MINI CAKE STAND  HANGING STRAWBERY,22055,2083.19,1380,220
MINI CAKE STAND T-LIGHT HOLDER,22893,931.02,1872,142
MINI CAKE STAND WITH HANGING CAKES,37446,1976.09,1354,183
MINI FUNKY DESIGN TAPES,10125,993.99,1295,91
MINI HIGHLIGHTER PENS,16033,100.79999999999998,840,4
MINI JIGSAW BAKE A CAKE ,22543,530.8,1453,55
MINI JIGSAW BUNNIES,22545,435.67,1142,75
MINI JIGSAW CIRCUS PARADE ,22540,960.86,2519,91
MINI JIGSAW DINOSAUR ,22547,338.23,809,101
MINI JIGSAW DOLLY GIRL,22539,1129.32,2918,136
MINI JIGSAW GO TO THE FAIR,22538,164.42000000000002,402,40
MINI JIGSAW LEAP FROG,22541,201.95,503,35
MINI JIGSAW PURDEY,22546,799.9799999999999,2103,86
MINI JIGSAW SPACEBOY,22544,1714.9199999999998,4518,175
MINI LADLE LOVE HEART PINK,22135,297.4,528,166
MINI LADLE LOVE HEART RED ,22134,401.18,865,153
MINI LIGHTS WOODLAND MUSHROOMS,23480,6719.14,1799,215
MINI PAINT SET VINTAGE ,22492,16937.82,26633,380
MINI PAINTED GARDEN DECORATION ,85212,740.15,2451,79
MINI PLAYING CARDS BUFFALO BILL ,23507,1155.67,2882,119
MINI PLAYING CARDS DOLLY GIRL ,23508,1163.45,2627,120
MINI PLAYING CARDS FUN FAIR ,23509,451.46000000000004,1062,65
MINI PLAYING CARDS GYMKHANA,23510,1118.8,2521,120
MINI PLAYING CARDS SPACEBOY ,23506,1129.1200000000001,2723,146
MINI WOODEN HAPPY BIRTHDAY GARLAND,21381,3131.24,1811,224
MINIATURE ANTIQUE ROSE HOOK IVORY,23148,1775.5099999999998,2091,243
MINITURE ANTIQUE ROSE HOOK IVORY,23148,40.8,48,4
MINT DINER CLOCK,23342,17.0,2,1
MINT DINER WALL CLOCK,23342,3159.41,371,162
MINT GREEN ROSE TOWEL,84913B,754.07,196,86
MINT KITCHEN SCALES,22627,7521.89,859,362
MIRROR CORNICE,22770,1515.68,94,62
MIRROR LOVE BIRD T-LIGHT HOLDER,84952C,255.0,144,12
MIRROR MOSAIC CANDLE PLATE,22104,343.71,288,59
MIRROR MOSAIC GOBLET CANDLE HOLDER,22105,847.82,574,33
MIRROR MOSAIC HURRICANE LAMP ,22106,898.38,349,47
MIRROR MOSAIC T-LIGHT HOLDER ,22102,831.84,1622,31
MIRROR MOSAIC T-LIGHT HOLDER ROUND,22103,908.24,1248,26
MIRROR MOSAIC VOTIVE HOLDER,22101,2053.17,1438,69
MIRRORED DISCO BALL ,21463,3435.05,649,134
MIRRORED DOVE WALL DECORATION,21293,276.72,116,24
MIRRORED WALL ART FOXY,21370,100.66000000000001,16,9
MIRRORED WALL ART GENTS,21367,199.48999999999998,171,43
MIRRORED WALL ART LADIES,21368,143.28,163,33
MIRRORED WALL ART PHOTO FRAMES,21366,470.16999999999996,89,46
MIRRORED WALL ART POPPIES,21371,319.71,287,38
MIRRORED WALL ART SKULLS,21374,463.79,304,46
MIRRORED WALL ART SNOWFLAKES,21373,389.04,512,47
MIRRORED WALL ART SPLODGES,21369,161.49,101,16
MIRRORED WALL ART STARS,21365,447.09000000000003,363,52
MIRRORED WALL ART TABLE LAMP,21372,107.75,75,33
MISELTOE HEART WREATH ,23130,312.8,80,5
MISELTOE HEART WREATH CREAM,23131,996.0000000000001,240,1
MISELTOE HEART WREATH WHITE,23131,304.5,78,4
MISTLETOE HEART WREATH CREAM,23131,2535.48,624,110
MISTLETOE HEART WREATH GREEN,23130,3676.1800000000003,882,179
MIXED NUTS LIGHT GREEN BOWL,84596J,296.45,568,68
MOBILE VINTAGE HEARTS ,22325,1146.3500000000001,249,93
MOCK LOBSTER FRIDGE MAGNET,21698,164.17,296,45
MODERN FLORAL STATIONERY SET,21990,2870.0,1672,366
MODERN VINTAGE COTTON SHOPPING BAG,21040,29.7,22,8
MONEY BOX BISCUITS DESIGN,22409,299.72,228,57
MONEY BOX CONFECTIONERY DESIGN,22408,162.44,145,29
MONEY BOX FIRST ADE DESIGN,22407,62.5,50,13
MONEY BOX FIRST AID DESIGN,22407,36.78,44,11
MONEY BOX HOUSEKEEPING DESIGN,22410,247.42000000000002,237,58
MONEY BOX KINGS CHOICE DESIGN,22406,403.46,346,84
MONEY BOX POCKET MONEY DESIGN,22405,415.36,372,70
MONSTERS STENCIL CRAFT,22562,1763.3700000000001,1413,211
MONTANA DIAMOND CLUSTER EARRINGS,90076,24.119999999999997,9,4
MONTANA DIAMOND CLUSTER NECKLACE,90075,37.66,4,3
MOODY BOY  DOOR HANGER ,21159,601.79,1126,124
MOODY GIRL DOOR HANGER ,21158,781.87,1469,170
MOP PENDANT SHELL NECKLACE,90142D,49.64,10,4
MORE BUTTER METAL SIGN ,21905,821.61,760,160
MOROCCAN BEATEN METAL DISH,21344,160.09,15,6
MOROCCAN BEATEN METAL DISH LARGE,21331,165.74,12,8
MOROCCAN BEATEN METAL MIRROR,21332,268.1,19,13
MOROCCAN TEA GLASS,79000,3357.34,4162,125
MOTHER'S KITCHEN SPOON REST ,23183,967.17,226,84
MOTORING TISSUE BOX,22093,822.13,1830,160
MOUSE TOY WITH PINK T-SHIRT,84580,1482.43,389,165
MOUSEY LONG LEGS SOFT TOY,20699,266.03,97,41
MR ROBOT SOFT TOY,20704,697.7,216,44
MRS ROBOT SOFT TOY,20705,428.85,143,28
"MUG , DOTCOMGIFTSHOP.COM ",22206,4.17,5,5
MULTI COLOUR SILVER T-LIGHT HOLDER,84945,8744.43,10545,347
MULTI HEARTS  STICKERS,21726,204.69,237,42
MULTICOLOUR  CONFETTI IN TUBE,21197,382.9599999999999,284,27
MULTICOLOUR 3D BALLS GARLAND,21205,677.1899999999999,253,68
MULTICOLOUR EASTER RABBIT ,35910A,39.0,20,4
MULTICOLOUR HONEYCOMB FAN,21209,886.24,1224,89
MULTICOLOUR HONEYCOMB PAPER GARLAND,21200,1531.1399999999999,1119,75
MULTICOLOUR POLKADOT PLATE,37471,30.43,29,3
MULTICOLOUR RABBIT EGG WARMER,35911A,292.07,319,70
MULTICOLOUR SPRING FLOWER MUG,37340,1695.86,2544,135
MUM'S KITCHEN CLOCK,23180,621.09,122,49
MUMMY MOUSE RED GINGHAM RIBBON,21839,5.45,1,1
MURANO STYLE GLASS BRACELET BLACK,90040B,66.7,18,11
MURANO STYLE GLASS BRACELET GOLD,90040C,54.42,15,10
MURANO STYLE GLASS BRACELET RED,90040A,54.290000000000006,14,5
MUSICAL ZINC HEART DECORATION ,22597,1179.59,2763,176
Manual,M,77750.27,6990,294
Manual,m,2.55,1,1
Marked as 23343,20713,0.0,400,1
N0 SINGING METAL SIGN,82600,2639.42,1225,49
NAMASTE SWAGAT INCENSE,17021,632.34,2391,47
NATURAL HANGING QUILTED HEARTS ,23431,1171.23,1449,72
NATURAL SLATE CHALKBOARD LARGE ,22456,9534.67,1727,476
NATURAL SLATE HEART CHALKBOARD ,22457,27991.61,9119,1249
NATURAL SLATE RECTANGLE CHALKBOARD,22488,5573.679999999999,3195,415
NECKLACE+BRACELET PINK BUTTERFLY,90098,73.95,29,10
NECKLACE+BRACELET SET BLUE BLOSSOM,90096,112.21,45,26
NECKLACE+BRACELET SET BLUE HIBISCUS,90099,76.38,27,16
NECKLACE+BRACELET SET FRUIT SALAD ,90094,35.699999999999996,14,13
NECKLACE+BRACELET SET PINK DAISY,90100,2.55,1,1
NEW BAROQUE B'FLY NECKLACE CRYSTAL,90024F,42.13,5,4
NEW BAROQUE B'FLY NECKLACE GREEN,90024C,33.81,4,3
NEW BAROQUE B'FLY NECKLACE MONTANA,90024E,16.810000000000002,2,2
NEW BAROQUE B'FLY NECKLACE PINK,90024D,16.82,2,2
NEW BAROQUE B'FLY NECKLACE RED,90024B,67.28,8,6
NEW BAROQUE BLACK BOXES,84617,38.25,3,3
NEW BAROQUE BLACK PHOTO ALBUM,84865,146.21,27,14
NEW BAROQUE JEWELLERY BOX ,84600,446.89,53,25
NEW BAROQUE LARGE NECKLACE BLK/WHIT,90028,134.16,16,14
NEW BAROQUE SMALL NECKLACE BLACK,90029,42.14,5,4
NEW ENGLAND MUG W GIFT BOX,37509,5.1,2,2
NEWSPAPER STAND,22765,316.95000000000005,27,5
NINJA RABBIT BLACK,21028,239.24,187,58
NINJA RABBIT PINK,21027,187.79,167,42
NO JUNK MAIL METAL SIGN,21179,1313.79,1940,266
NO SINGING METAL SIGN,82600,10193.76,4788,496
NOEL GARLAND PAINTED ZINC ,22340,787.2099999999999,1398,128
NOEL WOODEN BLOCK LETTERS ,22121,2159.7000000000003,352,133
NOVELTY BISCUITS CAKE STAND 3 TIER,22890,3939.87,385,165
NUMBER TILE COTTAGE GARDEN 0 ,22868,144.65,63,20
NUMBER TILE COTTAGE GARDEN 1,22869,246.14,96,44
NUMBER TILE COTTAGE GARDEN 2,22870,240.29,93,39
NUMBER TILE COTTAGE GARDEN 3 ,22871,163.35,67,25
NUMBER TILE COTTAGE GARDEN 4,22872,177.46,72,30
NUMBER TILE COTTAGE GARDEN 5,22873,145.5,60,26
NUMBER TILE COTTAGE GARDEN 6,22874,150.81,65,21
NUMBER TILE COTTAGE GARDEN 7,22875,149.09,63,25
NUMBER TILE COTTAGE GARDEN 8,22876,138.81,61,20
NUMBER TILE COTTAGE GARDEN 9,22877,138.10999999999999,63,19
NUMBER TILE COTTAGE GARDEN No,22878,204.19,75,33
NUMBER TILE VINTAGE FONT 0,22879,102.46,70,16
NUMBER TILE VINTAGE FONT 1,22880,196.69,97,32
NUMBER TILE VINTAGE FONT 2,22881,197.56,102,34
NUMBER TILE VINTAGE FONT 3,22882,213.7,108,42
NUMBER TILE VINTAGE FONT 4,22883,191.48,100,32
NUMBER TILE VINTAGE FONT 5,22884,194.04999999999998,99,36
NUMBER TILE VINTAGE FONT 6 ,22885,172.78,96,28
NUMBER TILE VINTAGE FONT 7,22886,146.43,87,25
NUMBER TILE VINTAGE FONT 8,22887,126.78,78,23
NUMBER TILE VINTAGE FONT 9 ,22888,124.97999999999999,76,21
NUMBER TILE VINTAGE FONT No ,22889,263.8,169,33
NURSE'S BAG SOFT TOY,21054,634.53,70,29
"NURSERY A,B,C PAINTED LETTERS",21462,932.4,198,73
Next Day Carriage,23444,1200.0,79,79
OCEAN SCENT CANDLE IN JEWELLED BOX,72802B,1993.48,1028,82
OCEAN SCENT CANDLE JEWELLED DRAWER,72803b,8.47,1,1
OCEAN STRIPE HAMMOCK ,84795C,15.9,2,1
OFFICE MUG WARMER BLACK+SILVER ,22311,3403.76,1132,142
OFFICE MUG WARMER CHOC+BLUE,22314,1759.1200000000001,570,133
OFFICE MUG WARMER PINK,22313,1564.8300000000002,565,65
OFFICE MUG WARMER POLKADOT,22312,1950.4900000000002,645,131
OLD DOC RUSSEL METAL SIGN,82605,29.400000000000002,14,3
OLD ROSE COMBO BEAD NECKLACE,90134,157.5,54,45
OOH LA LA DOGS COLLAR,DCGS0069,15.79,1,1
OPEN CLOSED METAL SIGN,21770,7923.93,1638,388
OPIUM SCENTED VOTIVE CANDLE,85230A,203.27999999999997,840,18
OPULENT VELVET SET/3 CANDLES,20871,8.42,2,1
ORANGE FELT VASE + FLOWERS,84743C,1.25,1,1
ORANGE FLOWER MUG ,37351,9.06,10,2
ORANGE PENDANT TRIPLE SHELL NECKLAC,90141E,24.75,5,2
ORANGE SCENTED SET/9 T-LIGHTS,85231G,501.27,594,81
ORANGE SCENTED SET/9 T-LIGHTS,85231g,9.78,6,6
ORANGE TV TRAY TABLE ,84313C,1165.9099999999999,504,43
ORANGE VOTIVE CANDLE,85230G,257.03999999999996,1032,25
ORANGE/FUSCHIA STONES NECKLACE,90135A,4.98,1,1
ORANGE/WHT/FUSCHIA STONES NECKLACE,90135,39.660000000000004,8,2
ORGANISER WOOD ANTIQUE WHITE ,22168,1205.3,144,77
ORIENTAL RED CUSHION COVER ,84984D,60.45,13,4
ORIGAMI JASMINE INCENSE/CANDLE SET,17012B,595.85,525,85
ORIGAMI LAVENDER INCENSE/CANDL SET ,17012C,481.79999999999995,420,85
ORIGAMI OPIUM INCENSE/CANDLE SET ,17012E,62.64,44,10
ORIGAMI ROSE INCENSE IN TUBE,17013D,267.82,535,13
ORIGAMI ROSE INCENSE/CANDLE SET ,17012D,547.24,461,97
ORIGAMI SANDLEWOOD INCENSE+FLOWER,17011F,66.36000000000001,81,7
ORIGAMI SANDLEWOOD INCENSE/CAND SET,17012F,530.6,448,94
ORIGAMI VANILLA INCENSE CONES,17014A,71.19,155,8
ORIGAMI VANILLA INCENSE/CANDLE SET ,17012A,375.93,323,65
OVAL  MINI PORTRAIT FRAME,23453,615.98,316,47
OVEN MITT APPLES DESIGN,22897,2013.1,1350,211
OVERNIGHT BAG VINTAGE ROSE PAISLEY,22278,2704.35,405,178
OWL DOORSTOP,21116,4051.79,707,258
OYSTER TRINKET BOX,21420,120.41,53,19
PACK 20 DOLLY PEGS,84691,174.5,242,4
PACK 20 ENGLISH ROSE PAPER NAPKINS,84520B,508.36999999999995,554,80
PACK 3 BOXES BIRD PANETTONE ,22813,451.84,204,31
PACK 3 BOXES BIRD PANNETONE ,22813,4188.94,2168,187
PACK 3 BOXES CHRISTMAS PANETTONE,22812,248.48,76,24
PACK 3 BOXES CHRISTMAS PANNETONE,22812,3359.8199999999997,1649,161
PACK 3 FIRE ENGINE/CAR PATCHES,84569B,118.4,85,19
PACK 3 IRON ON DOG PATCHES,84569A,355.84,294,65
PACK 4 FLOWER/BUTTERFLY PATCHES,84569C,1.25,1,1
PACK 6 HEART/ICE-CREAM PATCHES,84569D,560.62,467,98
PACK OF 12 50'S CHRISTMAS TISSUES,23378,1840.08,3997,176
PACK OF 12 BLUE PAISLEY TISSUES ,21983,777.67,2301,155
PACK OF 12 CHRISTMAS FUN CARDS,84247E,283.79,106,37
PACK OF 12 CIRCUS PARADE TISSUES ,22615,660.15,2073,102
PACK OF 12 COLOURED PENCILS,22491,3183.6299999999997,3947,219
PACK OF 12 DOILEY TISSUES,23380,28.08,72,2
PACK OF 12 DOLLY GIRL TISSUES,23377,592.4499999999999,1351,133
PACK OF 12 HEARTS DESIGN TISSUES ,21985,2729.5099999999998,8775,427
PACK OF 12 LONDON TISSUES ,22616,7975.98,26323,513
PACK OF 12 PAISLEY PARK TISSUES ,23551,839.8399999999999,1840,136
PACK OF 12 PINK PAISLEY TISSUES ,21984,1112.6,3458,212
PACK OF 12 PINK POLKADOT TISSUES,21986,1197.73,4067,189
PACK OF 12 RED APPLE TISSUES,23379,465.36,1220,76
PACK OF 12 RED RETROSPOT TISSUES ,21980,2121.18,6685,297
PACK OF 12 SKULL TISSUES,21967,1582.1499999999999,5271,232
PACK OF 12 SPACEBOY TISSUES,22614,1024.2199999999998,3032,219
PACK OF 12 STICKY BUNNIES,21383,751.28,991,167
PACK OF 12 SUKI TISSUES ,21982,2215.6099999999997,7173,359
PACK OF 12 TRADITIONAL CRAYONS,22489,4072.13,9719,443
PACK OF 12 VINTAGE CHRISTMAS TISSUE,23376,1384.9099999999999,3039,155
PACK OF 12 VINTAGE DOILY TISSUES,23380,955.42,2272,119
PACK OF 12 VINTAGE LEAF TISSUES ,23381,562.88,1496,80
PACK OF 12 WOODLAND TISSUES ,21981,1651.3,5468,271
PACK OF 20 NAPKINS PANTRY DESIGN,22907,5670.0,6573,670
PACK OF 20 NAPKINS RED APPLES,22908,3569.58,4380,375
PACK OF 20 SKULL PAPER NAPKINS,21989,2233.1,2409,335
PACK OF 20 SPACEBOY NAPKINS,22613,1222.61,1538,145
PACK OF 6 BIRDY GIFT TAGS,22585,7547.89,6222,395
PACK OF 6 COCKTAIL PARASOL STRAWS,23121,1000.4399999999999,2501,111
PACK OF 6 HANDBAG GIFT BOXES,22583,1570.3999999999999,573,111
PACK OF 6 LARGE FRUIT STRAWS ,23119,1401.7,2282,151
PACK OF 6 PANETTONE GIFT BOXES,22584,548.63,233,18
PACK OF 6 PANNETONE GIFT BOXES,22584,5398.33,2097,178
PACK OF 6 SANDCASTLE FLAGS ASSORTED,21878,2172.2,2523,224
PACK OF 6 SKULL PAPER CUPS,21987,1346.65,2113,171
PACK OF 6 SKULL PAPER PLATES,21988,1862.75,2321,193
PACK OF 6 SMALL FRUIT STRAWS,23120,682.39,1685,100
PACK OF 6 SWEETIE GIFT BOXES,22582,2649.35,1061,102
PACK OF 60 DINOSAUR CAKE CASES,21975,6102.51,12312,601
PACK OF 60 MUSHROOM CAKE CASES,21976,2869.9,5199,393
PACK OF 60 PINK PAISLEY CAKE CASES,21977,12226.32,24820,869
PACK OF 60 SPACEBOY CAKE CASES,22417,4563.24,8420,520
PACK OF 72 RETROSPOT CAKE CASES,21212,21246.45,36396,1320
PACK OF 72 SKULL CAKE CASES,21213,8414.59,15169,663
PACK OF SIX LED TEA LIGHTS,23109,5008.26,1752,203
PACK/12 BLUE FOLKART CARDS,84247N,64.9,22,18
PACK/12 XMAS FUN CARD,84247E,100.30000000000001,34,11
PACKING CHARGE,23574,105.0,14,14
PADS TO MATCH ALL CUSHIONS,PADS,0.003,4,4
PAINT YOUR OWN CANVAS SET,22493,3986.64,2461,220
PAINT YOUR OWN EGGS IN CRATE,23440,299.36,164,5
PAINTED HEART WREATH WITH BELL,23212,15.0,12,1
PAINTED LIGHTBULB RAINBOW DESIGN,79144C,98.11999999999999,152,51
PAINTED LIGHTBULB STAR+ MOON,79144B,103.22999999999999,180,53
PAINTED METAL HEART WITH HOLLY BELL,21823,854.3499999999999,1372,97
PAINTED METAL PEARS ASSORTED,21136,7793.139999999999,4687,370
PAINTED METAL STAR WITH HOLLY BELLS,21824,1102.4199999999998,1916,117
PAINTED PINK RABBIT ,21454,485.15999999999997,572,136
PAINTED SEA SHELL METAL WINDCHIME,75172,85.31,93,8
PAINTED YELLOW WOODEN DAISY,21455,516.79,612,117
PAIR BUTTERFLY HAIR CLIPS,90173,120.34,32,17
PAIR OF ENAMEL BUTTERFLY HAIRCLIP,90204,96.86,29,18
PAIR OF PINK FLOWER CLUSTER SLIDE,90208,132.7,53,37
PAIR PADDED HANGERS PINK CHECK,47367B,376.27000000000004,112,43
PAISLEY PARK CARD,23694,165.07999999999998,376,41
PAISLEY PATTERN  STICKERS,21678,111.86,125,32
PALE PINK/AMETHYST STONE NECKLACE,90136,29.849999999999998,3,2
PANDA AND BUNNIES STICKER SHEET,21724,355.83,408,81
PANTRY 3 HOOK ROLLING PIN HANGER,23423,876.9,219,66
PANTRY APPLE CORER,22981,704.13,471,105
PANTRY CHOPPING BOARD,23113,5868.5,1154,57
PANTRY HOOK BALLOON WHISK ,23422,477.89,213,47
PANTRY HOOK SPATULA,23421,349.2,160,33
PANTRY HOOK TEA STRAINER ,23420,351.37,164,32
PANTRY KITCHEN THERMOMETER ,23496,154.52,112,31
PANTRY MAGNETIC  SHOPPING LIST,23198,5062.599999999999,3342,475
PANTRY PASTRY BRUSH,22982,1543.77,1154,212
PANTRY ROLLING PIN,22978,9564.98,2464,238
PANTRY SCRUBBING BRUSH,22980,3910.0099999999998,2363,291
PANTRY WASHING UP BRUSH,22979,6391.82,4090,381
PAPER BUNTING COLOURED LACE,22088,5661.05,1893,238
PAPER BUNTING PAISLEY PARK,23597,679.07,249,31
PAPER BUNTING RETROSPOT,22090,22785.06,7586,799
PAPER BUNTING VINTAGE PAISLEY,22089,4457.43,1447,273
PAPER BUNTING VINTAGE PARTY,23598,1215.53,427,47
PAPER BUNTING WHITE LACE,22087,11872.58,4082,326
PAPER CHAIN KIT 50'S CHRISTMAS ,22086,64875.590000000004,19329,1160
PAPER CHAIN KIT EMPIRE,22084,15099.37,5181,436
PAPER CHAIN KIT LONDON,22911,1358.0900000000001,463,94
PAPER CHAIN KIT RETROSPOT,22083,14051.640000000001,4616,610
PAPER CHAIN KIT SKULLS ,22085,1566.99,548,97
PAPER CHAIN KIT VINTAGE CHRISTMAS,22910,32843.840000000004,10594,820
"PAPER CRAFT , LITTLE BIRDIE",23843,168469.6,80995,1
PAPER LANTERN 5 POINT SEQUIN STAR,23047,287.5,50,21
PAPER LANTERN 5 POINT STAR MOON ,23045,456.48,108,20
PAPER LANTERN 5 POINT STAR MOON 30,23045,41.5,10,5
PAPER LANTERN 5 POINT STUDDED STAR,23047,46.0,8,4
PAPER LANTERN 6 POINT SNOW STAR,23041,107.9,26,6
PAPER LANTERN 7 POINT SNOW STAR,23042,711.51,103,28
PAPER LANTERN 9 POINT DELUXE STAR,23046,2111.4900000000002,349,36
PAPER LANTERN 9 POINT HOLLY STAR 23,23044,74.7,18,5
PAPER LANTERN 9 POINT HOLLY STAR 40,23043,37.5,6,3
PAPER LANTERN 9 POINT HOLLY STAR L,23043,506.01,75,20
PAPER LANTERN 9 POINT HOLLY STAR S,23044,348.59000000000003,83,20
PAPER LANTERN 9 POINT SNOW STAR,23040,69.0,12,4
PAPER LANTERN 9 POINT SNOW STAR,23041,1070.5800000000002,246,48
PAPER LANTERN 9 POINT SNOW STAR ,23040,1325.03,241,37
PAPER POCKET TRAVELING FAN ,15034,840.0200000000001,6591,138
PAPERWEIGHT CHILDHOOD MEMORIES,22390,440.34,266,36
PAPERWEIGHT HOME SWEET HOME,22391,245.57999999999998,158,29
PAPERWEIGHT KINGS CHOICE ,22394,230.67999999999998,168,23
PAPERWEIGHT SAVE THE PLANET,22389,641.55,338,45
PAPERWEIGHT VINTAGE COLLAGE,22393,736.88,510,71
PAPERWEIGHT VINTAGE PAISLEY,22395,220.04,152,33
PARISIENNE CURIO CABINET,23112,4507.08,546,241
PARISIENNE JEWELLERY DRAWER ,23118,6102.18,813,258
PARISIENNE KEY CABINET ,23110,4147.18,700,255
PARISIENNE SEWING BOX,23111,3839.2400000000002,312,138
PARLOUR CERAMIC WALL HOOK,23075,1869.0000000000002,450,75
PARTY BUNTING,47566,99445.23,18287,1686
PARTY CHARMS 50 PIECES,23122,1726.09,2251,133
PARTY CONE CHRISTMAS DECORATION ,22130,2664.6299999999997,2277,110
PARTY CONES CANDY ASSORTED,22128,2127.53,1762,76
PARTY CONES CANDY DECORATION,22129,621.96,454,67
PARTY CONES CANDY TREE DECORATION,22129,604.4599999999999,734,33
PARTY CONES CARNIVAL ASSORTED,22127,504.88,404,22
PARTY FOOD SHOPPER BAG,20716,469.63,400,73
PARTY INVITES BALLOON GIRL,21060,359.28999999999996,405,71
PARTY INVITES DINOSAURS,21059,528.2299999999999,611,94
PARTY INVITES FOOTBALL,21061,451.7,488,83
PARTY INVITES JAZZ HEARTS,21063,458.31,528,102
PARTY INVITES SPACEMAN,21062,457.38,538,74
PARTY INVITES WOODLAND,21058,965.66,1154,122
PARTY METAL SIGN ,21172,5338.63,3486,468
PARTY PIZZA DISH BLUE POLKADOT,22345,399.05,1117,71
PARTY PIZZA DISH GREEN POLKADOT,22346,381.09,1034,59
PARTY PIZZA DISH PINK POLKADOT,22344,459.81,1225,76
PARTY PIZZA DISH RED RETROSPOT,22343,873.3299999999999,1974,94
PARTY TIME DESIGN FLANNEL,21946,75.35,86,25
PARTY TIME PENCIL ERASERS,16238,321.67,1396,134
PASTEL BLUE PHOTO ALBUM ,16202B,14.5,29,2
PASTEL COLOUR HONEYCOMB FAN,21208,697.77,945,84
PASTEL PINK PHOTO ALBUM ,16202A,3.5,7,2
PEACE SMALL WOOD LETTERS,21364,222.96,30,24
PEACE WOODEN BLOCK LETTERS,22119,1734.8700000000001,345,106
PEACH KNITTED HEN ,35915C,316.46,315,60
"PEARL & SHELL 42""NECKL. GREEN",90035A,53.62,5,3
"PEARL & SHELL 42""NECKL. IVORY",90035C,21.5,2,1
PEARL AND CHERRY QUARTZ BRACLET,90041,18.27,5,4
PEARL CRYSTAL PUMPKIN T-LIGHT HLDR,85062,2429.4999999999995,1462,159
PEARLISED IVORY HEART LARGE ,23482,661.02,418,39
PEARLISED IVORY HEART SMALL ,23481,281.17,228,29
PEG BAG APPLE DESIGN,22896,210.0,100,1
PEG BAG APPLES DESIGN,22896,3833.3599999999997,1484,287
PENCIL CASE LIFE IS BEAUTIFUL,22445,1615.91,534,130
PENNY FARTHING BIRTHDAY CARD,22028,1304.1399999999999,3042,262
PENS ASSORTED FUNKY JEWELED ,22608,1114.6399999999999,5211,144
PENS ASSORTED FUNNY FACE,22610,2571.4,9572,216
PENS ASSORTED SPACEBALL,22609,1368.1,5874,155
PERIWINKLE T-LIGHT HOLDER,21413,75.02,48,17
"PET MUG, GOLDFISH",37462E,13.1,36,12
PETIT TRAY CHIC,23096,1736.6899999999998,1033,146
PHARMACIE FIRST AID TIN,21906,4470.8099999999995,581,173
PHOTO CLIP LINE,71270,334.98,236,49
PHOTO CUBE,22174,5978.78,3218,321
PHOTO FRAME 3 CLASSIC HANGING,22796,5787.45,582,232
PHOTO FRAME CORNICE,22766,9755.09,3267,504
PHOTO FRAME LINEN AND LACE LARGE,23409,801.6800000000001,215,43
PHOTO FRAME LINEN AND LACE SMALL,23408,644.8000000000001,310,59
PICNIC BASKET WICKER 60 PIECES,22502,39619.5,61,2
PICNIC BASKET WICKER LARGE,22501,19302.26,1605,447
PICNIC BASKET WICKER SMALL,22502,11789.27,1905,462
PICNIC BOXES SET OF 3 RETROSPOT ,22628,4620.91,965,190
PICTURE DOMINOES,22549,4798.38,3188,356
PICTURE FRAME WOOD TRIPLE PORTRAIT,22170,6977.6,1068,265
PIECE OF CAMO STATIONERY SET,16259,326.56,3380,31
PIG KEYRING WITH LIGHT & SOUND ,22299,1386.97,1379,80
PIG MUG IN TWO COLOUR DESIGNS,37467,130.26999999999998,159,17
PIGGY BANK RETROSPOT ,22637,7111.18,2762,330
PIN CUSHION BABUSHKA BLUE,22447,410.81,137,45
PIN CUSHION BABUSHKA PINK,22446,1135.18,439,133
PIN CUSHION BABUSHKA RED,22448,656.4300000000001,201,45
PING MICROWAVE APRON,22123,1068.3799999999999,508,122
PING! MICROWAVE PLATE,22108,415.09000000000003,152,63
PINK  HEART CONFETTI IN TUBE,21199,888.3299999999999,966,78
PINK  HEART SHAPE LOVE BUCKET ,21564,1831.6200000000001,1042,123
PINK  HONEYCOMB PAPER BALL ,21195,1308.56,693,80
PINK  HONEYCOMB PAPER FAN,21194,555.97,498,65
PINK  POLKADOT CUP,21239,2707.34,3016,307
PINK  POLKADOT PLATE ,21243,3449.6,2065,185
PINK & WHITE BREAKFAST TRAY,84563A,369.84000000000003,96,35
PINK & WHITE ROSEBUD RING,90166,88.04,21,15
PINK 3 PIECE POLKADOT CUTLERY SET,84997D,5234.56,1437,115
PINK 3 PIECE POLKADOT CUTLERY SET,84997d,285.46,34,8
PINK ACRYLIC JEWEL SNOWFLAKE,35817P,4.5600000000000005,12,1
PINK ALLIUM  ARTIFICIAL FLOWER,84803A,5.07,3,1
PINK AND BLACK STRING CURTAIN,35638A,82.1,38,5
PINK AND WHITE CHRISTMAS TREE 120CM,35599D,553.07,201,34
PINK B'FLY C/COVER W BOBBLES,84906,78.17,12,7
PINK BABY BUNTING,22668,6677.969999999999,2179,345
PINK BAROQUE FLOCK CANDLE HOLDER,84614A,11.9,2,1
PINK BEADS+HAND PHONE CHARM,90127A,4.92,2,1
PINK BERTIE GLASS BEAD BAG CHARM,90125A,106.24,115,10
PINK BERTIE MOBILE PHONE CHARM,90126A,3.36,1,1
PINK BITTY LIGHT CHAIN,85179C,201.31,106,36
PINK BLUE FELT CRAFT TRINKET BOX,20971,13828.1,10993,522
PINK BOUDICCA LARGE BRACELET,90160D,264.7,38,12
PINK BOUDOIR T-LIGHT HOLDER,85109,10.2,12,1
PINK BREAKFAST CUP AND SAUCER ,37444C,42.27,21,9
PINK BUNNY EASTER EGG BASKET,23447,231.89999999999998,158,4
PINK BUTTERFLY CUSHION COVER,84906,44.849999999999994,23,5
PINK BUTTERFLY CUSHION COVER ,84905,173.48,35,20
PINK BUTTERFLY HANDBAG W BOBBLES,84923,671.62,162,98
PINK BUTTERFLY WASHBAG,84922,42.29,9,6
PINK CANDYSTUFT ARTIFICIAL FLOWER,84806A,96.88999999999999,137,11
PINK CAT BOWL,22703,583.33,360,123
PINK CAT FLORAL CUSHION COVER ,20701,100.97,25,18
PINK CHERRY BLOSSOM CUP & SAUCER,37379A,7.5,6,1
PINK CHERRY LIGHTS,79323P,27.0,4,1
PINK CHICK EGG WARMER + EGG CUP,35914,218.81,195,40
PINK CHRISTMAS FLOCK DROPLET ,35610A,15.02,10,3
PINK CHRYSANTHEMUMS ART FLOWER,84809B,37.800000000000004,18,1
PINK CLEAR GLASS CANDLE PLATE,72369A,39.92,30,5
PINK COMBO MINI CRYSTALS NECKLACE,90137,16.310000000000002,3,3
PINK CREAM FELT CRAFT TRINKET BOX ,20972,9128.06,7337,616
PINK CRYSTAL GUITAR PHONE CHARM,90084,0.85,1,1
PINK CRYSTAL SKULL PHONE CHARM,90089,13.94,20,9
PINK CRYSTAL+GLASS BRACELET,90122A,104.53,21,14
PINK DAISY BAG CHARM,90118,74.64,30,19
PINK DIAMANTE PEN IN GIFT BOX,21846,1206.97,424,103
PINK DINER WALL CLOCK,23341,2741.35,307,121
PINK DISCO HANDBAG,84859C,180.51999999999998,84,22
PINK DOG BOWL,22701,922.89,549,115
PINK DOG CANNISTER,84575A,39.3,14,4
PINK DOLLY HAIR CLIPS,90112,2.1,2,1
PINK DOUGHNUT TRINKET POT ,22064,2546.2999999999997,1729,242
PINK DRAWER KNOB ACRYLIC EDWARDIAN,22772,5116.7,3793,254
PINK EASTER HENS+FLOWER,84746,38.31,14,9
PINK ENAMEL FLOWER HAIR TIE,90202D,64.46000000000001,22,11
PINK ENAMEL+GLASS HAIR COMB,90209C,480.5,263,31
PINK FAIRY CAKE CHILDRENS APRON,47591D,6052.45,3207,439
PINK FAIRY CAKE CHILDRENS APRON,47591d,672.24,134,56
PINK FAIRY CAKE CUSHION COVER,47585A,1129.44,264,83
PINK FAIRY CAKE CUSHION COVER,47586A,53.55,21,8
PINK FEATHER CHRISTMAS DECORATION,35609A,2.51,1,1
PINK FEATHERS CURTAIN,44242B,50.28,52,3
PINK FELT EASTER EGG BASKET,85206B,23.099999999999998,14,4
PINK FELT EASTER RABBIT GARLAND,85205B,323.15,122,29
PINK FELT HANGING HEART W FLOWER,35916C,107.72,106,20
PINK FLOCK GLASS CANDLEHOLDER,79329,12.18,12,2
PINK FLOCK GLASS CANDLEHOLDER,79331,17.5,26,3
PINK FLOCK PHOTO FRAME ,84705C,15.0,12,1
PINK FLOCK SUEDE CUSHION COVER ,84415A,15.0,12,2
PINK FLORAL FELTCRAFT SHOULDER BAG,20970,4232.13,1116,262
PINK FLOWER CROCHET FOOD COVER,21465,897.8,237,79
PINK FLOWER FABRIC PONY,84920,446.23,115,48
PINK FLOWERS RABBIT EASTER,35909B,23.6,8,2
PINK FLOWERS RABBIT EASTER,35910B,25.349999999999998,13,3
PINK FLUFFY CHRISTMAS DECORATION,35607A,7.82,26,2
PINK FLY SWAT,84673A,63.720000000000006,92,43
PINK FOXGLOVE ARTIIFCIAL FLOWER,84798A,58.64999999999999,23,4
PINK GAUZE BUTTERFLY LAMPSHADE,44089A,6.3,15,4
PINK GINGHAM CAT WITH SCARF,84584,314.51,144,30
PINK GLASS CANDLEHOLDER,71279,558.37,175,38
PINK GLASS CHUNKY CHARM BRACELET,90175B,91.68,10,9
PINK GLASS TASSLE BAG CHARM ,90129A,82.97999999999999,45,20
PINK GOOSE FEATHER TREE 60CM,21265,267.21,131,19
PINK GREEN EMBROIDERY COSMETIC BAG,47369A,93.19,33,20
PINK HANGING GINGHAM EASTER HEN,84745A,13.44,32,5
PINK HANGING HEART T-LIGHT HOLDER,22804,1664.16,880,76
PINK HAPPY BIRTHDAY BUNTING,47590B,12050.12,2323,393
PINK HAPPY BIRTHDAY BUNTING,47590b,129.48,12,9
PINK HAWAIIAN PICNIC HAMPER FOR 2,84796A,568.13,61,43
PINK HAWAIIAN PICNIC HAMPER FOR 2,84796a,141.10999999999999,17,12
PINK HEART DOTS HOT WATER BOTTLE,21486,147.88,36,11
PINK HEART OF GLASS BRACELET,90123A,89.12,15,9
PINK HEART RED HANDBAG,16207B,76.14,29,18
PINK HEART SHAPE EGG FRYING PAN,84050,4753.53,3229,256
PINK HEART SHAPE PHOTO FRAME,85025C,520.91,321,39
PINK HEARTS LIGHT CHAIN ,85180B,587.2,271,48
PINK HEARTS PAPER GARLAND,21190,245.20000000000002,168,7
PINK HORSE SOCK PUPPET,85185B,776.4900000000001,255,57
PINK HORSE SOCK PUPPET KIT,85185B,123.9,42,14
PINK HYDRANGEA ART FLOWER,84801A,96.60000000000001,46,5
PINK JEWELLED MIRROR TRINKET TRAY,84707B,210.54999999999998,34,18
PINK JEWELLED PHOTO FRAME,84712B,231.56,30,20
PINK JEWELLED PHOTO FRAME ,84708B,326.35,62,19
PINK KNITTED EGG COSY,84531A,76.69,147,29
PINK LEAVES AND BEADS PHONE CHARM,90128A,7.43,3,2
PINK LOVE BIRD CANDLE,85169D,356.08,351,50
PINK LOVE HEART SHAPE CUP,22133,770.73,816,133
PINK MARSHMALLOW SCARF KNITTING KIT,82615,91.8,36,1
PINK METAL CHICKEN HEART ,84459A,1058.18,716,91
PINK METAL SWINGING BUNNY,85188B,68.69999999999999,78,10
PINK MONTE CARLO HANDBAG,84857C,232.32999999999998,98,10
PINK MURANO TWIST BRACELET,90120A,29.73,7,3
PINK MURANO TWIST NECKLACE,90124A,79.66,8,6
PINK NEW BAROQUE FLOCK CANDLESTICK,84613A,27.900000000000002,6,3
PINK NEW BAROQUECANDLESTICK CANDLE,84625A,605.48,478,42
PINK OVAL JEWELLED MIRROR,84709B,119.0,20,11
PINK OVAL SHAPE TRINKET BOX,84711B,186.64,20,13
PINK OWL SOFT TOY,22175,2594.23,877,171
PINK PADDED MOBILE,20702,573.54,134,42
PINK PAINTED KASHMIRI CHAIR,84963A,171.8,4,1
PINK PAISLEY CUSHION COVER ,84910A,192.14,26,17
PINK PAISLEY ROSE GIFT WRAP,22050,498.5,1225,40
PINK PAISLEY SQUARE TISSUE BOX ,22096,584.09,1366,117
PINK PAPER PARASOL ,15044A,1439.0200000000002,458,102
PINK PARTY BAGS,47599A,4649.5,2456,165
PINK PARTY SUNGLASSES,84522,36.76,20,12
PINK PILLAR CANDLE SILVER FLOCK,72799C,129.47,81,19
PINK POLKADOT BOWL,20677,4747.34,3674,333
PINK POLKADOT CHILDRENS UMBRELLA,20681,506.96,140,46
PINK POLKADOT GARDEN PARASOL,15058B,1885.27,228,97
PINK POLKADOT KIDS BAG,22323,1.95,1,1
PINK POLKADOT PLATE ,21243,377.56,220,25
PINK POLKADOT WRAP ,21500,2593.0,6350,213
PINK POODLE HANGING DECORATION ,21144,16.8,5,2
PINK POT PLANT CANDLE,20932,628.7900000000001,204,35
PINK REGENCY TEACUP AND SAUCER,22698,17445.56,5789,766
PINK RETRO BIG FLOWER BAG,62086A,171.6,88,14
PINK RIVIERA HANDBAG,84858C,261.68,186,6
PINK ROSE FABRIC MIRROR,20867,393.46999999999997,331,62
PINK ROSE WASHBAG,84912A,560.62,156,74
PINK ROSEBUD & PEARL NECKLACE,90163A,90.32,12,9
PINK ROSEBUD PEARL BRACELET,90164A,130.67,27,14
PINK ROSEBUD PEARL EARRINGS,90165A,39.98,16,15
PINK ROUND COMPACT MIRROR,84877A,58.16,40,4
PINK SCOTTIE DOG W FLOWER PATTERN,84931A,317.44,133,51
PINK SMALL GLASS CAKE STAND,84750A,46.8,24,1
PINK SMALL JEWELLED PHOTOFRAME,85024C,19.799999999999997,12,9
PINK SPOTS CHOCOLATE NESTING BOXES ,21348,361.55999999999995,140,6
PINK SQUARE TABLE CLOCK,84661C,104.84,71,14
PINK STITCHED WALL CLOCK,84660C,693.32,661,45
PINK STITCHED WALL CLOCK,84660c,134.92,18,16
PINK STOCKING CHRISTMAS DECORATION,35933,92.21000000000001,226,19
PINK STRAWBERRY HANDBAG ,16207A,163.1,60,34
PINK STRING CURTAIN WITH POLE,35637C,100.86,30,9
PINK SWEETHEART BRACELET,90200D,725.32,175,78
PINK SWEETIE NECKLACE,90140,15.120000000000001,2,2
PINK TALL PORCELAIN T-LIGHT HOLDER ,18097A,12.75,5,4
PINK UNION JACK  LUGGAGE TAG,21867,480.25,348,121
PINK UNION JACK  PASSPORT COVER ,21865,618.9300000000001,271,106
PINK VINTAGE PAISLEY PICNIC BAG,21933,4957.43,2672,410
PINK VINTAGE SPOT BEAKER,23285,4572.41,4807,191
PINK VINTAGE VICTORIAN EARRINGS,90067A,41.150000000000006,14,7
PINK YELLOW PATCH CUSHION COVER,84907,180.93,29,23
PINK/AMETHYST/GOLD NECKLACE,90131,34.870000000000005,5,2
PINK/BLUE DISC/MIRROR STRING,84422,244.17,566,15
PINK/BLUE STRING CURTAIN ,35638B,128.32999999999998,57,5
PINK/FLOWER RABBIT EGG WARMER ,35911B,100.76,119,15
PINK/GREEN FLOWER DESIGN BIG MUG,37489D,17.16,40,16
PINK/PURPLE CIRCLE CURTAIN,44236,56.52,52,6
PINK/PURPLE RETRO RADIO,84086C,622.27,218,53
"PINK/WHITE ""KEEP CLEAN"" BULLET BIN",71403,283.96000000000004,76,33
PINK/WHITE CHRISTMAS TREE 30CM,35597D,17.48,46,2
PINK/WHITE CHRISTMAS TREE 60CM,35598D,493.01,684,42
PINK/WHITE GLASS DEMI CHOKER,90078,15.0,2,1
PINK/WHITE RIBBED MELAMINE JUG,84562A,23.85,3,3
PINK/YELLOW FLOWERS HANDBAG,62096A,132.5,106,8
PIZZA PLATE IN BOX,22107,2153.06,592,179
PLACE SETTING WHITE HEART,22151,6322.21,15126,332
PLACE SETTING WHITE STAR,22152,1053.08,2407,105
PLASMATRONIC LAMP,22486,446.45,71,25
PLASTERS IN TIN CIRCUS PARADE ,22556,10061.859999999999,6113,571
PLASTERS IN TIN SKULLS,22553,7132.119999999999,4266,561
PLASTERS IN TIN SPACEBOY,22551,13602.109999999999,8074,673
PLASTERS IN TIN STRONGMAN,22555,9841.829999999998,6010,515
PLASTERS IN TIN VINTAGE PAISLEY ,22557,7762.239999999999,4712,566
PLASTERS IN TIN WOODLAND ANIMALS,22554,13328.269999999999,7803,704
PLAYING CARDS I LOVE LONDON ,23505,1651.29,1200,115
PLAYING CARDS JUBILEE UNION JACK,23504,2848.89,1927,208
PLAYING CARDS KEEP CALM & CARRY ON,23503,4860.55,3643,335
PLAYING CARDS VINTAGE DOILEY ,23502,16.25,13,2
PLAYING CARDS VINTAGE DOILY ,23502,880.16,701,92
PLEASE ONE PERSON METAL SIGN,21181,25225.480000000003,12274,845
POCKET BAG BLUE PAISLEY RED SPOT,22279,1003.4,831,128
POCKET BAG PINK PAISELY BROWN SPOT,22280,509.59,468,95
"POCKET MIRROR ""GLAMOROUS""",21228,6.25,5,2
POCKET MIRROR WOODLAND,21226,80.55,93,20
POLKA DOT RAFFIA FOOD COVER,21469,1085.32,290,89
POLKADOT COFFEE CUP & SAUCER PINK,37342,1489.01,1570,109
POLKADOT MUG PINK ,37343,123.29999999999998,72,13
POLKADOT PEN,22740,5793.62,6842,170
POLKADOT RAIN HAT ,21786,916.99,2081,227
POLYESTER FILLER PAD 30CMx30CM,46000U,133.75,107,26
POLYESTER FILLER PAD 40x40cm,46000S,2256.2,2626,190
POLYESTER FILLER PAD 45x30cm,46000R,149.35,103,38
POLYESTER FILLER PAD 45x45cm,46000M,1582.55,1701,142
POLYESTER FILLER PAD 60x40cm,20964,5.1,2,1
POLYESTER FILLER PAD 65CMx65CM,46000P,76.5,18,6
POMPOM CURTAIN,84356,2124.15,424,82
POP ART PUSH DOWN RUBBER ,16043,11.759999999999998,98,2
POPART RECT PENCIL SHARPENER ASST,16054,140.52,1166,33
POPART WOODEN PENCILS ASST,16045,380.0,8900,68
POPCORN HOLDER,22197,34288.67,36749,803
POPPY FIELDS CHOPPING BOARD,23117,501.23,93,45
POPPY'S PLAYHOUSE BATHROOM,22747,2080.85,954,227
POPPY'S PLAYHOUSE BEDROOM ,22745,4661.79,2021,423
POPPY'S PLAYHOUSE KITCHEN,22748,4880.83,2117,436
POPPY'S PLAYHOUSE LIVINGROOM ,22746,3236.5400000000004,1447,328
PORCELAIN BUDAH INCENSE HOLDER,17038,158.06,1525,34
PORCELAIN BUTTERFLY OIL BURNER,18098C,658.75,221,51
PORCELAIN BUTTERFLY OIL BURNER,18098c,263.12,52,12
PORCELAIN ROSE LARGE ,21421,348.43000000000006,299,14
PORCELAIN ROSE SMALL,21422,1295.0,1607,63
PORCELAIN T-LIGHT HOLDERS ASSORTED,20956,1146.52,822,101
POSTAGE,POST,78101.88,3150,1126
POSTE FRANCE CUSHION COVER,23394,1877.65,435,150
POSY CANDY BAG,20731,109.96,92,16
POTTERING IN THE SHED METAL SIGN,21174,9405.76,4175,538
POTTERING MUG,21876,4825.36,3789,333
POTTING SHED CANDLE CITRONELLA,21897,1268.1899999999998,405,3
POTTING SHED ROSE CANDLE,21898,1541.11,493,25
POTTING SHED SEED ENVELOPES,21894,902.08,592,130
POTTING SHED SOW 'N' GROW SET,21895,12.72,2,2
POTTING SHED TEA MUG,21868,3259.75,2477,302
POTTING SHED TWINE,21896,2272.79,980,110
PRETTY HANGING QUILTED HEARTS,23432,1088.36,1276,74
PSYCHEDELIC METAL SIGN CALENDAR,84924F,7.9,10,3
PSYCHEDELIC TILE COASTER,84926F,195.22,430,28
PSYCHEDELIC TILE HOOK,84927F,182.95000000000002,299,44
PSYCHEDELIC WALL THERMOMETER,84925F,109.92999999999999,79,14
PURPLE ACRYLIC FACETED BANGLE,90210D,132.05,107,8
PURPLE AMETHYST NECKLACE W TASSEL,90180B,49.81,5,5
PURPLE ANEMONE ARTIFICIAL FLOWER,84802B,6.76,4,1
PURPLE BERTIE GLASS BEAD BAG CHARM,90125D,110.03,95,19
PURPLE BOUDICCA LARGE BRACELET,90160A,264.94,38,15
PURPLE CHUNKY GLASS+BEAD NECKLACE,90178B,11.95,1,1
PURPLE CRYSTAL DROP EARRINGS,90011D,8.76,3,3
PURPLE DRAWERKNOB ACRYLIC EDWARDIAN,22775,4469.37,3105,237
PURPLE DRESS JEWELLERY STAND,84402B,48.19,61,3
PURPLE ENAMEL FLOWER HAIR TIE,90202A,64.28,22,15
PURPLE ENAMEL FLOWER RING,90201A,202.51000000000002,69,28
PURPLE ENAMEL+GLASS HAIR COMB,90209A,163.8,84,4
PURPLE FINE BEAD NECKLACE W TASSEL,90179B,17.59,3,3
PURPLE FOXGLOVE ARTIIFCIAL FLOWER,84798B,28.049999999999997,11,3
PURPLE FRANGIPANI HAIRCLIP,90104,23.16,28,12
PURPLE FRANGIPANI NECKLACE,90103,72.66,29,16
PURPLE GEMSTONE BRACELET,90195A,122.84,19,10
PURPLE GEMSTONE NECKLACE 45CM,90196A,102.0,8,5
PURPLE GLASS TASSLE BAG CHARM,90129E,77.03999999999999,42,14
PURPLE LAS VEGAS BRACELET ROUND,90212C,26.25,7,3
PURPLE LEAVES AND BEADS PHONE CHAR,90128D,4.97,2,2
PURPLE PAPER PARASOL,15044C,1022.9900000000001,313,88
PURPLE SWEETHEART BRACELET,90200A,328.44,78,50
PURPLE VINTAGE EARRINGS,90013D,25.17,6,3
PURPLE/BLUE CERAMIC CANDLE HOLDER,37491D,9.879999999999999,4,2
PURPLE/COPPER HANGING LAMPSHADE,44092C,17.0,20,8
PURPLE/TURQ FLOWERS HANDBAG,62096B,2.5,2,1
QUEEN OF SKIES LUGGAGE TAG,20655,292.29,197,99
QUEEN OF THE SKIES HOLIDAY PURSE ,20663,66.26,25,20
QUEEN OF THE SKIES PASSPORT COVER ,20618,286.39,148,76
QUEENS GUARD COFFEE MUG,22971,5849.29,2431,272
RABBIT  DESIGN  COTTON TOTE BAG,21580,444.07,181,62
RABBIT EASTER DECORATION,35909A,23.6,8,3
RABBIT NIGHT LIGHT,23084,66870.03,30739,994
RAIN PONCHO ,21785,268.76,411,5
RAIN PONCHO RETROSPOT,21787,7161.1,8875,243
RAINBOW PEGS PHOTO CLIP STRING,47471,189.88,290,39
RAINY LADIES BIRTHDAY CARD,22024,1023.73,2406,213
RASPBERRY ANT COPPER FLOWER NECKLAC,90000A,77.91,13,8
RASTA IN BATH W SPLIFF ASHTRAY,35443,6.8,8,6
RATTLE SNAKE EGGS,16225,689.35,813,102
RECIPE BOX BLUE SKETCHBOOK DESIGN,22665,5192.08,1523,361
RECIPE BOX PANTRY YELLOW DESIGN,22666,26219.95,8290,1117
RECIPE BOX RETROSPOT ,22667,8045.1,2882,464
RECIPE BOX WITH METAL HEART,21777,95.4,12,6
"RECORD FRAME 7"" SINGLE SIZE ",22041,11354.56,4374,361
RECTANGULAR SHAPED MIRROR,84976,446.15000000000003,512,37
RECYCLED ACAPULCO MAT BLUE,23051,3223.49,365,162
RECYCLED ACAPULCO MAT GREEN,23050,4286.55,497,205
RECYCLED ACAPULCO MAT LAVENDER,23054,2604.93,295,130
RECYCLED ACAPULCO MAT PINK,23053,3254.32,364,164
RECYCLED ACAPULCO MAT RED,23049,3896.84,456,186
RECYCLED ACAPULCO MAT TURQUOISE,23052,5949.34,654,278
RECYCLED PENCIL WITH RABBIT ERASER,16235,695.4,3068,168
RECYCLING BAG RETROSPOT ,22379,15607.59,6896,748
RED   ACRYLIC FACETED BANGLE,90210C,130.51000000000002,99,10
RED  EGG  SPOON,21402,185.51999999999998,1369,92
RED  HARMONICA IN BOX ,21915,26294.08,21903,661
RED 3 PIECE RETROSPOT CUTLERY SET,84997B,5729.110000000001,1580,108
RED 3 PIECE RETROSPOT CUTLERY SET,84997b,765.55,91,12
RED APPLES CHOPPING BOARD   ,23115,770.32,152,45
RED BABY BUNTING ,22669,3559.0,1128,234
RED BOUDICCA LARGE BRACELET,90160B,209.73000000000002,30,12
RED CHARLIE+LOLA PERSONAL DOORSIGN,85071B,684.62,1290,125
RED COAT RACK PARIS FASHION,22913,1673.15,352,112
RED DAISY PAPER LAMPSHADE,40046A,62.5,50,6
RED DAISY POCKET BOOK ,20757,136.64,158,33
RED DINER WALL CLOCK,22193,11857.07,1400,460
RED DRAGONFLY HELICOPTER,85135C,856.38,106,67
RED DRAWER KNOB ACRYLIC EDWARDIAN,22774,2871.75,2254,140
RED ENAMEL FLOWER RING,90201C,185.42000000000002,63,21
RED ENCHANTED FOREST PLACEMAT,85114C,920.2199999999999,516,75
RED ENCHANTED FOREST PLACEMAT,85114c,534.66,162,35
RED FLOCK LOVE HEART PHOTO FRAME,20832,572.67,1067,82
RED FLORAL FELTCRAFT SHOULDER BAG,20969,7229.43,1960,305
RED FLOWER CROCHET FOOD COVER,21466,1116.89,304,112
RED GINGHAM ROSE JEWELLERY BOX,21429,3391.1499999999996,1740,286
RED GINGHAM TEDDY BEAR ,22483,2302.94,770,169
RED GLASS TASSLE BAG CHARM,90129F,88.03,40,16
RED HANGING HEART T-LIGHT HOLDER,21733,23199.24,7872,741
RED HEART LUGGAGE TAG,20669,447.34,304,96
RED HEART SHAPE LOVE BUCKET ,21563,2803.13,1395,159
RED HEARTS LIGHT CHAIN ,85180A,1042.66,503,63
RED KITCHEN SCALES,22625,14082.2,1638,552
RED KUKUI COCONUT SEED NECKLACE,90030B,190.73000000000002,122,25
RED LOVE HEART SHAPE CUP,22132,939.03,1038,154
RED METAL BEACH SPADE ,21718,2113.39,1493,229
RED METAL BOX TOP SECRET,23080,9117.62,1074,257
RED PAPER PARASOL,15044D,1819.76,644,84
RED PEONY CUSHION COVER ,84984B,79.05000000000001,17,5
RED PEONY TABLE CLOCK,84706F,47.2,16,10
RED POLKADOT BEAKER ,21394,1603.77,3865,131
RED POLKADOT COFFEE  MUG,21398,729.6,1532,63
RED POLKADOT PUDDING BOWL,21392,46.39,34,7
RED PUDDING SPOON,21400,128.63,881,72
RED PURSE WITH PINK HEART,16206B,8.75,7,2
RED REFECTORY CLOCK ,23316,2501.64,250,110
RED RETRO KITCHEN WALL CLOCK,23429,400.01,47,23
RED RETROSPOT APRON ,21042,2199.52,334,131
RED RETROSPOT BIG BOWL,21246,1336.78,286,96
RED RETROSPOT BOWL,20676,6374.81,5023,448
RED RETROSPOT BUTTER DISH,21539,4743.900000000001,972,239
RED RETROSPOT CAKE STAND,21843,21354.3,2012,539
RED RETROSPOT CHARLOTTE BAG,20724,21773.39,17767,1034
RED RETROSPOT CHILDRENS UMBRELLA,20682,4171.33,1239,240
RED RETROSPOT CUP,21238,3488.44,3969,387
RED RETROSPOT LUGGAGE TAG,20658,652.11,433,105
RED RETROSPOT MINI CASES,20750,12634.98,1747,385
RED RETROSPOT MUG,21844,5167.6900000000005,1847,156
RED RETROSPOT OVEN GLOVE ,21154,6320.51,4034,451
RED RETROSPOT OVEN GLOVE DOUBLE,21041,3888.98,914,255
RED RETROSPOT PEG BAG,21155,9296.3,3155,485
RED RETROSPOT PICNIC BAG,21936,11665.19,3985,531
RED RETROSPOT PLATE ,21242,5699.71,3373,304
RED RETROSPOT PUDDING BOWL,21537,1387.96,332,61
RED RETROSPOT PURSE ,20665,1546.2700000000002,461,156
RED RETROSPOT ROUND CAKE TINS,21217,11522.439999999999,1088,344
RED RETROSPOT SHOPPER BAG,20718,6604.29,4769,575
RED RETROSPOT SHOPPING BAG,21039,1353.6899999999998,523,90
RED RETROSPOT SMALL MILK JUG,21535,5986.01,2487,343
RED RETROSPOT STORAGE JAR,22073,1336.14,334,69
RED RETROSPOT SUGAR JAM BOWL,21531,3682.17,1518,247
RED RETROSPOT TAPE,21880,858.7800000000001,1903,240
RED RETROSPOT TEA CUP AND SAUCER ,22072,2811.17,849,163
RED RETROSPOT TISSUE BOX,22094,1135.0,2166,200
RED RETROSPOT TRADITIONAL TEAPOT ,21527,3724.9900000000002,477,144
RED RETROSPOT UMBRELLA,85014B,10952.2,1910,350
RED RETROSPOT UMBRELLA,85014b,313.06,25,23
RED RETROSPOT WASHBAG,21157,225.5,78,34
RED RETROSPOT WRAP ,21498,4311.92,10526,336
RED ROCKING HORSE HAND PAINTED,23211,2930.57,2329,160
RED ROSE AND LACE C/COVER,84773,8.850000000000001,3,1
RED SHARK HELICOPTER,85136C,421.18,52,36
RED SPOT CERAMIC DRAWER KNOB,21671,6054.79,4402,369
RED SPOT PAPER GIFT BAG,23374,1962.83,2456,131
RED SPOTTY BISCUIT TIN,21218,10116.49,2433,394
RED STAR CARD HOLDER,22186,1997.48,848,149
RED STONE/CRYSTAL EARRINGS,90130D,8.7,3,3
RED STRIPE CERAMIC DRAWER KNOB,21668,7481.16,5494,437
RED TEA TOWEL CLASSIC DESIGN,22480,755.96,630,73
RED TOADSTOOL LED NIGHT LIGHT,21731,23919.78,14001,849
RED VICTORIAN FABRIC OVAL BOX,35095B,352.25,862,98
RED VINTAGE SPOT BEAKER,23287,1603.3899999999999,1879,198
RED WHITE SCARF  HOT WATER BOTTLE,21488,566.1700000000001,69,16
RED WOOLLY HOTTIE WHITE HEART.,84029E,22025.73,4734,429
RED/CREAM STRIPE CUSHION COVER ,21926,509.9,414,60
REGENCY CAKE FORK,23161,2145.3,1715,98
REGENCY CAKE SLICE,23164,2718.65,578,92
REGENCY CAKESTAND 3 TIER,22423,174156.54,13862,1989
REGENCY MILK JUG PINK ,23175,9587.15,3160,329
REGENCY MIRROR WITH SHUTTERS,22828,1530.0,10,7
REGENCY SUGAR BOWL GREEN,23174,12342.43,3055,322
REGENCY SUGAR TONGS,23163,4515.22,1832,209
REGENCY TEA PLATE GREEN ,23171,10051.99,6247,381
REGENCY TEA PLATE PINK,23172,6344.409999999999,3861,305
REGENCY TEA PLATE ROSES ,23170,11097.249999999998,6857,445
REGENCY TEA SPOON,23160,1794.48,1450,76
REGENCY TEA STRAINER,23162,5143.6900000000005,1412,176
REGENCY TEAPOT ROSES ,23173,24879.13,2766,416
REINDEER HEART DECORATION GOLD,23220,869.15,993,103
REINDEER HEART DECORATION SILVER,23221,1363.04,1536,145
RELAX LARGE WOOD LETTERS,21359,844.28,129,29
RESIN BRACELET W PASTEL BEADS,90156,19.8,4,3
RESIN NECKLACE W PASTEL BEADS,90155,67.62,9,7
RETO LEAVES MAGNETIC SHOPPING LIST,23196,52.199999999999996,36,3
"RETRO ""TEA FOR ONE"" ",37333,120.99,25,19
RETRO BROWN BALL ASHTRAY ,84597B,51.25,41,5
RETRO COFFEE MUGS ASSORTED,37370,3839.01,2567,159
RETRO LEAVES MAGNETIC NOTEPAD,23196,154.08999999999997,105,19
RETRO LONGBOARD IRONING BOARD COVER,47563A,551.51,285,105
RETRO MOD TRAY,79066K,689.34,783,146
RETRO MOD TRAY,79066k,27.77,17,10
"RETRO PILL BOX , REVOLUTIONARY",79063D,35.14,189,11
"RETRO PILL BOX KEY CHAIN,THE KING",79063C,43.65,235,14
RETRO PINK BALL ASHTRAY ,84597C,57.5,46,13
RETRO PLASTIC 70'S TRAY,79190A,179.35999999999999,384,63
RETRO PLASTIC 70'S TRAY,79192A,3.75,3,2
RETRO PLASTIC DAISY TRAY,79190D,126.97999999999999,265,47
RETRO PLASTIC DAISY TRAY,79191D,37.61,35,16
RETRO PLASTIC ELEPHANT TRAY,79191C,812.53,1105,65
RETRO PLASTIC POLKA TRAY,79190B,288.36,707,57
RETRO PLASTIC POLKA TRAY,79191B,138.29999999999998,159,30
"RETRO TIN ASHTRAY,REVOLUTIONARY",79062D,19.4,52,4
RETROSPOT BABUSHKA DOORSTOP,22511,495.2,251,54
RETROSPOT CANDLE  LARGE,21286,362.12,273,30
RETROSPOT CANDLE  MEDIUM,21285,413.88,365,43
RETROSPOT CANDLE  SMALL,21284,374.49,403,42
RETROSPOT CHILDRENS APRON,21156,6091.099999999999,3170,358
RETROSPOT CIGAR BOX MATCHES ,21592,2149.07,2149,216
RETROSPOT GIANT TUBE MATCHES,21588,3442.5,1494,132
RETROSPOT HEART HOT WATER BOTTLE,21485,17663.98,3524,623
RETROSPOT LAMP,22180,3521.54,330,155
RETROSPOT LARGE MILK JUG,21533,6651.72,1351,339
RETROSPOT PADDED SEAT CUSHION,22354,2860.98,750,83
RETROSPOT PARTY BAG + STICKER SET,22333,7043.94,4492,317
RETROSPOT RED WASHING UP GLOVES,20754,3088.86,1457,304
RETROSPOT SMALL TUBE MATCHES,21584,1743.35,1059,146
RETROSPOT TEA SET CERAMIC 11 PC ,22139,22868.260000000002,4518,962
RETROSPOT WOODEN HEART DECORATION,22602,1886.28,2076,246
REVOLVER WOODEN RULER ,22992,10373.99,5233,348
REX CASH+CARRY JUMBO SHOPPER,21034,1784.1,1878,871
RIBBON REEL CHRISTMAS PRESENT ,22737,2694.15,1388,259
RIBBON REEL CHRISTMAS SOCK BAUBLE,22739,3556.97,1818,318
RIBBON REEL FLORA + FAUNA ,22081,1176.5,644,138
RIBBON REEL HEARTS DESIGN ,22079,3325.29,1897,323
RIBBON REEL LACE DESIGN ,22078,2923.21,1369,192
RIBBON REEL MAKING SNOWMEN ,22736,2297.1,1222,223
RIBBON REEL POLKADOTS ,22080,2003.48,1206,155
RIBBON REEL SNOWY VILLAGE,22738,3829.67,2173,275
RIBBON REEL SOCKS AND MITTENS,22735,1379.21,741,136
RIBBON REEL STRIPES DESIGN ,22082,4661.88,2680,409
RIBBONS PURSE ,21051,377.2,192,51
RIDGED BONNE JAM JAR T-LIGHT HOLDER,23023,437.81999999999994,274,25
RIDGED GLASS FINGER BOWL,21654,504.68,974,59
RIDGED GLASS POSY VASE ,21656,444.58,219,47
RIDGED GLASS STORAGE JAR CREAM LID,21664,350.22,98,18
RIDGED GLASS T-LIGHT HOLDER,21666,283.51,412,43
RING OF ROSES BIRTHDAY CARD,22025,761.05,1835,130
RIVIERA NECKLACE,90157,49.59,10,5
ROBIN CHRISTMAS CARD,22034,5.02,10,4
ROBOT BIRTHDAY CARD,22037,1695.32,3929,354
ROBOT MUG IN DISPLAY BOX,37464,3.75,3,2
ROCKING HORSE GREEN CHRISTMAS ,22572,1244.6699999999998,1380,179
ROCKING HORSE RED CHRISTMAS ,22571,2185.48,2434,254
ROCOCO WALL MIROR,23462,39.9,2,1
ROCOCO WALL MIRROR WHITE,23462,1567.1399999999999,78,45
ROLL WRAP 50'S CHRISTMAS,23351,4875.65,3535,354
ROLL WRAP 50'S RED CHRISTMAS ,23352,2459.2,1800,212
ROLL WRAP VINTAGE CHRISTMAS,23349,4342.6,3221,337
ROLL WRAP VINTAGE SPOT ,23350,3445.08,2712,305
ROMANTIC IMAGES GIFT WRAP SET,85032A,776.49,789,135
ROMANTIC IMAGES NOTEBOOK SET,85019A,564.35,414,33
ROMANTIC IMAGES SCRAP BOOK SET,85031A,45.9,16,7
ROMANTIC PINKS RIBBONS ,85049C,1515.69,1215,224
ROMANTIC PINKS RIBBONS ,85049c,2.46,1,1
ROSE 1 WICK MORRIS BOXED CANDLE,85036C,1066.8600000000001,742,84
ROSE 3 WICK MORRIS BOX CANDLE,85035C,1760.66,1137,130
ROSE 3 WICK MORRIS BOX CANDLE,85035c,8.47,1,1
ROSE CARAVAN DOORSTOP,21115,3162.24,562,162
ROSE COLOUR PAIR HEART HAIR SLIDES,90003B,56.31,15,10
ROSE COTTAGE KEEPSAKE BOX ,22968,7851.98,794,189
ROSE DU SUD COSMETICS BAG,21000,360.84,96,52
ROSE DU SUD CUSHION COVER,21003,460.58,78,46
ROSE DU SUD CUSHION COVER ,20997,257.61,59,34
ROSE DU SUD DRAWSTRING BAG,21002,428.66,125,66
ROSE DU SUD OVEN GLOVE,20998,505.20000000000005,185,69
ROSE DU SUD WASHBAG ,21001,348.19,73,50
ROSE FLOWER CANDLE+INCENSE 16X16CM,17191A,15.0,4,2
ROSE FOLKART HEART DECORATIONS,35971,600.93,462,88
ROSE PENDANT TRIPLE SHELL NECKLACE,90141D,20.36,4,2
ROSE SCENT CANDLE IN JEWELLED BOX,72802A,1329.91,323,63
ROSE SCENT CANDLE IN JEWELLED BOX,72802a,58.029999999999994,7,2
ROSE SCENT CANDLE JEWELLED DRAWER,72803A,722.47,529,41
ROSES REGENCY TEACUP AND SAUCER ,22699,29056.920000000002,9865,1066
ROTATING LEAVES T-LIGHT HOLDER,21494,3571.33,1928,313
ROTATING SILVER ANGELS T-LIGHT HLDR,84347,26425.579999999998,9461,449
ROUND ARTICULATED PINK CLOCK W/SUCK,81953P,5.32,28,3
ROUND BLUE CLOCK WITH SUCKER,81952B,38.0,200,9
ROUND BLUE CLOCK WITH SUCKER,81953B,2.09,11,3
ROUND CACTUS CANDLE,20935,17.700000000000003,6,4
ROUND CAKE TIN VINTAGE GREEN,22841,4101.77,530,214
ROUND CAKE TIN VINTAGE RED,22840,6903.79,913,271
ROUND CONTAINER SET OF 5 RETROSPOT,22329,2661.89,1603,238
ROUND PINK HEART MIRROR,85020,188.81,85,22
ROUND PURPLE CLOCK WITH SUCKER,81952V,69.35,365,24
ROUND SNACK BOXES SET OF 4 FRUITS ,22328,19094.97,6835,581
ROUND SNACK BOXES SET OF 4 SKULLS,22327,4304.25,1169,289
ROUND SNACK BOXES SET OF4 WOODLAND ,22326,24364.870000000003,8535,732
ROUND STORAGE TIN VINTAGE LEAF,23244,1593.58,864,103
ROUND WHITE CONFETTI IN TUBE,21196,189.67999999999998,108,13
RUBY DROP CHANDELIER EARRINGS,90072,83.42,21,14
RUBY GLASS CLUSTER BRACELET,90070,122.64000000000001,20,14
RUBY GLASS CLUSTER EARRINGS,90071,54.62,44,33
RUBY GLASS CLUSTER NECKLACE,90069,15.0,2,1
"RUBY GLASS NECKLACE 42""",90068,7.5,1,1
RUSTIC  SEVENTEEN DRAWER SIDEBOARD,22827,5415.0,35,26
RUSTIC MIRROR WITH LACE HEART,23401,2354.87,459,83
RUSTIC STRAWBERRY JAM POT LARGE ,23324,577.48,279,38
RUSTIC STRAWBERRY JAM POT SMALL,23325,681.54,426,32
RUSTIC STRAWBERRY JAMPOT LARGE ,23324,238.56,120,6
RUSTIC STRAWBERRY JAMPOT SMALL,23325,59.39999999999999,36,3
"RUSTIC WOODEN CABINET, GLASS DOORS",22764,174.76999999999998,5,3
S/12 MINI RABBIT EASTER,85187,556.53,337,69
S/12 VANILLA  BOTANICAL T-LIGHTS,21613,661.9300000000001,227,42
S/15 SILVER GLASS BAUBLES IN BAG,84754,725.52,558,62
S/2 BEACH HUT TREASURE CHESTS,84689,9.95,3,2
S/2 ZINC HEART DESIGN PLANTERS,84974,388.04999999999995,39,28
S/3 PINK SQUARE PLANTERS ROSES,84306,88.22,10,9
S/3 POT POURI CUSHIONS BLUE COLOURS,17007B,50.400000000000006,24,2
S/4 BLACK DISCO PARTITION PANEL,85115B,24.869999999999997,3,1
S/4 BLACK MINI ROSE CANDLE IN BOWL,85039C,265.77,305,67
S/4 CACTI CANDLES,85174,2927.08,613,157
S/4 GROOVY CAT MAGNETS,85211,175.16,149,24
"S/4 ICON COASTER,ELVIS LIVES",79026B,10.61,25,9
S/4 IVORY MINI ROSE CANDLE IN BOWL,85039B,1174.6299999999999,806,172
S/4 PINK FLOWER CANDLES IN BOWL,85040A,1607.32,888,164
S/4 PINK FLOWER CANDLES IN BOWL,85040a,105.28,32,21
S/4 VALENTINE DECOUPAGE HEART BOX,85184C,2440.09,1483,131
S/6 SEW ON CROCHET FLOWERS,84744,140.02,110,20
S/6 WOODEN SKITTLES IN COTTON BAG,21890,3674.11,1147,231
SALLE DE BAIN HOOK,21272,777.5699999999999,548,103
SAMPLES,S,63.05,2,2
SANDALWOOD FAN,15039,1978.6399999999999,2090,145
SANDWICH BATH SPONGE,20966,1022.8,719,97
SAVE THE PLANET COTTON TOTE BAG,21577,1664.8999999999999,720,175
SAVE THE PLANET MUG,21871,6679.56,5453,357
SAVOY ART DECO CLOCK,22461,1453.5800000000002,239,53
SCALLOP SHELL SOAP DISH,21414,2.1,1,1
SCANDINAVIAN 3 HEARTS NAPKIN RING,85078,696.8,1932,124
SCANDINAVIAN PAISLEY PICNIC BAG,21932,4995.38,2720,446
SCANDINAVIAN REDS RIBBONS,85049E,3783.61,2860,409
SCANDINAVIAN REDS RIBBONS,85049e,360.71,109,42
SCENTED CANDLE IN DIGITALIS TIN,84846A,126.04000000000002,56,13
SCENTED VELVET LOUNGE CANDLE ,21287,760.15,1790,55
SCHOOL DESK AND CHAIR ,22929,1199.75,19,13
SCOTTIE DOG HOT WATER BOTTLE,22111,24455.39,4655,771
SCOTTIE DOGS BABY BIB,47593B,946.13,1987,245
SCOTTIE DOGS BABY BIB,47593b,4.9799999999999995,6,1
SCOTTIES CHILDRENS APRON,47591B,344.78999999999996,209,56
SCOTTIES CHILDRENS APRON,47591b,4.13,1,1
SCOTTIES DESIGN WASHBAG,47594B,314.54999999999995,170,56
SEASIDE FLYING DISC,22559,626.53,507,83
SET 10 CARD CHRISTMAS STAMPS 16963,23652,5.82,2,1
SET 10 CARD CHRISTMAS WELCOME 17112,23623,23.28,8,6
SET 10 CARD KRAFT REINDEER 17084,23603,49.800000000000004,20,14
SET 10 CARD PERFECT NATIVITY 17089,23624,9.96,4,4
SET 10 CARD SNOWMAN 16965,23654,12.450000000000001,5,4
SET 10 CARDS 12 DAYS OF XMAS 17059,23605,11.64,4,1
SET 10 CARDS 12 DAYS WRAP  17058,23614,86.58000000000001,26,11
SET 10 CARDS 3 WISE MEN 17107,23602,2.91,1,1
SET 10 CARDS CHEERFUL ROBIN 17065,23632,31.200000000000003,15,10
SET 10 CARDS CHRISTMAS BAUBLE 16954,23643,3.33,1,1
SET 10 CARDS CHRISTMAS HOLLY  17259,23635,12.48,3,3
SET 10 CARDS CHRISTMAS ROBIN 17095,23610,6.24,3,3
SET 10 CARDS CHRISTMAS TREE 16955,23644,16.65,5,5
SET 10 CARDS DAVID'S MADONNA 17074,23621,14.940000000000001,6,4
SET 10 CARDS DECK THE HALLS 16960,23649,4.98,2,2
SET 10 CARDS DINKY TREE 17076,23626,107.07000000000001,43,16
SET 10 CARDS DRESSING UP 17077,23629,59.760000000000005,24,10
SET 10 CARDS FILIGREE BAUBLE 16961,23650,9.96,4,4
SET 10 CARDS HANGING BAUBLES 17080,23630,5.48,2,2
SET 10 CARDS HATS & STOCKINGS 17081,23607,13.28,8,7
SET 10 CARDS JINGLE BELLS 16957,23646,19.92,8,5
SET 10 CARDS JINGLE BELLS 17217,23616,19.92,8,7
SET 10 CARDS MAGICAL TREE 17086,23639,13.32,4,4
SET 10 CARDS OUT OF ORDER 17216,23637,27.39,11,9
SET 10 CARDS PERFECT POST 17090,23620,24.900000000000002,10,7
SET 10 CARDS POINSETTIA 17093,23619,9.96,4,2
SET 10 CARDS PRINTED GRAPHIC 17219,23615,9.96,4,4
SET 10 CARDS RED RIDING HOOD 17214,23611,99.60000000000001,40,16
SET 10 CARDS ROBIN WATERPUMP  17096,23638,5.82,2,2
SET 10 CARDS RUDOLPHS NOSE 17097,23608,11.64,4,3
SET 10 CARDS SCOTTIE DOG 17211,23640,22.410000000000004,9,8
SET 10 CARDS SNOWY ROBIN 17099,23609,2.91,1,1
SET 10 CARDS SNOWY SNOWDROPS  17100,23601,19.92,8,4
SET 10 CARDS SWIRLY XMAS TREE 17104,23617,5.82,2,1
SET 10 CARDS TRIANGLE ICONS  17220,23628,2.91,1,1
SET 10 CARDS WISHING TREE 17116,23636,26.19,9,7
SET 10 CARDS WORLD CHILDREN 17067,23633,7.470000000000001,3,3
SET 10 CARDS XMAS CHOIR 17068,23634,14.55,5,5
SET 10 CARDS XMAS GRAPHIC  17218,23627,17.43,7,2
SET 10 CHRISTMAS CARDS HOHOHO 16956,23645,22.410000000000004,9,4
SET 10 LIGHTS NIGHT OWL,22179,3317.4700000000003,461,119
SET 10 MINI SANTA & SNOWMAN  17087,23604,6.64,4,2
SET 10 MINICARDS CUTE SNOWMAN 17071,23612,8.299999999999999,5,2
SET 10 NIGHT OWL LIGHTS,22179,3908.73,505,170
SET 10 XMAS CARDS & BADGES 17070,23613,27.39,11,6
SET 12 COLOUR PENCILS DOILEY,23366,31.200000000000003,48,3
SET 12 COLOUR PENCILS DOLLY GIRL ,23368,1679.5500000000002,2379,232
SET 12 COLOUR PENCILS LOVE LONDON,23365,1463.0800000000002,1857,169
SET 12 COLOUR PENCILS SPACEBOY ,23367,2491.2000000000003,3278,282
SET 12 COLOURING PENCILS DOILEY,23366,0.65,1,1
SET 12 COLOURING PENCILS DOILY,23366,1636.1000000000001,2200,191
SET 12 KIDS  WHITE CHALK STICKS,21917,1701.93,4151,225
SET 12 KIDS COLOUR  CHALK STICKS,21918,2950.25,7199,369
SET 12 LAVENDER  BOTANICAL T-LIGHTS,21609,2086.69,763,76
SET 12 RETRO WHITE CHALK STICKS,21916,1973.49,4599,359
SET 12 VINTAGE DOILY CHALK ,23499,586.23,1312,110
SET 2 PANTRY DESIGN TEA TOWELS,22989,8999.27,2811,372
SET 2 TEA TOWELS I LOVE LONDON ,22900,6856.38,2124,264
SET 20 NAPKINS FAIRY CAKES DESIGN ,22851,2368.64,2741,350
SET 3 PAPER VINTAGE CHICK PAPER EGG,22957,5014.650000000001,1775,214
"SET 3 RETROSPOT TEA,COFFEE,SUGAR",21216,11382.81,2128,430
SET 3 SONG BIRD PAPER EGGS ASSORTED,22967,3271.4100000000003,1171,138
SET 3 WICKER OVAL BASKETS W LIDS,22783,5961.25,463,33
SET 3 WICKER STORAGE BASKETS ,22782,3399.95,241,74
SET 36 COLOUR PENCILS DOILEY,23370,80.0,64,3
SET 36 COLOUR PENCILS DOLLY GIRL,23372,1750.29,1389,147
SET 36 COLOUR PENCILS LOVE LONDON,23369,1581.06,1105,126
SET 36 COLOUR PENCILS SPACEBOY ,23371,2304.78,1705,185
SET 36 COLOURING PENCILS DOILEY,23370,1.25,1,1
SET 36 COLOURING PENCILS DOILY,23370,2070.35,1485,147
SET 4 NURSERY DES ROUND BOXES,85006,57.25,55,9
SET 4 PICNIC CUTLERY BLUEBERRY,23305,159.9,82,9
SET 4 PICNIC CUTLERY CHERRY ,23304,138.45,71,9
SET 4 PICNIC CUTLERY FONDANT,23303,126.75,65,6
SET 4 VALENTINE DECOUPAGE HEART BOX,85184C,545.75,169,62
SET 4 VALENTINE DECOUPAGE HEART BOX,85184c,11.58,2,2
SET 40 HEART SHAPE PETIT FOUR CASES,23297,6792.23,4303,161
SET 6 CARDS SPARKLY REINDEER 17262,23625,44.910000000000004,9,4
SET 6 FOOTBALL CELEBRATION CANDLES,21125,830.98,657,103
SET 6 PAPER TABLE LANTERN HEARTS ,23082,8558.76,2328,297
SET 6 PAPER TABLE LANTERN STARS ,23083,7250.900000000001,1932,246
SET 6 SCHOOL MILK BOTTLES IN CRATE,23328,13269.49,2841,405
SET 7 BABUSHKA NESTING BOXES,22752,14427.970000000001,1787,380
SET 8 CANDLES VINTAGE DOILEY,23360,216.29999999999998,122,7
SET 8 CANDLES VINTAGE DOILY,23360,2070.1,1060,107
SET OF 10 LANTERNS FAIRY LIGHT STAR,23048,2368.37,577,99
SET OF 10 LED DOLLY LIGHTS,23108,13290.519999999999,2219,372
SET OF 12  VINTAGE POSTCARD SET,85015,1718.5400000000002,2180,143
SET OF 12 FAIRY CAKE BAKING CASES,23293,6989.54,8471,552
SET OF 12 FORK CANDLES,23189,3507.51,1249,141
SET OF 12 MINI BUNNIES IN A BUCKET,85197,71.4,34,19
SET OF 12 MINI LOAF BAKING CASES,23295,5073.45,6134,444
SET OF 12 ROSE BOTANICAL T-LIGHTS,21614,153.29000000000002,51,9
SET OF 12 T-LIGHTS VINTAGE DOILEY,23359,118.94999999999999,61,6
SET OF 12 T-LIGHTS VINTAGE DOILY,23359,1747.51,929,73
SET OF 16 VINTAGE BLACK CUTLERY,84968E,1522.53,134,46
SET OF 16 VINTAGE BLACK CUTLERY,84968e,200.21,8,6
SET OF 16 VINTAGE IVORY CUTLERY,84968B,25.5,2,2
SET OF 16 VINTAGE PISTACHIO CUTLERY,84968C,3585.99,317,104
SET OF 16 VINTAGE RED CUTLERY,84968D,1661.47,157,55
SET OF 16 VINTAGE RED CUTLERY,84968d,74.88,3,3
SET OF 16 VINTAGE ROSE CUTLERY,84968A,3139.2999999999997,267,98
SET OF 16 VINTAGE ROSE CUTLERY,84968a,125.32999999999998,5,3
SET OF 16 VINTAGE SKY BLUE CUTLERY,84968F,1905.6799999999998,177,65
SET OF 16 VINTAGE SKY BLUE CUTLERY,84968f,25.49,1,1
SET OF 2 CERAMIC CHRISTMAS REINDEER,23268,2018.1399999999999,1639,90
SET OF 2 CERAMIC CHRISTMAS TREES,23269,1152.98,779,94
SET OF 2 CERAMIC PAINTED HEARTS ,23270,1646.32,1270,126
SET OF 2 CHRISTMAS DECOUPAGE CANDLE,72817,1232.27,1212,161
SET OF 2 ROUND TINS CAMEMBERT ,22495,748.82,282,98
SET OF 2 ROUND TINS DUTCH CHEESE,22496,535.11,253,79
SET OF 2 TEA TOWELS APPLE AND PEARS,22895,6334.3,2058,284
SET OF 2 TEA TOWELS PING MICROWAVE,22124,306.16,149,76
SET OF 2 TINS JARDIN DE PROVENCE,22500,967.05,248,96
SET OF 2 TINS VINTAGE BATHROOM ,22497,1140.9,224,100
SET OF 2 TRAYS HOME SWEET HOME,23407,2709.43,267,133
SET OF 2 WOODEN MARKET CRATES,22485,7190.349999999999,526,208
SET OF 20 KIDS COOKIE CUTTERS,84375,9383.150000000001,4312,518
SET OF 20 VINTAGE CHRISTMAS NAPKINS,22909,8041.179999999999,8976,610
SET OF 3 BABUSHKA STACKING TINS,85232B,1356.3,274,13
SET OF 3 BIRD LIGHT PINK FEATHER ,35471D,979.11,1848,223
SET OF 3 BLACK FLYING DUCKS,35004B,2934.8100000000004,577,111
SET OF 3 BUTTERFLY COOKIE CUTTERS,84380,8153.56,5799,688
SET OF 3 CAKE TINS PANTRY DESIGN ,22720,38108.89,7483,1385
SET OF 3 CAKE TINS SKETCHBOOK,22721,4671.81,1020,297
SET OF 3 COLOURED  FLYING DUCKS,35004C,1888.1000000000001,394,39
SET OF 3 CONEY ISLAND OVAL BOXES,85008,66.12,13,8
SET OF 3 GOLD FLYING DUCKS,35004G,454.65,127,21
SET OF 3 HANGING OWLS OLLIE BEAK,23275,4521.72,3720,325
SET OF 3 HEART COOKIE CUTTERS,84378,8518.4,6332,685
SET OF 3 MINI HANGING PORTRAITS,23454,123.2,32,2
SET OF 3 NOTEBOOKS IN PARCEL,22759,9027.439999999999,5435,422
SET OF 3 PANTRY WOODEN SPOONS,23495,306.66,225,41
SET OF 3 PINK FLYING DUCKS,35004P,5.45,1,1
SET OF 3 REGENCY CAKE TINS,23245,31118.550000000003,6345,873
SET OF 3 WOODEN HEART DECORATIONS,23263,5147.19,3863,445
SET OF 3 WOODEN SLEIGH DECORATIONS,23264,2690.81,1963,299
SET OF 3 WOODEN STOCKING DECORATION,23266,2743.82,2053,319
SET OF 3 WOODEN TREE DECORATIONS,23265,2404.79,1769,293
SET OF 36 DINOSAUR PAPER DOILIES,21972,499.08,335,65
SET OF 36 DOILIES PANTRY DESIGN,23306,3983.6,2741,244
SET OF 36 DOILIES SPACEBOY DESIGN ,22416,1135.3999999999999,817,68
SET OF 36 DOLLY GIRL PAPER DOILIES,22949,69.66,45,15
SET OF 36 MUSHROOM PAPER DOILIES,21973,230.54999999999998,159,30
SET OF 36 PAISLEY FLOWER DOILIES,21974,3545.6,2219,360
SET OF 36 PANTRY PAPER DOILIES,23306,139.78,67,33
SET OF 36 SPACEBOY PAPER DOILIES,22416,75.42,51,8
SET OF 36 TEATIME PAPER DOILIES,84987,4471.17,3051,334
SET OF 36 VINTAGE CHRISTMAS DOILIES,22950,71.27,38,8
SET OF 4 BLACK LOVEBIRD COASTERS,84951B,554.78,451,82
SET OF 4 CAROUSEL PLACEMATS ,84509E,183.45,91,23
SET OF 4 DIAMOND NAPKIN RINGS,84813,1393.79,166,38
SET OF 4 ENGLISH ROSE COASTERS,84510A,1630.32,1196,239
SET OF 4 ENGLISH ROSE COASTERS,84510a,130.48,53,40
SET OF 4 ENGLISH ROSE PLACEMATS,84509A,3417.28,896,230
SET OF 4 ENGLISH ROSE PLACEMATS,84509a,775.84,104,68
SET OF 4 FAIRY CAKE PLACEMATS,84509B,806.04,217,79
SET OF 4 FAIRY CAKE PLACEMATS,84509b,37.3,5,4
SET OF 4 FAIRY CAKE PLACEMATS ,84509G,950.49,517,66
SET OF 4 FAIRY CAKE PLACEMATS ,84509g,14.92,2,2
SET OF 4 GREEN CAROUSEL COASTERS,84510E,48.29,34,16
SET OF 4 GREEN CAROUSEL COASTERS,84510e,2.46,1,1
SET OF 4 JAM JAR MAGNETS,23154,5842.88,2701,235
SET OF 4 KNICK KNACK TINS  DOILEY ,23240,24.900000000000002,6,1
SET OF 4 KNICK KNACK TINS DOILEY ,23240,7248.79,1819,182
SET OF 4 KNICK KNACK TINS DOILY ,23240,9726.480000000001,2352,353
SET OF 4 KNICK KNACK TINS LEAF,23237,3020.61,747,123
SET OF 4 KNICK KNACK TINS LEAVES ,23237,1253.7800000000002,306,54
SET OF 4 KNICK KNACK TINS LONDON ,23238,7771.610000000001,1849,274
SET OF 4 KNICK KNACK TINS POPPIES,23239,3353.84,842,178
SET OF 4 NAPKIN CHARMS 3 KEYS ,22640,446.84,237,57
SET OF 4 NAPKIN CHARMS CROWNS ,22638,481.88,300,52
SET OF 4 NAPKIN CHARMS CUTLERY,22604,3039.66,1251,125
SET OF 4 NAPKIN CHARMS HEARTS,22639,1935.1599999999999,805,148
SET OF 4 NAPKIN CHARMS INSTRUMENT,22641,303.72999999999996,139,37
SET OF 4 NAPKIN CHARMS LEAVES   ,22643,441.83,238,48
SET OF 4 NAPKIN CHARMS STARS   ,22642,596.36,269,51
SET OF 4 PANTRY JELLY MOULDS,22993,16478.48,12649,1073
SET OF 4 PISTACHIO LOVEBIRD COASTER,84951A,553.01,475,93
SET OF 4 POLKADOT COASTERS,84510C,211.32999999999998,132,54
SET OF 4 POLKADOT COASTERS,84510c,98.7,40,23
SET OF 4 POLKADOT PLACEMATS ,84509C,498.94,130,51
SET OF 4 POLKADOT PLACEMATS ,84509c,322.22,43,27
SET OF 4 ROSE BOTANICAL CANDLES,21620,1429.49,881,165
SET OF 4 SANTA PLACE SETTINGS,23267,1531.95,1202,108
SET OF 5 LUCKY CAT MAGNETS ,23158,5513.83,2633,255
SET OF 5 MINI GROCERY MAGNETS,23156,3423.29,1665,205
SET OF 5 PANCAKE DAY MAGNETS,23159,4713.52,2293,223
SET OF 6 3D KIT CARDS FOR KIDS,85227,1359.3999999999999,1477,223
SET OF 6 CAKE CHOPSTICKS,21948,978.23,640,153
SET OF 6 EASTER RAINBOW CHICKS,23449,15.0,12,1
SET OF 6 FUNKY BEAKERS,21557,1843.6100000000001,551,162
SET OF 6 GIRLS CELEBRATION CANDLES,21126,748.95,592,126
SET OF 6 HALLOWEEN GHOST T-LIGHTS,72586,317.83,691,83
SET OF 6 HEART CHOPSTICKS,21947,1139.65,811,152
SET OF 6 HERB TINS SKETCHBOOK,22723,4262.820000000001,1164,295
SET OF 6 ICE CREAM SKITTLES,84715,47.2,16,3
SET OF 6 KASHMIR FOLKART BAUBLES,84944,1120.26,710,83
SET OF 6 NATIVITY MAGNETS ,23157,5143.06,2797,164
SET OF 6 RIBBONS COUNTRY STYLE,23560,499.18,172,26
SET OF 6 RIBBONS PARTY,23561,476.0,170,16
SET OF 6 RIBBONS PERFECTLY PRETTY  ,23562,724.59,251,43
SET OF 6 RIBBONS VINTAGE CHRISTMAS,22734,10610.04,3261,422
SET OF 6 SNACK LOAF BAKING CASES,23294,3607.81,4392,354
SET OF 6 SOLDIER SKITTLES,22619,9895.04,2563,447
SET OF 6 SPICE TINS PANTRY DESIGN,22722,24436.260000000002,5966,834
SET OF 6 STRAWBERRY CHOPSTICKS,21949,1054.44,801,144
SET OF 6 T-LIGHTS CACTI ,22811,2419.29,881,108
SET OF 6 T-LIGHTS EASTER CHICKS,22808,1038.8700000000001,345,75
SET OF 6 T-LIGHTS SANTA,22809,3781.2000000000003,1240,204
SET OF 6 T-LIGHTS SNOWMEN,22810,3022.0800000000004,944,165
SET OF 6 T-LIGHTS TOADSTOOLS,22807,2417.73,818,195
SET OF 6 T-LIGHTS WEDDING CAKE ,22806,677.0400000000001,260,38
SET OF 6 TEA TIME BAKING CASES,23296,5985.55,4979,378
SET OF 6 VINTAGE NOTELETS KIT,85016,560.11,563,42
SET OF 60 I LOVE LONDON CAKE CASES ,23309,4495.85,8275,407
SET OF 60 PANTRY DESIGN CAKE CASES ,23307,6371.89,12049,629
SET OF 60 VINTAGE LEAF CAKE CASES ,23308,3272.61,6139,382
SET OF 72 GREEN PAPER DOILIES,84985A,59.449999999999996,41,18
SET OF 72 PINK HEART PAPER DOILIES,84988,6671.25,4311,510
SET OF 72 RETROSPOT PAPER  DOILIES,21210,8368.39,5808,453
SET OF 72 SKULL PAPER  DOILIES,21211,1270.07,883,103
SET OF 9 BLACK SKULL BALLOONS,22437,2417.24,2848,227
SET OF 9 HEART SHAPED BALLOONS,22435,3445.5,2757,266
SET OF PICTURE FRAME  STICKERS,21253,590.4200000000001,134,62
SET OF SALT AND PEPPER TOADSTOOLS,22892,3021.6,2472,199
SET OF SKULL WALL STICKERS,21250,274.37,95,20
SET OF TEA COFFEE SUGAR TINS PANTRY,23243,23489.420000000002,4800,470
SET OF THREE VINTAGE GIFT WRAPS,21491,1.95,1,1
SET/10 BLUE POLKADOT PARTY CANDLES,21124,4863.05,4011,240
SET/10 IVORY POLKADOT PARTY CANDLES,21123,1380.84,1143,154
SET/10 PINK POLKADOT PARTY CANDLES,21122,6488.54,5325,344
SET/10 RED POLKADOT PARTY CANDLES,21121,7998.85,6606,379
SET/12 FUNKY FELT FLOWER PEG IN BAG,85208,416.91,223,48
SET/12 TAPER CANDLES,72598,605.89,607,93
SET/2 RED RETROSPOT TEA TOWELS ,21035,8536.85,2599,394
SET/20 FRUIT SALAD PAPER NAPKINS ,21082,143.44,88,25
SET/20 RED RETROSPOT PAPER NAPKINS ,21080,11312.56,13204,986
SET/20 STRAWBERRY PAPER NAPKINS ,21078,2531.04,2769,313
SET/3 CHRISTMAS DECOUPAGE CANDLES,72816,1005.3199999999999,892,69
SET/3 DECOUPAGE STACKING TINS,85232D,992.5200000000001,193,69
SET/3 FLORAL GARDEN TOOLS IN BAG,47503J,23.85,3,2
SET/3 OCEAN SCENT CANDLE JEWEL BOX,72807B,1822.21,395,110
SET/3 OCEAN SCENT CANDLE JEWEL BOX,72807b,33.16,4,4
SET/3 POLKADOT STACKING TINS,85232A,389.55,78,29
SET/3 POT PLANT CANDLES,20934,424.46000000000004,68,32
SET/3 RABBITS FLOWER SKIPPPING ROPE,84457,112.55999999999999,126,26
SET/3 RED GINGHAM ROSE STORAGE BOX,21430,11905.95,3034,477
SET/3 ROSE CANDLE IN JEWELLED BOX,72807A,1845.57,393,107
SET/3 ROSE CANDLE IN JEWELLED BOX,72807a,66.32,8,5
SET/3 TALL GLASS CANDLE HOLDER PINK,20892,89.22,4,3
SET/3 VANILLA SCENTED CANDLE IN BOX,72807C,3145.05,721,157
SET/3 VANILLA SCENTED CANDLE IN BOX,72807c,41.449999999999996,5,5
SET/4 2 TONE EGG SHAPE MIXING BOWLS,37474,9.95,1,1
SET/4 BADGES BALLOON GIRL,21219,561.84,448,89
SET/4 BADGES BEETLES,21222,348.19,265,73
SET/4 BADGES CUTE CREATURES,21221,340.22,261,54
SET/4 BADGES DOGS,21220,445.01,338,89
SET/4 BIRD MIRROR MAGNETS ,21311,181.32999999999998,459,51
SET/4 BLUE FLOWER CANDLES IN BOWL,85040B,229.46999999999997,137,35
SET/4 BUTTERFLY MIRROR MAGNETS,21307,39.199999999999996,79,13
SET/4 COLOURFUL MIXING BOWLS,37475,661.9799999999999,70,43
SET/4 DAISY MIRROR MAGNETS,21306,192.73999999999998,494,44
SET/4 GARDEN ROSE DINNER CANDLE,72798C,11.549999999999999,7,3
SET/4 MODERN VINTAGE COTTON NAPKINS,21038,86.75,77,23
SET/4 RED MINI ROSE CANDLE IN BOWL,85039A,1010.6199999999999,704,162
SET/4 RED MINI ROSE CANDLE IN BOWL,85039a,131.81,40,29
SET/4 SKULL BADGES,21224,1080.0,914,165
SET/4 SPRING FLOWER DECORATION,21382,1376.53,1143,128
SET/4 WHITE RETRO STORAGE CUBES ,84078A,16363.300000000001,415,155
SET/5 RED RETROSPOT LID GLASS BOWLS,20914,17623.350000000002,6073,879
SET/5 RED SPOTTY LID GLASS BOWLS,20914,734.4,288,1
SET/6 BEAD COASTERS GAUZE BAG GOLD,47021G,309.29999999999995,582,27
SET/6 BLACK BIRD T-LIGHT CANDLES,85170B,316.75,215,39
SET/6 COLLAGE PAPER CUPS,21084,773.14,2610,181
SET/6 COLLAGE PAPER PLATES,21090,1274.1899999999998,2413,217
SET/6 EAU DE NIL BIRD T-LIGHTS,85170C,608.53,335,72
SET/6 FROG PRINCE T-LIGHT CANDLES,85173,795.02,479,86
SET/6 FRUIT SALAD  PAPER PLATES,21096,581.09,1259,105
SET/6 FRUIT SALAD PAPER CUPS,21088,428.28000000000003,1678,103
SET/6 GREEN SPRING PAPER CUPS,21089,48.99,233,25
SET/6 IVORY BIRD T-LIGHT CANDLES,85170A,2.1,1,1
SET/6 PINK  BUTTERFLY T-LIGHTS,72351B,4007.85,2096,186
SET/6 PINK BIRD T-LIGHT CANDLES,85170D,796.99,451,100
SET/6 POSIES PAPER CUPS,21087,74.57000000000001,141,16
SET/6 POSIES PAPER PLATES,21095,118.72999999999999,125,14
SET/6 PURPLE BUTTERFLY T-LIGHTS,72349B,1486.69,729,114
SET/6 PURPLE BUTTERFLY T-LIGHTS,72349b,658.51,159,82
SET/6 RED SPOTTY PAPER CUPS,21086,4851.5,7121,428
SET/6 RED SPOTTY PAPER PLATES,21094,6933.259999999999,8758,527
SET/6 TURQUOISE BUTTERFLY T-LIGHTS,72351A,2498.75,1264,153
SET/6 TURQUOISE BUTTERFLY T-LIGHTS,72351a,62.269999999999996,15,12
SET/9 CHRISTMAS T-LIGHTS SCENTED ,20878,30.0,24,7
SET3 BOOK BOX GREEN GINGHAM FLOWER ,21428,5163.63,1207,262
SEWING BOX RETROSPOT DESIGN ,22509,2124.54,209,86
SEWING SUSAN 21 NEEDLE SET,85176,880.4699999999999,918,172
SHELF WITH 4 HOOKS HOME SWEET HOME,23400,2409.34,461,107
SHOE SHINE BOX ,21784,633.0699999999999,57,44
"SILICON CUBE 25W, BLUE",79151B,4.62,11,2
SILICON STAR BULB  BLUE,79149B,7.56,18,8
SILK PURSE BABUSHKA BLUE,22450,657.76,194,58
SILK PURSE BABUSHKA PINK,22449,1583.95,491,143
SILK PURSE BABUSHKA RED,22451,775.8000000000001,222,51
SILVER  CANDLEPOT JARDIN ,21690,82.5,22,7
SILVER 2 STRAND NECKLACE-LEAF CHARM,90189A,15.0,2,2
SILVER AND BLACK ORBIT NECKLACE,90014C,13.350000000000001,2,2
SILVER APERITIF GLASS,20826,128.4,276,8
SILVER BELLS TABLE DECORATION,23100,2739.38,2166,257
SILVER BLACK ORBIT BRACELET,90019C,68.73,13,11
SILVER BLACK ORBIT DROP EARRINGS,90018C,50.400000000000006,12,9
SILVER BOOK MARK WITH BEADS,71143,182.25,161,34
SILVER BRACELET W PASTEL FLOWER,90143,244.68,32,19
SILVER CHRISTMAS TREE BAUBLE STAND ,84352,577.35,34,23
SILVER DIAMANTE PEN IN GIFT BOX,21849,548.93,173,66
SILVER DISCO HANDBAG,84859A,272.99,129,35
SILVER DROP EARRINGS WITH FLOWER,90144,67.36,18,14
SILVER FABRIC MIRROR,20868,219.35000000000002,458,46
SILVER FISHING GNOME ,21129,419.52000000000004,52,27
SILVER FLOWR PINK SHELL NECKLACE,90149,342.76000000000005,53,4
SILVER GLASS T-LIGHT SET,85104,525.75,201,17
SILVER GLITTER FLOWER VOTIVE HOLDER,85111,437.59,1409,57
SILVER HANGING T-LIGHT HOLDER,84949,7622.639999999999,4789,290
SILVER HEARTS TABLE DECORATION,23102,1075.03,1274,157
SILVER HOOP EARRINGS WITH FLOWER,90145,168.0,28,18
SILVER JEWELLED MIRROR TRINKET TRAY,84707A,695.23,95,45
SILVER LARIAT 40CM,90191,163.82,26,10
SILVER LARIAT BLACK STONE EARRINGS,90194,67.87,16,10
SILVER LATTICE VANILLA CANDLE POT,21692,63.75,17,7
SILVER LOOKING MIRROR,20820,24.75,5,2
SILVER M.O.P ORBIT BRACELET,90019A,197.09,38,27
SILVER M.O.P ORBIT DROP EARRINGS,90018A,193.33,46,37
SILVER M.O.P. ORBIT NECKLACE,90014A,54.800000000000004,11,6
SILVER MINI TAPE MEASURE ,20734,271.21999999999997,158,26
SILVER MUG BONE CHINA TREE OF LIFE,22306,1415.8500000000001,1162,111
SILVER OVAL SHAPE TRINKET BOX,84711A,221.79999999999998,25,17
SILVER PHOTO FRAME,20830,409.83,136,37
SILVER PLATE CANDLE BOWL SMALL,21688,1101.2800000000002,348,57
SILVER RECORD COVER FRAME,82001S,1067.76,287,26
SILVER RECORD COVER FRAME,82001s,581.88,78,15
SILVER ROCCOCO CHANDELIER,84616,504.32,14,9
SILVER ROCOCO CANDLE STICK,84766,340.7,146,14
SILVER STANDING GNOME   ,21132,217.35999999999999,44,22
SILVER STARS TABLE DECORATION,23101,1739.6299999999999,2031,213
SILVER T-LIGHT SETTING,85103,924.29,143,28
SILVER TEDDY BEAR,20819,244.72,64,27
SILVER VANILLA  FLOWER CANDLE POT,21689,369.87,95,26
SILVER/AMETHYST DROP EARRINGS LEAF,90190C,58.43,20,19
SILVER/BLACK ORBIT NECKLACE,90014C,29.849999999999998,3,2
SILVER/BLACK PENDANT ORBIT NECKLACE,90016C,24.96,3,3
SILVER/CRYSTAL DROP EARRINGS W LEAF,90190A,46.76,16,10
SILVER/M.O.P PENDANT ORBIT NECKLACE,90016A,105.71000000000001,17,7
SILVER/MOP ORBIT NECKLACE,90014A,162.79,16,15
SILVER/NAT SHELL NECKLACE W PENDANT,90152A,28.76,5,5
SILVER/NATURAL SHELL NECKLACE,90151,68.0,8,4
SINGLE ANTIQUE ROSE HOOK IVORY,23147,2752.2,1868,261
SINGLE HEART ZINC T-LIGHT HOLDER,84970L,6411.5199999999995,6064,457
SINGLE HEART ZINC T-LIGHT HOLDER,84970l,418.98,201,50
SINGLE WIRE HOOK IVORY HEART,23138,1231.51,879,82
SINGLE WIRE HOOK PINK HEART,23139,528.6999999999999,414,27
SIX DRAWER OFFICE TIDY,23471,616.79,65,27
SKETCHBOOK MAGNETIC SHOPPING LIST,23197,2253.7,1442,246
SKULL AND CROSSBONES  GARLAND ,21207,1684.85,1067,132
SKULL DESIGN TV DINNER TRAY,22475,1590.82,321,140
SKULL LUNCH BOX WITH CUTLERY ,21558,5550.219999999999,2131,412
SKULL SHOULDER BAG,21934,4480.28,2421,411
SKULLS  DESIGN  COTTON TOTE BAG,21581,590.67,252,79
SKULLS  STICKERS,21679,1028.58,1140,138
SKULLS  WATER TRANSFER TATTOOS ,21544,1687.6799999999998,1972,174
SKULLS AND CROSSBONES WRAP,21495,2356.0,5800,165
SKULLS DESIGN FLANNEL,21942,313.01,287,103
SKULLS GREETING CARD,21504,778.89,1891,115
SKULLS PARTY BAG + STICKER SET,22332,1677.9999999999998,1032,148
SKULLS SQUARE TISSUE BOX,22100,354.82,755,59
SKULLS STORAGE BOX LARGE,21425,320.49,87,30
SKULLS STORAGE BOX SMALL,21427,256.44,96,41
SKULLS TAPE,21882,251.17000000000002,704,70
SKULLS WRITING SET ,21327,1484.1299999999999,864,252
SLATE TILE NATURAL HANGING,22185,2235.9399999999996,1472,162
SLEEPING CAT ERASERS,16237,1047.93,4991,290
SMALL APOTHECARY MEASURING JAR ,23019,629.0500000000001,81,28
SMALL BLUE PROVENCAL CERAMIC BALL,20796,103.93999999999998,62,9
SMALL BONNE JAM JAR  T-LIGHT HOLDER,23022,808.16,422,22
SMALL CAMPHOR WOOD FIELD  MUSHROOM,21377,215.67999999999998,121,41
SMALL CERAMIC TOP STORAGE JAR ,23167,4476.009999999999,5847,231
SMALL CHINESE STYLE SCISSOR,16014,4335.76,13328,54
SMALL CHOCOLATES PINK BOWL,84596G,949.0799999999999,1855,245
SMALL CHOCOLATES PINK BOWL,84596g,7.38,3,1
SMALL CHUNKY GLASS ROMAN  BOWL,21316,214.73000000000002,159,15
SMALL DECO JEWELLERY STAND,23066,2005.81,243,79
SMALL DOLLY MIX DESIGN ORANGE BOWL,84596B,2547.42,5023,522
SMALL DOLLY MIX DESIGN ORANGE BOWL,84596b,17.57,7,5
SMALL FOLDING SCISSOR(POINTED EDGE),16008,360.71,2892,70
SMALL FOLKART STAR CHRISTMAS DEC,35954,350.48,1245,54
SMALL GLASS HEART TRINKET POT,21314,9798.980000000001,4246,541
SMALL GLASS SUNDAE DISH CLEAR,20802,984.4699999999999,739,63
SMALL HAMMERED SILVER CANDLEPOT ,21693,1107.91,361,50
SMALL HANGING GLASS+ZINC LANTERN,84760S,62.349999999999994,43,8
SMALL HANGING IVORY/RED WOOD BIRD,85199S,1302.31,2660,261
SMALL HEART FLOWERS HOOK ,84971S,1540.4499999999998,1761,172
SMALL HEART MEASURING SPOONS,22196,2754.16,2847,472
SMALL IVORY HEART WALL ORGANISER,23132,5138.6,1020,152
SMALL JEWELLERY STAND,23066,132.0,16,6
SMALL KITCHEN FLOWER POTS PLAQUE,84638,331.5,50,37
SMALL LICORICE DES PINK BOWL,84596E,411.68,564,79
SMALL LICORICE DES PINK BOWL,84596e,25.099999999999998,10,6
SMALL MARSHMALLOWS PINK BOWL,84596F,1943.62,3732,435
SMALL MARSHMALLOWS PINK BOWL,84596f,39.36,16,12
SMALL MEDINA STAMPED METAL BOWL ,21684,612.1,771,47
SMALL PARISIENNE HEART PHOTO FRAME ,23093,2239.2400000000002,939,142
SMALL PARLOUR FRAME,23455,106.98000000000002,42,2
SMALL PARLOUR PICTURE FRAME,23455,462.45,165,33
SMALL PINK GLASS SUNDAE DISH,20803,476.38,939,40
SMALL PINK MAGIC CHRISTMAS TREE,84341B,282.38,645,40
SMALL POLKADOT CHOCOLATE GIFT BAG ,21291,819.64,943,52
SMALL POP BOX FUNKY MONKEY,47310M,353.98,258,87
"SMALL POP BOX,FUNKY MONKEY",47310M,216.47,152,34
SMALL POPCORN HOLDER,22197,17045.8,20149,589
SMALL PURPLE BABUSHKA NOTEBOOK ,22755,1187.96,1687,251
SMALL RED BABUSHKA NOTEBOOK ,22754,1350.4699999999998,1951,266
SMALL RED RETROSPOT MUG IN BOX ,22070,2354.4,948,116
SMALL RED RETROSPOT WINDMILL,21746,3766.93,3075,226
SMALL REGAL  SILVER CANDLEPOT ,21694,840.33,307,24
SMALL ROUND CUT GLASS CANDLESTICK,85125,760.39,161,33
SMALL SILVER FLOWER CANDLE POT,21695,857.6800000000001,284,41
SMALL SILVER TRELLIS CANDLEPOT,21696,672.4000000000001,224,33
SMALL SINGLE FLAME CANDLE HOLDER,71050,11.549999999999999,33,6
SMALL SKULL WINDMILL,21747,645.61,485,54
SMALL SQUARE CUT GLASS CANDLESTICK,85127,1106.54,187,51
SMALL STRIPES CHOCOLATE GIFT BAG ,21292,594.51,867,28
SMALL TAHITI BEACH BAG,84856S,18.6,4,1
SMALL TALL CAMPHOR WOOD TOADSTOOL,21378,217.89,142,34
SMALL WHITE HEART OF WICKER,23321,8438.539999999999,4716,629
SMALL WHITE RETROSPOT MUG IN BOX ,22071,1384.3,729,86
SMALL WHITE/PINK ROSE ART FLOWER,84800S,120.07000000000001,107,9
SMALL YELLOW BABUSHKA NOTEBOOK ,22753,758.13,1010,217
SMALL ZINC HEART WALL ORGANISER,23135,5416.18,1541,45
SMALL ZINC/GLASS CANDLEHOLDER,72811,78.92999999999999,53,8
SMALLFOLKART BAUBLE CHRISTMAS DEC,35957,361.81,688,41
SMOKEY GREY COLOUR D.O.F. GLASS,79051A,204.79,587,26
SMOKEY GREY COLOUR GLASS,79051A,84.75999999999999,236,15
SNACK TRAY HAPPY FOREST  ,23580,234.92,116,25
SNACK TRAY I LOVE LONDON,23579,358.75,169,35
SNACK TRAY PAISLEY PARK,23575,367.34999999999997,179,32
SNACK TRAY RED GINGHAM,23578,125.72,60,14
SNACK TRAY RED VINTAGE DOILY,23576,400.03999999999996,198,37
SNOWFLAKE PORTABLE TABLE LIGHT ,21744,1557.65,529,127
SNOWSTORM PHOTO FRAME FRIDGE MAGNET,22181,500.90999999999997,591,57
SOAP DISH BROCANTE,22863,2070.73,719,110
SOFT PINK ROSE TOWEL ,84913A,952.83,273,124
SOLDIERS EGG CUP ,22988,10858.31,9073,418
SOMBRERO ,62018,5716.85,4415,61
SPACE BOY CHILDRENS CUP,23292,145.76,131,6
SPACE CADET BLACK,21031,64.24,52,19
SPACE CADET RED,21030,159.7,131,33
SPACE CADET WHITE,21032,117.78,97,30
SPACE FROG,21025,233.52,174,56
SPACE OWL,21026,315.75,255,68
SPACEBOY BEAKER,23346,3112.34,2628,184
SPACEBOY BIRTHDAY CARD,22029,3387.5699999999997,8161,527
SPACEBOY CHILDRENS BOWL,23290,2890.3500000000004,2430,214
SPACEBOY CHILDRENS CUP,23292,2557.57,2050,216
SPACEBOY CHILDRENS EGG CUP,22975,1624.63,1204,186
SPACEBOY GIFT WRAP,22045,2673.34,6527,208
SPACEBOY LUNCH BOX ,22629,25719.02,14249,900
SPACEBOY MINI BACKPACK,23389,4697.54,1102,233
SPACEBOY MINI RUCKSACK,23389,53.95,13,4
SPACEBOY ROCKET LOLLY MAKERS,23392,1475.03,662,113
SPACEBOY TV DINNER TRAY,22474,1636.27,305,134
SPACEBOY WALL ART,23528,885.9000000000001,306,13
SPOTS ON RED BOOKCOVER TAPE,10124A,6.72,16,5
SPOTTED WHITE NATURAL SEED NECKLACE,90030A,72.0,72,7
SPOTTY BUNTING,23298,42513.48,8491,1141
SPOTTY PINK DUCK DOORSTOP,21408,1282.81,285,117
SPRIG LAVENDER ARTIFICIAL FLOWER,84799,160.48,224,10
SQUARE CHERRY BLOSSOM CABINET,84665,624.75,105,17
SQUARE CHERRY BLOSSOM CABINET,84666,94.80000000000001,24,4
SQUARE FLOOR CUSHION VINTAGE RED,21629,672.05,71,42
SQUARE METAL CANDLEHOLDER BASE,71510,36.519999999999996,52,8
SQUARE MINI PORTRAIT FRAME,23451,556.17,277,52
SQUARECUSHION COVER PINK UNION FLAG,22785,506.34000000000003,72,32
SQUARECUSHION COVER PINK UNION JACK,22785,581.23,173,42
ST GEORGE SET OF 10 PARTY LIGHTS,79161A,5.9,2,2
ST TROPEZ NECKLACE,90158,224.12,45,35
STANDING FAIRY POLE SUPPORT ,71101E,278.5,346,22
STAR  T-LIGHT HOLDER ,21815,270.22999999999996,158,29
STAR DECORATION PAINTED ZINC ,22338,1233.91,4679,180
STAR DECORATION RUSTIC,22155,1133.61,2452,142
STAR PORTABLE TABLE LIGHT ,21743,887.6500000000001,299,49
STAR T-LIGHT HOLDER WILLIE WINKIE,23274,2004.9999999999998,1180,119
STAR WOODEN CHRISTMAS DECORATION,22573,2423.0,2684,221
STAR WREATH DECORATION WITH BELL,23213,2138.42,1682,152
STARFISH SOAP DISH,21418,189.75,74,25
STARS GIFT TAPE ,21883,725.4200000000001,1653,133
STEEL SWEETHEART ROUND TABLE CREAM,21476,699.63,41,24
STOOL HOME SWEET HOME ,23427,2860.58,237,114
STOP FOR TEA WALL ART,23534,2572.7,518,41
STORAGE TIN HOME SWEET HOME,23425,621.44,275,56
STORAGE TIN VINTAGE DOILEY ,23236,23.13,7,2
STORAGE TIN VINTAGE DOILY ,23236,3704.78,1272,190
STORAGE TIN VINTAGE LEAF,23235,1886.1000000000001,712,102
STORAGE TIN VINTAGE LEAF,23244,117.0,60,7
STRAWBERRIES  DESIGN FLANNEL ,21945,373.34,358,105
STRAWBERRY   PICNIC BAG,21937,4898.849999999999,1707,251
STRAWBERRY BATH SPONGE ,20961,1745.43,1232,228
STRAWBERRY CERAMIC TRINKET BOX,21232,14117.58,10474,706
STRAWBERRY CERAMIC TRINKET POT,21232,2131.2200000000003,1369,125
STRAWBERRY CHARLOTTE BAG,20723,12548.15,9793,722
STRAWBERRY DREAM CHILDS UMBRELLA,20684,270.56,80,35
STRAWBERRY FAIRY CAKE TEAPOT,22649,4132.88,798,203
STRAWBERRY HONEYCOMB  GARLAND ,21206,1610.9199999999998,1290,109
STRAWBERRY LUNCH BOX WITH CUTLERY,21559,9735.38,3935,575
STRAWBERRY RAFFIA FOOD COVER,21471,2220.59,639,163
STRAWBERRY SHOPPER BAG,20717,3561.98,2855,412
STRAWBRY SCENTED VOTIVE CANDLE,85230E,267.45,1101,24
"STRING OF 8 BUTTERFLIES,PINK",75013B,41.24999999999999,25,6
STRING OF STARS CARD HOLDER,22164,250.22000000000003,78,15
STRIPES DESIGN MONKEY DOLL,84507B,118.72999999999999,39,22
STRIPES DESIGN TEDDY,84508B,142.79999999999998,56,30
STRIPEY CHOCOLATE NESTING BOXES,21288,1061.41,355,110
STRIPY DESIGN SHOWER CAP,51020B,70.57,197,15
SUKI  SHOULDER BAG,21935,6298.61,3393,530
SUMMER BUTTERFLIES BAG CHARM,90115,134.53,54,31
SUMMER DAISIES BAG CHARM,90114,417.96,167,88
SUMMER FUN DESIGN SHOWER CAP,51020A,116.32999999999998,325,18
SUNFLOWER DECORATIVE PARASOL,21633,895.46,125,42
SUNJAR LED NIGHT NIGHT LIGHT,DCGS0076,48.39,3,2
SUNSET CHECK HAMMOCK,84795B,1390.64,176,48
SUNSET CHECK HAMMOCK,84795b,266.78,16,14
SUNSET COLOUR CHUNKY KNITTED THROW,46775D,720.93,60,39
SWALLOW SQUARE TISSUE BOX,22097,732.39,1596,145
SWALLOW WOODEN CHRISTMAS DECORATION,22576,1414.4599999999998,1538,173
SWALLOWS GREETING CARD,22030,2237.89,5527,274
SWEET HEART CAKE CARRIER,23487,795.5799999999999,80,44
SWEET PUDDING STICKER SHEET,21722,95.52999999999999,98,36
SWEETHEART 3 TIER CAKE STAND ,22776,3371.58,284,158
SWEETHEART BIRD HOUSE,23461,3041.21,847,94
SWEETHEART CAKESTAND 3 TIER,22776,9687.3,958,377
SWEETHEART CARRY-ALL BASKET,84840,76.44,6,6
SWEETHEART CERAMIC TRINKET BOX,21231,7617.280000000001,6054,509
SWEETHEART CREAM STEEL TABLE RECT,21473,618.66,27,21
SWEETHEART RECIPE BOOK STAND,22795,8571.25,1211,368
SWEETHEART WALL TIDY ,23460,1007.0799999999999,108,43
SWEETHEART WIRE FRUIT BOWL,22799,1623.08,207,89
SWEETHEART WIRE MAGAZINE RACK,22794,2784.9,326,182
SWEETHEART WIRE WALL TIDY,22829,2295.43,227,109
SWEETIES  STICKERS,21725,277.24,301,50
SWIRLY CIRCULAR RUBBERS IN BAG,16258A,178.97,472,59
SWISS CHALET TREE DECORATION ,21014,598.8199999999999,1385,119
SWISS ROLL TOWEL PINK  SPOTS,21112,1913.6899999999998,706,39
"SWISS ROLL TOWEL, CHOCOLATE  SPOTS",21111,1651.02,900,94
"SWISS ROLL TOWEL, PINK  SPOTS",21112,971.44,653,43
Sale error,23579,0.0,4,1
T-LIGHT GLASS FLUTED ANTIQUE,22791,9873.880000000001,7955,345
T-LIGHT HOLDER HANGING LACE,22217,831.26,839,82
T-LIGHT HOLDER HANGING LOVE BIRD,23490,2032.77,542,101
T-LIGHT HOLDER SILVER HEART HANDLE,23039,399.71,199,28
T-LIGHT HOLDER SILVER PETIT FOUR ,23036,232.42000000000002,184,16
T-LIGHT HOLDER SILVER SAUCER,23038,42.919999999999995,44,8
T-LIGHT HOLDER SWEETHEART HANGING,22789,1657.02,844,138
T-LIGHT HOLDER WHITE LACE,22216,512.93,588,68
TABLE LAMP WHITE SHADE WOOD BASE,84360,434.12,78,20
TABLECLOTH RED APPLES DESIGN ,22894,3027.3799999999997,305,122
TALL ROCOCO CANDLE HOLDER,84609,770.59,93,20
TEA BAG PLATE RED RETROSPOT,22348,3583.29,4084,358
TEA COSY BLUE STRIPE,22308,877.38,250,105
TEA COSY RED  STRIPE,22309,1091.05,369,121
TEA FOR ONE POLKADOT,22891,2108.18,420,168
TEA PARTY  WRAPPING PAPER ,22046,929.0,2250,75
TEA PARTY BIRTHDAY CARD,22027,1873.71,4368,362
TEA TIME BREAKFAST BASKET,47579,2.1,1,1
TEA TIME DES TEA COSY,47580,1116.72,388,110
TEA TIME KITCHEN APRON,47567B,3414.5000000000005,602,133
TEA TIME OVEN GLOVE,47559B,2584.9,2077,287
TEA TIME OVEN GLOVE,47559b,342.65,103,28
TEA TIME PARTY BUNTING,47566B,11275.27,2379,365
TEA TIME PARTY BUNTING,47566b,1651.1499999999999,199,102
TEA TIME TABLE CLOTH,47570B,1727.23,185,31
TEA TIME TABLE CLOTH,47570b,42.019999999999996,2,2
TEA TIME TEA SET IN GIFT BOX,37501,906.83,133,49
TEA TIME TEA TOWELS ,47556B,6045.0,2600,2
TEA TIME TEAPOT IN GIFT BOX,37500,2360.68,380,113
TEAL/FUSCHIA COL BEAD NECKLACE,90133,94.43,19,13
TEATIME FUNKY FLOWER BACKPACK FOR 2,84872A,450.08,43,34
TEATIME FUNKY FLOWER BACKPACK FOR 2,84872a,282.15,26,21
TEATIME GEL PENS ASST,16049,82.08,504,5
TEATIME PEN CASE & PENS,16046,55.25,65,14
TEATIME PUSH DOWN RUBBER,16052,115.3,479,13
TEATIME ROUND PENCIL SHARPENER ,16048,205.29999999999998,1460,67
THE KING GIFT BAG,16162L,13.0,20,8
THE KING GIFT BAG 25x24x12cm,16162M,11.76,28,8
THREE CANVAS LUGGAGE TAGS,85095,243.49,150,48
THREE MINI HANGING FRAMES,23454,610.0,142,50
TIGRIS EYE CHUNKY CHARM BRACELET,90175D,210.04,23,20
TINY CRYSTAL BRACELET BLUE,90037C,12.52,5,5
TINY CRYSTAL BRACELET GREEN,90037B,25.279999999999998,10,5
TINY CRYSTAL BRACELET RED,90037A,2.48,1,1
TOADSTOOL BEDSIDE LIGHT ,23079,2207.5499999999997,249,105
TOADSTOOL MONEY BOX,21452,2549.11,818,185
TOAST ITS - BEST MUM,21354,1007.71,799,95
TOAST ITS - DINOSAUR,21357,23.75,19,10
TOAST ITS - FAIRY FLOWER,21356,703.3,642,151
TOAST ITS - HAPPY BIRTHDAY,21358,493.29,411,108
TOAST ITS - I LOVE YOU ,21355,992.58,789,120
TOILET METAL SIGN,82581,2155.8900000000003,3883,405
TOILET SIGN OCCUPIED OR VACANT,23182,3688.2099999999996,3741,433
TOMATO CHARLIE+LOLA COASTER SET,84519A,905.55,512,88
TOOL BOX SOFT TOY ,21055,1764.6399999999999,178,105
TOOTHPASTE TUBE PEN,22422,776.1,1273,205
TOP SECRET PEN SET,84466,57.5,46,10
TOTE BAG I LOVE LONDON,22902,2633.28,1288,136
TOXIC AREA  DOOR HANGER ,21162,792.98,1462,162
TOY TIDY DOLLY GIRL DESIGN,22664,1472.85,713,162
TOY TIDY PINK POLKADOT,22381,7433.74,3439,469
TOY TIDY SPACEBOY  ,22380,2815.46,1313,286
TOYBOX  WRAP ,21503,288.92,726,23
TRADITIONAL CHRISTMAS RIBBONS,85049A,3842.36,3001,323
TRADITIONAL CHRISTMAS RIBBONS,85049a,812.84,244,36
TRADITIONAL KNITTING NANCY,22621,10053.65,6148,609
TRADITIONAL MODELLING CLAY,22560,9572.32,8144,389
TRADITIONAL NAUGHTS & CROSSES,23571,6406.91,2841,257
TRADITIONAL PICK UP STICKS GAME ,23570,4931.87,2772,276
TRADITIONAL WOODEN CATCH CUP GAME ,21892,4317.16,3192,412
TRADITIONAL WOODEN SKIPPING ROPE,21891,10504.85,8131,426
TRADTIONAL ALPHABET STAMP SET,23569,4717.66,954,192
TRANQUILITY MASALA INCENSE,17084A,42.0,200,7
TRANSPARENT ACRYLIC TAPE DISPENSER,16254,42.58,40,17
TRAVEL CARD WALLET DOTCOMGIFTSHOP,23001,0.0,200,1
TRAVEL CARD WALLET FLOWER MEADOW,23006,762.75,1758,173
TRAVEL CARD WALLET I LOVE LONDON,23005,2126.55,4733,241
TRAVEL CARD WALLET KEEP CALM,22998,5262.82,12366,534
TRAVEL CARD WALLET PANTRY,23004,903.16,2002,221
TRAVEL CARD WALLET RETRO PETALS,22999,674.11,1544,105
TRAVEL CARD WALLET RETROSPOT,22994,956.94,2194,218
TRAVEL CARD WALLET SKULLS,23002,914.37,2119,192
TRAVEL CARD WALLET SUKI,22995,1058.64,2381,266
TRAVEL CARD WALLET TRANSPORT,23000,1368.28,3169,278
TRAVEL CARD WALLET UNION JACK,22997,1094.93,2545,222
TRAVEL CARD WALLET VINTAGE LEAF,22999,578.48,1350,117
TRAVEL CARD WALLET VINTAGE ROSE ,23003,226.2,542,53
TRAVEL CARD WALLET VINTAGE TICKET,22996,2094.93,4801,408
TRAVEL SEWING KIT,22652,8612.07,5092,467
"TRAY, BREAKFAST IN BED",22760,3491.8599999999997,275,80
TREASURE AHOY WALL ART,23523,833.46,270,16
TREASURE ISLAND BOOK BOX,23177,5521.29,2532,267
TREASURE TIN BUFFALO BILL ,23242,3024.63,1470,214
TREASURE TIN GYMKHANA DESIGN,23241,4669.55,2165,363
TREE T-LIGHT HOLDER WILLIE WINKIE,23272,562.2199999999999,364,44
TRIANGULAR POUFFE VINTAGE ,21628,1161.65,63,33
TRIPLE HOOK ANTIQUE IVORY ROSE,23146,2645.26,798,227
TRIPLE PHOTO FRAME CORNICE ,22767,7173.549999999999,774,218
TRIPLE WIRE HOOK IVORY HEART,23140,766.1,182,52
TRIPLE WIRE HOOK PINK HEART,23141,272.91,79,25
TROPICAL  HONEYCOMB PAPER GARLAND ,21201,2987.82,1240,101
TROPICAL HOLIDAY PURSE ,20664,81.66,32,18
TROPICAL LUGGAGE TAG,20657,105.91,73,33
TROPICAL PASSPORT COVER ,20619,439.65,262,99
TUB 24 PINK FLOWER PEGS,85214,271.03999999999996,164,58
TUMBLER BAROQUE,79030D,266.19,525,40
TUMBLER NEW ENGLAND,79030G,551.1899999999999,1261,53
"TUMBLER, BAROQUE",79030D,84.03999999999999,56,7
"TUMBLER, NEW ENGLAND",79030G,182.29999999999998,142,14
TURQ ICE CREAM BUM BAG ,62094B,63.209999999999994,19,8
TURQ PENDANT TRIPLE SHELL NECKLACE,90141C,52.31,10,8
TURQ STONE/CRYSTAL EARRINGS,90130B,113.97,39,31
TURQ+RED BOUDICCA LARGE BRACELET,90160C,377.04,54,26
TURQUOISE BERTIE GLASS BEAD CHARM,90125C,69.85,77,7
TURQUOISE CHRISTMAS TREE ,35591T,6.25,5,4
TURQUOISE CRYSTAL+GLASS BRACELET,90122C,119.23,24,11
TURQUOISE GLASS TASSLE BAG CHARM ,90129B,121.38000000000001,57,20
TURQUOISE HEART OF GLASS BRACELET,90123B,53.42,9,5
TUSCAN VILLA BIRD FEEDER,23465,148.63,17,9
TUSCAN VILLA BIRD TABLE ,23468,156.75,19,11
TUSCAN VILLA DOVECOTE,23466,99.0,12,4
TUSCAN VILLA DOVECOTE BIRD FEEDER,23466,399.03,43,23
TUSCAN VILLA FEEDING STATION,23465,99.0,12,7
TV DINNER TRAY AIR HOSTESS ,22471,1502.02,419,105
TV DINNER TRAY DOLLY GIRL,22472,1527.01,321,108
TV DINNER TRAY VINTAGE PAISLEY,22473,1623.04,505,114
TWO DOOR CURIO CABINET,21735,2577.45,212,83
UBO-LIGHT TRIOBASE BLUE,79157B,3.4,4,2
UBO-LIGHT TRIOBASE PURPLE,79157V,4.25,5,3
UNION FLAG WINDSOCK,77101A,426.94,387,22
UNION JACK FLAG LUGGAGE TAG,21866,1292.38,747,193
UNION JACK FLAG PASSPORT COVER ,21864,2041.69,828,184
UNION JACK HOT WATER BOTTLE ,22125,139.86,13,3
UNION STRIPE CUSHION COVER ,21925,503.75,403,65
UNION STRIPE WITH FRINGE  HAMMOCK,21922,6944.360000000001,899,209
URBAN BLACK RIBBONS ,85049H,869.1,848,184
UTILTY CABINET WITH HOOKS,22830,2610.29,131,6
VANILLA INCENSE 40 CONES IN TIN,17090D,36.25,29,12
VANILLA INCENSE IN TIN,17091J,920.67,2084,95
VANILLA SCENT CANDLE JEWELLED BOX,72802C,2688.19,1395,105
VANILLA SCENT CANDLE JEWELLED BOX,72802c,8.29,1,1
VEGETABLE GARDEN CHOPPING BOARD,23116,382.44,76,22
VEGETABLE MAGNETIC  SHOPPING LIST,23197,49.8,36,3
VICTORIAN  METAL POSTCARD SPRING,21135,3206.0,2869,177
VICTORIAN GLASS HANGING T-LIGHT,22178,33146.82,24275,1037
VICTORIAN SEWING BOX LARGE,21258,7674.799999999999,535,164
VICTORIAN SEWING BOX MEDIUM,21257,6901.42,688,261
VICTORIAN SEWING BOX SMALL ,21259,7077.200000000001,1179,285
VICTORIAN SEWING KIT,85178,2822.58,2518,140
VILLAGE SHOW WALL ART,23536,2072.42,386,18
VINTAGE  2 METER FOLDING RULER,23188,3073.72,1844,181
VINTAGE  2 METRE FOLDING RULER,23188,3374.0499999999997,1627,152
VINTAGE BEAD COSMETIC BAG ,35649,156.85,57,35
VINTAGE BEAD NOTEBOOK,35653,433.19,150,52
VINTAGE BEAD PINK EVENING BAG,35646,937.25,619,94
VINTAGE BEAD PINK JEWEL BOX,35645,17.0,4,3
VINTAGE BEAD PINK JEWEL STAND,35650,4.95,1,1
VINTAGE BEAD PINK PURSE ,35648,1066.6599999999999,979,128
VINTAGE BEAD PINK SCARF ,35651,985.8399999999999,451,58
VINTAGE BEAD PINK SHADE ,35647,16.25,13,2
VINTAGE BELLS GARLAND,23489,2443.35,821,149
VINTAGE BILLBOARD DRINK ME MUG,21071,1380.28,991,177
VINTAGE BILLBOARD LOVE/HATE MUG,21068,1890.33,1638,198
VINTAGE BILLBOARD MUG ,21070,1184.98,1106,107
VINTAGE BILLBOARD TEA MUG,21069,2250.52,1949,86
VINTAGE BLUE KITCHEN CABINET,22656,3685.0,26,20
VINTAGE BLUE TINSEL REEL,21268,0.84,2,1
VINTAGE CARAVAN GIFT WRAP,22052,273.0,650,27
VINTAGE CARAVAN GREETING CARD ,22035,617.3199999999999,1452,137
VINTAGE CHRISTMAS BUNTING,23313,15798.66,2990,401
VINTAGE CHRISTMAS CAKE FRILL,23340,4034.08,2500,151
VINTAGE CHRISTMAS GIFT BAG LARGE ,23436,2182.39,1831,105
VINTAGE CHRISTMAS GIFT SACK,23312,5964.150000000001,1423,214
VINTAGE CHRISTMAS PAPER GIFT BAG,23373,1313.3899999999999,1608,100
VINTAGE CHRISTMAS STOCKING ,23311,6488.2,2390,344
VINTAGE CHRISTMAS TABLECLOTH,23314,5012.96,407,117
VINTAGE COFFEE GRINDER BOX,23413,561.23,109,30
VINTAGE CREAM 3 BASKET CAKE STAND,72760B,4145.389999999999,409,153
VINTAGE CREAM CAT FOOD CONTAINER,22845,5396.929999999999,802,316
VINTAGE CREAM DOG FOOD CONTAINER,22844,9661.32,1003,416
VINTAGE DOILY DELUXE SEWING KIT ,23494,5354.01,809,205
VINTAGE DOILY JUMBO BAG RED ,23582,10206.41,4802,259
VINTAGE DOILY TRAVEL SEWING KIT,23493,8497.98,3964,415
VINTAGE DONKEY TAIL GAME ,23229,6550.17,1815,252
VINTAGE EMBOSSED HEART,23061,1257.68,955,113
VINTAGE ENAMEL & CRYSTAL EARRINGS,90073,134.70000000000002,27,18
VINTAGE ENAMEL & CRYSTAL NECKLACE,90079,49.760000000000005,10,4
VINTAGE ENGRAVED HEART,23061,75.0,60,4
VINTAGE GLASS COFFEE CADDY,21662,557.3000000000001,86,26
VINTAGE GLASS T-LIGHT HOLDER,23090,1870.0299999999997,2237,149
VINTAGE GLASS TEA CADDY,21661,17.85,3,3
VINTAGE HEADS AND TAILS CARD GAME ,21791,10504.4,7865,608
VINTAGE JINGLE BELLS HEART,23491,1897.76,228,78
VINTAGE JINGLE BELLS WREATH,23492,635.38,76,28
VINTAGE KEEPSAKE BOX PARIS DAYS,20902,686.86,112,56
VINTAGE KEEPSAKE BOX PINK FLOWER,20901,85.13,19,15
VINTAGE KEEPSAKE BOX TRAVELOGUE,20903,441.89,82,56
VINTAGE KID DOLLY CARD ,21508,1041.94,2478,213
VINTAGE KITCHEN PRINT FRUITS,21279,266.15,85,29
VINTAGE KITCHEN PRINT PUDDINGS,21278,79.05,31,7
VINTAGE KITCHEN PRINT SEAFOOD,21281,129.63,43,14
VINTAGE KITCHEN PRINT VEGETABLES,21280,165.75,65,12
VINTAGE LEAF CHOPPING BOARD  ,23114,737.95,149,45
VINTAGE LEAF MAGNETIC NOTEPAD,23196,2601.15,1719,275
VINTAGE NOTEBOOK BEAUTY GIRL,20906,8.850000000000001,3,2
VINTAGE NOTEBOOK PARIS DAYS,20897,298.27,107,24
VINTAGE NOTEBOOK TRAVELOGUE,20898,105.73,38,13
VINTAGE PAISLEY STATIONERY SET,21992,3510.72,1901,436
VINTAGE PHOTO ALBUM PARIS DAYS,20910,50.8,8,3
VINTAGE PINK DECORATIVE PARASOL,21632,489.74,88,24
VINTAGE POST OFFICE CABINET,21769,607.6500000000001,11,2
VINTAGE RED ENAMEL TRIM JUG ,23252,2231.61,595,136
VINTAGE RED ENAMEL TRIM MUG ,23251,2090.75,1700,119
VINTAGE RED ENAMEL TRIM PLATE,23249,1406.2999999999997,830,80
VINTAGE RED KITCHEN CABINET,22655,8125.0,60,38
VINTAGE RED MUG,21066,693.47,702,54
VINTAGE RED TEATIME MUG,21067,504.15,317,76
VINTAGE RED TRIM ENAMEL BOWL ,23250,1501.03,1155,108
VINTAGE ROSE BEAD BRACELET BLACK,90198B,152.4,36,17
VINTAGE ROSE BEAD BRACELET RASPBERR,90198A,315.73,75,44
VINTAGE SEASIDE JIGSAW PUZZLES,21913,1565.83,398,148
VINTAGE SHELLS PRINT,21758,427.46000000000004,50,32
VINTAGE SNAKES & LADDERS,21912,7047.7,1788,398
VINTAGE SNAP CARDS,21790,12510.009999999998,14521,926
VINTAGE UNION JACK APRON,21625,2939.51,407,169
VINTAGE UNION JACK BUNTING,21621,24525.83,2787,475
VINTAGE UNION JACK CUSHION COVER,21622,1982.64,380,104
VINTAGE UNION JACK DOORSTOP,21624,1331.5600000000002,216,95
VINTAGE UNION JACK MEMOBOARD,21623,22980.239999999998,3269,221
VINTAGE UNION JACK PENNANT,21626,1584.8,794,99
VINTAGE UNION JACK SHOPPING BAG,22611,1077.03,225,46
VINTAGE WOODEN BAR STOOL,21763,169.75,6,4
VINTAGE ZINC PLANTER  ,23467,120.08000000000001,32,11
VINTAGE ZINC WATERING CAN,23463,139.39999999999998,13,8
VINTAGE ZINC WATERING CAN SMALL,23464,99.2,18,8
VINYL RECORD FRAME SILVER,82001S,4682.45,1295,101
VINYL RECORD FRAME SILVER,82001s,328.23999999999995,44,12
VIP HOLIDAY PURSE,20670,44.04,14,11
VIP PASSPORT COVER ,20622,94.04,43,17
VIPPASSPORT COVER ,20622,209.66,142,34
WAKE UP COCKEREL CALENDAR SIGN ,84924A,348.59000000000003,81,33
WAKE UP COCKEREL TILE COASTER,84926A,210.51999999999998,604,35
WAKE UP COCKEREL TILE HOOK,84927A,70.45,50,18
"WALL ART , LOVES' SECRET ",23539,47.6,8,2
"WALL ART , THE MAGIC FOREST ",23540,13.9,2,1
"WALL ART ,PUDDINGS ",23541,61.2,8,2
WALL ART 70'S ALPHABET ,23542,2757.06,356,74
WALL ART ANIMALS AND NATURE ,23527,504.59000000000003,153,31
WALL ART BICYCLE SAFETY,23535,5954.15,845,173
WALL ART BICYCLE SAFTEY ,23535,114.15,21,3
WALL ART BIG LOVE ,23531,5538.26,976,112
WALL ART BUFFALO BILL ,23525,1011.1000000000001,334,37
WALL ART CAT AND BIRD ,23521,469.73,143,40
WALL ART CLASSIC PUDDINGS ,23541,6762.71,864,150
WALL ART DOG AND BALL ,23522,301.56,102,28
WALL ART DOG LICENCE ,23526,3939.76,604,114
WALL ART DOLLY GIRL ,23529,956.0500000000002,319,26
WALL ART GARDEN HAVEN ,23533,998.64,215,36
WALL ART HORSE & PONY ,23524,760.32,225,46
WALL ART I LOVE LONDON ,23537,521.73,99,32
WALL ART KEEP CALM ,23543,4994.790000000001,967,83
WALL ART LOVES' SECRET ,23539,1180.35,239,39
WALL ART MID CENTURY MODERN ,23544,1015.78,164,20
WALL ART ONLY ONE PERSON ,23530,4406.57,1050,86
WALL ART SPACEBOY,23528,618.59,173,37
WALL ART STOP FOR TEA ,23534,6036.2,869,219
WALL ART THE MAGIC FOREST ,23540,933.16,148,13
WALL ART TREASURE AHOY ,23523,340.35,90,25
WALL ART VILLAGE SHOW ,23536,1369.71,240,67
WALL ART VINTAGE HEART,23538,1329.54,331,32
WALL ART WORK REST AND PLAY  ,23532,901.58,210,31
"WALL ART,ONLY ONE PERSON ",23530,29.700000000000003,6,1
WALL MIRROR RECTANGLE DIAMANTE PINK,22166,1614.4,207,87
WALL TIDY RETROSPOT ,22378,3638.5699999999997,2283,293
WASH BAG VINTAGE ROSE PAISLEY,22276,838.86,290,85
WASHROOM METAL SIGN,82552,4674.83,3012,364
WATERING CAN BLUE ELEPHANT,22431,3998.7099999999996,2060,336
WATERING CAN GARDEN MARKER,22477,1967.9,1364,127
WATERING CAN GREEN DINOSAUR,22433,2667.5,1394,227
WATERING CAN PINK BUNNY,22432,3342.8199999999997,1717,278
WATERING CAN SINGLE HOOK PISTACHIO,85119,3.36,1,1
WATERMELON BATH SPONGE,20960,72.49,29,10
WAY OUT METAL SIGN ,21910,59.39999999999999,36,8
WEEKEND BAG VINTAGE ROSE PAISLEY,22275,527.85,69,1
WELCOME  WOODEN BLOCK LETTERS,22120,5247.09,523,188
WHEELBARROW FOR CHILDREN ,22526,1720.26,127,81
WHITE  ROSEBUD PEARL BRACELET,90164B,140.98,38,15
WHITE 3 FRAME BIRDS AND TREE ,84629,150.0,20,10
WHITE ALLIUM  ARTIFICIAL FLOWER,84803B,28.73,17,4
WHITE AND BLUE CERAMIC OIL BURNER,18094C,283.93,192,42
WHITE ANEMONE ARTIFICIAL FLOWER,84802A,3.38,2,1
WHITE BAMBOO RIBS LAMPSHADE,40001,675.2299999999999,821,56
WHITE BAMBOO RIBS LAMPSHADE,40003,179.23,155,15
WHITE BAROQUE WALL CLOCK ,85163A,559.0,66,32
WHITE BEADED GARLAND STRING 20LIGHT,85047,19.049999999999997,3,2
WHITE BELL HONEYCOMB PAPER ,21192,1923.2899999999997,1092,88
WHITE BELL HONEYCOMB PAPER GARLAND ,21187,648.4499999999999,369,48
WHITE BIRD GARDEN DESIGN MUG,85160A,7.5,6,1
WHITE BIRD GARDEN DESIGN MUG,85160a,16.13,1,1
WHITE BROCANTE SOAP DISH,22831,2070.9,706,121
WHITE CANDYSTUFT ARTIFICIAL FLOWER,84806B,411.55999999999995,308,20
WHITE CHRISTMAS FLOCK DROPLET ,35610C,32.51,25,2
WHITE CHRISTMAS GARLAND STARS TREES,21804,830.03,225,65
WHITE CHRISTMAS STAR DECORATION,21807,189.0,438,30
WHITE CHRISTMAS TREE 60CM,35598C,5.9,2,2
WHITE CHRYSANTHEMUMS ART FLOWER,84809A,115.50000000000001,55,8
WHITE DOVE HONEYCOMB PAPER GARLAND,21186,6.72,2,1
WHITE ENAMEL FLOWER HAIR TIE,90202B,49.65,17,10
WHITE FRANGIPANI HAIR CLIP,90102,8.5,10,1
WHITE FRANGIPANI NECKLACE,90101,98.07,39,17
WHITE GLASS CHUNKY CHARM BRACELET,90175A,245.63,27,25
WHITE GOOSE FEATHER CHRISTMAS TREE ,21262,1233.21,332,78
WHITE GOOSE FEATHER TREE 60CM ,21264,571.65,283,48
WHITE HAND TOWEL WITH BUTTERFLY,84917,466.3,184,27
WHITE HANGING BEADS CANDLE HOLDER,71038,1239.5,238,47
WHITE HANGING HEART T-LIGHT HOLDER,85123A,104284.24,37584,2193
WHITE HANGING HEART T-LIGHT HOLDER,85123a,1952.4799999999998,292,67
WHITE HEART CONFETTI IN TUBE,21198,1006.8199999999999,1028,71
WHITE HEART OF GLASS BRACELET,90123D,35.31,6,5
WHITE HEARTS WIRE PLANT POT HOLDER,23107,963.27,343,71
WHITE HONEYCOMB PAPER GARLAND ,21189,888.67,355,72
WHITE HYDRANGEA ART FLOWER,84801B,46.2,22,3
WHITE JEWELLED HEART DECORATION,85061W,1882.1499999999999,2146,162
WHITE LOVEBIRD LANTERN,22224,2764.0600000000004,834,164
WHITE METAL LANTERN,71053,8037.7699999999995,1875,307
WHITE MOROCCAN METAL LANTERN,71053,381.54999999999995,69,26
WHITE MURANO TWIST BRACELET,90120D,41.790000000000006,10,5
WHITE ROCKING HORSE HAND PAINTED,23210,3551.53,2849,192
WHITE ROSEBUD  PEARL EARRINGS,90165B,47.43,19,18
WHITE ROSEBUD & PEARL NECKLACE,90163B,52.72,7,5
WHITE SAGE INCENSE,21167,337.14,1432,67
WHITE SILVER NECKLACE SHELL GLASS,90034,20.17,2,2
WHITE SKULL HOT WATER BOTTLE ,21479,20582.2,3916,499
WHITE SOAP RACK WITH 2 BOTTLES,84843,969.8000000000001,172,48
WHITE SPOT BLUE CERAMIC DRAWER KNOB,21673,6041.2,4373,365
WHITE SPOT RED CERAMIC DRAWER KNOB,21672,6776.0,4992,409
WHITE SQUARE TABLE CLOCK,84661A,167.79,104,20
WHITE SQUARE TABLE CLOCK,84661a,4.96,1,1
WHITE STITCHED CUSHION COVER,84658,412.23,57,22
WHITE STITCHED WALL CLOCK,84660A,783.45,843,42
WHITE STITCHED WALL CLOCK,84660a,29.84,4,2
WHITE STONE/CRYSTAL EARRINGS,90130A,17.5,6,6
WHITE TALL PORCELAIN T-LIGHT HOLDER,18097C,1591.01,695,69
"WHITE TEA,COFFEE,SUGAR JARS",85159B,1134.5,622,59
WHITE TISSUE REAM,22415,151.05,19,13
WHITE TRAVEL ALARM CLOCK,84659A,676.27,280,89
WHITE VINT ART DECO CRYSTAL NECKLAC,90063A,102.0,12,8
WHITE VINTAGE CRYSTAL BRACELET,90065A,47.25,7,4
WHITE VINTAGE CRYSTAL EARRINGS,90064A,38.7,10,6
WHITE WICKER STAR ,23323,3146.78,1469,294
WHITE WIRE EGG HOLDER,84880,2012.74,312,76
WHITE WIRE PLANT POT HOLDER,23107,46.24,16,2
WHITE WITH BLACK CATS PLATE,37423,33.18,78,3
WHITE WITH METAL BAG CHARM,90046,14.850000000000001,3,1
WHITE WOOD GARDEN PLANT LADDER,22487,7909.28,784,429
WHITE/PINK CHICK DECORATION,35912B,301.26,252,20
WHITE/PINK CHICK EASTER DECORATION,35913B,35.48,36,10
WHITE/PINK MINI CRYSTALS NECKLACE,90138,52.42,10,7
WICKER STAR ,22694,4251.72,1842,405
WICKER WREATH LARGE,22696,1452.55,729,151
WICKER WREATH SMALL,22695,1001.49,741,123
WINE BOTTLE DRESSING DARK BLUE,47013C,12.969999999999999,52,12
WINE BOTTLE DRESSING LT.BLUE,47013A,3.0399999999999996,14,4
WIRE EGG BASKET ,23479,872.38,113,44
WIRE FLOWER T-LIGHT HOLDER,84977,1.25,1,1
WISE MAN STAR SHAPE EGG PAN,84388,13.14,24,6
WOOD 2 DRAWER CABINET WHITE FINISH,82483,15123.92,2386,543
WOOD AND GLASS MEDICINE CABINET,21761,299.5,10,10
WOOD BLACK BOARD ANT WHITE FINISH,82484,35966.92,6012,685
WOOD S/3 CABINET ANT WHITE FINISH,82486,11885.98,1402,403
WOOD STAMP SET BEST WISHES,22210,958.04,1017,187
WOOD STAMP SET FLOWERS,22211,1122.3899999999999,1008,196
WOOD STAMP SET HAPPY BIRTHDAY,22209,964.2199999999999,945,173
WOOD STAMP SET THANK YOU,22208,1571.4899999999998,1509,280
WOOD STOCKING CHRISTMAS SCANDISPOT,22581,1137.28,1569,177
WOODEN ADVENT CALENDAR CREAM,22946,7030.22,453,137
WOODEN ADVENT CALENDAR RED,22947,8714.24,746,137
WOODEN BOX ADVENT CALENDAR ,35400,89.5,10,5
WOODEN BOX OF DOMINOES,21889,8847.29,6391,588
WOODEN CROQUET GARDEN SET,22605,11276.21,782,299
WOODEN FRAME ANTIQUE WHITE ,82494L,19599.49,6735,910
WOODEN FRAME ANTIQUE WHITE ,82494l,2211.6,264,61
WOODEN HAPPY BIRTHDAY GARLAND,21380,6307.51,2165,290
WOODEN HEART CHRISTMAS SCANDINAVIAN,22577,4075.3599999999997,10608,538
WOODEN OWLS LIGHT GARLAND ,22779,5789.85,1537,149
WOODEN PICTURE FRAME WHITE FINISH,82482,23057.06,8986,1100
WOODEN REGATTA BUNTING,22498,2116.04,333,150
WOODEN ROUNDERS GARDEN SET ,22607,12531.57,1327,358
WOODEN SCHOOL COLOURING SET,22561,9741.57,5883,433
WOODEN SKITTLES GARDEN SET,22606,4638.46,313,142
WOODEN STAR CHRISTMAS SCANDINAVIAN,22578,3876.5399999999995,10460,512
WOODEN TREE CHRISTMAS SCANDINAVIAN,22579,1988.0199999999998,5167,338
WOODEN UNION JACK BUNTING,22499,12792.25,2091,407
WOODLAND  HEIGHT CHART STICKERS ,21249,2160.0,724,119
WOODLAND  STICKERS,21680,786.31,868,103
WOODLAND BUNNIES LOLLY MAKERS,23559,1482.41,649,124
WOODLAND CHARLOTTE BAG,20719,16744.45,13292,835
WOODLAND DESIGN  COTTON TOTE BAG,21578,1657.76,746,127
WOODLAND LARGE BLUE FELT HEART,23477,123.47,92,13
WOODLAND LARGE PINK FELT HEART,23478,324.40000000000003,285,13
WOODLAND LARGE RED FELT HEART,23476,264.72,205,22
WOODLAND MINI BACKPACK,23388,3411.34,816,152
WOODLAND MINI RUCKSACK ,23388,20.75,5,2
WOODLAND PARTY BAG + STICKER SET,22331,2975.14,1840,183
WOODLAND SMALL BLUE FELT HEART,23474,270.96,312,37
WOODLAND SMALL PINK FELT HEART,23475,242.17999999999998,286,31
WOODLAND SMALL RED FELT HEART,23473,552.02,678,51
WOODLAND STORAGE BOX LARGE ,21424,1401.02,346,70
WOODLAND STORAGE BOX SMALL,21426,624.58,256,46
WORLD WAR 2 GLIDERS ASSTD DESIGNS,84077,13814.009999999998,54951,535
WOVEN BERRIES CUSHION COVER ,46776B,679.67,161,88
WOVEN BERRIES CUSHION COVER ,46776b,4.13,1,1
WOVEN BUBBLE GUM CUSHION COVER,46776A,651.95,155,70
WOVEN BUBBLE GUM CUSHION COVER,46776a,20.65,5,1
WOVEN CANDY CUSHION COVER ,46776E,288.43,67,38
WOVEN CANDY CUSHION COVER ,46776e,4.13,1,1
WOVEN FROST CUSHION COVER,46776C,492.79,117,59
WOVEN ROSE GARDEN CUSHION COVER ,46776F,883.12,210,89
WOVEN ROSE GARDEN CUSHION COVER ,46776f,28.91,7,1
WOVEN SUNSET CUSHION COVER ,46776D,378.29,89,37
WRAP  PINK FLOCK,16161M,10.5,25,1
WRAP  VINTAGE DOILEY ,23231,42.0,100,2
WRAP  VINTAGE DOILY ,23231,1039.08,2474,94
WRAP 50'S  CHRISTMAS,16169E,1892.46,4563,149
WRAP A PRETTY THANK YOU,23692,21.0,50,2
WRAP ALPHABET DESIGN,23230,3217.92,7976,235
WRAP ALPHABET POSTER  ,23550,763.1,1855,64
WRAP BAD HAIR DAY,16161G,70.0,700,22
WRAP BILLBOARD FONTS DESIGN,22985,769.02,1831,64
WRAP BIRD GARDEN ,23549,548.1,1305,52
WRAP BLUE RUSSIAN FOLKART,16169N,10.5,25,1
WRAP CAROUSEL,16156L,157.5,375,14
WRAP CHRISTMAS SCREEN PRINT,22049,291.5,1050,33
WRAP CHRISTMAS VILLAGE,22959,2014.42,4901,142
WRAP CIRCUS PARADE,22711,1202.84,2902,103
WRAP COWBOYS  ,22706,847.94,2057,71
WRAP DAISY CARPET ,16169M,277.2,660,25
WRAP DOILEY DESIGN,23231,1927.26,4703,164
WRAP DOLLY GIRL,22708,1160.0,2800,100
WRAP ENGLISH ROSE ,16161P,2980.42,7201,248
WRAP FLOWER SHOP  ,23547,661.5,1575,62
WRAP FOLK ART,16169K,84.0,200,8
WRAP GINGHAM ROSE ,22986,943.92,2276,82
WRAP GREEN PEARS ,22705,790.86,1883,77
WRAP GREEN RUSSIAN FOLKART ,16169P,21.0,50,2
WRAP I LOVE LONDON ,22710,1774.42,4501,104
WRAP KEEP CALM BIRTHDAY,23691,460.5,1125,36
WRAP MAGIC FOREST ,23548,451.5,1075,43
WRAP MONSTER FUN ,22707,527.94,1257,49
WRAP PAISLEY PARK ,23546,1365.0,3250,120
WRAP PINK FAIRY CAKES ,16156S,2331.0,5800,167
WRAP POPPIES  DESIGN,23233,2105.5,5175,158
WRAP RED APPLES ,22704,2158.26,5253,174
WRAP RED DOILEY,23545,159.6,380,16
WRAP RED VINTAGE DOILY,23545,866.0,2100,68
WRAP SUKI AND FRIENDS,16161U,1687.5,4075,134
WRAP SUMMER ROSE DESIGN,22987,42.84,102,5
WRAP VINTAGE LEAF DESIGN,23232,2109.42,5251,134
WRAP VINTAGE PETALS  DESIGN,23232,1327.5,3275,104
WRAP WEDDING DAY,22709,528.5,1325,39
"WRAP, BILLBOARD FONTS DESIGN",22985,731.42,1951,35
"WRAP, CAROUSEL",16156L,42.0,100,4
YELLOW BREAKFAST CUP AND SAUCER,37444A,66.35000000000001,53,18
YELLOW COAT RACK PARIS FASHION,22912,1342.39,287,100
YELLOW DRAGONFLY HELICOPTER,85135A,151.05,19,8
YELLOW EASTER EGG HUNT START POST,21459,150.38,76,19
YELLOW FELT HANGING HEART W FLOWER,35916A,67.39,87,29
YELLOW FLOWERS FELT HANDBAG KIT,84898F,98.63000000000001,46,19
YELLOW GIANT GARDEN THERMOMETER,22928,1993.75,288,115
YELLOW METAL CHICKEN HEART ,84459B,1079.67,721,91
YELLOW PINK FLOWER DESIGN BIG BOWL,37488A,10.92,28,3
YELLOW POT PLANT CANDLE,20933,71.05,23,9
YELLOW SHARK HELICOPTER,85136A,572.41,71,53
YELLOW/BLUE RETRO RADIO,84086B,47.2,16,7
YELLOW/ORANGE FLOWER DESIGN PLATE,37487B,19.72,68,2
YELLOW/PINK CERAMIC CANDLE HOLDER,37491A,19.81,6,4
YELLOW/PINK FLOWER DESIGN BIG MUG,37489A,14.43,33,14
YOU'RE CONFUSING ME METAL SIGN ,21169,7301.7699999999995,4413,450
YULETIDE IMAGES GIFT WRAP SET,85032D,561.34,687,93
YULETIDE IMAGES S/6 PAPER BOXES,85018D,30.599999999999998,12,7
ZINC  HEART T-LIGHT HOLDER,23087,1090.66,868,69
ZINC  STAR T-LIGHT HOLDER ,23086,1441.43,1217,46
ZINC BOX SIGN HOME,23414,1378.75,141,64
ZINC FINISH 15CM PLANTER POTS,84763,748.34,601,57
ZINC FOLKART SLEIGH BELLS,35970,9512.73,5050,456
ZINC HEART FLOWER T-LIGHT HOLDER,23088,1033.28,795,79
ZINC HEART LATTICE 2 WALL PLANTER,20845,120.64999999999999,19,11
ZINC HEART LATTICE CHARGER LARGE,20847,217.57999999999998,52,18
ZINC HEART LATTICE CHARGER SMALL,20848,61.95,21,8
ZINC HEART LATTICE T-LIGHT HOLDER,20846,957.32,716,88
ZINC HEART LATTICE TRAY OVAL ,20851,53.550000000000004,9,7
ZINC HEARTS PLANT POT HOLDER,23106,792.47,283,52
ZINC HERB GARDEN CONTAINER,23091,3516.64,556,204
ZINC METAL HEART DECORATION,84836,7418.07,5937,535
ZINC PLANT POT HOLDER,23106,23.12,8,1
ZINC STAR T-LIGHT HOLDER ,23086,10.0,8,1
ZINC SWEETHEART SOAP DISH,23151,114.33000000000001,61,21
ZINC SWEETHEART WIRE LETTER RACK,23153,1020.69,263,90
ZINC T-LIGHT HOLDER STAR LARGE,23145,1956.6799999999998,2060,167
ZINC T-LIGHT HOLDER STARS LARGE,23145,22.799999999999997,24,2
ZINC T-LIGHT HOLDER STARS SMALL,23144,4197.83,5089,274
ZINC TOP  2 DOOR WOODEN SHELF ,21275,270.08,13,12
ZINC WILLIE WINKIE  CANDLE STICK,84832,2712.7,2934,269
ZINC WIRE KITCHEN ORGANISER,23143,239.97,30,16
ZINC WIRE SWEETHEART LETTER TRAY,23137,275.62,83,23
add stock to allocate online orders,23084,0.0,2,1
adjustment,21181,0.0,190,2
adjustment,21319,0.0,3,1
adjustment,21794,0.0,10,1
adjustment,21829,0.0,12,1
adjustment,22548,0.0,4,1
adjustment,22687,0.0,1,1
adjustment,22740,0.0,89,1
adjustment,23595,0.0,5,1
adjustment,37327,0.0,3,1
adjustment,48189,0.0,2,1
adjustment,51020A,0.0,41,1
adjustment,84507C,0.0,4,1
adjustment,85017C,0.0,1,1
alan hodge cant mamage this section,16162M,0.0,30,1
allocate stock for dotcom orders ta,23084,0.0,4,1
amazon,22139,0.0,15,1
amazon,22176,0.0,1,1
amazon,22734,0.0,80,3
amazon,82583,0.0,64,2
amazon,85231G,0.0,1,1
amazon adjust,21823,0.0,10,1
amazon sales,22734,0.0,20,1
came coded as 20713,23343,0.0,3100,1
check,10080,0.0,22,1
check,16207A,0.0,2,1
check,17012F,0.0,14,1
check,17136A,0.0,3,1
check,20832,0.0,110,1
check,21349,0.0,1,1
check,21539,0.0,4,1
check,21644,0.0,27,1
check,21700,0.0,26,1
check,21804,0.0,80,2
check,21811,0.0,26,1
check,21992,0.0,13,1
check,22117,0.0,184,1
check,22142,0.0,14,1
check,22149,0.0,34,1
check,22533,0.0,60,1
check,22606,0.0,9,2
check,22759,0.0,17,1
check,22812,0.0,48,1
check,22848,0.0,2,1
check,22925,0.0,1,1
check,23091,0.0,2,1
check,23157,0.0,212,1
check,23348,0.0,5,1
check,23404,0.0,41,1
check,35819B,0.0,18,1
check,35954,0.0,24,1
check,35968,0.0,9,1
check,46000U,0.0,10,1
check,47503A,0.0,121,2
check,82600,0.0,3,1
check,84050,0.0,14,1
check,84659A,0.0,19,1
check,85019B,0.0,15,1
check,85034A,0.0,24,1
check,85135B,0.0,3,1
check?,85107,0.0,374,1
damaged,21830,0.0,192,1
did  a credit  and did not tick ret,47556B,0.0,1300,1
dotcom,20665,0.0,21,1
dotcom,21181,0.0,20,1
dotcom,21804,0.0,4,1
dotcom,35965,0.0,26,1
dotcom adjust,23118,0.0,10,1
dotcomstock,72817,0.0,4,1
for online retail orders,23084,0.0,1,1
found,16168M,0.0,44,1
found,17091A,0.0,84,1
found,20713,0.0,100,1
found,20984,0.0,120,1
found,21051,0.0,240,1
found,21082,0.0,3,1
found,21147,0.0,72,1
found,21174,0.0,71,1
found,21578,0.0,16,1
found,21644,0.0,144,1
found,21937,0.0,50,1
found,22759,0.0,96,1
found,35598C,0.0,3,1
found,35965,0.0,6,1
found,47503H,0.0,66,1
found,47593A,0.0,13,1
found,84279P,0.0,84,1
found,84875D,0.0,5,1
found,84876B,0.0,66,1
found,84877D,0.0,1,1
found,84929,0.0,600,1
found,84944,0.0,37,1
found,85054,0.0,27,1
found,85127,0.0,6,1
found,85135C,0.0,36,1
found box,72127,0.0,24,1
had been put aside,21098,0.0,108,1
had been put aside,22121,0.0,32,1
had been put aside,22687,0.0,20,1
had been put aside,22689,0.0,40,1
had been put aside,23131,0.0,48,1
incorrectly credited C550456 see 47,47566B,0.0,1300,1
mailout,23202,0.0,100,1
mailout,23203,0.0,100,1
mailout,23209,0.0,100,1
mailout ,23200,0.0,100,1
michel oops,84944,0.0,22,1
on cargo order,21181,0.0,192,1
rcvd be air temp fix for dotcom sit,21621,0.0,100,1
returned,84531A,0.0,2,1
returned,84531B,0.0,2,1
taig adjust,22035,0.0,37,2
test,22355,0.0,1,1
test,22823,0.0,22,1
to push order througha s stock was ,gift_0001_20,0.0,10,1
website fixed,23084,0.0,110,1
wrongly coded 20713,23343,0.0,800,1
wrongly coded 23343,20713,0.0,1000,1
wrongly marked,21192,0.0,48,1
wrongly marked 23343,20713,0.0,200,1
wrongly sold (22719) barcode,22467,0.0,170,1
